requested_density,effective_density,density_index,run_index,priority_scenario,treatment_mode,controller_fraction,priority_speed_delta,worst_priority_speed_delta,priority_time_loss_delta,background_flow_ratio,background_flow_loss,priority_lap_time_delta
0.05,0.05,0,0,one,baseline2_all_hdv_yield,1.0,0.6924999999999999,0.6924999999999999,-0.11541666666666672,0.9759537235126116,0.02404627648738844,-21.372727272727275
0.05,0.05,0,0,one,baseline2_matched_0.050,0.05,0.012500000000000178,0.012500000000000178,-0.002083333333333437,0.9998305608837006,0.000169439116299408,-0.799999999999983
0.05,0.05,0,0,one,baseline2_matched_0.200,0.2,0.14900000000000002,0.14900000000000002,-0.024833333333333374,0.9990054879167992,0.0009945120832007825,-6.299999999999983
0.05,0.05,0,0,one,baseline2_matched_0.350,0.35,0.09100000000000019,0.09100000000000019,-0.015166666666666773,0.9995701173755615,0.00042988262443854897,-3.0999999999999943
0.05,0.05,0,0,one,baseline2_matched_0.500,0.5,0.38450000000000006,0.38450000000000006,-0.06408333333333338,0.9980642712232938,0.0019357287767062248,-12.554545454545462
0.05,0.05,0,0,one,baseline2_matched_0.650,0.65,0.3014999999999999,0.3014999999999999,-0.05025000000000002,0.9965111631216336,0.0034888368783664303,-9.918181818181807
0.05,0.05,0,0,one,baseline2_matched_0.800,0.8,0.5274999999999999,0.5274999999999999,-0.08791666666666664,0.9956232418178274,0.0043767581821726464,-16.645454545454527
0.05,0.05,0,0,one,baseline2_matched_0.950,0.95,0.6630000000000003,0.6630000000000003,-0.11050000000000004,0.9798493148274764,0.020150685172523608,-20.645454545454527
0.05,0.05,0,0,two-2g,baseline2_all_hdv_yield,1.0,0.43124999999999947,0.5280000000000005,-0.07187500000000008,0.9768886525406886,0.023111347459311427,-13.41125541125541
0.05,0.05,0,0,two-2g,baseline2_matched_0.050,0.05,-0.013250000000000206,-0.01100000000000012,0.0022083333333332567,0.9996264373190682,0.0003735626809318049,0.7142857142857224
0.05,0.05,0,0,two-2g,baseline2_matched_0.200,0.2,-0.0045000000000001705,-0.04049999999999976,0.0007499999999999729,0.999478832037833,0.0005211679621669463,-0.1428571428571388
0.05,0.05,0,0,two-2g,baseline2_matched_0.350,0.35,0.17149999999999999,0.2629999999999999,-0.02858333333333335,0.996274988638949,0.003725011361050967,-5.547619047619037
0.05,0.05,0,0,two-2g,baseline2_matched_0.500,0.5,0.25,0.3380000000000001,-0.041666666666666685,0.9968532778229645,0.003146722177035488,-7.956709956709943
0.05,0.05,0,0,two-2g,baseline2_matched_0.650,0.65,0.31325000000000003,0.4139999999999997,-0.05220833333333336,0.9936772367886672,0.006322763211332849,-10.41125541125541
0.05,0.05,0,0,two-2g,baseline2_matched_0.800,0.8,0.4159999999999995,0.5120000000000005,-0.06933333333333341,0.994133701065928,0.0058662989340719784,-12.956709956709943
0.05,0.05,0,0,two-2g,baseline2_matched_0.950,0.95,0.4739999999999993,0.5760000000000005,-0.07900000000000007,0.9899830607774728,0.010016939222527221,-14.36580086580085
0.05,0.05,0,0,two-g,baseline2_all_hdv_yield,1.0,0.6172500000000003,0.681,-0.1028750000000001,0.9755230618233187,0.024476938176681284,-18.24545454545452
0.05,0.05,0,0,two-g,baseline2_matched_0.050,0.05,0.18900000000000006,0.24900000000000055,-0.031500000000000083,0.9999813002681661,1.8699731833882183e-05,-5.563636363636363
0.05,0.05,0,0,two-g,baseline2_matched_0.200,0.2,0.1070000000000002,0.04750000000000032,-0.017833333333333423,0.9991873197623918,0.0008126802376081654,-3.0095238095237846
0.05,0.05,0,0,two-g,baseline2_matched_0.350,0.35,0.05325000000000024,0.11450000000000049,-0.008875000000000077,0.9991211126037258,0.000878887396274175,-2.3499999999999943
0.05,0.05,0,0,two-g,baseline2_matched_0.500,0.5,0.28250000000000064,0.30350000000000055,-0.047083333333333366,0.9976008749452829,0.002399125054717066,-8.609090909090895
0.05,0.05,0,0,two-g,baseline2_matched_0.650,0.65,0.3210000000000006,0.36300000000000043,-0.05350000000000005,0.9961665549736546,0.0038334450263454167,-9.654545454545456
0.05,0.05,0,0,two-g,baseline2_matched_0.800,0.8,0.3810000000000002,0.4270000000000005,-0.06350000000000011,0.9945957774994566,0.005404222500543399,-11.199999999999989
0.05,0.05,0,0,two-g,baseline2_matched_0.950,0.95,0.5020000000000007,0.5565000000000007,-0.08366666666666672,0.9902801826306633,0.009719817369336692,-15.063636363636363
0.05,0.05,0,1,one,baseline2_all_hdv_yield,1.0,0.4764999999999997,0.4764999999999997,-0.07941666666666658,0.9828052903834859,0.017194709616514148,-14.545454545454533
0.05,0.05,0,1,one,baseline2_matched_0.050,0.05,-0.11350000000000016,-0.11350000000000016,0.018916666666666693,0.9958695179346706,0.004130482065329399,2.5999999999999943
0.05,0.05,0,1,one,baseline2_matched_0.200,0.2,-0.28500000000000014,-0.28500000000000014,0.0475000000000001,0.9963922289950975,0.0036077710049025047,10.199999999999989
0.05,0.05,0,1,one,baseline2_matched_0.350,0.35,-0.05400000000000027,-0.05400000000000027,0.009000000000000119,1.005798493111683,-0.005798493111683012,1.0
0.05,0.05,0,1,one,baseline2_matched_0.500,0.5,-0.1720000000000006,-0.1720000000000006,0.02866666666666684,0.996976286358449,0.0030237136415509624,6.699999999999989
0.05,0.05,0,1,one,baseline2_matched_0.650,0.65,0.20949999999999935,0.20949999999999935,-0.034916666666666485,1.002916737857092,-0.002916737857092011,-6.5454545454545325
0.05,0.05,0,1,one,baseline2_matched_0.800,0.8,0.24149999999999938,0.24149999999999938,-0.0402499999999999,0.9998909962386031,0.00010900376139688639,-7.7272727272727195
0.05,0.05,0,1,one,baseline2_matched_0.950,0.95,0.4444999999999997,0.4444999999999997,-0.07408333333333328,0.9866128171185544,0.01338718288144558,-13.909090909090907
0.05,0.05,0,1,two-2g,baseline2_all_hdv_yield,1.0,0.556,0.6520000000000001,-0.09266666666666667,0.9812003252024082,0.018799674797591814,-17.08441558441558
0.05,0.05,0,1,two-2g,baseline2_matched_0.050,0.05,-0.0032500000000004192,0.08349999999999991,0.0005416666666666625,1.0040368186586173,-0.004036818658617269,-0.3571428571428612
0.05,0.05,0,1,two-2g,baseline2_matched_0.200,0.2,-0.09574999999999978,-0.04100000000000037,0.015958333333333352,1.00596033453789,-0.005960334537890022,2.2928571428571445
0.05,0.05,0,1,two-2g,baseline2_matched_0.350,0.35,0.18424999999999958,0.26750000000000007,-0.030708333333333393,1.0123505107576047,-0.012350510757604738,-6.220779220779235
0.05,0.05,0,1,two-2g,baseline2_matched_0.500,0.5,0.013250000000000206,0.030999999999999694,-0.002208333333333312,1.0118026934351902,-0.011802693435190248,-1.0
0.05,0.05,0,1,two-2g,baseline2_matched_0.650,0.65,0.1692499999999999,0.2599999999999998,-0.028208333333333335,1.0030612114046549,-0.0030612114046548733,-5.766233766233768
0.05,0.05,0,1,two-2g,baseline2_matched_0.800,0.8,0.3860000000000001,0.46699999999999964,-0.0643333333333333,1.0027278019855779,-0.0027278019855778712,-12.357142857142861
0.05,0.05,0,1,two-2g,baseline2_matched_0.950,0.95,0.4924999999999997,0.5625,-0.08208333333333329,0.9918725042381434,0.008127495761856562,-15.129870129870142
0.05,0.05,0,1,two-g,baseline2_all_hdv_yield,1.0,0.5970000000000004,0.6719999999999997,-0.09949999999999998,0.9724290780141815,0.027570921985818453,-18.186363636363637
0.05,0.05,0,1,two-g,baseline2_matched_0.050,0.05,0.0365000000000002,0.061499999999999666,-0.006083333333333274,0.9976491807287959,0.002350819271204063,-0.75
0.05,0.05,0,1,two-g,baseline2_matched_0.200,0.2,0.09149999999999991,0.13600000000000012,-0.015249999999999986,1.0000086614494272,-8.661449427238566e-06,-2.6690476190476318
0.05,0.05,0,1,two-g,baseline2_matched_0.350,0.35,0.18050000000000033,0.24399999999999977,-0.030083333333333295,0.9940088244884742,0.005991175511525837,-5.777272727272731
0.05,0.05,0,1,two-g,baseline2_matched_0.500,0.5,0.30600000000000005,0.33750000000000036,-0.05099999999999999,1.0000713295834485,-7.132958344846507e-05,-9.686363636363637
0.05,0.05,0,1,two-g,baseline2_matched_0.650,0.65,0.30600000000000005,0.32399999999999984,-0.05099999999999999,1.002398202494502,-0.0023982024945019553,-9.550000000000011
0.05,0.05,0,1,two-g,baseline2_matched_0.800,0.8,0.4005000000000001,0.47050000000000036,-0.06674999999999998,0.9951720061954974,0.004827993804502606,-12.368181818181824
0.05,0.05,0,1,two-g,baseline2_matched_0.950,0.95,0.5970000000000004,0.6719999999999997,-0.09949999999999998,0.9724290780141815,0.027570921985818453,-18.186363636363637
0.05,0.05,0,2,one,baseline2_all_hdv_yield,1.0,0.766,0.766,-0.1276666666666667,0.9759163393801936,0.02408366061980638,-24.609090909090895
0.05,0.05,0,2,one,baseline2_matched_0.050,0.05,0.05750000000000011,0.05750000000000011,-0.009583333333333388,0.9999944676885363,5.5323114637184645e-06,-2.1999999999999886
0.05,0.05,0,2,one,baseline2_matched_0.200,0.2,0.016500000000000625,0.016500000000000625,-0.0027500000000001412,1.0000689024246086,-6.890242460855234e-05,-0.5999999999999943
0.05,0.05,0,2,one,baseline2_matched_0.350,0.35,0.2965,0.2965,-0.049416666666666664,0.9993673047433616,0.0006326952566384492,-10.099999999999994
0.05,0.05,0,2,one,baseline2_matched_0.500,0.5,0.04100000000000037,0.04100000000000037,-0.006833333333333469,0.9997228814893397,0.00027711851066025694,-1.5
0.05,0.05,0,2,one,baseline2_matched_0.650,0.65,0.4455,0.4455,-0.07425000000000004,0.9986139045093122,0.0013860954906877998,-15.154545454545456
0.05,0.05,0,2,one,baseline2_matched_0.800,0.8,0.5440000000000005,0.5440000000000005,-0.09066666666666678,0.9957270437993587,0.004272956200641276,-18.336363636363615
0.05,0.05,0,2,one,baseline2_matched_0.950,0.95,0.6205000000000007,0.6205000000000007,-0.10341666666666682,0.9925318824595504,0.007468117540449626,-20.609090909090895
0.05,0.05,0,2,two-2g,baseline2_all_hdv_yield,1.0,0.7217500000000001,0.7469999999999999,-0.12029166666666657,0.9782082422353069,0.02179175776469311,-23.599999999999994
0.05,0.05,0,2,two-2g,baseline2_matched_0.050,0.05,0.010500000000000398,-0.008000000000000007,-0.0017499999999999738,0.9999615897400138,3.841025998618797e-05,-0.09999999999999432
0.05,0.05,0,2,two-2g,baseline2_matched_0.200,0.2,0.24425000000000008,0.26750000000000007,-0.04070833333333329,0.9990599594266437,0.0009400405733562822,-8.25
0.05,0.05,0,2,two-2g,baseline2_matched_0.350,0.35,0.20425000000000004,0.07699999999999996,-0.03404166666666669,0.9991827711789731,0.0008172288210268608,-7.2666666666666515
0.05,0.05,0,2,two-2g,baseline2_matched_0.500,0.5,0.2005000000000008,0.15800000000000036,-0.03341666666666665,0.9985869067510144,0.0014130932489856418,-6.449999999999989
0.05,0.05,0,2,two-2g,baseline2_matched_0.650,0.65,0.25125000000000064,0.27449999999999974,-0.04187499999999994,0.9972956144580145,0.002704385541985488,-7.949999999999989
0.05,0.05,0,2,two-2g,baseline2_matched_0.800,0.8,0.12100000000000044,0.14499999999999957,-0.020166666666666555,0.9967245145397884,0.0032754854602116135,-3.799999999999983
0.05,0.05,0,2,two-2g,baseline2_matched_0.950,0.95,0.6742500000000007,0.7000000000000002,-0.112375,0.9834694370571911,0.016530562942808857,-22.327272727272714
0.05,0.05,0,2,two-g,baseline2_all_hdv_yield,1.0,0.8187499999999996,0.8309999999999995,-0.13645833333333324,0.973833374275534,0.02616662572446604,-26.913636363636385
0.05,0.05,0,2,two-g,baseline2_matched_0.050,0.05,-0.003750000000000142,0.00649999999999995,0.0006249999999999867,0.9999297411339899,7.025886601008668e-05,0.0
0.05,0.05,0,2,two-g,baseline2_matched_0.200,0.2,0.06700000000000017,0.03500000000000014,-0.011166666666666714,0.999678022319074,0.0003219776809260111,-2.3500000000000227
0.05,0.05,0,2,two-g,baseline2_matched_0.350,0.35,0.2110000000000003,0.21499999999999986,-0.035166666666666624,0.9996567930214285,0.0003432069785714864,-7.550000000000011
0.05,0.05,0,2,two-g,baseline2_matched_0.500,0.5,0.08800000000000008,0.09299999999999997,-0.014666666666666661,0.9991841884191145,0.000815811580885506,-3.75
0.05,0.05,0,2,two-g,baseline2_matched_0.650,0.65,0.5707500000000003,0.5679999999999996,-0.09512499999999996,0.9977623309364521,0.0022376690635479424,-19.686363636363637
0.05,0.05,0,2,two-g,baseline2_matched_0.800,0.8,0.6289999999999996,0.5649999999999995,-0.10483333333333333,0.9956919689566847,0.004308031043315341,-21.322727272727292
0.05,0.05,0,2,two-g,baseline2_matched_0.950,0.95,0.7285000000000004,0.734,-0.12141666666666667,0.9889875545769746,0.011012445423025374,-24.186363636363637
0.05,0.05,0,3,one,baseline2_all_hdv_yield,1.0,0.6805000000000003,0.6805000000000003,-0.11341666666666672,0.9704923819758511,0.02950761802414892,-21.28181818181818
0.05,0.05,0,3,one,baseline2_matched_0.050,0.05,-0.020500000000000185,-0.020500000000000185,0.0034166666666667345,0.9998712687420906,0.00012873125790935358,0.09999999999999432
0.05,0.05,0,3,one,baseline2_matched_0.200,0.2,-0.18900000000000006,-0.18900000000000006,0.03149999999999997,0.9993085723452092,0.0006914276547907994,6.900000000000006
0.05,0.05,0,3,one,baseline2_matched_0.350,0.35,0.04249999999999954,0.04249999999999954,-0.007083333333333219,0.9995484348843674,0.0004515651156326017,-0.6999999999999886
0.05,0.05,0,3,one,baseline2_matched_0.500,0.5,0.059499999999999886,0.059499999999999886,-0.009916666666666685,0.9995006635191251,0.0004993364808748568,-1.1999999999999886
0.05,0.05,0,3,one,baseline2_matched_0.650,0.65,0.46249999999999947,0.46249999999999947,-0.07708333333333328,0.9943006246986449,0.005699375301355114,-15.372727272727275
0.05,0.05,0,3,one,baseline2_matched_0.800,0.8,0.44099999999999984,0.44099999999999984,-0.07350000000000001,0.9951147493336382,0.004885250666361807,-15.827272727272714
0.05,0.05,0,3,one,baseline2_matched_0.950,0.95,0.5994999999999999,0.5994999999999999,-0.09991666666666665,0.9789373536373753,0.02106264636262467,-20.554545454545462
0.05,0.05,0,3,two-2g,baseline2_all_hdv_yield,1.0,0.48249999999999993,0.5075000000000003,-0.08041666666666669,0.9698692062387673,0.030130793761232733,-14.606060606060623
0.05,0.05,0,3,two-2g,baseline2_matched_0.050,0.05,-0.0912500000000005,-0.09549999999999947,0.015208333333333268,1.0001349796468884,-0.00013497964688835573,2.666666666666657
0.05,0.05,0,3,two-2g,baseline2_matched_0.200,0.2,0.028499999999999304,-0.008000000000000007,-0.0047499999999999765,0.9996203381467689,0.000379661853231128,-0.9047619047619264
0.05,0.05,0,3,two-2g,baseline2_matched_0.350,0.35,-0.11950000000000038,-0.10549999999999926,0.019916666666666527,0.9990728364329854,0.0009271635670146106,3.316666666666663
0.05,0.05,0,3,two-2g,baseline2_matched_0.500,0.5,0.09749999999999925,0.08800000000000008,-0.016250000000000042,0.9981992602913173,0.0018007397086826638,-3.151515151515156
0.05,0.05,0,3,two-2g,baseline2_matched_0.650,0.65,0.1847499999999993,0.18450000000000077,-0.030791666666666717,0.9964652520934317,0.0035347479065682696,-5.696969696969717
0.05,0.05,0,3,two-2g,baseline2_matched_0.800,0.8,0.26525,0.2550000000000008,-0.04420833333333346,0.9916368228520935,0.008363177147906464,-8.560606060606062
0.05,0.05,0,3,two-2g,baseline2_matched_0.950,0.95,0.4132499999999997,0.41550000000000065,-0.06887500000000008,0.9891227637360576,0.010877236263942436,-12.51515151515153
0.05,0.05,0,3,two-g,baseline2_all_hdv_yield,1.0,0.5437499999999993,0.5535000000000005,-0.09062500000000007,0.973159440977951,0.02684055902204896,-16.7590909090909
0.05,0.05,0,3,two-g,baseline2_matched_0.050,0.05,0.002249999999999197,-0.07350000000000012,-0.0003749999999999587,0.9999534957074507,4.650429254926536e-05,0.20000000000001705
0.05,0.05,0,3,two-g,baseline2_matched_0.200,0.2,0.13649999999999984,0.1175000000000006,-0.022750000000000103,0.9984289636821727,0.0015710363178272901,-4.440909090909088
0.05,0.05,0,3,two-g,baseline2_matched_0.350,0.35,0.1772499999999999,0.17649999999999988,-0.02954166666666669,0.9973811006555088,0.002618899344491221,-5.759090909090901
0.05,0.05,0,3,two-g,baseline2_matched_0.500,0.5,0.21799999999999997,0.21550000000000047,-0.036333333333333384,0.9962058563057764,0.003794143694223595,-7.213636363636368
0.05,0.05,0,3,two-g,baseline2_matched_0.650,0.65,0.28549999999999986,0.22100000000000009,-0.047583333333333366,0.9941611838779598,0.00583881612204018,-9.031818181818181
0.05,0.05,0,3,two-g,baseline2_matched_0.800,0.8,0.3407499999999999,0.3410000000000002,-0.056791666666666685,0.9916363040814457,0.008363695918554348,-10.577272727272714
0.05,0.05,0,3,two-g,baseline2_matched_0.950,0.95,0.5154999999999994,0.524,-0.0859166666666667,0.9783578121145522,0.021642187885447806,-16.2590909090909
0.05,0.05,0,4,one,baseline2_all_hdv_yield,1.0,-0.12599999999999945,-0.12599999999999945,0.020999999999999908,0.9987844241328994,0.0012155758671006378,5.5
0.05,0.05,0,4,one,baseline2_matched_0.050,0.05,0.1565000000000003,0.1565000000000003,-0.026083333333333347,1.0001885978279512,-0.00018859782795122015,-5.445454545454538
0.05,0.05,0,4,one,baseline2_matched_0.200,0.2,0.03049999999999997,0.03049999999999997,-0.005083333333333329,0.9997681504034971,0.00023184959650290882,-0.9000000000000057
0.05,0.05,0,4,one,baseline2_matched_0.350,0.35,0.1800000000000006,0.1800000000000006,-0.030000000000000138,0.9993612820226542,0.0006387179773458262,-6.26363636363638
0.05,0.05,0,4,one,baseline2_matched_0.500,0.5,-0.10550000000000015,-0.10550000000000015,0.017583333333333395,0.9985490540435862,0.0014509459564138183,3.0999999999999943
0.05,0.05,0,4,one,baseline2_matched_0.650,0.65,0.3745000000000003,0.3745000000000003,-0.062416666666666676,0.9921769620964032,0.007823037903596841,-12.081818181818193
0.05,0.05,0,4,one,baseline2_matched_0.800,0.8,0.07399999999999984,0.07399999999999984,-0.012333333333333307,0.9972816766397502,0.002718323360249797,-1.5999999999999943
0.05,0.05,0,4,one,baseline2_matched_0.950,0.95,-0.15449999999999964,-0.15449999999999964,0.02574999999999994,0.998788447553229,0.0012115524467709582,5.5
0.05,0.05,0,4,two-2g,baseline2_all_hdv_yield,1.0,0.48049999999999926,0.4924999999999997,-0.08008333333333334,0.9737577210311654,0.026242278968834576,-14.545454545454533
0.05,0.05,0,4,two-2g,baseline2_matched_0.050,0.05,-0.028249999999999886,-0.07150000000000034,0.004708333333333314,1.0000409530016283,-4.095300162831883e-05,0.9199134199134278
0.05,0.05,0,4,two-2g,baseline2_matched_0.200,0.2,-0.11450000000000049,-0.17250000000000032,0.01908333333333334,0.9998038300662786,0.0001961699337214018,4.131818181818176
0.05,0.05,0,4,two-2g,baseline2_matched_0.350,0.35,-0.07675000000000054,-0.08250000000000046,0.012791666666666701,0.9998559061053858,0.00014409389461422784,2.3318181818181927
0.05,0.05,0,4,two-2g,baseline2_matched_0.500,0.5,0.09274999999999967,0.07000000000000028,-0.015458333333333352,0.9987941616187457,0.0012058383812543205,-2.9090909090909065
0.05,0.05,0,4,two-2g,baseline2_matched_0.650,0.65,0.14900000000000002,0.1615000000000002,-0.024833333333333374,0.995176140882355,0.004823859117645046,-4.636363636363626
0.05,0.05,0,4,two-2g,baseline2_matched_0.800,0.8,0.23249999999999993,0.23599999999999977,-0.03875000000000001,0.9970220595112665,0.002977940488733455,-7.636363636363626
0.05,0.05,0,4,two-2g,baseline2_matched_0.950,0.95,0.43025,0.44099999999999984,-0.07170833333333332,0.9785482110363588,0.021451788963641194,-13.681818181818187
0.05,0.05,0,4,two-g,baseline2_all_hdv_yield,1.0,0.4797500000000001,0.4720000000000004,-0.07995833333333341,0.9791551662430257,0.020844833756974324,-14.677272727272708
0.05,0.05,0,4,two-g,baseline2_matched_0.050,0.05,-0.1952500000000006,-0.21499999999999986,0.032541666666666635,1.0002527565630739,-0.00025275656307388594,6.300000000000011
0.05,0.05,0,4,two-g,baseline2_matched_0.200,0.2,-0.21150000000000002,-0.22449999999999992,0.035250000000000004,1.0001385105965646,-0.0001385105965645561,7.300000000000011
0.05,0.05,0,4,two-g,baseline2_matched_0.350,0.35,-0.12025000000000041,-0.1275000000000004,0.02004166666666668,0.9996041832222226,0.00039581677777744684,4.800000000000011
0.05,0.05,0,4,two-g,baseline2_matched_0.500,0.5,0.13949999999999996,0.12349999999999994,-0.023249999999999937,0.9979966514810443,0.002003348518955672,-4.631818181818176
0.05,0.05,0,4,two-g,baseline2_matched_0.650,0.65,0.25099999999999945,0.20800000000000018,-0.04183333333333339,0.9905726857103381,0.009427314289661926,-8.177272727272708
0.05,0.05,0,4,two-g,baseline2_matched_0.800,0.8,0.3334999999999999,0.2965,-0.05558333333333337,0.989248241319813,0.010751758680186962,-10.540909090909082
0.05,0.05,0,4,two-g,baseline2_matched_0.950,0.95,0.4319999999999995,0.4139999999999997,-0.07199999999999995,0.9809123298695375,0.01908767013046253,-13.404545454545456
0.05,0.05,0,5,one,baseline2_all_hdv_yield,1.0,0.31950000000000056,0.31950000000000056,-0.05325000000000013,0.9786724793777405,0.02132752062225951,-9.790909090909082
0.05,0.05,0,5,one,baseline2_matched_0.050,0.05,-0.16199999999999992,-0.16199999999999992,0.027000000000000024,0.9999089878290107,9.101217098927972e-05,4.600000000000023
0.05,0.05,0,5,one,baseline2_matched_0.200,0.2,-0.0009999999999994458,-0.0009999999999994458,0.0001666666666665373,0.9997375229101837,0.00026247708981630424,0.0
0.05,0.05,0,5,one,baseline2_matched_0.350,0.35,0.09250000000000025,0.09250000000000025,-0.015416666666666745,0.9983653007298874,0.0016346992701126162,-3.3363636363636147
0.05,0.05,0,5,one,baseline2_matched_0.500,0.5,0.10749999999999993,0.10749999999999993,-0.017916666666666692,0.9992497781264206,0.0007502218735794264,-3.427272727272708
0.05,0.05,0,5,one,baseline2_matched_0.650,0.65,0.17850000000000055,0.17850000000000055,-0.029750000000000054,0.9979952180898329,0.002004781910167064,-5.881818181818176
0.05,0.05,0,5,one,baseline2_matched_0.800,0.8,0.21250000000000036,0.21250000000000036,-0.03541666666666676,0.9864487402860022,0.013551259713997843,-6.699999999999989
0.05,0.05,0,5,one,baseline2_matched_0.950,0.95,0.07350000000000012,0.07350000000000012,-0.012249999999999983,0.9900188309713366,0.009981169028663417,-2.3363636363636147
0.05,0.05,0,5,two-2g,baseline2_all_hdv_yield,1.0,0.5810000000000004,0.5729999999999995,-0.09683333333333333,0.9813035219475897,0.01869647805241026,-17.98636363636362
0.05,0.05,0,5,two-2g,baseline2_matched_0.050,0.05,-0.004999999999999893,-0.03000000000000025,0.0008333333333332971,0.9998766676405219,0.00012333235947814547,0.15000000000000568
0.05,0.05,0,5,two-2g,baseline2_matched_0.200,0.2,0.12100000000000044,0.09949999999999992,-0.020166666666666666,0.9991392007860985,0.0008607992139014753,-4.549999999999983
0.05,0.05,0,5,two-2g,baseline2_matched_0.350,0.35,0.23550000000000004,0.1955,-0.03925000000000001,0.9987479743670957,0.0012520256329042745,-7.759090909090901
0.05,0.05,0,5,two-2g,baseline2_matched_0.500,0.5,0.1042500000000004,0.03200000000000003,-0.017374999999999974,0.998397690247757,0.0016023097522429586,-3.0404761904761983
0.05,0.05,0,5,two-2g,baseline2_matched_0.650,0.65,0.14725000000000055,-0.006000000000000227,-0.02454166666666674,0.9943019438999335,0.005698056100066462,-5.278571428571411
0.05,0.05,0,5,two-2g,baseline2_matched_0.800,0.8,0.47000000000000064,0.4249999999999998,-0.07833333333333337,0.9864834810457215,0.013516518954278522,-15.531818181818181
0.05,0.05,0,5,two-2g,baseline2_matched_0.950,0.95,0.5515000000000008,0.5309999999999997,-0.09191666666666665,0.989689616931703,0.010310383068297013,-17.122727272727275
0.05,0.05,0,5,two-g,baseline2_all_hdv_yield,1.0,0.5735000000000001,0.5754999999999999,-0.0955833333333333,0.9663145157866285,0.033685484213371475,-18.136363636363626
0.05,0.05,0,5,two-g,baseline2_matched_0.050,0.05,0.015500000000000291,0.02349999999999941,-0.0025833333333332154,0.9991412721100957,0.000858727889904265,-0.8499999999999943
0.05,0.05,0,5,two-g,baseline2_matched_0.200,0.2,0.24549999999999983,0.2444999999999995,-0.0409166666666666,0.9991796848938754,0.0008203151061245695,-8.72727272727272
0.05,0.05,0,5,two-g,baseline2_matched_0.350,0.35,0.1252500000000003,0.133,-0.020874999999999977,0.9987121608808315,0.0012878391191685212,-3.9499999999999886
0.05,0.05,0,5,two-g,baseline2_matched_0.500,0.5,0.1952500000000006,0.17849999999999966,-0.032541666666666635,0.9966803267916886,0.003319673208311391,-6.818181818181813
0.05,0.05,0,5,two-g,baseline2_matched_0.650,0.65,0.25950000000000006,0.25099999999999945,-0.0432499999999999,0.9916012470002515,0.00839875299974846,-8.72727272727272
0.05,0.05,0,5,two-g,baseline2_matched_0.800,0.8,0.33975000000000044,0.24849999999999994,-0.05662499999999998,0.9937356836565547,0.006264316343445264,-11.090909090909093
0.05,0.05,0,5,two-g,baseline2_matched_0.950,0.95,0.4682500000000003,0.4834999999999994,-0.07804166666666656,0.9830781578846098,0.016921842115390162,-15.363636363636374
0.05,0.05,0,6,one,baseline2_all_hdv_yield,1.0,0.6509999999999998,0.6509999999999998,-0.10849999999999993,0.98281893205865,0.017181067941349992,-20.927272727272708
0.05,0.05,0,6,one,baseline2_matched_0.050,0.05,0.05750000000000011,0.05750000000000011,-0.009583333333333388,0.9999617863282564,3.821367174361434e-05,-1.8999999999999773
0.05,0.05,0,6,one,baseline2_matched_0.200,0.2,0.08749999999999947,0.08749999999999947,-0.014583333333333282,0.9995751243075714,0.00042487569242855017,-4.5
0.05,0.05,0,6,one,baseline2_matched_0.350,0.35,0.3129999999999997,0.3129999999999997,-0.052166666666666583,0.9993026004906574,0.0006973995093425556,-10.745454545454521
0.05,0.05,0,6,one,baseline2_matched_0.500,0.5,-0.04800000000000004,-0.04800000000000004,0.008000000000000007,0.9985941391289522,0.0014058608710477705,1.700000000000017
0.05,0.05,0,6,one,baseline2_matched_0.650,0.65,0.14999999999999947,0.14999999999999947,-0.02499999999999991,0.9983985454669958,0.0016014545330041985,-4.799999999999983
0.05,0.05,0,6,one,baseline2_matched_0.800,0.8,0.2789999999999999,0.2789999999999999,-0.046499999999999986,0.9970897272097248,0.0029102727902752257,-9.654545454545456
0.05,0.05,0,6,one,baseline2_matched_0.950,0.95,0.6315,0.6315,-0.10524999999999995,0.9863471601460001,0.013652839853999899,-20.381818181818176
0.05,0.05,0,6,two-2g,baseline2_all_hdv_yield,1.0,0.5519999999999996,0.5465,-0.09200000000000003,0.9808010440269319,0.019198955973068088,-17.2681818181818
0.05,0.05,0,6,two-2g,baseline2_matched_0.050,0.05,-0.2397499999999999,-0.24100000000000055,0.03995833333333337,0.9998291629032805,0.00017083709671950054,8.650000000000006
0.05,0.05,0,6,two-2g,baseline2_matched_0.200,0.2,-0.07800000000000029,-0.1299999999999999,0.013000000000000067,0.9993560755585245,0.0006439244414755407,2.700000000000017
0.05,0.05,0,6,two-2g,baseline2_matched_0.350,0.35,0.060249999999999915,0.016499999999999737,-0.010041666666666671,0.998735906571317,0.0012640934286830552,-1.5
0.05,0.05,0,6,two-2g,baseline2_matched_0.500,0.5,0.24024999999999963,0.24249999999999972,-0.04004166666666659,0.9980732810275331,0.0019267189724668787,-8.177272727272708
0.05,0.05,0,6,two-2g,baseline2_matched_0.650,0.65,0.2757499999999995,0.274,-0.04595833333333332,0.9967010244665898,0.0032989755334101867,-9.086363636363615
0.05,0.05,0,6,two-2g,baseline2_matched_0.800,0.8,0.3512499999999994,0.34299999999999997,-0.0585416666666666,0.9953206809425077,0.004679319057492304,-11.631818181818176
0.05,0.05,0,6,two-2g,baseline2_matched_0.950,0.95,0.4012500000000001,0.39749999999999996,-0.0668749999999999,0.990060111408023,0.00993988859197703,-12.722727272727269
0.05,0.05,0,6,two-g,baseline2_all_hdv_yield,1.0,0.5017500000000004,0.5579999999999998,-0.083625,0.9781583826880459,0.02184161731195411,-15.922727272727286
0.05,0.05,0,6,two-g,baseline2_matched_0.050,0.05,0.10725000000000051,0.1745000000000001,-0.01787500000000003,1.0001273887926156,-0.00012738879261564584,-3.5999999999999943
0.05,0.05,0,6,two-g,baseline2_matched_0.200,0.2,0.1509999999999998,0.21799999999999997,-0.025166666666666726,0.9996153060667414,0.00038469393325857304,-5.331818181818193
0.05,0.05,0,6,two-g,baseline2_matched_0.350,0.35,-0.0990000000000002,-0.028999999999999915,0.01649999999999996,0.9993165490173896,0.0006834509826103563,3.799999999999983
0.05,0.05,0,6,two-g,baseline2_matched_0.500,0.5,0.21199999999999974,0.2859999999999996,-0.03533333333333333,0.9981528625070564,0.001847137492943629,-7.331818181818193
0.05,0.05,0,6,two-g,baseline2_matched_0.650,0.65,0.07399999999999984,0.14499999999999957,-0.012333333333333307,0.9971600387423677,0.0028399612576323063,-2.1500000000000057
0.05,0.05,0,6,two-g,baseline2_matched_0.800,0.8,0.29349999999999987,0.34799999999999986,-0.04891666666666672,0.9949246687385714,0.005075331261428562,-9.650000000000006
0.05,0.05,0,6,two-g,baseline2_matched_0.950,0.95,0.53925,0.6124999999999998,-0.08987499999999998,0.9854392587994127,0.014560741200587257,-17.01363636363638
0.05,0.05,0,7,one,baseline2_all_hdv_yield,1.0,0.6615000000000002,0.6615000000000002,-0.11025000000000007,0.9720634183181831,0.027936581681816897,-19.9909090909091
0.05,0.05,0,7,one,baseline2_matched_0.050,0.05,0.15249999999999986,0.15249999999999986,-0.025416666666666643,0.9998370898208309,0.00016291017916914008,-4.599999999999994
0.05,0.05,0,7,one,baseline2_matched_0.200,0.2,0.0470000000000006,0.0470000000000006,-0.00783333333333347,0.9998431235311719,0.00015687646882811546,-2.0
0.05,0.05,0,7,one,baseline2_matched_0.350,0.35,0.2895000000000003,0.2895000000000003,-0.048250000000000015,0.9994479155039261,0.0005520844960739124,-8.900000000000006
0.05,0.05,0,7,one,baseline2_matched_0.500,0.5,0.3645000000000005,0.3645000000000005,-0.06075000000000008,0.9977579737996523,0.0022420262003477465,-11.172727272727286
0.05,0.05,0,7,one,baseline2_matched_0.650,0.65,0.36350000000000016,0.36350000000000016,-0.06058333333333332,0.9980787660660293,0.0019212339339707007,-11.354545454545473
0.05,0.05,0,7,one,baseline2_matched_0.800,0.8,0.2970000000000006,0.2970000000000006,-0.0495000000000001,0.9979822267006031,0.0020177732993968966,-8.9909090909091
0.05,0.05,0,7,one,baseline2_matched_0.950,0.95,0.641,0.641,-0.10683333333333334,0.9837683135679494,0.01623168643205064,-19.354545454545473
0.05,0.05,0,7,two-2g,baseline2_all_hdv_yield,1.0,0.8200000000000003,0.8239999999999998,-0.13666666666666671,0.9728748595655241,0.027125140434475892,-26.645454545454527
0.05,0.05,0,7,two-2g,baseline2_matched_0.050,0.05,0.13425000000000065,0.13100000000000023,-0.022375000000000034,0.9998104798095315,0.0001895201904684729,-5.25
0.05,0.05,0,7,two-2g,baseline2_matched_0.200,0.2,0.3207500000000003,0.3174999999999999,-0.05345833333333333,0.9995714316759567,0.00042856832404325473,-11.40952380952379
0.05,0.05,0,7,two-2g,baseline2_matched_0.350,0.35,0.4270000000000005,0.4119999999999999,-0.07116666666666666,0.9985262909989108,0.0014737090010892295,-15.190909090909088
0.05,0.05,0,7,two-2g,baseline2_matched_0.500,0.5,0.18150000000000066,0.12450000000000028,-0.03025,0.998805264719283,0.0011947352807170075,-6.199999999999989
0.05,0.05,0,7,two-2g,baseline2_matched_0.650,0.65,0.24075000000000024,0.24300000000000033,-0.04012500000000002,0.9962449732927989,0.00375502670720107,-8.299999999999983
0.05,0.05,0,7,two-2g,baseline2_matched_0.800,0.8,0.5182500000000001,0.4995000000000003,-0.08637499999999998,0.9943790838442343,0.005620916155765654,-17.645454545454527
0.05,0.05,0,7,two-2g,baseline2_matched_0.950,0.95,0.6942500000000003,0.6855000000000002,-0.11570833333333336,0.9845240339397664,0.015475966060233604,-22.872727272727275
0.05,0.05,0,7,two-g,baseline2_all_hdv_yield,1.0,0.4895000000000005,0.4744999999999999,-0.0815833333333334,0.9813756810539753,0.018624318946024676,-14.800000000000011
0.05,0.05,0,7,two-g,baseline2_matched_0.050,0.05,-0.09474999999999945,-0.09750000000000014,0.015791666666666704,0.9998782162777866,0.00012178372221338662,3.0999999999999943
0.05,0.05,0,7,two-g,baseline2_matched_0.200,0.2,0.1822499999999998,0.17899999999999938,-0.030374999999999985,0.9989847987637819,0.0010152012362181217,-5.709090909090918
0.05,0.05,0,7,two-g,baseline2_matched_0.350,0.35,0.16525000000000034,0.15499999999999936,-0.027541666666666575,0.999003495849764,0.0009965041502359995,-5.118181818181824
0.05,0.05,0,7,two-g,baseline2_matched_0.500,0.5,0.13250000000000028,0.06849999999999934,-0.022083333333333288,0.9981747601467141,0.001825239853285865,-4.252380952380975
0.05,0.05,0,7,two-g,baseline2_matched_0.650,0.65,0.3384999999999998,0.32699999999999996,-0.056416666666666615,0.9960574414907457,0.00394255850925429,-10.572727272727292
0.05,0.05,0,7,two-g,baseline2_matched_0.800,0.8,0.33175000000000043,0.2894999999999994,-0.05529166666666657,0.9946581920018756,0.005341807998124448,-10.390909090909105
0.05,0.05,0,7,two-g,baseline2_matched_0.950,0.95,0.46025000000000027,0.43849999999999945,-0.07670833333333332,0.9893103200839972,0.010689679916002781,-14.027272727272731
0.05,0.05,0,8,one,baseline2_all_hdv_yield,1.0,0.6315000000000008,0.6315000000000008,-0.10525000000000018,0.966100390799286,0.033899609200714,-19.681818181818187
0.05,0.05,0,8,one,baseline2_matched_0.050,0.05,0.08400000000000052,0.08400000000000052,-0.014000000000000123,0.9997193849199111,0.00028061508008891956,-4.199999999999989
0.05,0.05,0,8,one,baseline2_matched_0.200,0.2,0.046499999999999986,0.046499999999999986,-0.007750000000000035,0.9989735925117114,0.0010264074882886387,-1.5
0.05,0.05,0,8,one,baseline2_matched_0.350,0.35,0.15850000000000009,0.15850000000000009,-0.026416666666666755,0.9988599383753276,0.001140061624672395,-5.5
0.05,0.05,0,8,one,baseline2_matched_0.500,0.5,0.13250000000000028,0.13250000000000028,-0.022083333333333455,0.9975076553101557,0.0024923446898442725,-3.5999999999999943
0.05,0.05,0,8,one,baseline2_matched_0.650,0.65,0.4010000000000007,0.4010000000000007,-0.06683333333333352,0.9935745181392014,0.00642548186079861,-13.136363636363626
0.05,0.05,0,8,one,baseline2_matched_0.800,0.8,0.2610000000000001,0.2610000000000001,-0.043500000000000094,0.9943861897149441,0.00561381028505592,-8.590909090909093
0.05,0.05,0,8,one,baseline2_matched_0.950,0.95,0.5535000000000005,0.5535000000000005,-0.09225000000000017,0.9780909021875825,0.021909097812417455,-17.5
0.05,0.05,0,8,two-2g,baseline2_all_hdv_yield,1.0,0.5162500000000003,0.5280000000000005,-0.08604166666666663,0.9698040452691395,0.030195954730860453,-15.709090909090918
0.05,0.05,0,8,two-2g,baseline2_matched_0.050,0.05,0.019249999999999545,0.027499999999999858,-0.003208333333333202,0.9999297345279483,7.026547205168931e-05,-1.450000000000017
0.05,0.05,0,8,two-2g,baseline2_matched_0.200,0.2,0.03249999999999975,-0.011499999999999844,-0.00541666666666657,0.9971120385479193,0.0028879614520807007,-0.8000000000000114
0.05,0.05,0,8,two-2g,baseline2_matched_0.350,0.35,0.13124999999999964,0.12900000000000045,-0.021874999999999978,0.9979526966776031,0.0020473033223968873,-4.209090909090918
0.05,0.05,0,8,two-2g,baseline2_matched_0.500,0.5,0.13474999999999948,0.1275000000000004,-0.022458333333333247,0.9957259383726149,0.004274061627385084,-4.345454545454544
0.05,0.05,0,8,two-2g,baseline2_matched_0.650,0.65,-0.06575000000000042,-0.31099999999999994,0.010958333333333403,0.9980098189678366,0.0019901810321634184,2.5333333333333314
0.05,0.05,0,8,two-2g,baseline2_matched_0.800,0.8,0.2989999999999995,0.3025000000000002,-0.049833333333333285,0.9919240202768792,0.008075979723120796,-9.709090909090918
0.05,0.05,0,8,two-2g,baseline2_matched_0.950,0.95,0.40174999999999983,0.41550000000000065,-0.06695833333333334,0.9854550472851081,0.014544952714891868,-12.663636363636385
0.05,0.05,0,8,two-g,baseline2_all_hdv_yield,1.0,0.53925,0.5614999999999997,-0.08987499999999998,0.9723138001837763,0.027686199816223667,-15.518181818181802
0.05,0.05,0,8,two-g,baseline2_matched_0.050,0.05,0.0804999999999998,0.08399999999999963,-0.013416666666666632,0.9998721109975476,0.0001278890024524193,-1.6999999999999886
0.05,0.05,0,8,two-g,baseline2_matched_0.200,0.2,0.07174999999999976,0.08149999999999924,-0.011958333333333293,0.998969305628434,0.0010306943715659989,-1.3818181818181756
0.05,0.05,0,8,two-g,baseline2_matched_0.350,0.35,0.09574999999999978,0.11599999999999966,-0.015958333333333408,0.9986478139068447,0.0013521860931553498,-2.109090909090895
0.05,0.05,0,8,two-g,baseline2_matched_0.500,0.5,0.17074999999999996,0.1849999999999996,-0.028458333333333363,0.9957892672313854,0.004210732768614611,-4.881818181818176
0.05,0.05,0,8,two-g,baseline2_matched_0.650,0.65,0.13675000000000015,0.14649999999999963,-0.02279166666666671,0.9961254181666837,0.0038745818333163484,-3.472727272727269
0.05,0.05,0,8,two-g,baseline2_matched_0.800,0.8,0.35250000000000004,0.35799999999999965,-0.058750000000000024,0.9865008861241773,0.0134991138758227,-10.199999999999989
0.05,0.05,0,8,two-g,baseline2_matched_0.950,0.95,0.53925,0.5614999999999997,-0.08987499999999998,0.9723138001837763,0.027686199816223667,-15.518181818181802
0.05,0.05,0,9,one,baseline2_all_hdv_yield,1.0,0.5245000000000006,0.5245000000000006,-0.08741666666666681,0.9722901274808455,0.027709872519154466,-15.981818181818198
0.05,0.05,0,9,one,baseline2_matched_0.050,0.05,0.010500000000000398,0.010500000000000398,-0.0017500000000001403,0.9983979388993598,0.0016020611006402063,-0.700000000000017
0.05,0.05,0,9,one,baseline2_matched_0.200,0.2,-0.1875,-0.1875,0.03125,0.9998752555249678,0.00012474447503219022,6.0
0.05,0.05,0,9,one,baseline2_matched_0.350,0.35,0.007000000000000561,0.007000000000000561,-0.0011666666666667602,0.9994477038968579,0.0005522961031421136,0.29999999999998295
0.05,0.05,0,9,one,baseline2_matched_0.500,0.5,-0.11099999999999977,-0.11099999999999977,0.01849999999999996,0.9996589647013319,0.0003410352986681353,3.0999999999999943
0.05,0.05,0,9,one,baseline2_matched_0.650,0.65,-0.0519999999999996,-0.0519999999999996,0.0086666666666666,0.9977666714954876,0.0022333285045124107,2.8999999999999773
0.05,0.05,0,9,one,baseline2_matched_0.800,0.8,0.2555000000000005,0.2555000000000005,-0.04258333333333342,0.9933865308159531,0.006613469184046927,-8.072727272727292
0.05,0.05,0,9,one,baseline2_matched_0.950,0.95,0.484,0.484,-0.08066666666666666,0.9789634538928639,0.021036546107136123,-15.254545454545479
0.05,0.05,0,9,two-2g,baseline2_all_hdv_yield,1.0,0.5932500000000003,0.6555,-0.09887499999999999,0.97144505379773,0.02855494620226995,-18.44999999999999
0.05,0.05,0,9,two-2g,baseline2_matched_0.050,0.05,0.15425000000000022,0.17600000000000016,-0.025708333333333278,0.999614231666277,0.0003857683337229467,-5.116666666666646
0.05,0.05,0,9,two-2g,baseline2_matched_0.200,0.2,0.14000000000000057,0.05900000000000016,-0.023333333333333373,0.9993846919237965,0.0006153080762034691,-4.973809523809507
0.05,0.05,0,9,two-2g,baseline2_matched_0.350,0.35,-0.18799999999999972,-0.11850000000000005,0.03133333333333338,0.9991824542652185,0.000817545734781544,7.150000000000006
0.05,0.05,0,9,two-2g,baseline2_matched_0.500,0.5,0.11275000000000013,-0.02150000000000052,-0.01879166666666665,0.9961220928968402,0.003877907103159828,-3.9261904761904702
0.05,0.05,0,9,two-2g,baseline2_matched_0.650,0.65,0.37575000000000003,0.44149999999999956,-0.06262499999999993,0.9878091139411873,0.012190886058812689,-12.040909090909082
0.05,0.05,0,9,two-2g,baseline2_matched_0.800,0.8,0.4297500000000003,0.4500000000000002,-0.071625,0.9886873309735397,0.011312669026460331,-13.859090909090895
0.05,0.05,0,9,two-2g,baseline2_matched_0.950,0.95,0.47775000000000034,0.5359999999999996,-0.07962499999999995,0.9864298531097165,0.013570146890283463,-14.859090909090895
0.05,0.05,0,9,two-g,baseline2_all_hdv_yield,1.0,0.6835000000000004,0.702,-0.11391666666666667,0.9713485810557085,0.028651418944291462,-21.313636363636363
0.05,0.05,0,9,two-g,baseline2_matched_0.050,0.05,0.05325000000000024,-0.02999999999999936,-0.008875000000000077,1.0002755673400596,-0.0002755673400596237,-1.6499999999999773
0.05,0.05,0,9,two-g,baseline2_matched_0.200,0.2,0.20700000000000074,0.15750000000000064,-0.034500000000000086,0.9994827424057215,0.000517257594278453,-6.640476190476193
0.05,0.05,0,9,two-g,baseline2_matched_0.350,0.35,0.20750000000000046,0.19450000000000056,-0.034583333333333355,0.9974450609736937,0.0025549390263063243,-6.735714285714266
0.05,0.05,0,9,two-g,baseline2_matched_0.500,0.5,0.3702500000000004,0.37900000000000045,-0.06170833333333331,0.998007319473059,0.0019926805269410153,-12.131818181818176
0.05,0.05,0,9,two-g,baseline2_matched_0.650,0.65,0.3722500000000002,0.3879999999999999,-0.06204166666666666,0.9976316377599025,0.00236836224009751,-12.995454545454521
0.05,0.05,0,9,two-g,baseline2_matched_0.800,0.8,0.48575000000000035,0.5,-0.08095833333333335,0.9919746700523377,0.008025329947662252,-15.313636363636363
0.05,0.05,0,9,two-g,baseline2_matched_0.950,0.95,0.6252500000000003,0.6335000000000006,-0.1042083333333334,0.9804478651873821,0.01955213481261786,-19.859090909090895
0.1,0.1,1,0,one,baseline2_all_hdv_yield,1.0,0.915,0.915,-0.15249999999999997,1.003604681993103,-0.0036046819931030427,-30.56565656565658
0.1,0.1,1,0,one,baseline2_matched_0.050,0.05,0.07099999999999973,0.07099999999999973,-0.011833333333333251,0.9998943183116419,0.00010568168835811687,-2.311111111111103
0.1,0.1,1,0,one,baseline2_matched_0.200,0.2,0.18049999999999944,0.18049999999999944,-0.03008333333333324,1.000161599341192,-0.00016159934119208685,-6.611111111111114
0.1,0.1,1,0,one,baseline2_matched_0.350,0.35,0.242,0.242,-0.04033333333333333,1.0015881683597598,-0.001588168359759834,-8.711111111111109
0.1,0.1,1,0,one,baseline2_matched_0.500,0.5,0.3199999999999994,0.3199999999999994,-0.05333333333333323,1.002567128607127,-0.002567128607126934,-12.01111111111112
0.1,0.1,1,0,one,baseline2_matched_0.650,0.65,0.4394999999999998,0.4394999999999998,-0.07324999999999993,1.0034858904244117,-0.0034858904244117195,-15.51111111111112
0.1,0.1,1,0,one,baseline2_matched_0.800,0.8,0.5449999999999999,0.5449999999999999,-0.09083333333333332,1.0040988442169005,-0.0040988442169005435,-19.202020202020208
0.1,0.1,1,0,one,baseline2_matched_0.950,0.95,0.8144999999999998,0.8144999999999998,-0.13574999999999993,1.003180349948191,-0.0031803499481910524,-27.47474747474749
0.1,0.1,1,0,two-2g,baseline2_all_hdv_yield,1.0,0.8892500000000005,0.8995000000000006,-0.14820833333333344,1.0017520404026443,-0.001752040402644317,-29.595454545454544
0.1,0.1,1,0,two-2g,baseline2_matched_0.050,0.05,-0.018749999999999822,-0.016000000000000014,0.0031249999999999334,1.0008253103029914,-0.0008253103029913778,0.8999999999999773
0.1,0.1,1,0,two-2g,baseline2_matched_0.200,0.2,0.05975000000000019,0.057000000000000384,-0.009958333333333347,1.0018282394033078,-0.0018282394033077853,-2.1500000000000057
0.1,0.1,1,0,two-2g,baseline2_matched_0.350,0.35,0.17074999999999996,0.14250000000000007,-0.028458333333333363,1.003202236172364,-0.003202236172364037,-6.700000000000017
0.1,0.1,1,0,two-2g,baseline2_matched_0.500,0.5,0.26900000000000013,0.2600000000000007,-0.04483333333333345,1.0028309001972855,-0.002830900197285491,-9.850000000000023
0.1,0.1,1,0,two-2g,baseline2_matched_0.650,0.65,0.3327499999999999,0.3055000000000003,-0.05545833333333339,1.0040248634119509,-0.004024863411950852,-12.050000000000011
0.1,0.1,1,0,two-2g,baseline2_matched_0.800,0.8,0.5542500000000006,0.5550000000000006,-0.09237500000000004,1.0056475801585325,-0.005647580158532506,-19.595454545454544
0.1,0.1,1,0,two-2g,baseline2_matched_0.950,0.95,0.7202500000000001,0.726,-0.12004166666666666,1.0037793631105079,-0.0037793631105078607,-24.459090909090918
0.1,0.1,1,0,two-g,baseline2_all_hdv_yield,1.0,0.9024999999999999,0.9084999999999992,-0.15041666666666664,1.0040028831055148,-0.004002883105514776,-30.2318181818182
0.1,0.1,1,0,two-g,baseline2_matched_0.050,0.05,-0.010500000000000398,-0.016500000000000625,0.0017499999999999183,1.0002107627358612,-0.00021076273586118077,0.44999999999998863
0.1,0.1,1,0,two-g,baseline2_matched_0.200,0.2,0.060249999999999915,0.05649999999999977,-0.010041666666666671,1.00063389708343,-0.0006338970834300905,-2.4000000000000057
0.1,0.1,1,0,two-g,baseline2_matched_0.350,0.35,0.2160000000000002,0.16549999999999976,-0.03600000000000003,1.0020620425429663,-0.002062042542966269,-8.5
0.1,0.1,1,0,two-g,baseline2_matched_0.500,0.5,0.28749999999999964,0.27699999999999925,-0.04791666666666666,1.0028359118250212,-0.0028359118250211868,-10.450000000000017
0.1,0.1,1,0,two-g,baseline2_matched_0.650,0.65,0.41474999999999973,0.4079999999999995,-0.06912499999999999,1.004178786864707,-0.004178786864706963,-15.050000000000011
0.1,0.1,1,0,two-g,baseline2_matched_0.800,0.8,0.4582499999999996,0.46449999999999925,-0.07637499999999997,1.003542476467508,-0.003542476467508049,-16.75
0.1,0.1,1,0,two-g,baseline2_matched_0.950,0.95,0.6847500000000002,0.6519999999999992,-0.11412499999999998,1.0046399979406397,-0.00463999794063974,-23.686363636363637
0.1,0.1,1,1,one,baseline2_all_hdv_yield,1.0,0.8334999999999999,0.8334999999999999,-0.13891666666666658,1.002732065141846,-0.002732065141846096,-27.863636363636374
0.1,0.1,1,1,one,baseline2_matched_0.050,0.05,-0.01950000000000074,-0.01950000000000074,0.003250000000000197,0.9995054480907634,0.0004945519092366402,0.8000000000000114
0.1,0.1,1,1,one,baseline2_matched_0.200,0.2,0.018499999999999517,0.018499999999999517,-0.003083333333333216,0.9996225365968436,0.00037746340315636395,-0.5
0.1,0.1,1,1,one,baseline2_matched_0.350,0.35,0.16599999999999948,0.16599999999999948,-0.027666666666666506,1.0004600669382715,-0.00046006693827149725,-6.199999999999989
0.1,0.1,1,1,one,baseline2_matched_0.500,0.5,0.3064999999999998,0.3064999999999998,-0.05108333333333326,1.0006046899560523,-0.00060468995605234,-11.0
0.1,0.1,1,1,one,baseline2_matched_0.650,0.65,0.36850000000000005,0.36850000000000005,-0.061416666666666675,1.0025224820624719,-0.0025224820624718536,-13.099999999999994
0.1,0.1,1,1,one,baseline2_matched_0.800,0.8,0.5279999999999996,0.5279999999999996,-0.08799999999999986,1.0021781670034995,-0.002178167003499487,-18.590909090909093
0.1,0.1,1,1,one,baseline2_matched_0.950,0.95,0.7595000000000001,0.7595000000000001,-0.12658333333333327,1.0025227493878266,-0.002522749387826595,-25.863636363636374
0.1,0.1,1,1,two-2g,baseline2_all_hdv_yield,1.0,0.8665000000000003,0.8680000000000003,-0.14441666666666664,1.0010633877137323,-0.0010633877137322667,-29.086363636363615
0.1,0.1,1,1,two-2g,baseline2_matched_0.050,0.05,-0.030999999999999694,-0.040000000000000036,0.005166666666666708,0.9993604670010863,0.0006395329989137277,1.4447368421052715
0.1,0.1,1,1,two-2g,baseline2_matched_0.200,0.2,0.10250000000000004,0.08950000000000014,-0.01708333333333334,0.9994614740981077,0.000538525901892295,-3.799999999999983
0.1,0.1,1,1,two-2g,baseline2_matched_0.350,0.35,0.12725000000000009,0.09750000000000014,-0.021208333333333274,1.000804305849488,-0.0008043058494879851,-4.599999999999994
0.1,0.1,1,1,two-2g,baseline2_matched_0.500,0.5,0.25675000000000026,0.2450000000000001,-0.04279166666666662,1.0025077624087997,-0.0025077624087996853,-9.25
0.1,0.1,1,1,two-2g,baseline2_matched_0.650,0.65,0.35050000000000026,0.32899999999999974,-0.05841666666666667,1.0034990787456146,-0.0034990787456146144,-12.399999999999977
0.1,0.1,1,1,two-2g,baseline2_matched_0.800,0.8,0.41550000000000065,0.41049999999999986,-0.06924999999999992,1.0019510177201834,-0.0019510177201833567,-14.649999999999977
0.1,0.1,1,1,two-2g,baseline2_matched_0.950,0.95,0.7549999999999999,0.7374999999999998,-0.1258333333333333,1.0035309616223942,-0.003530961622394191,-25.904545454545456
0.1,0.1,1,1,two-g,baseline2_all_hdv_yield,1.0,0.8860000000000001,0.9020000000000001,-0.14766666666666667,1.0018078502016452,-0.0018078502016452003,-29.7409090909091
0.1,0.1,1,1,two-g,baseline2_matched_0.050,0.05,-0.0024999999999995026,0.0045000000000001705,0.0004166666666666763,0.9995696743109763,0.0004303256890236806,0.09999999999999432
0.1,0.1,1,1,two-g,baseline2_matched_0.200,0.2,0.1352500000000001,0.1435000000000004,-0.022541666666666738,0.9996564897052758,0.00034351029472423633,-5.25
0.1,0.1,1,1,two-g,baseline2_matched_0.350,0.35,0.18925000000000036,0.1955,-0.03154166666666669,1.0014040514386593,-0.0014040514386592928,-7.5
0.1,0.1,1,1,two-g,baseline2_matched_0.500,0.5,0.24049999999999994,0.25150000000000006,-0.04008333333333336,1.0013116091206549,-0.0013116091206548663,-9.150000000000006
0.1,0.1,1,1,two-g,baseline2_matched_0.650,0.65,0.3537500000000007,0.3495000000000008,-0.058958333333333446,1.0028555298056807,-0.002855529805680712,-12.800000000000011
0.1,0.1,1,1,two-g,baseline2_matched_0.800,0.8,0.4690000000000003,0.48550000000000004,-0.07816666666666666,1.0030546157253237,-0.0030546157253237283,-17.150000000000006
0.1,0.1,1,1,two-g,baseline2_matched_0.950,0.95,0.7602500000000001,0.7585000000000006,-0.12670833333333337,1.003534779881446,-0.003534779881446015,-26.01363636363638
0.1,0.1,1,2,one,baseline2_all_hdv_yield,1.0,0.8825000000000003,0.8825000000000003,-0.14708333333333334,1.0051318234642042,-0.005131823464204155,-29.790909090909082
0.1,0.1,1,2,one,baseline2_matched_0.050,0.05,0.04750000000000032,0.04750000000000032,-0.007916666666666683,1.0002134131646772,-0.00021341316467715643,-1.8999999999999773
0.1,0.1,1,2,one,baseline2_matched_0.200,0.2,0.05449999999999999,0.05449999999999999,-0.009083333333333332,1.0005060864256412,-0.0005060864256412057,-2.0
0.1,0.1,1,2,one,baseline2_matched_0.350,0.35,0.24950000000000028,0.24950000000000028,-0.041583333333333306,1.002529093275212,-0.002529093275212002,-9.699999999999989
0.1,0.1,1,2,one,baseline2_matched_0.500,0.5,0.3120000000000003,0.3120000000000003,-0.052000000000000046,1.003082307325671,-0.003082307325670941,-12.5
0.1,0.1,1,2,one,baseline2_matched_0.650,0.65,0.4170000000000007,0.4170000000000007,-0.06950000000000012,1.0029599361634933,-0.0029599361634933263,-15.599999999999994
0.1,0.1,1,2,one,baseline2_matched_0.800,0.8,0.6240000000000006,0.6240000000000006,-0.10400000000000009,1.0037605702442631,-0.0037605702442631284,-22.154545454545456
0.1,0.1,1,2,one,baseline2_matched_0.950,0.95,0.79,0.79,-0.1316666666666666,1.0048833323515118,-0.004883332351511838,-27.336363636363615
0.1,0.1,1,2,two-2g,baseline2_all_hdv_yield,1.0,0.9029999999999996,0.9030000000000005,-0.15049999999999997,1.0039778999596265,-0.003977899959626496,-30.44736842105263
0.1,0.1,1,2,two-2g,baseline2_matched_0.050,0.05,0.07974999999999977,0.08550000000000058,-0.013291666666666702,1.0017928449844995,-0.0017928449844994976,-3.44736842105263
0.1,0.1,1,2,two-2g,baseline2_matched_0.200,0.2,0.16174999999999962,0.16549999999999976,-0.02695833333333325,1.0027044247027903,-0.002704424702790309,-6.397368421052619
0.1,0.1,1,2,two-2g,baseline2_matched_0.350,0.35,0.14374999999999982,0.1200000000000001,-0.023958333333333304,1.0014679706352212,-0.001467970635221194,-5.547368421052624
0.1,0.1,1,2,two-2g,baseline2_matched_0.500,0.5,0.27924999999999933,0.2815000000000003,-0.0465416666666667,1.003054516383887,-0.003054516383887096,-10.597368421052636
0.1,0.1,1,2,two-2g,baseline2_matched_0.650,0.65,0.38899999999999935,0.38200000000000056,-0.06483333333333335,1.0036162726905684,-0.0036162726905684117,-14.847368421052636
0.1,0.1,1,2,two-2g,baseline2_matched_0.800,0.8,0.5174999999999992,0.524,-0.08624999999999994,1.0034679196640175,-0.0034679196640174936,-18.94736842105263
0.1,0.1,1,2,two-2g,baseline2_matched_0.950,0.95,0.7717499999999999,0.7765000000000004,-0.128625,1.0041943934359803,-0.00419439343598027,-26.67464114832535
0.1,0.1,1,2,two-g,baseline2_all_hdv_yield,1.0,0.8157499999999995,0.8084999999999996,-0.13595833333333335,1.0023153562971878,-0.0023153562971878205,-27.677272727272708
0.1,0.1,1,2,two-g,baseline2_matched_0.050,0.05,0.0337499999999995,-0.004000000000000448,-0.005625000000000047,0.9990935250140731,0.0009064749859268861,-1.25
0.1,0.1,1,2,two-g,baseline2_matched_0.200,0.2,0.12074999999999925,0.11050000000000004,-0.020125000000000004,1.0008510093276057,-0.000851009327605734,-4.599999999999994
0.1,0.1,1,2,two-g,baseline2_matched_0.350,0.35,0.1739999999999995,0.15399999999999991,-0.02899999999999997,1.0022036211304317,-0.00220362113043171,-6.649999999999977
0.1,0.1,1,2,two-g,baseline2_matched_0.500,0.5,0.3154999999999992,0.258,-0.05258333333333337,1.002577411436482,-0.0025774114364820466,-11.349999999999994
0.1,0.1,1,2,two-g,baseline2_matched_0.650,0.65,0.4012499999999992,0.40200000000000014,-0.06687500000000007,1.0031548437730662,-0.003154843773066185,-15.049999999999983
0.1,0.1,1,2,two-g,baseline2_matched_0.800,0.8,0.5444999999999993,0.5465,-0.09075000000000005,1.0035725778857072,-0.0035725778857071955,-19.404545454545456
0.1,0.1,1,2,two-g,baseline2_matched_0.950,0.95,0.6997499999999999,0.6974999999999998,-0.11662499999999998,1.0029233349383542,-0.002923334938354172,-24.131818181818176
0.1,0.1,1,3,one,baseline2_all_hdv_yield,1.0,0.8605,0.8605,-0.14341666666666664,1.0023531379760295,-0.00235313797602954,-29.154545454545456
0.1,0.1,1,3,one,baseline2_matched_0.050,0.05,0.0495000000000001,0.0495000000000001,-0.00824999999999998,0.998785753013503,0.0012142469864969696,-1.8999999999999773
0.1,0.1,1,3,one,baseline2_matched_0.200,0.2,0.08249999999999957,0.08249999999999957,-0.013749999999999929,0.9987480750150234,0.0012519249849766156,-3.299999999999983
0.1,0.1,1,3,one,baseline2_matched_0.350,0.35,0.2084999999999999,0.2084999999999999,-0.03474999999999995,0.9997047220686449,0.00029527793135508684,-8.199999999999989
0.1,0.1,1,3,one,baseline2_matched_0.500,0.5,0.2634999999999996,0.2634999999999996,-0.043916666666666604,1.0003543335176253,-0.00035433351762526044,-10.399999999999977
0.1,0.1,1,3,one,baseline2_matched_0.650,0.65,0.3324999999999996,0.3324999999999996,-0.05541666666666656,1.0000283253038236,-2.8325303823573122e-05,-12.399999999999977
0.1,0.1,1,3,one,baseline2_matched_0.800,0.8,0.49599999999999955,0.49599999999999955,-0.08266666666666656,1.0017446783835442,-0.001744678383544196,-17.881818181818176
0.1,0.1,1,3,one,baseline2_matched_0.950,0.95,0.7699999999999996,0.7699999999999996,-0.1283333333333332,1.0038476985824247,-0.00384769858242473,-26.24545454545452
0.1,0.1,1,3,two-2g,baseline2_all_hdv_yield,1.0,0.8645000000000005,0.8594999999999997,-0.14408333333333329,1.0041769486372898,-0.00417694863728979,-28.818181818181813
0.1,0.1,1,3,two-2g,baseline2_matched_0.050,0.05,0.01225000000000076,0.009000000000000341,-0.0020416666666667194,1.0006927177510296,-0.0006927177510296367,-0.4000000000000057
0.1,0.1,1,3,two-2g,baseline2_matched_0.200,0.2,0.06050000000000022,0.06299999999999972,-0.010083333333333278,1.0014143881015556,-0.001414388101555586,-2.3499999999999943
0.1,0.1,1,3,two-2g,baseline2_matched_0.350,0.35,0.1380000000000008,0.1299999999999999,-0.022999999999999965,1.0016832719654427,-0.001683271965442712,-5.25
0.1,0.1,1,3,two-2g,baseline2_matched_0.500,0.5,0.31675000000000075,0.28200000000000003,-0.052791666666666626,1.0045426092458025,-0.00454260924580252,-12.0
0.1,0.1,1,3,two-2g,baseline2_matched_0.650,0.65,0.35325000000000006,0.3330000000000002,-0.05887500000000001,1.0033906710971352,-0.0033906710971352005,-12.800000000000011
0.1,0.1,1,3,two-2g,baseline2_matched_0.800,0.8,0.4737500000000008,0.46999999999999975,-0.0789583333333333,1.0038316620802752,-0.003831662080275189,-17.0
0.1,0.1,1,3,two-2g,baseline2_matched_0.950,0.95,0.7767500000000007,0.7640000000000002,-0.12945833333333334,1.0057285935068472,-0.005728593506847179,-26.409090909090907
0.1,0.1,1,3,two-g,baseline2_all_hdv_yield,1.0,0.8572499999999996,0.8659999999999997,-0.14287499999999992,1.0023216202155085,-0.002321620215508524,-28.73636363636362
0.1,0.1,1,3,two-g,baseline2_matched_0.050,0.05,0.03399999999999981,0.029499999999999638,-0.005666666666666598,0.9994647360730915,0.0005352639269085024,-1.299999999999983
0.1,0.1,1,3,two-g,baseline2_matched_0.200,0.2,0.06974999999999998,0.059499999999999886,-0.011624999999999885,1.001037040370904,-0.0010370403709039078,-2.5
0.1,0.1,1,3,two-g,baseline2_matched_0.350,0.35,0.15524999999999967,0.13649999999999984,-0.025874999999999926,1.0011672397044717,-0.0011672397044717453,-5.599999999999994
0.1,0.1,1,3,two-g,baseline2_matched_0.500,0.5,0.2649999999999997,0.2469999999999999,-0.044166666666666576,1.0022763451386094,-0.0022763451386094147,-9.75
0.1,0.1,1,3,two-g,baseline2_matched_0.650,0.65,0.3454999999999995,0.3039999999999994,-0.05758333333333321,1.0030816521277424,-0.0030816521277423625,-12.599999999999994
0.1,0.1,1,3,two-g,baseline2_matched_0.800,0.8,0.47724999999999973,0.4864999999999995,-0.07954166666666657,1.00318398987553,-0.0031839898755299245,-17.099999999999994
0.1,0.1,1,3,two-g,baseline2_matched_0.950,0.95,0.6632499999999997,0.6585000000000001,-0.1105416666666666,1.002072473342624,-0.0020724733426240594,-22.872727272727275
0.1,0.1,1,4,one,baseline2_all_hdv_yield,1.0,0.8419999999999996,0.8419999999999996,-0.1403333333333332,1.0043950887494548,-0.004395088749454823,-28.52727272727273
0.1,0.1,1,4,one,baseline2_matched_0.050,0.05,0.0009999999999994458,0.0009999999999994458,-0.0001666666666665373,1.0005876188126936,-0.0005876188126936466,-0.10000000000002274
0.1,0.1,1,4,one,baseline2_matched_0.200,0.2,0.06299999999999972,0.06299999999999972,-0.010499999999999954,1.0013811988227261,-0.0013811988227261374,-2.9000000000000057
0.1,0.1,1,4,one,baseline2_matched_0.350,0.35,0.20350000000000001,0.20350000000000001,-0.033916666666666595,1.0023400298844591,-0.0023400298844591383,-7.600000000000023
0.1,0.1,1,4,one,baseline2_matched_0.500,0.5,0.2809999999999997,0.2809999999999997,-0.04683333333333328,1.0028794393141613,-0.0028794393141613472,-10.600000000000023
0.1,0.1,1,4,one,baseline2_matched_0.650,0.65,0.3854999999999995,0.3854999999999995,-0.06424999999999992,1.0042686730340546,-0.004268673034054649,-14.0
0.1,0.1,1,4,one,baseline2_matched_0.800,0.8,0.5454999999999997,0.5454999999999997,-0.09091666666666653,1.0051693850062922,-0.00516938500629216,-19.25454545454548
0.1,0.1,1,4,one,baseline2_matched_0.950,0.95,0.7484999999999999,0.7484999999999999,-0.12474999999999992,1.0051696528362,-0.005169652836199967,-25.345454545454544
0.1,0.1,1,4,two-2g,baseline2_all_hdv_yield,1.0,0.9052499999999997,0.9169999999999998,-0.15087500000000004,1.0031159238275011,-0.0031159238275011436,-30.372727272727275
0.1,0.1,1,4,two-2g,baseline2_matched_0.050,0.05,0.040750000000000064,0.03450000000000042,-0.006791666666666696,1.0000463264714832,-4.632647148317126e-05,-1.549999999999983
0.1,0.1,1,4,two-2g,baseline2_matched_0.200,0.2,0.08899999999999952,0.10099999999999998,-0.01483333333333331,0.9996454552124799,0.00035454478752006136,-3.5
0.1,0.1,1,4,two-2g,baseline2_matched_0.350,0.35,0.18424999999999958,0.1665000000000001,-0.030708333333333337,1.0008938598948256,-0.0008938598948255994,-6.949999999999989
0.1,0.1,1,4,two-2g,baseline2_matched_0.500,0.5,0.30799999999999983,0.29000000000000004,-0.05133333333333334,1.0015986649407167,-0.0015986649407166986,-11.699999999999989
0.1,0.1,1,4,two-2g,baseline2_matched_0.650,0.65,0.39224999999999977,0.40249999999999986,-0.06537499999999996,1.0016739119839868,-0.0016739119839868088,-14.25
0.1,0.1,1,4,two-2g,baseline2_matched_0.800,0.8,0.5059999999999993,0.4930000000000003,-0.08433333333333337,1.002374432500727,-0.0023744325007271083,-18.190909090909088
0.1,0.1,1,4,two-2g,baseline2_matched_0.950,0.95,0.7322499999999996,0.7400000000000002,-0.12204166666666666,1.002830734855663,-0.0028307348556630973,-25.190909090909088
0.1,0.1,1,4,two-g,baseline2_all_hdv_yield,1.0,0.85025,0.8810000000000002,-0.14170833333333333,1.0018665898906574,-0.0018665898906573553,-28.52727272727273
0.1,0.1,1,4,two-g,baseline2_matched_0.050,0.05,0.017249999999999766,0.046499999999999986,-0.002874999999999961,0.999661424237845,0.0003385757621550134,-0.5500000000000114
0.1,0.1,1,4,two-g,baseline2_matched_0.200,0.2,0.06874999999999964,0.06650000000000045,-0.011458333333333348,1.0011283178012031,-0.0011283178012031492,-2.5
0.1,0.1,1,4,two-g,baseline2_matched_0.350,0.35,0.1485000000000003,0.13000000000000078,-0.02475000000000005,1.0020319907182536,-0.0020319907182535513,-5.700000000000017
0.1,0.1,1,4,two-g,baseline2_matched_0.500,0.5,0.26975000000000016,0.26449999999999996,-0.04495833333333327,1.0025228317479524,-0.0025228317479524254,-10.100000000000023
0.1,0.1,1,4,two-g,baseline2_matched_0.650,0.65,0.37900000000000045,0.3720000000000008,-0.06316666666666676,1.0029490672680073,-0.002949067268007255,-13.900000000000006
0.1,0.1,1,4,two-g,baseline2_matched_0.800,0.8,0.50875,0.5350000000000001,-0.08479166666666665,1.0032216971572503,-0.0032216971572502917,-18.209090909090918
0.1,0.1,1,4,two-g,baseline2_matched_0.950,0.95,0.7445000000000004,0.7720000000000002,-0.12408333333333332,1.0020947197193182,-0.0020947197193181832,-25.4818181818182
0.1,0.1,1,5,one,baseline2_all_hdv_yield,1.0,0.8605,0.8605,-0.14341666666666675,1.0044021885716519,-0.004402188571651866,-28.47272727272727
0.1,0.1,1,5,one,baseline2_matched_0.050,0.05,-0.00649999999999995,-0.00649999999999995,0.001083333333333325,1.0000545858539172,-5.458585391715509e-05,0.6000000000000227
0.1,0.1,1,5,one,baseline2_matched_0.200,0.2,0.06449999999999978,0.06449999999999978,-0.010750000000000037,1.0014639176802511,-0.0014639176802511145,-2.3999999999999773
0.1,0.1,1,5,one,baseline2_matched_0.350,0.35,0.15200000000000014,0.15200000000000014,-0.02533333333333343,1.0009378598920284,-0.0009378598920284364,-5.699999999999989
0.1,0.1,1,5,one,baseline2_matched_0.500,0.5,0.26699999999999946,0.26699999999999946,-0.044499999999999984,1.0016346322625953,-0.0016346322625953036,-9.699999999999989
0.1,0.1,1,5,one,baseline2_matched_0.650,0.65,0.4474999999999998,0.4474999999999998,-0.07458333333333333,1.000535690585975,-0.0005356905859750238,-16.0181818181818
0.1,0.1,1,5,one,baseline2_matched_0.800,0.8,0.5,0.5,-0.08333333333333337,1.0044899540622607,-0.004489954062260715,-17.563636363636363
0.1,0.1,1,5,one,baseline2_matched_0.950,0.95,0.7494999999999994,0.7494999999999994,-0.12491666666666656,1.0040382828788808,-0.00403828287888075,-25.47272727272727
0.1,0.1,1,5,two-2g,baseline2_all_hdv_yield,1.0,0.8859999999999992,0.8920000000000003,-0.14766666666666667,1.003435719416427,-0.0034357194164269522,-29.659090909090907
0.1,0.1,1,5,two-2g,baseline2_matched_0.050,0.05,-0.0022500000000000853,-0.009500000000000064,0.0003750000000000142,1.000576999233976,-0.0005769992339759167,0.0
0.1,0.1,1,5,two-2g,baseline2_matched_0.200,0.2,0.09074999999999989,0.05800000000000072,-0.015125,1.0014915644696092,-0.0014915644696091857,-3.5500000000000114
0.1,0.1,1,5,two-2g,baseline2_matched_0.350,0.35,0.21674999999999933,0.20750000000000046,-0.03612500000000002,1.0034102477959659,-0.0034102477959658817,-8.550000000000011
0.1,0.1,1,5,two-2g,baseline2_matched_0.500,0.5,0.2857499999999993,0.2945000000000002,-0.04762500000000003,1.002562176895848,-0.002562176895847923,-10.5
0.1,0.1,1,5,two-2g,baseline2_matched_0.650,0.65,0.37849999999999984,0.3695000000000004,-0.06308333333333332,1.0029949263213276,-0.0029949263213275845,-13.75
0.1,0.1,1,5,two-2g,baseline2_matched_0.800,0.8,0.5099999999999998,0.4710000000000001,-0.08499999999999996,1.0046575528314932,-0.004657552831493161,-18.035714285714278
0.1,0.1,1,5,two-2g,baseline2_matched_0.950,0.95,0.7104999999999997,0.7065000000000001,-0.11841666666666667,1.0041872662811246,-0.004187266281124646,-24.613636363636374
0.1,0.1,1,5,two-g,baseline2_all_hdv_yield,1.0,0.8645000000000005,0.875,-0.1440833333333334,1.002553726676426,-0.002553726676425949,-29.19999999999999
0.1,0.1,1,5,two-g,baseline2_matched_0.050,0.05,0.025750000000000384,0.018500000000000405,-0.004291666666666694,1.00042396743415,-0.0004239674341499633,-0.8499999999999943
0.1,0.1,1,5,two-g,baseline2_matched_0.200,0.2,0.08050000000000068,0.07100000000000062,-0.013416666666666743,1.0007556864196305,-0.0007556864196305302,-3.1499999999999773
0.1,0.1,1,5,two-g,baseline2_matched_0.350,0.35,0.12925000000000075,0.10899999999999999,-0.02154166666666668,1.0021686430360457,-0.002168643036045692,-5.149999999999977
0.1,0.1,1,5,two-g,baseline2_matched_0.500,0.5,0.2472500000000002,0.24300000000000033,-0.0412083333333334,1.0029970019254155,-0.002997001925415521,-9.149999999999977
0.1,0.1,1,5,two-g,baseline2_matched_0.650,0.65,0.3305000000000007,0.34050000000000047,-0.05508333333333337,1.0037046869720512,-0.0037046869720511744,-12.149999999999977
0.1,0.1,1,5,two-g,baseline2_matched_0.800,0.8,0.4722500000000007,0.4720000000000004,-0.07870833333333332,1.004604377510684,-0.004604377510684099,-16.881818181818176
0.1,0.1,1,5,two-g,baseline2_matched_0.950,0.95,0.7222500000000007,0.7015000000000002,-0.12037499999999995,1.0050841230765928,-0.005084123076592784,-24.5181818181818
0.1,0.1,1,6,one,baseline2_all_hdv_yield,1.0,0.8380000000000001,0.8380000000000001,-0.13966666666666672,1.0036598871550433,-0.0036598871550432843,-27.77272727272728
0.1,0.1,1,6,one,baseline2_matched_0.050,0.05,0.00649999999999995,0.00649999999999995,-0.001083333333333325,1.0012554684200576,-0.0012554684200576371,0.0
0.1,0.1,1,6,one,baseline2_matched_0.200,0.2,0.1070000000000002,0.1070000000000002,-0.017833333333333368,1.0011157637696073,-0.0011157637696073142,-4.0
0.1,0.1,1,6,one,baseline2_matched_0.350,0.35,0.20199999999999996,0.20199999999999996,-0.03366666666666662,1.0016973312129653,-0.0016973312129653362,-7.699999999999989
0.1,0.1,1,6,one,baseline2_matched_0.500,0.5,0.25150000000000006,0.25150000000000006,-0.04191666666666671,1.0009420696735463,-0.0009420696735462641,-8.699999999999989
0.1,0.1,1,6,one,baseline2_matched_0.650,0.65,0.30050000000000043,0.30050000000000043,-0.05008333333333337,1.0021691689500256,-0.002169168950025613,-11.0
0.1,0.1,1,6,one,baseline2_matched_0.800,0.8,0.5645000000000007,0.5645000000000007,-0.09408333333333341,1.0037158225419087,-0.00371582254190872,-19.590909090909093
0.1,0.1,1,6,one,baseline2_matched_0.950,0.95,0.782,0.782,-0.1303333333333333,1.0031695827113105,-0.0031695827113105146,-26.045454545454533
0.1,0.1,1,6,two-2g,baseline2_all_hdv_yield,1.0,0.8265000000000002,0.8540000000000001,-0.13774999999999998,1.0019818810164236,-0.0019818810164236034,-27.9909090909091
0.1,0.1,1,6,two-2g,baseline2_matched_0.050,0.05,0.026499999999999524,0.03049999999999997,-0.004416666666666624,0.9990860686541364,0.0009139313458635945,-1.1500000000000057
0.1,0.1,1,6,two-2g,baseline2_matched_0.200,0.2,0.09799999999999986,0.12150000000000016,-0.016333333333333255,1.0005890196452372,-0.0005890196452371654,-3.8499999999999943
0.1,0.1,1,6,two-2g,baseline2_matched_0.350,0.35,0.15949999999999953,0.16800000000000015,-0.026583333333333292,1.00057884104291,-0.00057884104290995,-6.25
0.1,0.1,1,6,two-2g,baseline2_matched_0.500,0.5,0.2604999999999995,0.2729999999999997,-0.04341666666666666,1.0013717005926628,-0.0013717005926627834,-9.5
0.1,0.1,1,6,two-2g,baseline2_matched_0.650,0.65,0.41575000000000006,0.4089999999999998,-0.06929166666666664,1.003365903075062,-0.0033659030750619046,-15.099999999999994
0.1,0.1,1,6,two-2g,baseline2_matched_0.800,0.8,0.5220000000000002,0.5110000000000001,-0.08700000000000002,1.0030969736872415,-0.003096973687241489,-18.672727272727286
0.1,0.1,1,6,two-2g,baseline2_matched_0.950,0.95,0.6804999999999994,0.6914999999999996,-0.11341666666666667,1.0035049213542238,-0.0035049213542237556,-23.854545454545473
0.1,0.1,1,6,two-g,baseline2_all_hdv_yield,1.0,0.7622499999999999,0.7735000000000003,-0.12704166666666666,1.0027451140187378,-0.002745114018737782,-25.609090909090895
0.1,0.1,1,6,two-g,baseline2_matched_0.050,0.05,-0.00775000000000059,0.0030000000000001137,0.001291666666666691,1.000133770692903,-0.00013377069290299026,0.45000000000001705
0.1,0.1,1,6,two-g,baseline2_matched_0.200,0.2,0.01624999999999943,0.018499999999999517,-0.002708333333333257,1.0005257000576864,-0.0005257000576863735,-0.5
0.1,0.1,1,6,two-g,baseline2_matched_0.350,0.35,0.14349999999999952,0.13049999999999962,-0.023916666666666586,1.0016127544860054,-0.0016127544860053966,-5.25
0.1,0.1,1,6,two-g,baseline2_matched_0.500,0.5,0.19374999999999964,0.17900000000000027,-0.03229166666666666,1.0017390190077677,-0.0017390190077677392,-7.149999999999977
0.1,0.1,1,6,two-g,baseline2_matched_0.650,0.65,0.3519999999999994,0.33950000000000014,-0.058666666666666645,1.003548810486332,-0.0035488104863319325,-12.699999999999989
0.1,0.1,1,6,two-g,baseline2_matched_0.800,0.8,0.46749999999999936,0.4615,-0.07791666666666663,1.0035568528125596,-0.0035568528125595744,-16.47272727272727
0.1,0.1,1,6,two-g,baseline2_matched_0.950,0.95,0.7022499999999994,0.7035,-0.11704166666666665,1.0046238014253146,-0.0046238014253146,-23.790909090909082
0.1,0.1,1,7,one,baseline2_all_hdv_yield,1.0,0.8855000000000004,0.8855000000000004,-0.1475833333333334,1.0034585535033094,-0.0034585535033093695,-29.581818181818193
0.1,0.1,1,7,one,baseline2_matched_0.050,0.05,0.0005000000000006111,0.0005000000000006111,-8.333333333343518e-05,1.0005408668628006,-0.0005408668628006374,0.19999999999998863
0.1,0.1,1,7,one,baseline2_matched_0.200,0.2,0.11350000000000016,0.11350000000000016,-0.018916666666666693,1.0004753639555397,-0.00047536395553970934,-4.400000000000006
0.1,0.1,1,7,one,baseline2_matched_0.350,0.35,0.22100000000000009,0.22100000000000009,-0.036833333333333274,1.0006389875442845,-0.0006389875442844861,-8.099999999999994
0.1,0.1,1,7,one,baseline2_matched_0.500,0.5,0.27200000000000024,0.27200000000000024,-0.04533333333333334,1.001771252084061,-0.0017712520840609258,-9.900000000000006
0.1,0.1,1,7,one,baseline2_matched_0.650,0.65,0.3905000000000003,0.3905000000000003,-0.06508333333333338,1.0023730767544343,-0.0023730767544343223,-14.0
0.1,0.1,1,7,one,baseline2_matched_0.800,0.8,0.5955000000000004,0.5955000000000004,-0.09925000000000006,1.0024404511733311,-0.0024404511733311374,-20.672727272727286
0.1,0.1,1,7,one,baseline2_matched_0.950,0.95,0.7869999999999999,0.7869999999999999,-0.13116666666666665,1.004825291715195,-0.004825291715194968,-26.4909090909091
0.1,0.1,1,7,two-2g,baseline2_all_hdv_yield,1.0,0.8564999999999996,0.8619999999999992,-0.14274999999999993,1.0011397900547452,-0.0011397900547451822,-28.840909090909093
0.1,0.1,1,7,two-2g,baseline2_matched_0.050,0.05,0.034250000000000114,0.026999999999999247,-0.005708333333333315,0.9990187521709195,0.0009812478290804894,-1.3000000000000114
0.1,0.1,1,7,two-2g,baseline2_matched_0.200,0.2,0.055749999999999744,0.050499999999999545,-0.009291666666666643,0.9998178906867435,0.00018210931325646218,-1.9000000000000057
0.1,0.1,1,7,two-2g,baseline2_matched_0.350,0.35,0.1745000000000001,0.1739999999999995,-0.02908333333333335,1.0006818386934626,-0.0006818386934626108,-6.650000000000006
0.1,0.1,1,7,two-2g,baseline2_matched_0.500,0.5,0.2975000000000003,0.2864999999999993,-0.04958333333333331,1.001744232290073,-0.0017442322900729224,-10.650000000000006
0.1,0.1,1,7,two-2g,baseline2_matched_0.650,0.65,0.3674999999999997,0.37299999999999933,-0.06124999999999997,1.0018152013606807,-0.001815201360680696,-14.050000000000011
0.1,0.1,1,7,two-2g,baseline2_matched_0.800,0.8,0.48550000000000004,0.4869999999999992,-0.08091666666666664,1.0024346408335696,-0.00243464083356959,-17.47727272727272
0.1,0.1,1,7,two-2g,baseline2_matched_0.950,0.95,0.7397499999999999,0.7414999999999994,-0.12329166666666663,1.0040155103573354,-0.004015510357335383,-25.25
0.1,0.1,1,7,two-g,baseline2_all_hdv_yield,1.0,0.867,0.8760000000000003,-0.14450000000000002,1.0027679031558312,-0.0027679031558311973,-29.413636363636385
0.1,0.1,1,7,two-g,baseline2_matched_0.050,0.05,-0.001000000000000334,-0.0004999999999997229,0.0001666666666666483,1.0003957594747666,-0.00039575947476655493,0.0
0.1,0.1,1,7,two-g,baseline2_matched_0.200,0.2,0.09775000000000045,0.08150000000000013,-0.016291666666666704,1.001693239216225,-0.0016932392162249954,-3.6000000000000227
0.1,0.1,1,7,two-g,baseline2_matched_0.350,0.35,0.15024999999999977,0.14800000000000058,-0.025041666666666684,1.0009003796180662,-0.000900379618066216,-6.25
0.1,0.1,1,7,two-g,baseline2_matched_0.500,0.5,0.26724999999999977,0.26449999999999996,-0.04454166666666676,1.0023973478752586,-0.002397347875258582,-10.100000000000023
0.1,0.1,1,7,two-g,baseline2_matched_0.650,0.65,0.37049999999999983,0.37049999999999983,-0.06174999999999997,1.0034218715562098,-0.0034218715562097657,-13.800000000000011
0.1,0.1,1,7,two-g,baseline2_matched_0.800,0.8,0.6020000000000003,0.6050000000000004,-0.10033333333333344,1.0037878686314494,-0.0037878686314494203,-21.459090909090918
0.1,0.1,1,7,two-g,baseline2_matched_0.950,0.95,0.7297500000000001,0.7315000000000005,-0.12162500000000004,1.0034645041825574,-0.003464504182557393,-25.095454545454544
0.1,0.1,1,8,one,baseline2_all_hdv_yield,1.0,0.9264999999999999,0.9264999999999999,-0.15441666666666665,1.003548818589518,-0.0035488185895180546,-31.181818181818187
0.1,0.1,1,8,one,baseline2_matched_0.050,0.05,0.04150000000000009,0.04150000000000009,-0.006916666666666682,1.0001690423084506,-0.00016904230845060653,-1.8000000000000114
0.1,0.1,1,8,one,baseline2_matched_0.200,0.2,0.10050000000000026,0.10050000000000026,-0.016750000000000043,1.0004097671147971,-0.0004097671147971216,-3.9000000000000057
0.1,0.1,1,8,one,baseline2_matched_0.350,0.35,0.274,0.274,-0.04566666666666663,1.0010503625716742,-0.0010503625716742349,-10.800000000000011
0.1,0.1,1,8,one,baseline2_matched_0.500,0.5,0.2869999999999999,0.2869999999999999,-0.04783333333333328,1.002335298093538,-0.002335298093538052,-10.900000000000006
0.1,0.1,1,8,one,baseline2_matched_0.650,0.65,0.41249999999999964,0.41249999999999964,-0.06874999999999998,1.0027736847130901,-0.002773684713090141,-16.099999999999994
0.1,0.1,1,8,one,baseline2_matched_0.800,0.8,0.5780000000000003,0.5780000000000003,-0.09633333333333338,1.0033105010312369,-0.0033105010312368677,-20.636363636363626
0.1,0.1,1,8,one,baseline2_matched_0.950,0.95,0.7995000000000001,0.7995000000000001,-0.13324999999999998,1.00443013885274,-0.004430138852739907,-27.363636363636374
0.1,0.1,1,8,two-2g,baseline2_all_hdv_yield,1.0,0.8767500000000004,0.9035000000000002,-0.146125,1.0014815033145585,-0.001481503314558541,-29.381818181818176
0.1,0.1,1,8,two-2g,baseline2_matched_0.050,0.05,0.015249999999999986,0.036000000000000476,-0.0025416666666666643,1.000936758109544,-0.000936758109544078,-0.799999999999983
0.1,0.1,1,8,two-2g,baseline2_matched_0.200,0.2,0.05550000000000033,0.08349999999999991,-0.00924999999999998,1.0002936747391467,-0.0002936747391466543,-2.1499999999999773
0.1,0.1,1,8,two-2g,baseline2_matched_0.350,0.35,0.15775000000000006,0.1615000000000002,-0.026291666666666713,1.0012783961500729,-0.001278396150072858,-6.299999999999983
0.1,0.1,1,8,two-2g,baseline2_matched_0.500,0.5,0.26175000000000015,0.26200000000000045,-0.04362500000000008,1.001685950236063,-0.0016859502360631051,-9.399999999999977
0.1,0.1,1,8,two-2g,baseline2_matched_0.650,0.65,0.34224999999999994,0.3620000000000001,-0.05704166666666671,1.0033351911297341,-0.0033351911297341275,-13.149999999999977
0.1,0.1,1,8,two-2g,baseline2_matched_0.800,0.8,0.5172500000000007,0.5339999999999998,-0.08620833333333333,1.003725864277253,-0.003725864277253077,-18.5181818181818
0.1,0.1,1,8,two-2g,baseline2_matched_0.950,0.95,0.6872500000000006,0.7075000000000005,-0.11454166666666671,1.0047730183653858,-0.004773018365385795,-23.563636363636363
0.1,0.1,1,8,two-g,baseline2_all_hdv_yield,1.0,0.8442499999999997,0.8620000000000001,-0.14070833333333332,1.002207050831006,-0.002207050831005919,-28.072727272727292
0.1,0.1,1,8,two-g,baseline2_matched_0.050,0.05,-0.03200000000000003,-0.0259999999999998,0.005333333333333301,0.9999622337175722,3.7766282427798004e-05,1.299999999999983
0.1,0.1,1,8,two-g,baseline2_matched_0.200,0.2,0.02874999999999961,0.04300000000000015,-0.0047916666666666385,1.0002697208964573,-0.0002697208964572706,-1.0
0.1,0.1,1,8,two-g,baseline2_matched_0.350,0.35,0.09274999999999967,0.11100000000000065,-0.015458333333333407,0.9993775259549427,0.0006224740450573307,-3.450000000000017
0.1,0.1,1,8,two-g,baseline2_matched_0.500,0.5,0.2240000000000002,0.23550000000000004,-0.03733333333333333,1.0013852993808188,-0.001385299380818772,-8.25
0.1,0.1,1,8,two-g,baseline2_matched_0.650,0.65,0.2885,0.30400000000000027,-0.04808333333333337,1.001452796566428,-0.0014527965664279385,-10.850000000000023
0.1,0.1,1,8,two-g,baseline2_matched_0.800,0.8,0.48850000000000016,0.4945000000000004,-0.08141666666666664,1.0031442438962572,-0.003144243896257226,-17.163636363636385
0.1,0.1,1,8,two-g,baseline2_matched_0.950,0.95,0.6167499999999997,0.6340000000000003,-0.10279166666666667,1.0016785907230479,-0.0016785907230478792,-21.25454545454548
0.1,0.1,1,9,one,baseline2_all_hdv_yield,1.0,0.8815,0.8815,-0.1469166666666667,1.0030033001799754,-0.00300330017997541,-29.590909090909093
0.1,0.1,1,9,one,baseline2_matched_0.050,0.05,0.014499999999999957,0.014499999999999957,-0.0024166666666666226,0.9998149181828692,0.00018508181713083882,-0.5999999999999943
0.1,0.1,1,9,one,baseline2_matched_0.200,0.2,0.0940000000000003,0.0940000000000003,-0.015666666666666718,1.0009069543957865,-0.0009069543957864745,-3.5999999999999943
0.1,0.1,1,9,one,baseline2_matched_0.350,0.35,0.16300000000000026,0.16300000000000026,-0.027166666666666672,1.0011297479704495,-0.0011297479704495128,-6.099999999999994
0.1,0.1,1,9,one,baseline2_matched_0.500,0.5,0.26949999999999985,0.26949999999999985,-0.044916666666666605,1.0015111448941891,-0.0015111448941891314,-9.599999999999994
0.1,0.1,1,9,one,baseline2_matched_0.650,0.65,0.44399999999999995,0.44399999999999995,-0.07399999999999995,1.0035021117246934,-0.003502111724693391,-15.900000000000006
0.1,0.1,1,9,one,baseline2_matched_0.800,0.8,0.5065,0.5065,-0.0844166666666667,1.0024047263263103,-0.0024047263263102803,-18.136363636363626
0.1,0.1,1,9,one,baseline2_matched_0.950,0.95,0.7675000000000001,0.7675000000000001,-0.12791666666666668,1.0037243703808125,-0.003724370380812525,-26.22727272727272
0.1,0.1,1,9,two-2g,baseline2_all_hdv_yield,1.0,0.8835000000000006,0.867,-0.1472500000000001,1.0055486439346033,-0.005548643934603303,-30.217703349282317
0.1,0.1,1,9,two-2g,baseline2_matched_0.050,0.05,0.06200000000000028,0.06649999999999956,-0.010333333333333361,1.0019059797162306,-0.0019059797162306324,-2.563157894736861
0.1,0.1,1,9,two-2g,baseline2_matched_0.200,0.2,0.10175000000000001,0.09199999999999964,-0.016958333333333353,1.0021670323997751,-0.002167032399775115,-4.26315789473685
0.1,0.1,1,9,two-2g,baseline2_matched_0.350,0.35,0.21675000000000022,0.18799999999999972,-0.03612500000000002,1.0019451510335988,-0.0019451510335988242,-8.313157894736861
0.1,0.1,1,9,two-2g,baseline2_matched_0.500,0.5,0.2835000000000001,0.2909999999999995,-0.047250000000000014,1.0031184124777253,-0.003118412477725263,-11.26315789473685
0.1,0.1,1,9,two-2g,baseline2_matched_0.650,0.65,0.41600000000000037,0.38450000000000006,-0.06933333333333336,1.004345869854102,-0.0043458698541019025,-15.26315789473685
0.1,0.1,1,9,two-2g,baseline2_matched_0.800,0.8,0.5514999999999999,0.5389999999999997,-0.0919166666666667,1.0045771416045808,-0.004577141604580781,-19.944976076555037
0.1,0.1,1,9,two-2g,baseline2_matched_0.950,0.95,0.7365000000000004,0.7214999999999998,-0.12275000000000003,1.0037888859167563,-0.0037888859167563016,-25.626794258373224
0.1,0.1,1,9,two-g,baseline2_all_hdv_yield,1.0,0.8609999999999998,0.8704999999999998,-0.14350000000000002,1.0019964861201238,-0.0019964861201238193,-28.75454545454548
0.1,0.1,1,9,two-g,baseline2_matched_0.050,0.05,-0.019750000000000156,-0.020500000000000185,0.0032916666666666927,1.0001079833453794,-0.00010798334537942544,0.8999999999999773
0.1,0.1,1,9,two-g,baseline2_matched_0.200,0.2,0.03524999999999956,0.0365000000000002,-0.005875000000000019,1.001155127051917,-0.0011551270519170043,-1.1000000000000227
0.1,0.1,1,9,two-g,baseline2_matched_0.350,0.35,0.16024999999999956,0.12049999999999983,-0.02670833333333339,1.0017451501946544,-0.0017451501946543768,-5.650000000000006
0.1,0.1,1,9,two-g,baseline2_matched_0.500,0.5,0.21675000000000022,0.1924999999999999,-0.03612500000000002,1.0005597449342294,-0.0005597449342293892,-7.650000000000006
0.1,0.1,1,9,two-g,baseline2_matched_0.650,0.65,0.33699999999999974,0.3324999999999996,-0.05616666666666664,1.0022507694818183,-0.002250769481818349,-12.25
0.1,0.1,1,9,two-g,baseline2_matched_0.800,0.8,0.4894999999999996,0.49849999999999994,-0.08158333333333334,1.0037494068284607,-0.0037494068284606996,-17.52727272727273
0.1,0.1,1,9,two-g,baseline2_matched_0.950,0.95,0.7210000000000001,0.7184999999999997,-0.12016666666666659,1.0044125799793537,-0.004412579979353737,-24.80000000000001
0.15,0.15,2,0,one,baseline2_all_hdv_yield,1.0,0.9945000000000004,0.9945000000000004,-0.16575000000000006,0.9955994497667225,0.004400550233277456,-37.04040404040404
0.15,0.15,2,0,one,baseline2_matched_0.050,0.05,0.04499999999999993,0.04499999999999993,-0.007499999999999951,0.9977812643594544,0.0022187356405456438,-1.7777777777777715
0.15,0.15,2,0,one,baseline2_matched_0.200,0.2,0.06500000000000039,0.06500000000000039,-0.010833333333333361,0.9984123949440838,0.0015876050559161525,-2.6666666666666856
0.15,0.15,2,0,one,baseline2_matched_0.350,0.35,0.20699999999999985,0.20699999999999985,-0.034499999999999975,0.9982235858233434,0.0017764141766566377,-8.777777777777771
0.15,0.15,2,0,one,baseline2_matched_0.500,0.5,0.33150000000000013,0.33150000000000013,-0.05525000000000002,0.9977147333624069,0.0022852666375930974,-14.222222222222229
0.15,0.15,2,0,one,baseline2_matched_0.650,0.65,0.3564999999999996,0.3564999999999996,-0.05941666666666656,0.9969823440624931,0.0030176559375069134,-15.122222222222234
0.15,0.15,2,0,one,baseline2_matched_0.800,0.8,0.5505000000000004,0.5505000000000004,-0.09175000000000011,0.9983493367188603,0.0016506632811397193,-22.02222222222224
0.15,0.15,2,0,one,baseline2_matched_0.950,0.95,0.7590000000000003,0.7590000000000003,-0.12650000000000006,0.9972875824280684,0.0027124175719316357,-30.02222222222224
0.15,0.15,2,0,two-2g,baseline2_all_hdv_yield,1.0,1.0065,1.013,-0.16775,0.9980488774171119,0.0019511225828880985,-37.323232323232304
0.15,0.15,2,0,two-2g,baseline2_matched_0.050,0.05,0.020749999999999602,0.025500000000000078,-0.003458333333333341,1.0006122462821145,-0.0006122462821145369,-1.6111111111111143
0.15,0.15,2,0,two-2g,baseline2_matched_0.200,0.2,0.10074999999999967,0.09750000000000014,-0.016791666666666705,0.9986389435195461,0.001361056480453926,-4.555555555555543
0.15,0.15,2,0,two-2g,baseline2_matched_0.350,0.35,0.16024999999999956,0.15200000000000014,-0.026708333333333334,0.9991789667372463,0.0008210332627537342,-7.555555555555543
0.15,0.15,2,0,two-2g,baseline2_matched_0.500,0.5,0.2837499999999995,0.23599999999999977,-0.047291666666666676,0.9984587524730442,0.0015412475269558357,-12.19883040935673
0.15,0.15,2,0,two-2g,baseline2_matched_0.650,0.65,0.3929999999999998,0.37849999999999984,-0.06550000000000006,0.9997769150522943,0.00022308494770573173,-16.577777777777783
0.15,0.15,2,0,two-2g,baseline2_matched_0.800,0.8,0.5349999999999993,0.5289999999999999,-0.08916666666666673,0.9980257807010819,0.0019742192989180563,-21.877777777777766
0.15,0.15,2,0,two-2g,baseline2_matched_0.950,0.95,0.7214999999999998,0.7225000000000001,-0.12025000000000002,0.9980738072058457,0.0019261927941542911,-27.97777777777776
0.15,0.15,2,0,two-g,baseline2_all_hdv_yield,1.0,0.9384999999999994,0.9660000000000002,-0.1564166666666667,0.9967109818648187,0.003289018135181343,-34.80808080808083
0.15,0.15,2,0,two-g,baseline2_matched_0.050,0.05,-0.0005000000000006111,0.009999999999999787,8.333333333332416e-05,1.0010106792663436,-0.0010106792663435726,0.0
0.15,0.15,2,0,two-g,baseline2_matched_0.200,0.2,0.1092499999999994,0.10349999999999948,-0.01820833333333327,1.0002036032641786,-0.00020360326417856456,-4.5
0.15,0.15,2,0,two-g,baseline2_matched_0.350,0.35,0.10049999999999937,0.08899999999999952,-0.016749999999999987,1.0003839113801185,-0.0003839113801185068,-4.555555555555571
0.15,0.15,2,0,two-g,baseline2_matched_0.500,0.5,0.18774999999999942,0.15949999999999953,-0.03129166666666666,0.9980413732838389,0.0019586267161610937,-8.444444444444457
0.15,0.15,2,0,two-g,baseline2_matched_0.650,0.65,0.3547500000000001,0.3650000000000002,-0.05912500000000004,0.9995663800752019,0.00043361992479806766,-14.994444444444468
0.15,0.15,2,0,two-g,baseline2_matched_0.800,0.8,0.5137499999999999,0.5309999999999997,-0.08562499999999995,0.9976182086617951,0.0023817913382049305,-20.694444444444457
0.15,0.15,2,0,two-g,baseline2_matched_0.950,0.95,0.7217500000000001,0.7204999999999995,-0.12029166666666669,0.9978467579115,0.0021532420884999848,-27.92063492063494
0.15,0.15,2,1,one,baseline2_all_hdv_yield,1.0,0.9720000000000004,0.9720000000000004,-0.16200000000000014,0.9989193352593968,0.0010806647406031988,-35.848484848484844
0.15,0.15,2,1,one,baseline2_matched_0.050,0.05,0.046499999999999986,0.046499999999999986,-0.007750000000000035,0.9994680874430577,0.0005319125569422933,-1.1111111111111143
0.15,0.15,2,1,one,baseline2_matched_0.200,0.2,0.07950000000000035,0.07950000000000035,-0.013250000000000095,0.9997668077778595,0.00023319222214046587,-2.2222222222222
0.15,0.15,2,1,one,baseline2_matched_0.350,0.35,0.15850000000000009,0.15850000000000009,-0.026416666666666755,1.000598538906129,-0.0005985389061289315,-6.7777777777777715
0.15,0.15,2,1,one,baseline2_matched_0.500,0.5,0.2920000000000007,0.2920000000000007,-0.04866666666666686,1.0010766378733467,-0.0010766378733466642,-11.966666666666669
0.15,0.15,2,1,one,baseline2_matched_0.650,0.65,0.42050000000000054,0.42050000000000054,-0.0700833333333335,0.9996088447576763,0.00039115524232369303,-17.46666666666667
0.15,0.15,2,1,one,baseline2_matched_0.800,0.8,0.5285000000000002,0.5285000000000002,-0.0880833333333334,0.9999877363588036,1.2263641196441633e-05,-21.166666666666657
0.15,0.15,2,1,one,baseline2_matched_0.950,0.95,0.7745000000000006,0.7745000000000006,-0.12908333333333344,0.9986974914813463,0.0013025085186536556,-29.866666666666646
0.15,0.15,2,1,two-2g,baseline2_all_hdv_yield,1.0,1.0095,0.9939999999999998,-0.16824999999999996,0.9943183077056894,0.005681692294310592,-37.75757575757575
0.15,0.15,2,1,two-2g,baseline2_matched_0.050,0.05,0.07474999999999987,0.09999999999999964,-0.012458333333333349,0.9981912483005174,0.0018087516994825803,-3.3888888888888857
0.15,0.15,2,1,two-2g,baseline2_matched_0.200,0.2,0.06925000000000026,0.07200000000000006,-0.011541666666666672,0.997629286469608,0.002370713530391977,-3.166666666666657
0.15,0.15,2,1,two-2g,baseline2_matched_0.350,0.35,0.22224999999999984,0.2314999999999996,-0.037041666666666695,0.9987158558748233,0.001284144125176745,-9.944444444444429
0.15,0.15,2,1,two-2g,baseline2_matched_0.500,0.5,0.2967500000000003,0.30900000000000016,-0.049458333333333326,0.9972308410658751,0.0027691589341248823,-12.587719298245617
0.15,0.15,2,1,two-2g,baseline2_matched_0.650,0.65,0.399,0.4215,-0.06650000000000006,0.9952433748838371,0.004756625116162927,-16.866666666666646
0.15,0.15,2,1,two-2g,baseline2_matched_0.800,0.8,0.5914999999999999,0.593,-0.09858333333333336,0.9957862933682434,0.004213706631756575,-23.616666666666646
0.15,0.15,2,1,two-2g,baseline2_matched_0.950,0.95,0.8692500000000001,0.8745000000000003,-0.14487500000000003,0.9982591817769784,0.001740818223021634,-33.39393939393938
0.15,0.15,2,1,two-g,baseline2_all_hdv_yield,1.0,1.0095,0.9939999999999998,-0.16824999999999996,0.9943183077056894,0.005681692294310592,-37.75757575757575
0.15,0.15,2,1,two-g,baseline2_matched_0.050,0.05,0.05925000000000047,0.08000000000000007,-0.009875000000000023,0.998790930606226,0.001209069393773965,-2.3888888888888857
0.15,0.15,2,1,two-g,baseline2_matched_0.200,0.2,0.12049999999999983,0.14449999999999985,-0.020083333333333342,0.9981679934446919,0.00183200655530813,-5.5
0.15,0.15,2,1,two-g,baseline2_matched_0.350,0.35,0.20699999999999985,0.21499999999999986,-0.034499999999999975,0.9985393387014784,0.001460661298521626,-9.833333333333314
0.15,0.15,2,1,two-g,baseline2_matched_0.500,0.5,0.274,0.29300000000000015,-0.04566666666666669,0.9976893462547316,0.0023106537452683984,-11.7222222222222
0.15,0.15,2,1,two-g,baseline2_matched_0.650,0.65,0.43150000000000066,0.4584999999999999,-0.07191666666666668,0.9969378665043093,0.003062133495690733,-18.066666666666663
0.15,0.15,2,1,two-g,baseline2_matched_0.800,0.8,0.5542500000000006,0.5729999999999995,-0.09237499999999998,0.997258490540125,0.0027415094598749468,-22.866666666666646
0.15,0.15,2,1,two-g,baseline2_matched_0.950,0.95,0.7905000000000006,0.8079999999999998,-0.13174999999999998,0.9970303366003034,0.0029696633996966204,-30.666666666666657
0.15,0.15,2,2,one,baseline2_all_hdv_yield,1.0,0.9675000000000002,0.9675000000000002,-0.16125000000000012,0.9977708347896176,0.002229165210382411,-35.646464646464636
0.15,0.15,2,2,one,baseline2_matched_0.050,0.05,-0.02150000000000052,-0.02150000000000052,0.0035833333333333828,1.0006419234573982,-0.0006419234573982191,1.0
0.15,0.15,2,2,one,baseline2_matched_0.200,0.2,0.08650000000000002,0.08650000000000002,-0.014416666666666744,1.000965081047411,-0.0009650810474111093,-3.3333333333333144
0.15,0.15,2,2,one,baseline2_matched_0.350,0.35,0.16749999999999954,0.16749999999999954,-0.02791666666666659,0.999245355661831,0.0007546443381689638,-8.0
0.15,0.15,2,2,one,baseline2_matched_0.500,0.5,0.23749999999999982,0.23749999999999982,-0.039583333333333304,0.9988376574112344,0.0011623425887655747,-10.666666666666657
0.15,0.15,2,2,one,baseline2_matched_0.650,0.65,0.3259999999999996,0.3259999999999996,-0.054333333333333345,0.9987368307792422,0.0012631692207577538,-13.555555555555543
0.15,0.15,2,2,one,baseline2_matched_0.800,0.8,0.5354999999999999,0.5354999999999999,-0.08925000000000005,0.9998836193503702,0.00011638064962982142,-21.155555555555537
0.15,0.15,2,2,one,baseline2_matched_0.950,0.95,0.8109999999999999,0.8109999999999999,-0.13516666666666666,0.9988634587816705,0.001136541218329512,-30.919191919191917
0.15,0.15,2,2,two-2g,baseline2_all_hdv_yield,1.0,0.8810000000000002,0.8815,-0.14683333333333332,0.9961427819475014,0.003857218052498612,-32.646464646464636
0.15,0.15,2,2,two-2g,baseline2_matched_0.050,0.05,0.04900000000000038,0.04499999999999993,-0.008166666666666711,1.0007968822622935,-0.0007968822622934635,-1.8333333333333144
0.15,0.15,2,2,two-2g,baseline2_matched_0.200,0.2,0.13999999999999968,0.12150000000000016,-0.023333333333333428,1.0012118181964773,-0.00121181819647731,-5.888888888888886
0.15,0.15,2,2,two-2g,baseline2_matched_0.350,0.35,0.16000000000000014,0.11399999999999988,-0.026666666666666672,1.0006553935073503,-0.0006553935073503325,-6.7222222222222
0.15,0.15,2,2,two-2g,baseline2_matched_0.500,0.5,0.27449999999999974,0.24399999999999977,-0.04574999999999996,0.9992159470289557,0.0007840529710443356,-10.792397660818693
0.15,0.15,2,2,two-2g,baseline2_matched_0.650,0.65,0.34799999999999986,0.3280000000000003,-0.057999999999999996,0.9986382623714704,0.0013617376285296467,-13.905555555555537
0.15,0.15,2,2,two-2g,baseline2_matched_0.800,0.8,0.48775000000000013,0.4794999999999998,-0.08129166666666665,0.996771967045585,0.0032280329544149833,-19.50555555555553
0.15,0.15,2,2,two-2g,baseline2_matched_0.950,0.95,0.7770000000000001,0.7590000000000003,-0.12950000000000006,0.999012511124827,0.0009874888751729705,-29.055555555555543
0.15,0.15,2,2,two-g,baseline2_all_hdv_yield,1.0,0.8810000000000002,0.8815,-0.14683333333333332,0.9961427819475014,0.003857218052498612,-32.646464646464636
0.15,0.15,2,2,two-g,baseline2_matched_0.050,0.05,0.030750000000000277,0.018500000000000405,-0.005125000000000102,0.9992810098631618,0.0007189901368381824,-0.7222222222222001
0.15,0.15,2,2,two-g,baseline2_matched_0.200,0.2,0.05400000000000027,0.03699999999999992,-0.009000000000000008,0.9992925562252838,0.0007074437747162099,-1.3888888888888857
0.15,0.15,2,2,two-g,baseline2_matched_0.350,0.35,0.13600000000000012,0.10749999999999993,-0.02266666666666667,0.999946666803511,5.3333196489036006e-05,-5.388888888888886
0.15,0.15,2,2,two-g,baseline2_matched_0.500,0.5,0.2084999999999999,0.19449999999999967,-0.03475,0.9978866491797321,0.0021133508202678675,-8.7222222222222
0.15,0.15,2,2,two-g,baseline2_matched_0.650,0.65,0.33525000000000027,0.3334999999999999,-0.05587500000000001,0.99943331187787,0.0005666881221300102,-13.555555555555543
0.15,0.15,2,2,two-g,baseline2_matched_0.800,0.8,0.46774999999999967,0.4405000000000001,-0.07795833333333335,0.9977495590389314,0.0022504409610686338,-18.305555555555543
0.15,0.15,2,2,two-g,baseline2_matched_0.950,0.95,0.8102499999999999,0.7845000000000004,-0.13504166666666673,0.9961633088135,0.0038366911864999853,-30.419191919191917
0.15,0.15,2,3,one,baseline2_all_hdv_yield,1.0,1.0055000000000005,1.0055000000000005,-0.16758333333333342,0.9948992487403,0.005100751259699998,-36.02020202020202
0.15,0.15,2,3,one,baseline2_matched_0.050,0.05,0.012000000000000455,0.012000000000000455,-0.002000000000000113,1.001129621767689,-0.0011296217676890485,0.44444444444442865
0.15,0.15,2,3,one,baseline2_matched_0.200,0.2,0.0940000000000003,0.0940000000000003,-0.015666666666666718,0.9968426879698136,0.003157312030186432,-3.5555555555555713
0.15,0.15,2,3,one,baseline2_matched_0.350,0.35,0.11950000000000038,0.11950000000000038,-0.019916666666666694,0.9967754333491198,0.003224566650880223,-4.111111111111114
0.15,0.15,2,3,one,baseline2_matched_0.500,0.5,0.24350000000000005,0.24350000000000005,-0.040583333333333305,0.9979154722727337,0.0020845277272663054,-9.333333333333343
0.15,0.15,2,3,one,baseline2_matched_0.650,0.65,0.4320000000000004,0.4320000000000004,-0.07200000000000006,0.9986125079339454,0.0013874920660545964,-16.911111111111126
0.15,0.15,2,3,one,baseline2_matched_0.800,0.8,0.49049999999999994,0.49049999999999994,-0.08174999999999999,0.9972763706190173,0.002723629380982695,-19.01111111111112
0.15,0.15,2,3,one,baseline2_matched_0.950,0.95,0.8025000000000002,0.8025000000000002,-0.13375000000000004,0.9972118573551427,0.002788142644857272,-29.838383838383834
0.15,0.15,2,3,two-2g,baseline2_all_hdv_yield,1.0,0.883,0.9024999999999999,-0.14716666666666667,0.9974303225967317,0.0025696774032683,-33.24242424242425
0.15,0.15,2,3,two-2g,baseline2_matched_0.050,0.05,0.038750000000000284,0.03500000000000014,-0.006458333333333399,1.0018172010520008,-0.001817201052000783,-2.3888888888888857
0.15,0.15,2,3,two-2g,baseline2_matched_0.200,0.2,0.054999999999999716,0.04049999999999976,-0.0091666666666666,1.0016507174928007,-0.0016507174928006574,-2.833333333333343
0.15,0.15,2,3,two-2g,baseline2_matched_0.350,0.35,0.11450000000000049,0.1299999999999999,-0.01908333333333334,0.9997295558922704,0.0002704441077295838,-6.111111111111114
0.15,0.15,2,3,two-2g,baseline2_matched_0.500,0.5,0.21199999999999974,0.23050000000000015,-0.03533333333333333,0.9989677285921933,0.0010322714078067063,-9.2777777777778
0.15,0.15,2,3,two-2g,baseline2_matched_0.650,0.65,0.3727499999999999,0.3520000000000003,-0.06212500000000004,0.9988226972096788,0.001177302790321244,-15.783333333333331
0.15,0.15,2,3,two-2g,baseline2_matched_0.800,0.8,0.4735000000000005,0.42050000000000054,-0.07891666666666675,0.9983793522249388,0.0016206477750612125,-19.583333333333343
0.15,0.15,2,3,two-2g,baseline2_matched_0.950,0.95,0.6557500000000003,0.6550000000000002,-0.10929166666666668,0.9961382414935704,0.003861758506429558,-25.48333333333335
0.15,0.15,2,3,two-g,baseline2_all_hdv_yield,1.0,0.883,0.9024999999999999,-0.14716666666666667,0.9974303225967317,0.0025696774032683,-33.24242424242425
0.15,0.15,2,3,two-g,baseline2_matched_0.050,0.05,-0.009249999999999758,0.014000000000000234,0.0015416666666666634,0.9992994122470283,0.0007005877529716598,-0.16666666666668561
0.15,0.15,2,3,two-g,baseline2_matched_0.200,0.2,0.05325000000000024,0.06899999999999995,-0.008874999999999966,0.9995661893160092,0.0004338106839908429,-3.0555555555555713
0.15,0.15,2,3,two-g,baseline2_matched_0.350,0.35,0.14900000000000002,0.16100000000000048,-0.024833333333333374,1.0003153653324022,-0.00031536533240217324,-6.388888888888886
0.15,0.15,2,3,two-g,baseline2_matched_0.500,0.5,0.1717500000000003,0.19099999999999984,-0.028624999999999956,0.999958012406325,4.198759367501914e-05,-8.888888888888886
0.15,0.15,2,3,two-g,baseline2_matched_0.650,0.65,0.34799999999999986,0.34250000000000025,-0.05800000000000005,1.000044921224676,-4.49212246760311e-05,-14.833333333333343
0.15,0.15,2,3,two-g,baseline2_matched_0.800,0.8,0.4584999999999999,0.48300000000000054,-0.07641666666666669,0.9995265852975223,0.00047341470247774797,-19.083333333333343
0.15,0.15,2,3,two-g,baseline2_matched_0.950,0.95,0.7712500000000002,0.7765000000000004,-0.12854166666666672,0.996846713379852,0.0031532866201480214,-29.833333333333343
0.15,0.15,2,4,one,baseline2_all_hdv_yield,1.0,1.0045000000000002,1.0045000000000002,-0.16741666666666666,1.0006741819836649,-0.0006741819836648677,-37.31313131313132
0.15,0.15,2,4,one,baseline2_matched_0.050,0.05,0.05850000000000044,0.05850000000000044,-0.009750000000000036,1.001227352243309,-0.0012273522433090545,-3.333333333333343
0.15,0.15,2,4,one,baseline2_matched_0.200,0.2,0.0680000000000005,0.0680000000000005,-0.011333333333333417,1.0010230991212572,-0.0010230991212571983,-3.1111111111111143
0.15,0.15,2,4,one,baseline2_matched_0.350,0.35,0.20800000000000018,0.20800000000000018,-0.034666666666666734,1.0024217012891619,-0.0024217012891618594,-9.0
0.15,0.15,2,4,one,baseline2_matched_0.500,0.5,0.2290000000000001,0.2290000000000001,-0.03816666666666668,1.000030436282101,-3.0436282101087286e-05,-9.666666666666686
0.15,0.15,2,4,one,baseline2_matched_0.650,0.65,0.2970000000000006,0.2970000000000006,-0.0495000000000001,1.0019064847065964,-0.0019064847065963786,-12.922222222222217
0.15,0.15,2,4,one,baseline2_matched_0.800,0.8,0.5670000000000002,0.5670000000000002,-0.09450000000000003,1.001279423954858,-0.0012794239548579167,-22.922222222222217
0.15,0.15,2,4,one,baseline2_matched_0.950,0.95,0.8094999999999999,0.8094999999999999,-0.13491666666666668,1.0005715053693482,-0.0005715053693482464,-31.131313131313135
0.15,0.15,2,4,two-2g,baseline2_all_hdv_yield,1.0,1.0097500000000004,1.0065,-0.16829166666666662,0.9953847807839536,0.004615219216046351,-36.75252525252526
0.15,0.15,2,4,two-2g,baseline2_matched_0.050,0.05,0.007249999999999979,0.007500000000000284,-0.0012083333333333668,0.9999732599704144,2.6740029585581304e-05,-0.44444444444442865
0.15,0.15,2,4,two-2g,baseline2_matched_0.200,0.2,0.028500000000000192,0.019000000000000128,-0.004750000000000032,0.9985694084171363,0.0014305915828637383,-1.3333333333333428
0.15,0.15,2,4,two-2g,baseline2_matched_0.350,0.35,0.17625000000000046,0.1565000000000003,-0.029374999999999984,0.9993225248668529,0.0006774751331470874,-7.611111111111114
0.15,0.15,2,4,two-2g,baseline2_matched_0.500,0.5,0.16525000000000034,0.11549999999999994,-0.02754166666666663,0.997973252278076,0.002026747721924016,-7.166666666666657
0.15,0.15,2,4,two-2g,baseline2_matched_0.650,0.65,0.32474999999999987,0.32099999999999973,-0.05412499999999998,0.9970060324407829,0.0029939675592171033,-13.888888888888886
0.15,0.15,2,4,two-2g,baseline2_matched_0.800,0.8,0.47524999999999995,0.4710000000000001,-0.07920833333333333,0.9968430281508402,0.003156971849159751,-19.688888888888897
0.15,0.15,2,4,two-2g,baseline2_matched_0.950,0.95,0.8159999999999998,0.7780000000000005,-0.136,0.9954915577514134,0.004508442248586597,-30.93434343434342
0.15,0.15,2,4,two-g,baseline2_all_hdv_yield,1.0,1.0097500000000004,1.0065,-0.16829166666666662,0.9953847807839536,0.004615219216046351,-36.75252525252526
0.15,0.15,2,4,two-g,baseline2_matched_0.050,0.05,-0.017999999999999794,-0.020999999999999908,0.002999999999999947,1.00043589911243,-0.0004358991124300271,0.6111111111111143
0.15,0.15,2,4,two-g,baseline2_matched_0.200,0.2,0.038000000000000256,0.01750000000000007,-0.006333333333333302,0.9994098878402256,0.0005901121597744474,-2.166666666666657
0.15,0.15,2,4,two-g,baseline2_matched_0.350,0.35,0.12150000000000016,0.11600000000000055,-0.020250000000000046,0.9975457781064678,0.0024542218935321714,-5.833333333333343
0.15,0.15,2,4,two-g,baseline2_matched_0.500,0.5,0.15749999999999975,0.13600000000000012,-0.02625000000000005,0.9971574982248106,0.00284250177518941,-6.555555555555543
0.15,0.15,2,4,two-g,baseline2_matched_0.650,0.65,0.2837500000000004,0.2450000000000001,-0.047291666666666676,0.9973966932839845,0.0026033067160154966,-11.938888888888897
0.15,0.15,2,4,two-g,baseline2_matched_0.800,0.8,0.49075000000000024,0.4735000000000005,-0.0817916666666667,0.9974128105620897,0.0025871894379102534,-19.98888888888888
0.15,0.15,2,4,two-g,baseline2_matched_0.950,0.95,0.7984999999999998,0.7925000000000004,-0.1330833333333334,0.9947300163608674,0.005269983639132558,-30.297979797979792
0.15,0.15,2,5,one,baseline2_all_hdv_yield,1.0,1.0019999999999998,1.0019999999999998,-0.16700000000000004,0.99600389733411,0.003996102665890011,-36.65656565656565
0.15,0.15,2,5,one,baseline2_matched_0.050,0.05,0.0,0.0,0.0,0.9986929627585857,0.0013070372414143439,0.0
0.15,0.15,2,5,one,baseline2_matched_0.200,0.2,0.08150000000000013,0.08150000000000013,-0.013583333333333392,0.9990922437966533,0.0009077562033467101,-3.8888888888888857
0.15,0.15,2,5,one,baseline2_matched_0.350,0.35,0.09450000000000003,0.09450000000000003,-0.015750000000000042,0.9985287143059121,0.0014712856940879426,-4.333333333333343
0.15,0.15,2,5,one,baseline2_matched_0.500,0.5,0.2290000000000001,0.2290000000000001,-0.03816666666666668,0.999771186175621,0.00022881382437900388,-10.0
0.15,0.15,2,5,one,baseline2_matched_0.650,0.65,0.33150000000000013,0.33150000000000013,-0.05525000000000002,0.996837394214761,0.00316260578523897,-13.611111111111114
0.15,0.15,2,5,one,baseline2_matched_0.800,0.8,0.5705,0.5705,-0.09508333333333341,0.9978411754043632,0.0021588245956367658,-22.611111111111114
0.15,0.15,2,5,one,baseline2_matched_0.950,0.95,0.8525,0.8525,-0.14208333333333334,0.9970294441872627,0.0029705558127373077,-32.56565656565658
0.15,0.15,2,5,two-2g,baseline2_all_hdv_yield,1.0,0.9027500000000002,0.883,-0.15045833333333336,0.9941728553703911,0.005827144629608871,-33.05555555555554
0.15,0.15,2,5,two-2g,baseline2_matched_0.050,0.05,0.023749999999999716,0.013499999999999623,-0.0039583333333332305,0.9982984342521669,0.0017015657478330892,-1.1111111111110858
0.15,0.15,2,5,two-2g,baseline2_matched_0.200,0.2,0.08450000000000024,0.04999999999999982,-0.014083333333333281,0.9960844412750379,0.003915558724962076,-3.8888888888888857
0.15,0.15,2,5,two-2g,baseline2_matched_0.350,0.35,0.13349999999999973,0.10050000000000026,-0.022249999999999992,0.997832474897291,0.0021675251027090114,-5.666666666666657
0.15,0.15,2,5,two-2g,baseline2_matched_0.500,0.5,0.23550000000000004,0.2234999999999996,-0.039249999999999896,0.9983037396394036,0.0016962603605964466,-9.845029239766063
0.15,0.15,2,5,two-2g,baseline2_matched_0.650,0.65,0.3147500000000001,0.30299999999999994,-0.05245833333333333,0.9968162188249056,0.0031837811750944356,-12.605555555555554
0.15,0.15,2,5,two-2g,baseline2_matched_0.800,0.8,0.4477500000000001,0.4275000000000002,-0.074625,0.99471162659148,0.005288373408519953,-17.70555555555555
0.15,0.15,2,5,two-2g,baseline2_matched_0.950,0.95,0.64825,0.633,-0.10804166666666659,0.9945052653224178,0.005494734677582214,-25.20555555555555
0.15,0.15,2,5,two-g,baseline2_all_hdv_yield,1.0,0.9197499999999996,0.9029999999999996,-0.15329166666666666,0.9953372354920541,0.0046627645079458935,-33.96464646464645
0.15,0.15,2,5,two-g,baseline2_matched_0.050,0.05,-0.010749999999999815,-0.015500000000000291,0.0017916666666666914,0.999047914316686,0.0009520856833139524,0.4444444444444571
0.15,0.15,2,5,two-g,baseline2_matched_0.200,0.2,0.09100000000000019,0.09550000000000036,-0.015166666666666773,0.9974607383757979,0.0025392616242021493,-3.666666666666657
0.15,0.15,2,5,two-g,baseline2_matched_0.350,0.35,0.133,0.133,-0.022166666666666668,1.0002273938285193,-0.00022739382851932888,-5.2777777777777715
0.15,0.15,2,5,two-g,baseline2_matched_0.500,0.5,0.26374999999999993,0.25649999999999995,-0.04395833333333338,1.000564911501475,-0.0005649115014749739,-10.955555555555549
0.15,0.15,2,5,two-g,baseline2_matched_0.650,0.65,0.32099999999999973,0.3200000000000003,-0.0535000000000001,0.9993707732416298,0.0006292267583701827,-13.105555555555554
0.15,0.15,2,5,two-g,baseline2_matched_0.800,0.8,0.5620000000000003,0.5484999999999998,-0.09366666666666668,0.99751735778999,0.0024826422100100443,-22.055555555555543
0.15,0.15,2,5,two-g,baseline2_matched_0.950,0.95,0.7690000000000001,0.7415000000000003,-0.1281666666666667,0.9967635316735234,0.003236468326476616,-29.34126984126982
0.15,0.15,2,6,one,baseline2_all_hdv_yield,1.0,0.9719999999999995,0.9719999999999995,-0.16199999999999992,0.9981741838488363,0.0018258161511637283,-35.858585858585855
0.15,0.15,2,6,one,baseline2_matched_0.050,0.05,-0.025000000000000355,-0.025000000000000355,0.004166666666666763,0.9997030464361837,0.00029695356381631566,1.2222222222222285
0.15,0.15,2,6,one,baseline2_matched_0.200,0.2,0.04549999999999965,0.04549999999999965,-0.007583333333333275,0.9992353857404842,0.0007646142595157945,-2.2222222222222285
0.15,0.15,2,6,one,baseline2_matched_0.350,0.35,0.14400000000000013,0.14400000000000013,-0.02400000000000002,0.999065410471976,0.0009345895280240546,-5.7777777777777715
0.15,0.15,2,6,one,baseline2_matched_0.500,0.5,0.2370000000000001,0.2370000000000001,-0.03949999999999998,0.9981873573895605,0.0018126426104394522,-10.222222222222229
0.15,0.15,2,6,one,baseline2_matched_0.650,0.65,0.3075000000000001,0.3075000000000001,-0.05125000000000002,1.0006833774250523,-0.0006833774250523117,-13.02222222222224
0.15,0.15,2,6,one,baseline2_matched_0.800,0.8,0.5209999999999999,0.5209999999999999,-0.08683333333333332,0.9984239322250607,0.0015760677749393492,-20.922222222222217
0.15,0.15,2,6,one,baseline2_matched_0.950,0.95,0.7785000000000002,0.7785000000000002,-0.12975000000000003,0.9991590889837917,0.0008409110162083122,-29.76767676767676
0.15,0.15,2,6,two-2g,baseline2_all_hdv_yield,1.0,0.9497499999999999,0.9669999999999996,-0.15829166666666666,0.9957405495216742,0.004259450478325766,-35.28282828282826
0.15,0.15,2,6,two-2g,baseline2_matched_0.050,0.05,0.04174999999999951,0.061499999999999666,-0.006958333333333344,1.0001406569190923,-0.00014065691909226352,-1.7777777777777715
0.15,0.15,2,6,two-2g,baseline2_matched_0.200,0.2,0.06125000000000025,0.10799999999999965,-0.01020833333333332,0.9983496621120447,0.001650337887955322,-2.8888888888888857
0.15,0.15,2,6,two-2g,baseline2_matched_0.350,0.35,0.15775000000000006,0.1974999999999998,-0.026291666666666713,0.9998972545161305,0.0001027454838694597,-7.333333333333314
0.15,0.15,2,6,two-2g,baseline2_matched_0.500,0.5,0.25,0.29000000000000004,-0.041666666666666685,0.9981384935863724,0.0018615064136275894,-10.713450292397653
0.15,0.15,2,6,two-2g,baseline2_matched_0.650,0.65,0.25725,0.3014999999999999,-0.042874999999999996,0.9966484093497296,0.003351590650270353,-10.955555555555549
0.15,0.15,2,6,two-2g,baseline2_matched_0.800,0.8,0.5030000000000001,0.5519999999999996,-0.08383333333333332,0.9967275288667194,0.0032724711332805523,-20.45555555555555
0.15,0.15,2,6,two-2g,baseline2_matched_0.950,0.95,0.7829999999999995,0.8300000000000001,-0.1305,0.9967665391841248,0.0032334608158751665,-29.96464646464645
0.15,0.15,2,6,two-g,baseline2_all_hdv_yield,1.0,0.9497499999999999,0.9669999999999996,-0.15829166666666666,0.9957405495216742,0.004259450478325766,-35.28282828282826
0.15,0.15,2,6,two-g,baseline2_matched_0.050,0.05,-0.016000000000000014,0.018499999999999517,0.0026666666666666505,0.9981291530878421,0.0018708469121578863,0.6111111111111143
0.15,0.15,2,6,two-g,baseline2_matched_0.200,0.2,0.032999999999999474,0.07249999999999979,-0.005500000000000005,0.9973806311759441,0.00261936882405589,-1.555555555555543
0.15,0.15,2,6,two-g,baseline2_matched_0.350,0.35,0.12725000000000009,0.14949999999999974,-0.021208333333333385,0.9969690997993802,0.0030309002006198016,-5.444444444444429
0.15,0.15,2,6,two-g,baseline2_matched_0.500,0.5,0.21474999999999955,0.2344999999999997,-0.03579166666666672,0.9995533043936592,0.00044669560634080785,-8.777777777777771
0.15,0.15,2,6,two-g,baseline2_matched_0.650,0.65,0.3174999999999999,0.3624999999999998,-0.05291666666666667,0.9982555245385879,0.0017444754614120983,-13.505555555555532
0.15,0.15,2,6,two-g,baseline2_matched_0.800,0.8,0.4734999999999996,0.47799999999999976,-0.07891666666666669,0.9966636105532256,0.0033363894467743904,-19.20555555555555
0.15,0.15,2,6,two-g,baseline2_matched_0.950,0.95,0.7367499999999998,0.7854999999999999,-0.12279166666666663,0.9954257197769864,0.004574280223013649,-28.70555555555555
0.15,0.15,2,7,one,baseline2_all_hdv_yield,1.0,1.0170000000000003,1.0170000000000003,-0.16949999999999998,0.999568068214424,0.00043193178557598966,-37.92929292929293
0.15,0.15,2,7,one,baseline2_matched_0.050,0.05,0.0674999999999999,0.0674999999999999,-0.011249999999999982,1.0024386912613559,-0.0024386912613558742,-4.2222222222222285
0.15,0.15,2,7,one,baseline2_matched_0.200,0.2,0.05449999999999999,0.05449999999999999,-0.009083333333333332,1.0014193615806193,-0.0014193615806192827,-2.8888888888888857
0.15,0.15,2,7,one,baseline2_matched_0.350,0.35,0.20350000000000001,0.20350000000000001,-0.033916666666666595,1.0006579809755651,-0.0006579809755651311,-9.222222222222229
0.15,0.15,2,7,one,baseline2_matched_0.500,0.5,0.3045,0.3045,-0.05074999999999996,1.0013726117481403,-0.0013726117481402955,-13.411111111111126
0.15,0.15,2,7,one,baseline2_matched_0.650,0.65,0.3470000000000004,0.3470000000000004,-0.0578333333333334,1.0018415767343494,-0.0018415767343493705,-15.111111111111114
0.15,0.15,2,7,one,baseline2_matched_0.800,0.8,0.5680000000000005,0.5680000000000005,-0.09466666666666668,0.9999862500492699,1.3749950730113092e-05,-23.111111111111114
0.15,0.15,2,7,one,baseline2_matched_0.950,0.95,0.7789999999999999,0.7789999999999999,-0.12983333333333325,1.0016426607804636,-0.0016426607804636006,-30.47474747474749
0.15,0.15,2,7,two-2g,baseline2_all_hdv_yield,1.0,1.0034999999999998,1.0084999999999997,-0.16725,0.9967433315115433,0.0032566684884567376,-36.90909090909091
0.15,0.15,2,7,two-2g,baseline2_matched_0.050,0.05,-0.004000000000000448,-0.030999999999999694,0.0006666666666665932,0.9985820484101924,0.00141795158980762,0.4444444444444571
0.15,0.15,2,7,two-2g,baseline2_matched_0.200,0.2,0.08524999999999938,0.05799999999999983,-0.014208333333333378,0.9992127380234496,0.0007872619765504352,-4.055555555555543
0.15,0.15,2,7,two-2g,baseline2_matched_0.350,0.35,0.0990000000000002,0.09600000000000009,-0.01649999999999996,0.9994624471086981,0.0005375528913018623,-4.055555555555543
0.15,0.15,2,7,two-2g,baseline2_matched_0.500,0.5,0.22675,0.21499999999999986,-0.03779166666666667,0.9989681624583086,0.0010318375416914494,-9.166666666666657
0.15,0.15,2,7,two-2g,baseline2_matched_0.650,0.65,0.3672499999999994,0.3540000000000001,-0.061208333333333365,0.9990799998606578,0.0009200001393422363,-15.099999999999994
0.15,0.15,2,7,two-2g,baseline2_matched_0.800,0.8,0.5262500000000001,0.4995000000000003,-0.08770833333333339,0.9986306335112152,0.001369366488784829,-21.44999999999999
0.15,0.15,2,7,two-2g,baseline2_matched_0.950,0.95,0.7372499999999995,0.7240000000000002,-0.12287500000000001,0.9975881622493006,0.0024118377506994193,-28.55000000000001
0.15,0.15,2,7,two-g,baseline2_all_hdv_yield,1.0,0.9867500000000007,0.9879999999999995,-0.16445833333333332,0.9964248107435942,0.003575189256405764,-36.04545454545453
0.15,0.15,2,7,two-g,baseline2_matched_0.050,0.05,0.025000000000000355,0.033500000000000085,-0.004166666666666707,1.0009775163902517,-0.000977516390251676,-1.6666666666666572
0.15,0.15,2,7,two-g,baseline2_matched_0.200,0.2,0.034250000000000114,0.01750000000000007,-0.005708333333333371,0.9988284825120586,0.0011715174879414203,-1.3888888888888857
0.15,0.15,2,7,two-g,baseline2_matched_0.350,0.35,0.12349999999999994,0.1299999999999999,-0.020583333333333398,0.9992789534272796,0.0007210465727204296,-5.555555555555543
0.15,0.15,2,7,two-g,baseline2_matched_0.500,0.5,0.2395000000000005,0.21999999999999975,-0.0399166666666666,0.9989838299443915,0.0010161700556085007,-10.07894736842104
0.15,0.15,2,7,two-g,baseline2_matched_0.650,0.65,0.33700000000000063,0.3365,-0.05616666666666664,0.9984630130220752,0.0015369869779248146,-13.800000000000011
0.15,0.15,2,7,two-g,baseline2_matched_0.800,0.8,0.46500000000000075,0.4554999999999998,-0.07750000000000001,0.9974963050027013,0.0025036949972987443,-18.80000000000001
0.15,0.15,2,7,two-g,baseline2_matched_0.950,0.95,0.6992500000000001,0.7110000000000003,-0.11654166666666671,0.9972671309014656,0.0027328690985344295,-26.25
0.15,0.15,2,8,one,baseline2_all_hdv_yield,1.0,0.9749999999999996,0.9749999999999996,-0.16249999999999998,0.9991896664151156,0.0008103335848843596,-36.02020202020202
0.15,0.15,2,8,one,baseline2_matched_0.050,0.05,-0.03300000000000036,-0.03300000000000036,0.00550000000000006,1.0005130525251473,-0.0005130525251473284,0.0
0.15,0.15,2,8,one,baseline2_matched_0.200,0.2,0.03849999999999998,0.03849999999999998,-0.006416666666666626,1.0010149318250061,-0.0010149318250061157,-2.5555555555555713
0.15,0.15,2,8,one,baseline2_matched_0.350,0.35,0.15749999999999975,0.15749999999999975,-0.026249999999999996,1.0012045103196658,-0.0012045103196658413,-6.555555555555571
0.15,0.15,2,8,one,baseline2_matched_0.500,0.5,0.2469999999999999,0.2469999999999999,-0.041166666666666685,1.0011206195461833,-0.0011206195461832547,-10.911111111111126
0.15,0.15,2,8,one,baseline2_matched_0.650,0.65,0.31650000000000045,0.31650000000000045,-0.052750000000000075,0.9996871496919103,0.00031285030808969605,-13.311111111111103
0.15,0.15,2,8,one,baseline2_matched_0.800,0.8,0.49549999999999983,0.49549999999999983,-0.08258333333333334,0.999316601581098,0.0006833984189019704,-20.111111111111114
0.15,0.15,2,8,one,baseline2_matched_0.950,0.95,0.8254999999999999,0.8254999999999999,-0.13758333333333328,0.9991599932594273,0.0008400067405727185,-31.383838383838395
0.15,0.15,2,8,two-2g,baseline2_all_hdv_yield,1.0,0.94475,0.9279999999999999,-0.1574583333333333,0.999704163893203,0.00029583610679695393,-34.91919191919192
0.15,0.15,2,8,two-2g,baseline2_matched_0.050,0.05,0.03074999999999939,0.018500000000000405,-0.005125000000000046,1.000453664302731,-0.0004536643027310827,-1.1666666666666572
0.15,0.15,2,8,two-2g,baseline2_matched_0.200,0.2,0.07449999999999957,0.05850000000000044,-0.012416666666666631,0.9991150609758213,0.0008849390241787436,-3.111111111111086
0.15,0.15,2,8,two-2g,baseline2_matched_0.350,0.35,0.14224999999999977,0.14200000000000035,-0.023708333333333387,0.9998405201136442,0.00015947988635578447,-5.944444444444429
0.15,0.15,2,8,two-2g,baseline2_matched_0.500,0.5,0.26699999999999946,0.23650000000000038,-0.044499999999999984,1.0005900205231728,-0.0005900205231728073,-11.055555555555543
0.15,0.15,2,8,two-2g,baseline2_matched_0.650,0.65,0.38174999999999937,0.36850000000000005,-0.06362499999999999,1.0006489308149105,-0.0006489308149104644,-15.705555555555549
0.15,0.15,2,8,two-2g,baseline2_matched_0.800,0.8,0.49599999999999955,0.4175000000000004,-0.08266666666666667,0.997390145611192,0.0026098543888080084,-20.105555555555554
0.15,0.15,2,8,two-2g,baseline2_matched_0.950,0.95,0.7304999999999993,0.7120000000000006,-0.12175000000000002,1.0000209214120188,-2.0921412018815033e-05,-28.105555555555554
0.15,0.15,2,8,two-g,baseline2_all_hdv_yield,1.0,0.94475,0.9279999999999999,-0.1574583333333333,0.999704163893203,0.00029583610679695393,-34.91919191919192
0.15,0.15,2,8,two-g,baseline2_matched_0.050,0.05,0.06074999999999964,0.05150000000000077,-0.01012500000000005,1.0025169926828255,-0.0025169926828254585,-2.3888888888888857
0.15,0.15,2,8,two-g,baseline2_matched_0.200,0.2,0.08774999999999977,0.07600000000000051,-0.014624999999999999,1.0023011718009485,-0.002301171800948465,-3.8888888888888857
0.15,0.15,2,8,two-g,baseline2_matched_0.350,0.35,0.1142499999999993,0.11250000000000071,-0.019041666666666734,0.9995764331671919,0.0004235668328080866,-4.888888888888886
0.15,0.15,2,8,two-g,baseline2_matched_0.500,0.5,0.2839999999999998,0.2610000000000001,-0.04733333333333328,0.9999203518174018,7.964818259820206e-05,-11.634502923976584
0.15,0.15,2,8,two-g,baseline2_matched_0.650,0.65,0.38124999999999964,0.3340000000000005,-0.06354166666666666,1.000673522650089,-0.0006735226500889091,-15.455555555555549
0.15,0.15,2,8,two-g,baseline2_matched_0.800,0.8,0.44849999999999923,0.4090000000000007,-0.07475000000000004,0.9985789956731232,0.0014210043268767514,-17.95555555555555
0.15,0.15,2,8,two-g,baseline2_matched_0.950,0.95,0.7097499999999997,0.6920000000000002,-0.11829166666666668,0.998305182105293,0.0016948178947070458,-27.75555555555553
0.15,0.15,2,9,one,baseline2_all_hdv_yield,1.0,1.0025000000000004,1.0025000000000004,-0.16708333333333336,0.9975556416285192,0.002444358371480826,-36.65656565656565
0.15,0.15,2,9,one,baseline2_matched_0.050,0.05,0.021000000000000796,0.021000000000000796,-0.0035000000000000586,0.9989421197527012,0.0010578802472988036,-0.5555555555555713
0.15,0.15,2,9,one,baseline2_matched_0.200,0.2,0.0810000000000004,0.0810000000000004,-0.013500000000000068,1.001743251988281,-0.0017432519882809583,-3.0
0.15,0.15,2,9,one,baseline2_matched_0.350,0.35,0.19150000000000045,0.19150000000000045,-0.031916666666666704,0.9991378879755674,0.0008621120244326486,-9.0
0.15,0.15,2,9,one,baseline2_matched_0.500,0.5,0.2925000000000004,0.2925000000000004,-0.04875000000000007,0.9993444508948318,0.000655549105168185,-12.111111111111114
0.15,0.15,2,9,one,baseline2_matched_0.650,0.65,0.41300000000000026,0.41300000000000026,-0.0688333333333333,1.000822409496991,-0.0008224094969910833,-16.411111111111126
0.15,0.15,2,9,one,baseline2_matched_0.800,0.8,0.5755000000000008,0.5755000000000008,-0.09591666666666676,0.9988960135918037,0.0011039864081963113,-22.311111111111103
0.15,0.15,2,9,one,baseline2_matched_0.950,0.95,0.8365,0.8365,-0.13941666666666663,0.9975437491663826,0.002456250833617446,-31.383838383838395
0.15,0.15,2,9,two-2g,baseline2_all_hdv_yield,1.0,0.8962500000000002,0.8980000000000006,-0.1493750000000001,0.9967243218779627,0.0032756781220373288,-33.33333333333334
0.15,0.15,2,9,two-2g,baseline2_matched_0.050,0.05,0.03500000000000014,0.03750000000000053,-0.0058333333333334125,0.9999895474638639,1.0452536136074109e-05,-2.0
0.15,0.15,2,9,two-2g,baseline2_matched_0.200,0.2,0.06375000000000064,0.07250000000000068,-0.010625000000000107,1.0005730557090828,-0.000573055709082837,-2.833333333333343
0.15,0.15,2,9,two-2g,baseline2_matched_0.350,0.35,0.12900000000000045,0.13400000000000034,-0.021500000000000075,0.9996570834636814,0.00034291653631857155,-6.055555555555571
0.15,0.15,2,9,two-2g,baseline2_matched_0.500,0.5,0.21975000000000033,0.20700000000000074,-0.036625000000000074,1.0004107663322674,-0.00041076633226744264,-9.438596491228083
0.15,0.15,2,9,two-2g,baseline2_matched_0.650,0.65,0.3260000000000005,0.3414999999999999,-0.0543333333333334,1.0011495955968757,-0.0011495955968756633,-13.733333333333348
0.15,0.15,2,9,two-2g,baseline2_matched_0.800,0.8,0.4765000000000006,0.4820000000000002,-0.07941666666666669,0.9981451332808392,0.001854866719160797,-19.28333333333333
0.15,0.15,2,9,two-2g,baseline2_matched_0.950,0.95,0.6512500000000001,0.6640000000000006,-0.10854166666666676,0.9972011042279202,0.0027988957720798124,-25.78333333333333
0.15,0.15,2,9,two-g,baseline2_all_hdv_yield,1.0,0.8887499999999999,0.8970000000000002,-0.14812500000000012,0.9977337982253289,0.0022662017746710728,-32.873737373737356
0.15,0.15,2,9,two-g,baseline2_matched_0.050,0.05,0.0004999999999997229,-0.006999999999999673,-8.333333333343518e-05,0.999472741757533,0.0005272582424670214,-0.055555555555542924
0.15,0.15,2,9,two-g,baseline2_matched_0.200,0.2,0.012249999999999872,0.014000000000000234,-0.002041666666666775,0.9982018201504711,0.0017981798495289025,0.11111111111111427
0.15,0.15,2,9,two-g,baseline2_matched_0.350,0.35,0.15625,0.17050000000000054,-0.02604166666666674,1.0001953147924263,-0.00019531479242629324,-6.7222222222222
0.15,0.15,2,9,two-g,baseline2_matched_0.500,0.5,0.20224999999999937,0.18949999999999978,-0.03370833333333334,0.9979547882017412,0.0020452117982587836,-8.333333333333314
0.15,0.15,2,9,two-g,baseline2_matched_0.650,0.65,0.30274999999999963,0.2945000000000002,-0.05045833333333338,0.9994435820842975,0.0005564179157024896,-12.455555555555549
0.15,0.15,2,9,two-g,baseline2_matched_0.800,0.8,0.5049999999999999,0.5105000000000004,-0.08416666666666672,0.9990142563292996,0.0009857436707003675,-20.00555555555553
0.15,0.15,2,9,two-g,baseline2_matched_0.950,0.95,0.6369999999999996,0.6420000000000003,-0.1061666666666668,0.9971922352375014,0.0028077647624985547,-24.20555555555555
0.2,0.2,3,0,one,baseline2_all_hdv_yield,1.0,1.2595,1.2595,-0.20991666666666675,0.9940571707067439,0.005942829293256069,-58.32857142857142
0.2,0.2,3,0,one,baseline2_matched_0.050,0.05,0.08450000000000024,0.08450000000000024,-0.014083333333333448,1.0006203737105717,-0.0006203737105716645,-3.6785714285714164
0.2,0.2,3,0,one,baseline2_matched_0.200,0.2,0.11300000000000043,0.11300000000000043,-0.01883333333333348,1.0027594669187672,-0.0027594669187671617,-5.428571428571416
0.2,0.2,3,0,one,baseline2_matched_0.350,0.35,0.21050000000000058,0.21050000000000058,-0.035083333333333466,1.0052128934389328,-0.005212893438932831,-10.678571428571416
0.2,0.2,3,0,one,baseline2_matched_0.500,0.5,0.3120000000000003,0.3120000000000003,-0.052000000000000046,0.999846581102935,0.00015341889706499412,-15.928571428571416
0.2,0.2,3,0,one,baseline2_matched_0.650,0.65,0.47050000000000036,0.47050000000000036,-0.0784166666666668,0.9988149107857924,0.0011850892142075686,-25.928571428571416
0.2,0.2,3,0,one,baseline2_matched_0.800,0.8,0.6225000000000005,0.6225000000000005,-0.10375000000000012,0.9964214484083477,0.0035785515916523236,-31.98412698412696
0.2,0.2,3,0,one,baseline2_matched_0.950,0.95,0.8935000000000004,0.8935000000000004,-0.1489166666666668,0.9954998186722566,0.0045001813277434355,-44.20634920634919
0.2,0.2,3,0,two-2g,baseline2_all_hdv_yield,1.0,1.0915000000000004,1.093,-0.18191666666666662,0.9858847158128,0.014115284187199983,-54.5
0.2,0.2,3,0,two-2g,baseline2_matched_0.050,0.05,0.0770000000000004,0.050499999999999545,-0.012833333333333252,1.0016982341525957,-0.0016982341525957345,-4.75
0.2,0.2,3,0,two-2g,baseline2_matched_0.200,0.2,0.1629999999999998,0.15500000000000025,-0.027166666666666672,1.0038572282717588,-0.003857228271758828,-10.125
0.2,0.2,3,0,two-2g,baseline2_matched_0.350,0.35,0.19600000000000017,0.19599999999999973,-0.03266666666666662,0.998897911971855,0.001102088028145043,-11.6875
0.2,0.2,3,0,two-2g,baseline2_matched_0.500,0.5,0.29925000000000024,0.27449999999999974,-0.049875,0.9978105120646137,0.002189487935386314,-17.4375
0.2,0.2,3,0,two-2g,baseline2_matched_0.650,0.65,0.37275000000000036,0.3279999999999994,-0.06212499999999993,0.9957851479149656,0.00421485208503436,-21.875
0.2,0.2,3,0,two-2g,baseline2_matched_0.800,0.8,0.5882499999999999,0.5720000000000001,-0.09804166666666664,0.9926398145465112,0.007360185453488821,-32.77777777777777
0.2,0.2,3,0,two-2g,baseline2_matched_0.950,0.95,0.9470000000000005,0.931,-0.15783333333333327,0.9907969343337233,0.00920306566627671,-48.55555555555554
0.2,0.2,3,0,two-g,baseline2_all_hdv_yield,1.0,1.1955,1.2129999999999996,-0.19924999999999998,0.9847126416331571,0.015287358366842918,-56.55000000000001
0.2,0.2,3,0,two-g,baseline2_matched_0.050,0.05,0.010750000000000703,0.049499999999999655,-0.0017916666666666914,0.9941883701956542,0.005811629804345797,-0.8125
0.2,0.2,3,0,two-g,baseline2_matched_0.200,0.2,0.08225000000000016,0.11750000000000016,-0.013708333333333433,0.9939893276332693,0.006010672366730696,-4.625
0.2,0.2,3,0,two-g,baseline2_matched_0.350,0.35,0.1745000000000001,0.21350000000000025,-0.029083333333333405,0.9946743009205848,0.005325699079415158,-9.9375
0.2,0.2,3,0,two-g,baseline2_matched_0.500,0.5,0.18125000000000036,0.21800000000000042,-0.030208333333333393,0.9919989020094254,0.00800109799057458,-10.5
0.2,0.2,3,0,two-g,baseline2_matched_0.650,0.65,0.37575000000000003,0.4079999999999999,-0.0626250000000001,0.9905239537318967,0.009476046268103278,-21.0625
0.2,0.2,3,0,two-g,baseline2_matched_0.800,0.8,0.5332500000000007,0.5165000000000002,-0.08887500000000004,0.9911990781454122,0.008800921854587807,-29.0
0.2,0.2,3,0,two-g,baseline2_matched_0.950,0.95,0.8097500000000002,0.7829999999999999,-0.1349583333333334,0.9872171149280967,0.012782885071903283,-41.05555555555554
0.2,0.2,3,1,one,baseline2_all_hdv_yield,1.0,1.0995,1.0995,-0.18325000000000002,0.9896605135259261,0.0103394864740739,-51.67500000000001
0.2,0.2,3,1,one,baseline2_matched_0.050,0.05,0.028999999999999915,0.028999999999999915,-0.004833333333333356,0.9978936495446902,0.0021063504553098245,-0.75
0.2,0.2,3,1,one,baseline2_matched_0.200,0.2,0.05900000000000016,0.05900000000000016,-0.00983333333333336,0.9980851215164346,0.0019148784835654187,-3.0
0.2,0.2,3,1,one,baseline2_matched_0.350,0.35,0.1194999999999995,0.1194999999999995,-0.019916666666666583,0.9971668181295718,0.0028331818704282474,-7.375
0.2,0.2,3,1,one,baseline2_matched_0.500,0.5,0.21699999999999964,0.21699999999999964,-0.03616666666666657,0.9958770019617174,0.004122998038282644,-11.5
0.2,0.2,3,1,one,baseline2_matched_0.650,0.65,0.375,0.375,-0.0625,0.9951646182658568,0.004835381734143218,-21.875
0.2,0.2,3,1,one,baseline2_matched_0.800,0.8,0.5379999999999994,0.5379999999999994,-0.08966666666666656,0.9934113637186367,0.006588636281363303,-28.541666666666657
0.2,0.2,3,1,one,baseline2_matched_0.950,0.95,0.8460000000000001,0.8460000000000001,-0.14100000000000001,0.9921207537200516,0.007879246279948404,-43.20833333333334
0.2,0.2,3,1,two-2g,baseline2_all_hdv_yield,1.0,1.18975,1.1715,-0.19829166666666664,0.9868760192599806,0.013123980740019414,-58.28333333333333
0.2,0.2,3,1,two-2g,baseline2_matched_0.050,0.05,0.03174999999999972,0.046499999999999986,-0.005291666666666639,0.9987401934699476,0.0012598065300524208,-2.3833333333333258
0.2,0.2,3,1,two-2g,baseline2_matched_0.200,0.2,0.07350000000000012,0.07699999999999996,-0.012249999999999983,0.9976513891418874,0.002348610858112554,-5.195833333333326
0.2,0.2,3,1,two-2g,baseline2_matched_0.350,0.35,0.14149999999999974,0.12349999999999994,-0.02358333333333329,0.9946476151408177,0.005352384859182324,-9.695833333333326
0.2,0.2,3,1,two-2g,baseline2_matched_0.500,0.5,0.27174999999999994,0.2655000000000003,-0.04529166666666662,0.9953148902757131,0.004685109724286929,-15.633333333333326
0.2,0.2,3,1,two-2g,baseline2_matched_0.650,0.65,0.3672500000000003,0.3725000000000005,-0.061208333333333365,0.9938757943912875,0.0061242056087125185,-21.508333333333326
0.2,0.2,3,1,two-2g,baseline2_matched_0.800,0.8,0.4942500000000001,0.4995000000000003,-0.08237500000000003,0.9959845559353313,0.004015444064668694,-28.820833333333326
0.2,0.2,3,1,two-2g,baseline2_matched_0.950,0.95,0.8045,0.7904999999999998,-0.13408333333333333,0.9898774027363237,0.010122597263676258,-42.79999999999998
0.2,0.2,3,1,two-g,baseline2_all_hdv_yield,1.0,1.18975,1.1715,-0.19829166666666664,0.9868760192599806,0.013123980740019414,-58.28333333333333
0.2,0.2,3,1,two-g,baseline2_matched_0.050,0.05,0.06174999999999997,0.07750000000000057,-0.010291666666666699,0.9972719331838777,0.0027280668161222543,-4.258333333333326
0.2,0.2,3,1,two-g,baseline2_matched_0.200,0.2,0.16300000000000026,0.16999999999999993,-0.027166666666666617,0.9985295085575183,0.0014704914424816806,-10.383333333333326
0.2,0.2,3,1,two-g,baseline2_matched_0.350,0.35,0.16274999999999995,0.1615000000000002,-0.02712500000000001,1.0001593683149992,-0.00015936831499918647,-10.695833333333326
0.2,0.2,3,1,two-g,baseline2_matched_0.500,0.5,0.2939999999999996,0.28300000000000036,-0.04899999999999999,0.9972534464593401,0.0027465535406598907,-17.695833333333326
0.2,0.2,3,1,two-g,baseline2_matched_0.650,0.65,0.40000000000000036,0.3885000000000005,-0.06666666666666671,0.9936625595858208,0.006337440414179163,-24.633333333333326
0.2,0.2,3,1,two-g,baseline2_matched_0.800,0.8,0.5194999999999999,0.5369999999999999,-0.08658333333333329,0.9889557757706946,0.0110442242293054,-29.355555555555554
0.2,0.2,3,1,two-g,baseline2_matched_0.950,0.95,0.9377500000000003,0.9275000000000002,-0.1562916666666666,0.9902342283936039,0.009765771606396134,-48.29999999999998
0.2,0.2,3,2,one,baseline2_all_hdv_yield,1.0,1.251,1.251,-0.20850000000000002,0.9967289071196462,0.0032710928803537653,-61.55714285714285
0.2,0.2,3,2,one,baseline2_matched_0.050,0.05,0.14300000000000024,0.14300000000000024,-0.023833333333333373,1.0028211080262264,-0.002821108026226371,-8.982142857142861
0.2,0.2,3,2,one,baseline2_matched_0.200,0.2,0.22100000000000053,0.22100000000000053,-0.036833333333333385,1.0033721718060697,-0.003372171806069746,-12.857142857142861
0.2,0.2,3,2,one,baseline2_matched_0.350,0.35,0.20050000000000034,0.20050000000000034,-0.03341666666666676,1.0032025891534484,-0.0032025891534483986,-13.607142857142861
0.2,0.2,3,2,one,baseline2_matched_0.500,0.5,0.22950000000000026,0.22950000000000026,-0.038250000000000006,1.0006467135057577,-0.0006467135057577345,-13.732142857142861
0.2,0.2,3,2,one,baseline2_matched_0.650,0.65,0.44250000000000034,0.44250000000000034,-0.0737500000000001,1.0031615507902432,-0.0031615507902431617,-24.85714285714286
0.2,0.2,3,2,one,baseline2_matched_0.800,0.8,0.5005000000000002,0.5005000000000002,-0.0834166666666667,0.9997433904682087,0.0002566095317912964,-28.23214285714286
0.2,0.2,3,2,one,baseline2_matched_0.950,0.95,0.9575,0.9575,-0.1595833333333333,0.9974995341267524,0.0025004658732475926,-49.74603174603175
0.2,0.2,3,2,two-2g,baseline2_all_hdv_yield,1.0,1.1492499999999999,1.0995,-0.1915416666666666,0.9865109202632583,0.013489079736741738,-54.91666666666666
0.2,0.2,3,2,two-2g,baseline2_matched_0.050,0.05,-0.007249999999999979,-0.009999999999999787,0.0012083333333333668,1.0021828715135268,-0.0021828715135268073,0.6190476190476204
0.2,0.2,3,2,two-2g,baseline2_matched_0.200,0.2,0.12975000000000003,0.13100000000000023,-0.021625000000000005,0.9981124130945449,0.0018875869054550964,-7.354166666666657
0.2,0.2,3,2,two-2g,baseline2_matched_0.350,0.35,0.16224999999999978,0.1355000000000004,-0.027041666666666686,0.9989605981795778,0.00103940182042217,-9.479166666666657
0.2,0.2,3,2,two-2g,baseline2_matched_0.500,0.5,0.2564999999999995,0.25450000000000017,-0.042749999999999955,0.9989420830365857,0.0010579169634142849,-14.041666666666657
0.2,0.2,3,2,two-2g,baseline2_matched_0.650,0.65,0.3214999999999999,0.33000000000000007,-0.05358333333333326,0.9937904041121474,0.006209595887852637,-19.354166666666657
0.2,0.2,3,2,two-2g,baseline2_matched_0.800,0.8,0.53375,0.5120000000000005,-0.0889583333333333,0.9930343159021744,0.0069656840978256085,-28.666666666666657
0.2,0.2,3,2,two-2g,baseline2_matched_0.950,0.95,0.8385000000000002,0.8010000000000002,-0.13974999999999993,0.990794462439956,0.009205537560044053,-42.27777777777777
0.2,0.2,3,2,two-g,baseline2_all_hdv_yield,1.0,1.1902500000000003,1.1894999999999998,-0.19837499999999997,0.9859352386260986,0.014064761373901447,-57.21666666666667
0.2,0.2,3,2,two-g,baseline2_matched_0.050,0.05,0.04775000000000018,0.06700000000000017,-0.007958333333333345,0.9956384366074806,0.004361563392519363,-2.479166666666657
0.2,0.2,3,2,two-g,baseline2_matched_0.200,0.2,0.06800000000000006,0.07599999999999962,-0.011333333333333251,0.9973621911089515,0.0026378088910484765,-3.666666666666657
0.2,0.2,3,2,two-g,baseline2_matched_0.350,0.35,0.20625000000000027,0.20450000000000035,-0.034375000000000044,0.9959954045939422,0.004004595406057798,-12.541666666666657
0.2,0.2,3,2,two-g,baseline2_matched_0.500,0.5,0.2832500000000002,0.30049999999999955,-0.0472083333333333,0.9943774360599396,0.005622563940060443,-16.416666666666657
0.2,0.2,3,2,two-g,baseline2_matched_0.650,0.65,0.41100000000000003,0.41749999999999954,-0.0684999999999999,0.9930197169135714,0.006980283086428618,-22.979166666666657
0.2,0.2,3,2,two-g,baseline2_matched_0.800,0.8,0.6167500000000001,0.6135000000000002,-0.10279166666666673,0.9884249471626949,0.011575052837305089,-32.888888888888886
0.2,0.2,3,2,two-g,baseline2_matched_0.950,0.95,0.8329999999999997,0.8194999999999997,-0.1388333333333333,0.9858730396587615,0.014126960341238504,-42.0
0.2,0.2,3,3,one,baseline2_all_hdv_yield,1.0,1.0915,1.0915,-0.18191666666666662,0.9905440742531092,0.009455925746890803,-53.5
0.2,0.2,3,3,one,baseline2_matched_0.050,0.05,-0.00849999999999973,-0.00849999999999973,0.0014166666666666217,0.9988748516368757,0.0011251483631242731,0.375
0.2,0.2,3,3,one,baseline2_matched_0.200,0.2,0.09200000000000053,0.09200000000000053,-0.015333333333333421,0.997939429804923,0.002060570195076994,-5.25
0.2,0.2,3,3,one,baseline2_matched_0.350,0.35,0.12349999999999994,0.12349999999999994,-0.020583333333333287,0.9967009548560695,0.0032990451439305346,-7.375
0.2,0.2,3,3,one,baseline2_matched_0.500,0.5,0.21700000000000053,0.21700000000000053,-0.03616666666666679,0.9981184921770428,0.0018815078229571514,-12.625
0.2,0.2,3,3,one,baseline2_matched_0.650,0.65,0.3420000000000005,0.3420000000000005,-0.05700000000000005,0.9984700910926098,0.0015299089073902428,-20.25
0.2,0.2,3,3,one,baseline2_matched_0.800,0.8,0.49100000000000055,0.49100000000000055,-0.08183333333333342,0.992836072616236,0.007163927383764035,-26.77777777777777
0.2,0.2,3,3,one,baseline2_matched_0.950,0.95,0.8885000000000005,0.8885000000000005,-0.14808333333333346,0.9944255098144495,0.005574490185550451,-45.22222222222223
0.2,0.2,3,3,two-2g,baseline2_all_hdv_yield,1.0,1.1430000000000002,1.1795,-0.19049999999999995,0.9884724537759253,0.011527546224074703,-56.56666666666666
0.2,0.2,3,3,two-2g,baseline2_matched_0.050,0.05,0.0714999999999999,0.10200000000000031,-0.011916666666666687,1.0001228218266824,-0.0001228218266824399,-4.941666666666663
0.2,0.2,3,3,two-2g,baseline2_matched_0.200,0.2,0.09324999999999983,0.12950000000000017,-0.015541666666666676,0.9989933395477996,0.0010066604522004363,-6.441666666666663
0.2,0.2,3,3,two-2g,baseline2_matched_0.350,0.35,0.15549999999999953,0.17400000000000038,-0.0259166666666667,0.9989786647321419,0.0010213352678580812,-10.504166666666663
0.2,0.2,3,3,two-2g,baseline2_matched_0.500,0.5,0.2567499999999998,0.2889999999999997,-0.04279166666666667,0.9918259681709636,0.008174031829036421,-15.504166666666663
0.2,0.2,3,3,two-2g,baseline2_matched_0.650,0.65,0.4159999999999999,0.4444999999999997,-0.06933333333333325,0.9945623427641364,0.005437657235863647,-24.691666666666663
0.2,0.2,3,3,two-2g,baseline2_matched_0.800,0.8,0.5749999999999997,0.6124999999999998,-0.09583333333333327,0.9924447030614831,0.0075552969385168645,-32.400000000000006
0.2,0.2,3,3,two-2g,baseline2_matched_0.950,0.95,0.9212500000000001,0.9030000000000005,-0.1535416666666667,0.9924574637707525,0.0075425362292474984,-48.01111111111112
0.2,0.2,3,3,two-g,baseline2_all_hdv_yield,1.0,1.1594999999999995,1.1814999999999998,-0.19324999999999992,0.9858449642861756,0.014155035713824371,-57.0
0.2,0.2,3,3,two-g,baseline2_matched_0.050,0.05,0.006000000000000227,0.040000000000000036,-0.0009999999999998899,0.9968166744501114,0.0031833255498886492,-1.1500000000000057
0.2,0.2,3,3,two-g,baseline2_matched_0.200,0.2,-0.010500000000000398,0.0009999999999998899,0.0017500000000000293,0.994088246264704,0.005911753735295955,0.3333333333333144
0.2,0.2,3,3,two-g,baseline2_matched_0.350,0.35,0.16049999999999986,0.17849999999999966,-0.02674999999999994,0.9953785295773321,0.004621470422667917,-9.900000000000006
0.2,0.2,3,3,two-g,baseline2_matched_0.500,0.5,0.2367499999999998,0.23050000000000015,-0.03945833333333326,0.9939340113614408,0.006065988638559228,-14.525000000000006
0.2,0.2,3,3,two-g,baseline2_matched_0.650,0.65,0.31325000000000003,0.3464999999999998,-0.052208333333333246,0.9940229194978277,0.005977080502172272,-18.337500000000006
0.2,0.2,3,3,two-g,baseline2_matched_0.800,0.8,0.4922499999999994,0.5305,-0.08204166666666657,0.9898804058098746,0.010119594190125425,-27.900000000000006
0.2,0.2,3,3,two-g,baseline2_matched_0.950,0.95,0.8700000000000001,0.9079999999999995,-0.1449999999999999,0.9910411509237912,0.008958849076208808,-44.73333333333335
0.2,0.2,3,4,one,baseline2_all_hdv_yield,1.0,1.2684999999999995,1.2684999999999995,-0.2114166666666666,0.9959050387285768,0.00409496127142317,-62.24285714285713
0.2,0.2,3,4,one,baseline2_matched_0.050,0.05,0.15399999999999991,0.15399999999999991,-0.025666666666666615,1.0027156176063283,-0.0027156176063283244,-9.517857142857139
0.2,0.2,3,4,one,baseline2_matched_0.200,0.2,0.13999999999999968,0.13999999999999968,-0.023333333333333206,0.9960795426281381,0.003920457371861863,-8.642857142857139
0.2,0.2,3,4,one,baseline2_matched_0.350,0.35,0.22049999999999947,0.22049999999999947,-0.03674999999999984,0.9975397810881944,0.0024602189118055895,-13.517857142857139
0.2,0.2,3,4,one,baseline2_matched_0.500,0.5,0.39749999999999996,0.39749999999999996,-0.06624999999999992,0.994428430594888,0.0055715694051120535,-23.39285714285714
0.2,0.2,3,4,one,baseline2_matched_0.650,0.65,0.54,0.54,-0.08999999999999997,0.9950061370383225,0.0049938629616774755,-29.26785714285714
0.2,0.2,3,4,one,baseline2_matched_0.800,0.8,0.6334999999999997,0.6334999999999997,-0.10558333333333325,0.9953607073479013,0.004639292652098725,-34.809523809523796
0.2,0.2,3,4,one,baseline2_matched_0.950,0.95,0.9699999999999998,0.9699999999999998,-0.16166666666666663,0.9937258060594164,0.0062741939405835945,-49.47619047619048
0.2,0.2,3,4,two-2g,baseline2_all_hdv_yield,1.0,1.1360000000000001,1.1364999999999998,-0.18933333333333324,0.9889778723874961,0.011022127612503874,-54.4375
0.2,0.2,3,4,two-2g,baseline2_matched_0.050,0.05,0.026500000000000412,0.039499999999999424,-0.004416666666666569,0.9991630801519299,0.0008369198480701057,-1.5
0.2,0.2,3,4,two-2g,baseline2_matched_0.200,0.2,0.06925000000000026,0.07249999999999979,-0.011541666666666617,0.9981940318418449,0.0018059681581551468,-4.1875
0.2,0.2,3,4,two-2g,baseline2_matched_0.350,0.35,0.07824999999999971,0.0934999999999997,-0.013041666666666618,0.9969460633767171,0.0030539366232829046,-5.5625
0.2,0.2,3,4,two-2g,baseline2_matched_0.500,0.5,0.2134999999999998,0.19200000000000017,-0.0355833333333333,0.9953509588557735,0.0046490411442264845,-12.1875
0.2,0.2,3,4,two-2g,baseline2_matched_0.650,0.65,0.28025000000000055,0.2939999999999996,-0.046708333333333296,0.9954704960650724,0.00452950393492757,-16.3125
0.2,0.2,3,4,two-2g,baseline2_matched_0.800,0.8,0.5285000000000002,0.5199999999999996,-0.08808333333333329,0.9936120909177704,0.006387909082229637,-29.104166666666657
0.2,0.2,3,4,two-2g,baseline2_matched_0.950,0.95,0.74125,0.7574999999999994,-0.12354166666666655,0.9854282548029661,0.014571745197033859,-39.38194444444446
0.2,0.2,3,4,two-g,baseline2_all_hdv_yield,1.0,1.1360000000000001,1.1364999999999998,-0.18933333333333324,0.9889778723874961,0.011022127612503874,-54.4375
0.2,0.2,3,4,two-g,baseline2_matched_0.050,0.05,-0.03925000000000001,-0.05550000000000033,0.006541666666666779,0.9989364376030926,0.0010635623969074137,1.9625000000000057
0.2,0.2,3,4,two-g,baseline2_matched_0.200,0.2,0.11474999999999991,0.09600000000000009,-0.019125000000000003,0.9987633477240219,0.001236652275978134,-6.875
0.2,0.2,3,4,two-g,baseline2_matched_0.350,0.35,0.08650000000000002,0.0990000000000002,-0.014416666666666633,0.9978331888526945,0.0021668111473055474,-4.5625
0.2,0.2,3,4,two-g,baseline2_matched_0.500,0.5,0.25649999999999995,0.2764999999999995,-0.0427499999999999,0.9977456876154848,0.0022543123845152335,-14.9375
0.2,0.2,3,4,two-g,baseline2_matched_0.650,0.65,0.32899999999999974,0.3014999999999999,-0.054833333333333234,0.9953946297829045,0.004605370217095506,-18.5
0.2,0.2,3,4,two-g,baseline2_matched_0.800,0.8,0.516,0.5164999999999997,-0.08599999999999991,0.9922549451348147,0.007745054865185286,-28.381944444444457
0.2,0.2,3,4,two-g,baseline2_matched_0.950,0.95,0.8040000000000003,0.8045,-0.13399999999999995,0.9886527311781885,0.011347268821811474,-41.88194444444446
0.2,0.2,3,5,one,baseline2_all_hdv_yield,1.0,1.1915000000000004,1.1915000000000004,-0.19858333333333344,0.9905073028197405,0.009492697180259468,-57.275000000000006
0.2,0.2,3,5,one,baseline2_matched_0.050,0.05,0.0035000000000007248,0.0035000000000007248,-0.0005833333333334911,0.9967084362277797,0.003291563772220285,-0.375
0.2,0.2,3,5,one,baseline2_matched_0.200,0.2,0.11100000000000065,0.11100000000000065,-0.018500000000000183,0.9959573081066916,0.004042691893308414,-5.75
0.2,0.2,3,5,one,baseline2_matched_0.350,0.35,0.08000000000000007,0.08000000000000007,-0.01333333333333342,0.9959457180934099,0.004054281906590074,-4.625
0.2,0.2,3,5,one,baseline2_matched_0.500,0.5,0.23900000000000077,0.23900000000000077,-0.0398333333333335,0.9951861753051437,0.00481382469485625,-14.25
0.2,0.2,3,5,one,baseline2_matched_0.650,0.65,0.3955000000000002,0.3955000000000002,-0.06591666666666673,0.995533716936313,0.0044662830636870154,-23.5
0.2,0.2,3,5,one,baseline2_matched_0.800,0.8,0.5605000000000002,0.5605000000000002,-0.0934166666666667,0.9917482280774897,0.008251771922510254,-30.208333333333343
0.2,0.2,3,5,one,baseline2_matched_0.950,0.95,0.7695000000000007,0.7695000000000007,-0.1282500000000002,0.9918265003589756,0.008173499641024429,-39.986111111111114
0.2,0.2,3,5,two-2g,baseline2_all_hdv_yield,1.0,1.2345000000000002,1.2534999999999998,-0.20574999999999993,0.984962193815831,0.015037806184168945,-59.05000000000001
0.2,0.2,3,5,two-2g,baseline2_matched_0.050,0.05,0.06725000000000003,0.07699999999999996,-0.011208333333333376,0.9993735243980277,0.000626475601972265,-3.5
0.2,0.2,3,5,two-2g,baseline2_matched_0.200,0.2,0.13449999999999962,0.15949999999999953,-0.02241666666666664,1.000173799543433,-0.0001737995434329953,-7.75
0.2,0.2,3,5,two-2g,baseline2_matched_0.350,0.35,0.21850000000000014,0.1849999999999996,-0.0364166666666666,0.9945815999220617,0.005418400077938257,-12.4375
0.2,0.2,3,5,two-2g,baseline2_matched_0.500,0.5,0.30425000000000013,0.3434999999999997,-0.050708333333333244,0.9976007690550083,0.002399230944991726,-16.9375
0.2,0.2,3,5,two-2g,baseline2_matched_0.650,0.65,0.32250000000000023,0.35599999999999987,-0.053749999999999964,0.9961681186900979,0.0038318813099020854,-18.8125
0.2,0.2,3,5,two-2g,baseline2_matched_0.800,0.8,0.5402499999999999,0.5424999999999995,-0.09004166666666663,0.9913915013298858,0.00860849867011415,-29.470588235294116
0.2,0.2,3,5,two-2g,baseline2_matched_0.950,0.95,0.7254999999999998,0.7204999999999995,-0.12091666666666662,0.9871763043296978,0.012823695670302171,-37.83333333333334
0.2,0.2,3,5,two-g,baseline2_all_hdv_yield,1.0,1.2345000000000002,1.2534999999999998,-0.20574999999999993,0.984962193815831,0.015037806184168945,-59.05000000000001
0.2,0.2,3,5,two-g,baseline2_matched_0.050,0.05,0.06849999999999978,0.1014999999999997,-0.01141666666666663,1.0036247568998797,-0.003624756899879733,-3.5
0.2,0.2,3,5,two-g,baseline2_matched_0.200,0.2,0.12449999999999983,0.1459999999999999,-0.02074999999999999,0.9950899237243243,0.0049100762756757454,-6.75
0.2,0.2,3,5,two-g,baseline2_matched_0.350,0.35,0.21850000000000014,0.20350000000000001,-0.03641666666666671,0.9957854407963023,0.004214559203697732,-13.125
0.2,0.2,3,5,two-g,baseline2_matched_0.500,0.5,0.29925000000000024,0.3155000000000001,-0.049875,0.9954107353586235,0.004589264641376545,-16.5625
0.2,0.2,3,5,two-g,baseline2_matched_0.650,0.65,0.4069999999999996,0.4249999999999998,-0.06783333333333336,0.9953614655797982,0.00463853442020179,-23.1875
0.2,0.2,3,5,two-g,baseline2_matched_0.800,0.8,0.5052499999999998,0.5234999999999994,-0.08420833333333333,0.9909775714080966,0.009022428591903386,-28.823529411764696
0.2,0.2,3,5,two-g,baseline2_matched_0.950,0.95,0.8580000000000001,0.8879999999999999,-0.14300000000000002,0.988022341373237,0.011977658626763033,-43.66666666666666
0.2,0.2,3,6,one,baseline2_all_hdv_yield,1.0,1.1875,1.1875,-0.19791666666666663,0.9955670343743754,0.004432965625624563,-58.35714285714286
0.2,0.2,3,6,one,baseline2_matched_0.050,0.05,0.037499999999999645,0.037499999999999645,-0.006249999999999867,1.001653154003538,-0.0016531540035380488,-1.8571428571428612
0.2,0.2,3,6,one,baseline2_matched_0.200,0.2,0.15499999999999936,0.15499999999999936,-0.025833333333333153,1.0013897463633112,-0.0013897463633112395,-8.857142857142861
0.2,0.2,3,6,one,baseline2_matched_0.350,0.35,0.23899999999999988,0.23899999999999988,-0.039833333333333276,0.9984960890662214,0.0015039109337785517,-13.857142857142861
0.2,0.2,3,6,one,baseline2_matched_0.500,0.5,0.3439999999999994,0.3439999999999994,-0.057333333333333236,1.0002182839342995,-0.00021828393429945692,-19.60714285714286
0.2,0.2,3,6,one,baseline2_matched_0.650,0.65,0.3179999999999996,0.3179999999999996,-0.052999999999999936,0.9981346210756706,0.001865378924329364,-17.98214285714286
0.2,0.2,3,6,one,baseline2_matched_0.800,0.8,0.5350000000000001,0.5350000000000001,-0.08916666666666662,1.0013192704692566,-0.001319270469256617,-29.30158730158732
0.2,0.2,3,6,one,baseline2_matched_0.950,0.95,0.9254999999999995,0.9254999999999995,-0.1542499999999999,0.9966021689992756,0.0033978310007244383,-47.412698412698404
0.2,0.2,3,6,two-2g,baseline2_all_hdv_yield,1.0,1.1110000000000007,1.0995,-0.1851666666666666,0.987627518980404,0.012372481019595982,-53.78333333333333
0.2,0.2,3,6,two-2g,baseline2_matched_0.050,0.05,0.008500000000000618,0.025000000000000355,-0.0014166666666666217,0.9995101883060901,0.0004898116939099362,-0.9708333333333314
0.2,0.2,3,6,two-2g,baseline2_matched_0.200,0.2,0.08950000000000014,0.0625,-0.014916666666666578,0.9957937002925517,0.004206299707448347,-5.970833333333331
0.2,0.2,3,6,two-2g,baseline2_matched_0.350,0.35,0.1982500000000007,0.19599999999999973,-0.033041666666666636,0.9956894342348611,0.004310565765138885,-12.345833333333331
0.2,0.2,3,6,two-2g,baseline2_matched_0.500,0.5,0.2110000000000003,0.22550000000000026,-0.03516666666666657,0.9943546695116193,0.005645330488380673,-12.220833333333331
0.2,0.2,3,6,two-2g,baseline2_matched_0.650,0.65,0.35975,0.39250000000000007,-0.059958333333333336,0.990966898153234,0.009033101846765978,-20.72083333333333
0.2,0.2,3,6,two-2g,baseline2_matched_0.800,0.8,0.48575000000000035,0.4790000000000001,-0.0809583333333333,0.9894645118135824,0.010535488186417585,-26.827450980392143
0.2,0.2,3,6,two-2g,baseline2_matched_0.950,0.95,0.8040000000000003,0.8375000000000004,-0.13399999999999995,0.99093840407029,0.009061595929710009,-41.53333333333333
0.2,0.2,3,6,two-g,baseline2_all_hdv_yield,1.0,1.146,1.1604999999999999,-0.191,0.9859052560296934,0.014094743970306634,-55.17500000000001
0.2,0.2,3,6,two-g,baseline2_matched_0.050,0.05,-0.037499999999999645,-0.007500000000000284,0.006249999999999978,0.9965119550108715,0.0034880449891284693,2.25
0.2,0.2,3,6,two-g,baseline2_matched_0.200,0.2,0.09774999999999956,0.07850000000000001,-0.01629166666666665,0.9986314809346104,0.0013685190653895951,-5.6875
0.2,0.2,3,6,two-g,baseline2_matched_0.350,0.35,0.07749999999999968,0.08149999999999924,-0.012916666666666632,0.995606132543802,0.004393867456197964,-4.3125
0.2,0.2,3,6,two-g,baseline2_matched_0.500,0.5,0.1457499999999996,0.16449999999999942,-0.02429166666666671,0.9938897954715549,0.006110204528445129,-8.375
0.2,0.2,3,6,two-g,baseline2_matched_0.650,0.65,0.36075000000000035,0.383,-0.060125000000000095,0.9934665585556247,0.0065334414443752875,-20.1875
0.2,0.2,3,6,two-g,baseline2_matched_0.800,0.8,0.3877499999999996,0.39649999999999963,-0.06462499999999999,0.9882979766093188,0.01170202339068116,-20.8125
0.2,0.2,3,6,two-g,baseline2_matched_0.950,0.95,0.7477499999999999,0.7774999999999999,-0.12462499999999999,0.9878418035875226,0.012158196412477396,-40.06944444444446
0.2,0.2,3,7,one,baseline2_all_hdv_yield,1.0,1.3125,1.3125,-0.21875,0.9959165372746345,0.004083462725365528,-63.0
0.2,0.2,3,7,one,baseline2_matched_0.050,0.05,0.1120000000000001,0.1120000000000001,-0.01866666666666661,0.9979544418858347,0.002045558114165291,-6.625
0.2,0.2,3,7,one,baseline2_matched_0.200,0.2,0.16300000000000026,0.16300000000000026,-0.027166666666666672,1.0013218237404666,-0.0013218237404666322,-9.875
0.2,0.2,3,7,one,baseline2_matched_0.350,0.35,0.22850000000000037,0.22850000000000037,-0.03808333333333336,1.0014659647128863,-0.0014659647128862918,-12.875
0.2,0.2,3,7,one,baseline2_matched_0.500,0.5,0.375,0.375,-0.0625,0.9978278401910319,0.0021721598089681216,-21.125
0.2,0.2,3,7,one,baseline2_matched_0.650,0.65,0.4355000000000002,0.4355000000000002,-0.07258333333333333,0.9978780663042105,0.002121933695789502,-25.75
0.2,0.2,3,7,one,baseline2_matched_0.800,0.8,0.6320000000000006,0.6320000000000006,-0.10533333333333339,0.9987964866594682,0.0012035133405318144,-34.888888888888886
0.2,0.2,3,7,one,baseline2_matched_0.950,0.95,0.952,0.952,-0.15866666666666662,0.9969307858648732,0.003069214135126841,-49.55555555555554
0.2,0.2,3,7,two-2g,baseline2_all_hdv_yield,1.0,1.0467500000000003,1.032,-0.17445833333333333,0.9894320961357991,0.010567903864200923,-51.525000000000006
0.2,0.2,3,7,two-2g,baseline2_matched_0.050,0.05,-0.06399999999999961,-0.06050000000000022,0.010666666666666658,0.9988457173723044,0.0011542826276955687,4.910714285714278
0.2,0.2,3,7,two-2g,baseline2_matched_0.200,0.2,0.034000000000000696,0.04049999999999976,-0.005666666666666709,1.001440780677692,-0.001440780677691933,-2.125
0.2,0.2,3,7,two-2g,baseline2_matched_0.350,0.35,0.11950000000000038,0.1144999999999996,-0.019916666666666638,0.9967627474094822,0.0032372525905177696,-7.375
0.2,0.2,3,7,two-2g,baseline2_matched_0.500,0.5,0.18524999999999991,0.18050000000000033,-0.03087500000000004,0.9961919833477172,0.0038080166522828085,-12.125
0.2,0.2,3,7,two-2g,baseline2_matched_0.650,0.65,0.2815000000000003,0.266,-0.04691666666666666,0.9942008458149454,0.005799154185054611,-15.625
0.2,0.2,3,7,two-2g,baseline2_matched_0.800,0.8,0.5417500000000004,0.5359999999999996,-0.0902916666666666,0.9928192141503566,0.007180785849643434,-29.65277777777777
0.2,0.2,3,7,two-2g,baseline2_matched_0.950,0.95,0.8187500000000005,0.8105000000000002,-0.1364583333333334,0.9886373310944934,0.011362668905506634,-43.65277777777777
0.2,0.2,3,7,two-g,baseline2_all_hdv_yield,1.0,1.12275,1.0705,-0.18712499999999999,0.9874604361593001,0.012539563840699874,-54.55000000000001
0.2,0.2,3,7,two-g,baseline2_matched_0.050,0.05,0.06625000000000014,0.03200000000000003,-0.011041666666666616,1.0007387267338532,-0.0007387267338532233,-4.1875
0.2,0.2,3,7,two-g,baseline2_matched_0.200,0.2,0.05325000000000024,0.06299999999999972,-0.008874999999999966,0.99475311335339,0.005246886646609994,-3.875
0.2,0.2,3,7,two-g,baseline2_matched_0.350,0.35,0.16174999999999962,0.17250000000000032,-0.026958333333333362,0.995173991723207,0.004826008276793026,-9.5625
0.2,0.2,3,7,two-g,baseline2_matched_0.500,0.5,0.20974999999999966,0.17649999999999988,-0.034958333333333313,0.9953001119157499,0.004699888084250148,-11.5
0.2,0.2,3,7,two-g,baseline2_matched_0.650,0.65,0.38175000000000026,0.3520000000000003,-0.06362500000000004,0.9927493628700903,0.007250637129909698,-21.8125
0.2,0.2,3,7,two-g,baseline2_matched_0.800,0.8,0.5415000000000001,0.5475000000000003,-0.09025000000000005,0.9925893239894014,0.007410676010598638,-30.0
0.2,0.2,3,7,two-g,baseline2_matched_0.950,0.95,0.7712500000000002,0.7650000000000006,-0.12854166666666672,0.9910018338385617,0.008998166161438337,-40.0
0.2,0.2,3,8,one,baseline2_all_hdv_yield,1.0,1.2514999999999996,1.2514999999999996,-0.20858333333333334,0.9986386782879152,0.0013613217120848065,-59.900000000000006
0.2,0.2,3,8,one,baseline2_matched_0.050,0.05,0.01799999999999935,0.01799999999999935,-0.0029999999999998916,1.0042267499636677,-0.004226749963667675,-1.25
0.2,0.2,3,8,one,baseline2_matched_0.200,0.2,0.04999999999999938,0.04999999999999938,-0.008333333333333304,1.0000708340372875,-7.083403728747051e-05,-3.375
0.2,0.2,3,8,one,baseline2_matched_0.350,0.35,0.23349999999999982,0.23349999999999982,-0.03891666666666671,1.0014945343722963,-0.0014945343722962967,-13.125
0.2,0.2,3,8,one,baseline2_matched_0.500,0.5,0.2719999999999998,0.2719999999999998,-0.04533333333333334,0.9996174323842038,0.00038256761579624765,-15.375
0.2,0.2,3,8,one,baseline2_matched_0.650,0.65,0.46649999999999947,0.46649999999999947,-0.07774999999999999,0.9997058153946958,0.0002941846053041708,-26.75
0.2,0.2,3,8,one,baseline2_matched_0.800,0.8,0.6364999999999994,0.6364999999999994,-0.10608333333333331,0.9933703169966774,0.006629683003322562,-34.66666666666666
0.2,0.2,3,8,one,baseline2_matched_0.950,0.95,0.9774999999999996,0.9774999999999996,-0.1629166666666666,0.9956325391784819,0.0043674608215180655,-49.55555555555554
0.2,0.2,3,8,two-2g,baseline2_all_hdv_yield,1.0,1.1367500000000001,1.1380000000000003,-0.18945833333333334,0.9833262226641929,0.016673777335807105,-54.75
0.2,0.2,3,8,two-2g,baseline2_matched_0.050,0.05,-0.014000000000000234,0.0030000000000001137,0.002333333333333354,0.9921049318583833,0.007895068141616668,1.1333333333333258
0.2,0.2,3,8,two-2g,baseline2_matched_0.200,0.2,0.08574999999999999,0.11050000000000049,-0.014291666666666702,0.9923223848103417,0.00767761518965826,-4.912499999999994
0.2,0.2,3,8,two-2g,baseline2_matched_0.350,0.35,0.17574999999999985,0.1970000000000005,-0.02929166666666666,0.9954690943402495,0.0045309056597504505,-9.599999999999994
0.2,0.2,3,8,two-2g,baseline2_matched_0.500,0.5,0.22424999999999962,0.23250000000000037,-0.03737500000000005,0.9950235383283097,0.004976461671690302,-12.537499999999994
0.2,0.2,3,8,two-2g,baseline2_matched_0.650,0.65,0.38874999999999993,0.3995000000000002,-0.06479166666666664,0.9918030728263939,0.008196927173606094,-22.099999999999994
0.2,0.2,3,8,two-2g,baseline2_matched_0.800,0.8,0.4059999999999997,0.42500000000000027,-0.06766666666666665,0.993440328239509,0.006559671760490993,-21.724999999999994
0.2,0.2,3,8,two-2g,baseline2_matched_0.950,0.95,0.7392499999999993,0.7435000000000005,-0.12320833333333331,0.988369446207102,0.011630553792898013,-37.93333333333334
0.2,0.2,3,8,two-g,baseline2_all_hdv_yield,1.0,1.1367500000000001,1.1380000000000003,-0.18945833333333334,0.9833262226641929,0.016673777335807105,-54.75
0.2,0.2,3,8,two-g,baseline2_matched_0.050,0.05,-0.06400000000000006,-0.06000000000000005,0.010666666666666713,0.9974824416278735,0.002517558372126527,4.757142857142867
0.2,0.2,3,8,two-g,baseline2_matched_0.200,0.2,0.11374999999999957,0.09599999999999964,-0.018958333333333244,0.9959957183386612,0.0040042816613388155,-5.849999999999994
0.2,0.2,3,8,two-g,baseline2_matched_0.350,0.35,0.15749999999999975,0.18300000000000027,-0.026249999999999996,0.9979128967403665,0.0020871032596334604,-9.287499999999994
0.2,0.2,3,8,two-g,baseline2_matched_0.500,0.5,0.23524999999999974,0.22350000000000003,-0.03920833333333329,0.9964908688835011,0.0035091311164988648,-12.662499999999994
0.2,0.2,3,8,two-g,baseline2_matched_0.650,0.65,0.2829999999999995,0.30699999999999994,-0.047166666666666635,0.9893548196348572,0.010645180365142837,-16.287499999999994
0.2,0.2,3,8,two-g,baseline2_matched_0.800,0.8,0.5415000000000001,0.5515000000000003,-0.09025,0.9924485965383036,0.00755140346169636,-28.877777777777766
0.2,0.2,3,8,two-g,baseline2_matched_0.950,0.95,0.8512499999999994,0.8569999999999998,-0.14187499999999992,0.9875601969538808,0.012439803046119247,-42.76666666666665
0.2,0.2,3,9,one,baseline2_all_hdv_yield,1.0,1.2639999999999993,1.2639999999999993,-0.21066666666666656,0.9894891163939772,0.010510883606022814,-59.628571428571405
0.2,0.2,3,9,one,baseline2_matched_0.050,0.05,-0.012500000000000178,-0.012500000000000178,0.002083333333333326,0.9982644490624635,0.001735550937536523,1.0
0.2,0.2,3,9,one,baseline2_matched_0.200,0.2,0.1639999999999997,0.1639999999999997,-0.02733333333333332,1.0017727993021501,-0.0017727993021501298,-10.428571428571416
0.2,0.2,3,9,one,baseline2_matched_0.350,0.35,0.16199999999999992,0.16199999999999992,-0.027000000000000024,0.9986830952117556,0.0013169047882444218,-9.803571428571416
0.2,0.2,3,9,one,baseline2_matched_0.500,0.5,0.32449999999999957,0.32449999999999957,-0.05408333333333326,0.9999345765903588,6.542340964121873e-05,-18.803571428571416
0.2,0.2,3,9,one,baseline2_matched_0.650,0.65,0.31599999999999984,0.31599999999999984,-0.05266666666666664,0.997479049784667,0.002520950215333051,-18.553571428571416
0.2,0.2,3,9,one,baseline2_matched_0.800,0.8,0.6404999999999994,0.6404999999999994,-0.1067499999999999,0.9964696827760547,0.0035303172239452563,-34.095238095238074
0.2,0.2,3,9,one,baseline2_matched_0.950,0.95,0.8599999999999994,0.8599999999999994,-0.1433333333333332,0.9922200264081364,0.007779973591863554,-43.76190476190476
0.2,0.2,3,9,two-2g,baseline2_all_hdv_yield,1.0,1.1245000000000003,1.077,-0.18741666666666673,0.9864477824027549,0.01355221759724512,-53.900000000000006
0.2,0.2,3,9,two-2g,baseline2_matched_0.050,0.05,0.018749999999999822,0.011999999999999567,-0.0031249999999999334,0.9974070695411404,0.0025929304588595548,-0.625
0.2,0.2,3,9,two-2g,baseline2_matched_0.200,0.2,0.10725000000000051,0.09199999999999964,-0.017874999999999974,0.9963413311745736,0.0036586688254264255,-6.125
0.2,0.2,3,9,two-2g,baseline2_matched_0.350,0.35,0.16875000000000018,0.1609999999999996,-0.02812500000000001,0.9988844220833457,0.0011155779166542867,-9.0
0.2,0.2,3,9,two-2g,baseline2_matched_0.500,0.5,0.22775000000000034,0.22799999999999976,-0.037958333333333316,0.9938227619613718,0.006177238038628241,-13.5625
0.2,0.2,3,9,two-2g,baseline2_matched_0.650,0.65,0.2890000000000006,0.28749999999999964,-0.04816666666666669,0.9930012851597715,0.006998714840228515,-16.8125
0.2,0.2,3,9,two-2g,baseline2_matched_0.800,0.8,0.4930000000000003,0.49049999999999994,-0.08216666666666672,0.9910535619116314,0.008946438088368591,-26.77777777777777
0.2,0.2,3,9,two-2g,baseline2_matched_0.950,0.95,0.8355000000000006,0.819,-0.13924999999999998,0.9893938889705389,0.010606111029461074,-42.66666666666666
0.2,0.2,3,9,two-g,baseline2_all_hdv_yield,1.0,1.1245000000000003,1.077,-0.18741666666666673,0.9864477824027549,0.01355221759724512,-53.900000000000006
0.2,0.2,3,9,two-g,baseline2_matched_0.050,0.05,-0.020999999999999908,-0.03849999999999998,0.003500000000000003,0.99950638145281,0.000493618547189989,1.8333333333333428
0.2,0.2,3,9,two-g,baseline2_matched_0.200,0.2,0.0757500000000002,0.05900000000000016,-0.012625000000000053,0.9990934934228494,0.0009065065771506342,-3.8125
0.2,0.2,3,9,two-g,baseline2_matched_0.350,0.35,0.17025000000000023,0.1565000000000003,-0.02837500000000004,0.9987181840951985,0.0012818159048014754,-10.0625
0.2,0.2,3,9,two-g,baseline2_matched_0.500,0.5,0.24675000000000047,0.21450000000000014,-0.04112500000000002,0.9959491432772415,0.004050856722758511,-14.0
0.2,0.2,3,9,two-g,baseline2_matched_0.650,0.65,0.3280000000000003,0.30400000000000027,-0.0546666666666667,0.995029261229783,0.004970738770217031,-17.25
0.2,0.2,3,9,two-g,baseline2_matched_0.800,0.8,0.45124999999999993,0.4379999999999997,-0.07520833333333332,0.9930917288161621,0.006908271183837855,-25.75
0.2,0.2,3,9,two-g,baseline2_matched_0.950,0.95,0.8272500000000003,0.7565,-0.13787500000000003,0.9908626429961191,0.009137357003880853,-42.611111111111114
0.25,0.25,4,0,one,baseline2_all_hdv_yield,1.0,1.1925000000000003,1.1925000000000003,-0.19874999999999998,0.990024845571514,0.009975154428485955,-86.75
0.25,0.25,4,0,one,baseline2_matched_0.050,0.05,-0.03100000000000014,-0.03100000000000014,0.005166666666666764,0.9966023385382009,0.0033976614617990952,4.166666666666686
0.25,0.25,4,0,one,baseline2_matched_0.200,0.2,0.05500000000000016,0.05500000000000016,-0.009166666666666656,0.9970420473359859,0.0029579526640141074,-7.0
0.25,0.25,4,0,one,baseline2_matched_0.350,0.35,0.20299999999999985,0.20299999999999985,-0.03383333333333327,0.997241900248131,0.0027580997518690253,-16.333333333333314
0.25,0.25,4,0,one,baseline2_matched_0.500,0.5,0.2549999999999999,0.2549999999999999,-0.04249999999999998,0.9954404707977479,0.0045595292022521106,-23.666666666666686
0.25,0.25,4,0,one,baseline2_matched_0.650,0.65,0.43900000000000006,0.43900000000000006,-0.0731666666666666,0.9941164857436361,0.005883514256363909,-37.21428571428572
0.25,0.25,4,0,one,baseline2_matched_0.800,0.8,0.5485000000000002,0.5485000000000002,-0.0914166666666667,0.9944326226030394,0.00556737739696056,-45.928571428571445
0.25,0.25,4,0,one,baseline2_matched_0.950,0.95,0.8010000000000002,0.8010000000000002,-0.13349999999999995,0.9920745525861756,0.007925447413824394,-62.78571428571428
0.25,0.25,4,0,two-2g,baseline2_all_hdv_yield,1.0,1.1337499999999996,1.1280000000000001,-0.18895833333333334,0.9844341391891457,0.015565860810854315,-84.77083333333331
0.25,0.25,4,0,two-2g,baseline2_matched_0.050,0.05,0.046499999999999986,0.060499999999999776,-0.007749999999999979,1.0000755033148374,-7.550331483741068e-05,-4.0
0.25,0.25,4,0,two-2g,baseline2_matched_0.200,0.2,0.08250000000000002,0.08149999999999968,-0.013749999999999984,0.9967637493160054,0.0032362506839945793,-8.833333333333314
0.25,0.25,4,0,two-2g,baseline2_matched_0.350,0.35,0.18725000000000014,0.19199999999999973,-0.031208333333333338,0.9973028267466826,0.0026971732533174197,-17.0
0.25,0.25,4,0,two-2g,baseline2_matched_0.500,0.5,0.29000000000000004,0.3304999999999998,-0.04833333333333334,0.9988633909594129,0.0011366090405870999,-25.16666666666663
0.25,0.25,4,0,two-2g,baseline2_matched_0.650,0.65,0.4317500000000001,0.472,-0.07195833333333335,0.9944835492078659,0.005516450792134142,-38.54761904761904
0.25,0.25,4,0,two-2g,baseline2_matched_0.800,0.8,0.48724999999999996,0.4754999999999998,-0.08120833333333333,0.9929254205859395,0.007074579414060533,-43.26190476190476
0.25,0.25,4,0,two-2g,baseline2_matched_0.950,0.95,0.7290000000000001,0.734,-0.12150000000000005,0.9861924733749349,0.013807526625065125,-60.833333333333314
0.25,0.25,4,0,two-g,baseline2_all_hdv_yield,1.0,1.1337499999999996,1.1280000000000001,-0.18895833333333334,0.9844341391891457,0.015565860810854315,-84.77083333333331
0.25,0.25,4,0,two-g,baseline2_matched_0.050,0.05,-0.013250000000000206,0.00749999999999984,0.0022083333333333677,0.9988133801616288,0.0011866198383712057,2.4166666666666856
0.25,0.25,4,0,two-g,baseline2_matched_0.200,0.2,0.13675000000000015,0.1509999999999998,-0.022791666666666655,0.9969144312002437,0.0030855687997562997,-12.75
0.25,0.25,4,0,two-g,baseline2_matched_0.350,0.35,0.17974999999999985,0.20399999999999974,-0.029958333333333365,0.9971511706261271,0.0028488293738728743,-15.833333333333314
0.25,0.25,4,0,two-g,baseline2_matched_0.500,0.5,0.2752499999999998,0.3099999999999996,-0.045875,0.9965229505721197,0.0034770494278802966,-25.41666666666663
0.25,0.25,4,0,two-g,baseline2_matched_0.650,0.65,0.43400000000000016,0.4484999999999997,-0.0723333333333333,0.9941073316154309,0.005892668384569144,-38.76190476190476
0.25,0.25,4,0,two-g,baseline2_matched_0.800,0.8,0.4794999999999998,0.5225,-0.07991666666666669,0.9920510434882869,0.007948956511713123,-42.54761904761904
0.25,0.25,4,0,two-g,baseline2_matched_0.950,0.95,0.7872499999999998,0.7719999999999998,-0.13120833333333337,0.9888316795671808,0.011168320432819234,-63.833333333333314
0.25,0.25,4,1,one,baseline2_all_hdv_yield,1.0,1.1205000000000003,1.1205000000000003,-0.18674999999999997,0.9900150581655531,0.00998494183444687,-88.70833333333331
0.25,0.25,4,1,one,baseline2_matched_0.050,0.05,0.026000000000000245,0.026000000000000245,-0.0043333333333333,0.9945454932064564,0.005454506793543645,-6.0
0.25,0.25,4,1,one,baseline2_matched_0.200,0.2,0.06349999999999989,0.06349999999999989,-0.010583333333333278,0.9975895897546672,0.002410410245332839,-9.166666666666629
0.25,0.25,4,1,one,baseline2_matched_0.350,0.35,0.3275000000000001,0.3275000000000001,-0.05458333333333332,0.9973240388347121,0.002675961165287899,-31.0
0.25,0.25,4,1,one,baseline2_matched_0.500,0.5,0.2745000000000002,0.2745000000000002,-0.04574999999999996,0.9975045355480304,0.0024954644519695757,-26.0
0.25,0.25,4,1,one,baseline2_matched_0.650,0.65,0.4304999999999999,0.4304999999999999,-0.07174999999999998,0.9958432191264162,0.004156780873583843,-41.26190476190476
0.25,0.25,4,1,one,baseline2_matched_0.800,0.8,0.5920000000000001,0.5920000000000001,-0.09866666666666668,0.9957946862871332,0.0042053137128668094,-53.69047619047615
0.25,0.25,4,1,one,baseline2_matched_0.950,0.95,0.9330000000000003,0.9330000000000003,-0.15549999999999997,0.991105667353322,0.00889433264667805,-77.08333333333331
0.25,0.25,4,1,two-2g,baseline2_all_hdv_yield,1.0,1.0835000000000004,1.0970000000000004,-0.18058333333333332,0.9886568980335381,0.011343101966461933,-84.39583333333331
0.25,0.25,4,1,two-2g,baseline2_matched_0.050,0.05,0.0405000000000002,0.0625,-0.006749999999999978,0.9992034708444981,0.0007965291555018794,-7.916666666666629
0.25,0.25,4,1,two-2g,baseline2_matched_0.200,0.2,0.11750000000000016,0.129,-0.01958333333333334,1.000543051108264,-0.0005430511082640255,-15.083333333333314
0.25,0.25,4,1,two-2g,baseline2_matched_0.350,0.35,0.09200000000000008,0.1200000000000001,-0.01533333333333331,0.9972475113138357,0.0027524886861642894,-11.583333333333314
0.25,0.25,4,1,two-2g,baseline2_matched_0.500,0.5,0.2727499999999998,0.2935000000000003,-0.04545833333333338,0.9982373601602749,0.001762639839725133,-25.25
0.25,0.25,4,1,two-2g,baseline2_matched_0.650,0.65,0.27649999999999997,0.30950000000000033,-0.04608333333333331,0.9954808067203051,0.004519193279694855,-29.5
0.25,0.25,4,1,two-2g,baseline2_matched_0.800,0.8,0.49575000000000014,0.5285000000000002,-0.08262499999999995,0.9930943084666887,0.006905691533311331,-44.76190476190476
0.25,0.25,4,1,two-2g,baseline2_matched_0.950,0.95,0.6887500000000002,0.6455000000000002,-0.11479166666666668,0.9879601992314704,0.012039800768529618,-60.40476190476187
0.25,0.25,4,1,two-g,baseline2_all_hdv_yield,1.0,1.0835000000000004,1.0970000000000004,-0.18058333333333332,0.9886568980335381,0.011343101966461933,-84.39583333333331
0.25,0.25,4,1,two-g,baseline2_matched_0.050,0.05,-0.00749999999999984,-0.0024999999999999467,0.0012500000000000289,0.9995367806564563,0.0004632193435436527,-0.5833333333333144
0.25,0.25,4,1,two-g,baseline2_matched_0.200,0.2,0.0129999999999999,0.02100000000000035,-0.0021666666666667056,0.9982240277677986,0.0017759722322013838,-3.8333333333333144
0.25,0.25,4,1,two-g,baseline2_matched_0.350,0.35,0.09750000000000014,0.1080000000000001,-0.016249999999999987,0.9998694401078021,0.0001305598921979012,-12.75
0.25,0.25,4,1,two-g,baseline2_matched_0.500,0.5,0.2552500000000002,0.26350000000000007,-0.042541666666666644,0.9970832952601412,0.002916704739858833,-26.91666666666663
0.25,0.25,4,1,two-g,baseline2_matched_0.650,0.65,0.3224999999999998,0.3230000000000004,-0.05375000000000002,0.9943303188035187,0.005669681196481258,-33.60256410256409
0.25,0.25,4,1,two-g,baseline2_matched_0.800,0.8,0.496,0.48550000000000004,-0.08266666666666667,0.9898789256172827,0.010121074382717254,-46.04761904761904
0.25,0.25,4,1,two-g,baseline2_matched_0.950,0.95,0.8035000000000001,0.7775000000000003,-0.13391666666666668,0.9866131398207038,0.013386860179296245,-66.56666666666663
0.25,0.25,4,2,one,baseline2_all_hdv_yield,1.0,1.2839999999999998,1.2839999999999998,-0.21399999999999997,0.990236885006961,0.009763114993038946,-97.41666666666669
0.25,0.25,4,2,one,baseline2_matched_0.050,0.05,0.0535000000000001,0.0535000000000001,-0.008916666666666684,0.9984590183963401,0.0015409816036598967,-4.666666666666686
0.25,0.25,4,2,one,baseline2_matched_0.200,0.2,0.1955,0.1955,-0.03258333333333341,0.9973278309541559,0.0026721690458441083,-20.5
0.25,0.25,4,2,one,baseline2_matched_0.350,0.35,0.24649999999999972,0.24649999999999972,-0.04108333333333336,0.9959320354195683,0.004067964580431682,-23.666666666666686
0.25,0.25,4,2,one,baseline2_matched_0.500,0.5,0.32699999999999996,0.32699999999999996,-0.05449999999999999,0.993332945522333,0.006667054477667023,-33.166666666666686
0.25,0.25,4,2,one,baseline2_matched_0.650,0.65,0.5099999999999998,0.5099999999999998,-0.08499999999999996,0.9961169208044016,0.0038830791955983823,-47.166666666666686
0.25,0.25,4,2,one,baseline2_matched_0.800,0.8,0.7250000000000001,0.7250000000000001,-0.12083333333333335,0.9943468174354819,0.005653182564518078,-60.59523809523813
0.25,0.25,4,2,one,baseline2_matched_0.950,0.95,0.9434999999999998,0.9434999999999998,-0.15725,0.9938783655094929,0.006121634490507066,-77.16666666666669
0.25,0.25,4,2,two-2g,baseline2_all_hdv_yield,1.0,0.9889999999999999,0.9760000000000004,-0.1648333333333334,0.9860759232772773,0.013924076722722667,-77.79166666666669
0.25,0.25,4,2,two-2g,baseline2_matched_0.050,0.05,0.010250000000000092,0.0030000000000001137,-0.0017083333333333672,0.9973579033177654,0.002642096682234585,-2.25
0.25,0.25,4,2,two-2g,baseline2_matched_0.200,0.2,0.052000000000000046,0.04850000000000021,-0.008666666666666711,0.9978631150482176,0.002136884951782436,-6.666666666666686
0.25,0.25,4,2,two-2g,baseline2_matched_0.350,0.35,0.17200000000000015,0.13149999999999995,-0.028666666666666674,0.9951242929591851,0.004875707040814858,-17.25
0.25,0.25,4,2,two-2g,baseline2_matched_0.500,0.5,0.26275000000000004,0.26400000000000023,-0.04379166666666667,0.9952661352503585,0.004733864749641548,-24.33333333333337
0.25,0.25,4,2,two-2g,baseline2_matched_0.650,0.65,0.29725,0.29200000000000026,-0.049541666666666706,0.9950918347689878,0.004908165231012229,-30.08333333333337
0.25,0.25,4,2,two-2g,baseline2_matched_0.800,0.8,0.5474999999999999,0.5525000000000002,-0.09125,0.9918650037903042,0.008134996209695822,-49.916666666666686
0.25,0.25,4,2,two-2g,baseline2_matched_0.950,0.95,0.6982500000000003,0.6875,-0.116375,0.9840218067105051,0.015978193289494902,-59.20238095238096
0.25,0.25,4,2,two-g,baseline2_all_hdv_yield,1.0,0.9889999999999999,0.9760000000000004,-0.1648333333333334,0.9860759232772773,0.013924076722722667,-77.79166666666669
0.25,0.25,4,2,two-g,baseline2_matched_0.050,0.05,-0.034499999999999975,-0.024499999999999744,0.005749999999999977,0.9974940654256496,0.0025059345743504435,2.4166666666666288
0.25,0.25,4,2,two-g,baseline2_matched_0.200,0.2,0.14900000000000002,0.1525000000000003,-0.024833333333333374,0.9983576155759055,0.0016423844240944785,-15.75
0.25,0.25,4,2,two-g,baseline2_matched_0.350,0.35,0.17600000000000016,0.1844999999999999,-0.029333333333333322,0.995036980427549,0.004963019572451044,-17.666666666666686
0.25,0.25,4,2,two-g,baseline2_matched_0.500,0.5,0.2709999999999999,0.2835000000000001,-0.04516666666666669,0.99525980590327,0.004740194096729988,-26.33333333333337
0.25,0.25,4,2,two-g,baseline2_matched_0.650,0.65,0.38975000000000026,0.3610000000000002,-0.06495833333333334,0.9941339935762009,0.005866006423799086,-36.03205128205133
0.25,0.25,4,2,two-g,baseline2_matched_0.800,0.8,0.5017499999999999,0.47950000000000026,-0.083625,0.9905538551971999,0.00944614480280015,-44.48809523809524
0.25,0.25,4,2,two-g,baseline2_matched_0.950,0.95,0.77875,0.722,-0.1297916666666667,0.9852620341580265,0.01473796584197351,-63.84523809523813
0.25,0.25,4,3,one,baseline2_all_hdv_yield,1.0,1.1829999999999998,1.1829999999999998,-0.1971666666666667,0.9938722660485882,0.006127733951411751,-88.25
0.25,0.25,4,3,one,baseline2_matched_0.050,0.05,-0.028500000000000192,-0.028500000000000192,0.004750000000000032,0.9998978629818123,0.00010213701818773124,2.1666666666666856
0.25,0.25,4,3,one,baseline2_matched_0.200,0.2,0.04049999999999976,0.04049999999999976,-0.006750000000000034,0.9999201090414196,7.989095858040862e-05,-1.1666666666666856
0.25,0.25,4,3,one,baseline2_matched_0.350,0.35,0.3104999999999998,0.3104999999999998,-0.05174999999999996,1.0003981557529482,-0.0003981557529482149,-30.333333333333314
0.25,0.25,4,3,one,baseline2_matched_0.500,0.5,0.3264999999999998,0.3264999999999998,-0.05441666666666667,0.9980215621150614,0.0019784378849385664,-29.5
0.25,0.25,4,3,one,baseline2_matched_0.650,0.65,0.4304999999999999,0.4304999999999999,-0.07174999999999998,0.9989586570784537,0.00104134292154634,-39.0
0.25,0.25,4,3,one,baseline2_matched_0.800,0.8,0.5294999999999996,0.5294999999999996,-0.08824999999999994,0.9944873614776861,0.005512638522313873,-45.71428571428572
0.25,0.25,4,3,one,baseline2_matched_0.950,0.95,0.9249999999999998,0.9249999999999998,-0.15416666666666667,0.9982113843316963,0.0017886156683036836,-73.25
0.25,0.25,4,3,two-2g,baseline2_all_hdv_yield,1.0,1.1517500000000003,1.1529999999999996,-0.1919583333333333,0.9840053080606904,0.01599469193930958,-90.66666666666669
0.25,0.25,4,3,two-2g,baseline2_matched_0.050,0.05,0.05425000000000013,0.0495000000000001,-0.00904166666666667,1.0008180119239651,-0.000818011923965134,-5.25
0.25,0.25,4,3,two-2g,baseline2_matched_0.200,0.2,0.1807500000000002,0.15649999999999986,-0.030124999999999957,1.000268392392931,-0.0002683923929309717,-18.08333333333337
0.25,0.25,4,3,two-2g,baseline2_matched_0.350,0.35,0.20199999999999996,0.19799999999999995,-0.03366666666666662,0.9970650674465866,0.002934932553413372,-20.666666666666686
0.25,0.25,4,3,two-2g,baseline2_matched_0.500,0.5,0.34724999999999984,0.32899999999999974,-0.057874999999999954,0.9937054510462524,0.006294548953747592,-32.83333333333337
0.25,0.25,4,3,two-2g,baseline2_matched_0.650,0.65,0.3992499999999999,0.38649999999999984,-0.06654166666666661,0.9950901413397908,0.00490985866020921,-36.58333333333337
0.25,0.25,4,3,two-2g,baseline2_matched_0.800,0.8,0.5662500000000001,0.5609999999999999,-0.09437499999999993,0.9903862884630117,0.009613711536988312,-51.63095238095241
0.25,0.25,4,3,two-2g,baseline2_matched_0.950,0.95,0.8057500000000002,0.806,-0.13429166666666664,0.9893456993124634,0.010654300687536589,-69.27380952380952
0.25,0.25,4,3,two-g,baseline2_all_hdv_yield,1.0,1.1517500000000003,1.1529999999999996,-0.1919583333333333,0.9840053080606904,0.01599469193930958,-90.66666666666669
0.25,0.25,4,3,two-g,baseline2_matched_0.050,0.05,0.06550000000000011,0.06299999999999972,-0.01091666666666663,1.0004115241714824,-0.0004115241714823803,-8.0
0.25,0.25,4,3,two-g,baseline2_matched_0.200,0.2,0.17600000000000016,0.17300000000000004,-0.029333333333333322,0.9996433890420825,0.0003566109579175025,-17.416666666666686
0.25,0.25,4,3,two-g,baseline2_matched_0.350,0.35,0.1509999999999998,0.13149999999999995,-0.025166666666666615,0.9965851454558421,0.003414854544157908,-15.916666666666686
0.25,0.25,4,3,two-g,baseline2_matched_0.500,0.5,0.27249999999999996,0.2559999999999998,-0.04541666666666666,0.9953781920133089,0.0046218079866910955,-27.58333333333337
0.25,0.25,4,3,two-g,baseline2_matched_0.650,0.65,0.37175,0.33999999999999986,-0.06195833333333334,0.9927972709757517,0.007202729024248344,-34.666666666666686
0.25,0.25,4,3,two-g,baseline2_matched_0.800,0.8,0.609,0.5825,-0.10149999999999998,0.9916049393948208,0.00839506060517925,-54.05952380952385
0.25,0.25,4,3,two-g,baseline2_matched_0.950,0.95,0.8534999999999999,0.8504999999999998,-0.14225,0.9892279120940177,0.010772087905982275,-73.3452380952381
0.25,0.25,4,4,one,baseline2_all_hdv_yield,1.0,1.2934999999999999,1.2934999999999999,-0.21558333333333324,0.9909391889447388,0.009060811055261242,-96.25
0.25,0.25,4,4,one,baseline2_matched_0.050,0.05,-0.05150000000000032,-0.05150000000000032,0.008583333333333387,1.0009833224552984,-0.0009833224552984188,5.5
0.25,0.25,4,4,one,baseline2_matched_0.200,0.2,0.12249999999999961,0.12249999999999961,-0.020416666666666528,0.9984219142843305,0.0015780857156695305,-12.5
0.25,0.25,4,4,one,baseline2_matched_0.350,0.35,0.26449999999999996,0.26449999999999996,-0.04408333333333325,0.9995553065748293,0.00044469342517072796,-29.0
0.25,0.25,4,4,one,baseline2_matched_0.500,0.5,0.3365,0.3365,-0.05608333333333326,0.9999316979452784,6.83020547216362e-05,-34.0
0.25,0.25,4,4,one,baseline2_matched_0.650,0.65,0.45199999999999996,0.45199999999999996,-0.07533333333333325,0.9938805577146704,0.006119442285329568,-42.71428571428572
0.25,0.25,4,4,one,baseline2_matched_0.800,0.8,0.5699999999999998,0.5699999999999998,-0.09499999999999997,0.9961622681603559,0.0038377318396440874,-51.28571428571428
0.25,0.25,4,4,one,baseline2_matched_0.950,0.95,0.8969999999999998,0.8969999999999998,-0.14949999999999997,0.9948100172669561,0.005189982733043941,-73.28571428571428
0.25,0.25,4,4,two-2g,baseline2_all_hdv_yield,1.0,1.1607499999999997,1.1429999999999998,-0.1934583333333333,0.9857240538008348,0.014275946199165168,-87.02083333333331
0.25,0.25,4,4,two-2g,baseline2_matched_0.050,0.05,0.0129999999999999,-0.022499999999999964,-0.00216666666666665,0.997610789468609,0.0023892105313909617,-3.1666666666666288
0.25,0.25,4,4,two-2g,baseline2_matched_0.200,0.2,0.1014999999999997,0.09750000000000014,-0.01691666666666669,0.995209910021314,0.0047900899786860185,-12.25
0.25,0.25,4,4,two-2g,baseline2_matched_0.350,0.35,0.0924999999999998,0.09650000000000025,-0.01541666666666669,0.9930834121660419,0.006916587833958099,-13.416666666666629
0.25,0.25,4,4,two-2g,baseline2_matched_0.500,0.5,0.27,0.25349999999999984,-0.044999999999999984,0.9934253762293495,0.006574623770650545,-26.833333333333314
0.25,0.25,4,4,two-2g,baseline2_matched_0.650,0.65,0.34775,0.3420000000000001,-0.05795833333333328,0.9926790518163084,0.007320948183691556,-33.525641025640994
0.25,0.25,4,4,two-2g,baseline2_matched_0.800,0.8,0.5265,0.5100000000000002,-0.08775,0.9924716044224545,0.007528395577545477,-47.61904761904759
0.25,0.25,4,4,two-2g,baseline2_matched_0.950,0.95,0.7315,0.7120000000000002,-0.12191666666666667,0.9865990604253742,0.013400939574625848,-61.19047619047615
0.25,0.25,4,4,two-g,baseline2_all_hdv_yield,1.0,1.1607499999999997,1.1429999999999998,-0.1934583333333333,0.9857240538008348,0.014275946199165168,-87.02083333333331
0.25,0.25,4,4,two-g,baseline2_matched_0.050,0.05,-0.013000000000000345,-0.025500000000000078,0.0021666666666667056,0.9955220535217508,0.004477946478249173,-3.6666666666666288
0.25,0.25,4,4,two-g,baseline2_matched_0.200,0.2,0.02124999999999977,0.03049999999999997,-0.003541666666666665,0.9951867342577817,0.004813265742218298,-2.6666666666666288
0.25,0.25,4,4,two-g,baseline2_matched_0.350,0.35,0.11999999999999966,0.08300000000000018,-0.020000000000000018,0.9945501300678944,0.005449869932105611,-13.833333333333314
0.25,0.25,4,4,two-g,baseline2_matched_0.500,0.5,0.25124999999999975,0.22699999999999987,-0.041874999999999996,0.9924421079961415,0.00755789200385848,-23.583333333333314
0.25,0.25,4,4,two-g,baseline2_matched_0.650,0.65,0.35024999999999995,0.31599999999999984,-0.05837500000000001,0.9931798427905327,0.00682015720946727,-33.525641025640994
0.25,0.25,4,4,two-g,baseline2_matched_0.800,0.8,0.5117499999999997,0.488,-0.0852916666666666,0.9916204218345509,0.008379578165449098,-46.19047619047615
0.25,0.25,4,4,two-g,baseline2_matched_0.950,0.95,0.7754999999999996,0.7435,-0.12925000000000003,0.9880745300141558,0.011925469985844206,-65.83333333333331
0.25,0.25,4,5,one,baseline2_all_hdv_yield,1.0,1.1580000000000004,1.1580000000000004,-0.19300000000000006,0.9875029180482819,0.012497081951718059,-85.58333333333331
0.25,0.25,4,5,one,baseline2_matched_0.050,0.05,0.032500000000000195,0.032500000000000195,-0.005416666666666625,0.994744847473921,0.005255152526078999,-3.1666666666666288
0.25,0.25,4,5,one,baseline2_matched_0.200,0.2,0.11850000000000005,0.11850000000000005,-0.019749999999999934,0.9955083462239057,0.004491653776094284,-10.833333333333314
0.25,0.25,4,5,one,baseline2_matched_0.350,0.35,0.19450000000000012,0.19450000000000012,-0.03241666666666665,0.9922251077355547,0.007774892264445277,-18.66666666666663
0.25,0.25,4,5,one,baseline2_matched_0.500,0.5,0.2530000000000001,0.2530000000000001,-0.042166666666666686,0.9925314119314882,0.007468588068511806,-21.0
0.25,0.25,4,5,one,baseline2_matched_0.650,0.65,0.3534999999999999,0.3534999999999999,-0.05891666666666662,0.9926066955576994,0.0073933044423005745,-30.5
0.25,0.25,4,5,one,baseline2_matched_0.800,0.8,0.5260000000000002,0.5260000000000002,-0.08766666666666667,0.9906178184711445,0.009382181528855504,-44.26190476190476
0.25,0.25,4,5,one,baseline2_matched_0.950,0.95,0.8320000000000003,0.8320000000000003,-0.13866666666666672,0.9894092416305582,0.010590758369441788,-67.11904761904759
0.25,0.25,4,5,two-2g,baseline2_all_hdv_yield,1.0,1.1037500000000002,1.1089999999999995,-0.18395833333333328,0.9873146693619401,0.012685330638059877,-84.52083333333331
0.25,0.25,4,5,two-2g,baseline2_matched_0.050,0.05,-0.007249999999999979,-0.006500000000000394,0.0012083333333333113,1.0014072260987081,-0.0014072260987081364,-0.3333333333333144
0.25,0.25,4,5,two-2g,baseline2_matched_0.200,0.2,0.10975000000000001,0.08549999999999969,-0.01829166666666665,0.9971740198167686,0.0028259801832314357,-11.583333333333314
0.25,0.25,4,5,two-2g,baseline2_matched_0.350,0.35,0.16725000000000012,0.17049999999999965,-0.027874999999999983,0.9951395738704409,0.004860426129559059,-16.583333333333314
0.25,0.25,4,5,two-2g,baseline2_matched_0.500,0.5,0.21875,0.2314999999999996,-0.036458333333333315,0.995603778256757,0.004396221743242945,-19.083333333333314
0.25,0.25,4,5,two-2g,baseline2_matched_0.650,0.65,0.42600000000000016,0.41949999999999976,-0.07100000000000001,0.9957115892789745,0.004288410721025482,-38.333333333333314
0.25,0.25,4,5,two-2g,baseline2_matched_0.800,0.8,0.50075,0.5114999999999998,-0.08345833333333336,0.9933288682684052,0.006671131731594837,-45.40476190476187
0.25,0.25,4,5,two-2g,baseline2_matched_0.950,0.95,0.8109999999999999,0.7685,-0.13516666666666666,0.985910690583178,0.01408930941682196,-66.97619047619045
0.25,0.25,4,5,two-g,baseline2_all_hdv_yield,1.0,1.1037500000000002,1.1089999999999995,-0.18395833333333328,0.9873146693619401,0.012685330638059877,-84.52083333333331
0.25,0.25,4,5,two-g,baseline2_matched_0.050,0.05,-0.03424999999999967,-0.030500000000000416,0.005708333333333315,0.9978087085002656,0.0021912914997344046,2.5
0.25,0.25,4,5,two-g,baseline2_matched_0.200,0.2,0.07875000000000032,0.08299999999999974,-0.013124999999999998,0.9985177608105327,0.001482239189467327,-10.833333333333314
0.25,0.25,4,5,two-g,baseline2_matched_0.350,0.35,0.15874999999999995,0.17149999999999999,-0.02645833333333336,0.998661292352154,0.0013387076478460491,-15.416666666666629
0.25,0.25,4,5,two-g,baseline2_matched_0.500,0.5,0.2120000000000002,0.19599999999999973,-0.03533333333333333,0.9925538953632317,0.007446104636768314,-18.66666666666663
0.25,0.25,4,5,two-g,baseline2_matched_0.650,0.65,0.27574999999999994,0.23749999999999982,-0.04595833333333332,0.9984604456134779,0.0015395543865220906,-25.333333333333314
0.25,0.25,4,5,two-g,baseline2_matched_0.800,0.8,0.5477500000000002,0.5619999999999998,-0.09129166666666666,0.9894643951663633,0.010535604833636691,-49.833333333333314
0.25,0.25,4,5,two-g,baseline2_matched_0.950,0.95,0.7717499999999999,0.7629999999999999,-0.128625,0.9872325121673022,0.012767487832697766,-63.54761904761904
0.25,0.25,4,6,one,baseline2_all_hdv_yield,1.0,1.1409999999999996,1.1409999999999996,-0.1901666666666666,0.9921481327835151,0.007851867216484898,-86.08333333333331
0.25,0.25,4,6,one,baseline2_matched_0.050,0.05,0.022999999999999687,0.022999999999999687,-0.0038333333333332442,1.001121185223272,-0.001121185223271981,-2.1666666666666288
0.25,0.25,4,6,one,baseline2_matched_0.200,0.2,0.059499999999999886,0.059499999999999886,-0.009916666666666685,0.9995416579226244,0.0004583420773756064,-4.666666666666629
0.25,0.25,4,6,one,baseline2_matched_0.350,0.35,0.20799999999999974,0.20799999999999974,-0.03466666666666662,0.998548367018391,0.0014516329816089968,-18.833333333333314
0.25,0.25,4,6,one,baseline2_matched_0.500,0.5,0.27349999999999985,0.27349999999999985,-0.04558333333333331,1.0002757518376282,-0.0002757518376281798,-25.5
0.25,0.25,4,6,one,baseline2_matched_0.650,0.65,0.36549999999999994,0.36549999999999994,-0.06091666666666662,0.9963641008436954,0.0036358991563045784,-34.0
0.25,0.25,4,6,one,baseline2_matched_0.800,0.8,0.589,0.589,-0.09816666666666662,0.9986830780397166,0.0013169219602834348,-51.04761904761904
0.25,0.25,4,6,one,baseline2_matched_0.950,0.95,0.8794999999999997,0.8794999999999997,-0.1465833333333333,0.9942418341992988,0.005758165800701209,-68.61904761904759
0.25,0.25,4,6,two-2g,baseline2_all_hdv_yield,1.0,0.8850000000000002,0.9015000000000004,-0.14750000000000002,0.9888038201006398,0.01119617989936017,-70.08333333333331
0.25,0.25,4,6,two-2g,baseline2_matched_0.050,0.05,0.022499999999999964,0.020000000000000018,-0.003750000000000031,0.9989800086903219,0.0010199913096781144,-1.8333333333333144
0.25,0.25,4,6,two-2g,baseline2_matched_0.200,0.2,0.06949999999999967,0.08300000000000018,-0.011583333333333334,1.0009460553457006,-0.0009460553457005805,-7.833333333333314
0.25,0.25,4,6,two-2g,baseline2_matched_0.350,0.35,0.13949999999999996,0.15949999999999998,-0.023249999999999993,0.997589362580992,0.0024106374190080437,-16.0
0.25,0.25,4,6,two-2g,baseline2_matched_0.500,0.5,0.22049999999999992,0.22949999999999982,-0.036750000000000005,0.9990781566512968,0.0009218433487031552,-19.583333333333314
0.25,0.25,4,6,two-2g,baseline2_matched_0.650,0.65,0.3497499999999998,0.31300000000000017,-0.05829166666666663,0.9947825583923519,0.005217441607648143,-31.275641025640994
0.25,0.25,4,6,two-2g,baseline2_matched_0.800,0.8,0.5419999999999998,0.548,-0.09033333333333332,0.9947339719017363,0.005266028098263709,-47.29761904761904
0.25,0.25,4,6,two-2g,baseline2_matched_0.950,0.95,0.7757499999999999,0.7945000000000002,-0.1292916666666667,0.9902380153052336,0.009761984694766412,-64.22619047619045
0.25,0.25,4,6,two-g,baseline2_all_hdv_yield,1.0,0.8850000000000002,0.9015000000000004,-0.14750000000000002,0.9888038201006398,0.01119617989936017,-70.08333333333331
0.25,0.25,4,6,two-g,baseline2_matched_0.050,0.05,0.017749999999999932,-0.00550000000000006,-0.002958333333333285,1.0006709485610468,-0.0006709485610467691,-1.8333333333333144
0.25,0.25,4,6,two-g,baseline2_matched_0.200,0.2,0.12199999999999989,0.13949999999999996,-0.020333333333333314,0.9992284660286187,0.0007715339713812996,-13.25
0.25,0.25,4,6,two-g,baseline2_matched_0.350,0.35,0.09199999999999964,0.10950000000000015,-0.015333333333333365,0.9988059748058741,0.001194025194125925,-8.583333333333314
0.25,0.25,4,6,two-g,baseline2_matched_0.500,0.5,0.21174999999999988,0.23050000000000015,-0.03529166666666672,0.9943147306114727,0.005685269388527314,-20.833333333333314
0.25,0.25,4,6,two-g,baseline2_matched_0.650,0.65,0.4059999999999997,0.3650000000000002,-0.06766666666666671,0.9926117659905629,0.007388234009437111,-36.737179487179446
0.25,0.25,4,6,two-g,baseline2_matched_0.800,0.8,0.4554999999999998,0.4514999999999998,-0.07591666666666663,0.9940191492521757,0.0059808507478242845,-40.36904761904759
0.25,0.25,4,6,two-g,baseline2_matched_0.950,0.95,0.7754999999999996,0.7909999999999999,-0.12925000000000003,0.9884949140181635,0.011505085981836527,-63.1547619047619
0.25,0.25,4,7,one,baseline2_all_hdv_yield,1.0,1.1789999999999998,1.1789999999999998,-0.1965,0.9925252049860361,0.007474795013963864,-89.875
0.25,0.25,4,7,one,baseline2_matched_0.050,0.05,0.020000000000000018,0.020000000000000018,-0.0033333333333334103,1.0017340159321433,-0.0017340159321432846,-0.5
0.25,0.25,4,7,one,baseline2_matched_0.200,0.2,0.1280000000000001,0.1280000000000001,-0.021333333333333426,1.002687480925009,-0.0026874809250090337,-11.666666666666686
0.25,0.25,4,7,one,baseline2_matched_0.350,0.35,0.21550000000000002,0.21550000000000002,-0.03591666666666671,0.9990951264564034,0.0009048735435965849,-21.0
0.25,0.25,4,7,one,baseline2_matched_0.500,0.5,0.36850000000000005,0.36850000000000005,-0.061416666666666675,0.9984616499706028,0.001538350029397173,-35.5
0.25,0.25,4,7,one,baseline2_matched_0.650,0.65,0.4339999999999997,0.4339999999999997,-0.07233333333333336,0.9980654427688611,0.0019345572311388892,-38.64285714285717
0.25,0.25,4,7,one,baseline2_matched_0.800,0.8,0.5215000000000001,0.5215000000000001,-0.08691666666666675,0.9997802821424302,0.0002197178575698011,-46.78571428571428
0.25,0.25,4,7,one,baseline2_matched_0.950,0.95,0.875,0.875,-0.14583333333333337,0.9934656689222434,0.006534331077756583,-72.78571428571428
0.25,0.25,4,7,two-2g,baseline2_all_hdv_yield,1.0,1.08025,1.0465,-0.18004166666666666,0.9875850210226412,0.01241497897735877,-80.97916666666669
0.25,0.25,4,7,two-2g,baseline2_matched_0.050,0.05,-0.041749999999999954,-0.04150000000000009,0.006958333333333289,1.0019478651495477,-0.0019478651495477006,3.8333333333333144
0.25,0.25,4,7,two-2g,baseline2_matched_0.200,0.2,0.09724999999999984,0.040000000000000036,-0.01620833333333338,0.998192069092738,0.0018079309072619454,-10.333333333333371
0.25,0.25,4,7,two-2g,baseline2_matched_0.350,0.35,0.16199999999999992,0.13549999999999995,-0.02699999999999997,0.9968060537406023,0.0031939462593977286,-16.666666666666686
0.25,0.25,4,7,two-2g,baseline2_matched_0.500,0.5,0.28474999999999984,0.278,-0.04745833333333338,0.9990160721222049,0.00098392787779511,-26.916666666666686
0.25,0.25,4,7,two-2g,baseline2_matched_0.650,0.65,0.37524999999999986,0.34099999999999975,-0.06254166666666666,0.9955845139438555,0.004415486056144502,-34.24358974358978
0.25,0.25,4,7,two-2g,baseline2_matched_0.800,0.8,0.48724999999999996,0.46899999999999986,-0.08120833333333333,0.9930452194009668,0.006954780599033206,-44.38095238095241
0.25,0.25,4,7,two-2g,baseline2_matched_0.950,0.95,0.81725,0.7965,-0.13620833333333338,0.9899650408182199,0.010034959181780101,-65.66666666666669
0.25,0.25,4,7,two-g,baseline2_all_hdv_yield,1.0,1.08025,1.0465,-0.18004166666666666,0.9875850210226412,0.01241497897735877,-80.97916666666669
0.25,0.25,4,7,two-g,baseline2_matched_0.050,0.05,-0.052750000000000075,-0.08650000000000002,0.008791666666666642,1.000348129090558,-0.00034812909055803587,4.666666666666629
0.25,0.25,4,7,two-g,baseline2_matched_0.200,0.2,0.04124999999999979,0.02950000000000008,-0.00687500000000002,0.9980766761635596,0.0019233238364404492,-5.0
0.25,0.25,4,7,two-g,baseline2_matched_0.350,0.35,0.09775,0.08899999999999997,-0.016291666666666704,0.9992587223239827,0.0007412776760172823,-9.583333333333371
0.25,0.25,4,7,two-g,baseline2_matched_0.500,0.5,0.20299999999999985,0.16449999999999987,-0.033833333333333326,0.9965882699024385,0.0034117300975614606,-18.75
0.25,0.25,4,7,two-g,baseline2_matched_0.650,0.65,0.3729999999999998,0.36099999999999977,-0.06216666666666665,0.9919158314223101,0.008084168577689899,-34.32051282051282
0.25,0.25,4,7,two-g,baseline2_matched_0.800,0.8,0.52075,0.5189999999999997,-0.08679166666666666,0.9937905602082946,0.006209439791705407,-46.95238095238096
0.25,0.25,4,7,two-g,baseline2_matched_0.950,0.95,0.78925,0.7464999999999997,-0.13154166666666667,0.9896222750609889,0.010377724939011124,-63.95238095238096
0.25,0.25,4,8,one,baseline2_all_hdv_yield,1.0,1.1440000000000001,1.1440000000000001,-0.19066666666666676,0.9938415338257837,0.006158466174216337,-86.83333333333331
0.25,0.25,4,8,one,baseline2_matched_0.050,0.05,-0.0259999999999998,-0.0259999999999998,0.0043333333333333,0.9983647230849405,0.0016352769150594915,1.6666666666666856
0.25,0.25,4,8,one,baseline2_matched_0.200,0.2,0.07500000000000018,0.07500000000000018,-0.012500000000000067,1.00069628737106,-0.0006962873710600892,-8.333333333333314
0.25,0.25,4,8,one,baseline2_matched_0.350,0.35,0.137,0.137,-0.022833333333333372,0.9987343771637224,0.0012656228362776245,-12.0
0.25,0.25,4,8,one,baseline2_matched_0.500,0.5,0.242,0.242,-0.04033333333333333,0.999551934449955,0.0004480655500449515,-22.833333333333314
0.25,0.25,4,8,one,baseline2_matched_0.650,0.65,0.4075000000000002,0.4075000000000002,-0.06791666666666674,0.9959014989578422,0.004098501042157809,-37.97619047619048
0.25,0.25,4,8,one,baseline2_matched_0.800,0.8,0.49650000000000016,0.49650000000000016,-0.0827500000000001,0.9958011712368543,0.004198828763145701,-45.26190476190476
0.25,0.25,4,8,one,baseline2_matched_0.950,0.95,0.7654999999999998,0.7654999999999998,-0.12758333333333338,0.9951006629584366,0.004899337041563423,-65.11904761904759
0.25,0.25,4,8,two-2g,baseline2_all_hdv_yield,1.0,1.133,1.1384999999999996,-0.18883333333333335,0.9870313680160171,0.012968631983982903,-87.83333333333331
0.25,0.25,4,8,two-2g,baseline2_matched_0.050,0.05,0.08975,0.09350000000000014,-0.014958333333333351,1.0030039478316892,-0.0030039478316892243,-11.583333333333314
0.25,0.25,4,8,two-2g,baseline2_matched_0.200,0.2,0.14925000000000033,0.129,-0.024875000000000036,1.0019291318450705,-0.0019291318450704864,-15.916666666666629
0.25,0.25,4,8,two-2g,baseline2_matched_0.350,0.35,0.23550000000000004,0.24449999999999994,-0.03925000000000001,1.0010919153318603,-0.0010919153318602604,-22.833333333333314
0.25,0.25,4,8,two-2g,baseline2_matched_0.500,0.5,0.29325,0.2585000000000002,-0.048875,0.9979953053340497,0.002004694665950324,-30.25
0.25,0.25,4,8,two-2g,baseline2_matched_0.650,0.65,0.48750000000000027,0.4889999999999999,-0.08124999999999999,0.9954606938165186,0.0045393061834814175,-44.833333333333314
0.25,0.25,4,8,two-2g,baseline2_matched_0.800,0.8,0.5437500000000002,0.49750000000000005,-0.09062500000000007,0.9952910031713601,0.0047089968286399,-48.04761904761904
0.25,0.25,4,8,two-2g,baseline2_matched_0.950,0.95,0.79725,0.7965,-0.13287500000000002,0.9948566798022186,0.005143320197781409,-66.04761904761904
0.25,0.25,4,8,two-g,baseline2_all_hdv_yield,1.0,1.133,1.1384999999999996,-0.18883333333333335,0.9870313680160171,0.012968631983982903,-87.83333333333331
0.25,0.25,4,8,two-g,baseline2_matched_0.050,0.05,0.03675000000000006,0.02300000000000013,-0.006125000000000047,0.9994044542328706,0.0005955457671293907,-5.666666666666629
0.25,0.25,4,8,two-g,baseline2_matched_0.200,0.2,0.11250000000000027,0.11500000000000021,-0.018750000000000044,1.001136210778582,-0.0011362107785819475,-13.5
0.25,0.25,4,8,two-g,baseline2_matched_0.350,0.35,0.22425000000000006,0.20750000000000002,-0.03737500000000005,1.000471779077762,-0.00047177907776196903,-21.583333333333314
0.25,0.25,4,8,two-g,baseline2_matched_0.500,0.5,0.2965,0.2745000000000002,-0.04941666666666672,0.9995103073224616,0.0004896926775384003,-28.583333333333314
0.25,0.25,4,8,two-g,baseline2_matched_0.650,0.65,0.3695000000000004,0.38050000000000006,-0.06158333333333332,0.9976981024286601,0.002301897571339917,-38.5
0.25,0.25,4,8,two-g,baseline2_matched_0.800,0.8,0.59775,0.5885000000000002,-0.09962500000000002,0.9956049797201744,0.004395020279825634,-52.26190476190476
0.25,0.25,4,8,two-g,baseline2_matched_0.950,0.95,0.7810000000000001,0.7690000000000001,-0.1301666666666667,0.9918364468798243,0.008163553120175693,-64.47619047619048
0.25,0.25,4,9,one,baseline2_all_hdv_yield,1.0,0.9565000000000001,0.9565000000000001,-0.15941666666666676,0.9917904745720145,0.008209525427985476,-74.79166666666669
0.25,0.25,4,9,one,baseline2_matched_0.050,0.05,0.023499999999999854,0.023499999999999854,-0.003916666666666679,0.9993465652516031,0.0006534347483968528,-0.6666666666666856
0.25,0.25,4,9,one,baseline2_matched_0.200,0.2,-0.032500000000000195,-0.032500000000000195,0.005416666666666625,1.0004947063174736,-0.0004947063174736144,1.0
0.25,0.25,4,9,one,baseline2_matched_0.350,0.35,0.2250000000000001,0.2250000000000001,-0.03750000000000009,1.000494056456957,-0.0004940564569571038,-19.166666666666686
0.25,0.25,4,9,one,baseline2_matched_0.500,0.5,0.35749999999999993,0.35749999999999993,-0.05958333333333332,0.9993784084168649,0.0006215915831351282,-34.5
0.25,0.25,4,9,one,baseline2_matched_0.650,0.65,0.4005000000000001,0.4005000000000001,-0.06675000000000009,0.9969671009738672,0.003032899026132796,-36.23809523809524
0.25,0.25,4,9,one,baseline2_matched_0.800,0.8,0.5015000000000001,0.5015000000000001,-0.08358333333333334,0.9967869271459255,0.0032130728540744613,-42.23809523809524
0.25,0.25,4,9,one,baseline2_matched_0.950,0.95,0.8264999999999998,0.8264999999999998,-0.13775000000000004,0.9951570769728914,0.004842923027108648,-66.23809523809527
0.25,0.25,4,9,two-2g,baseline2_all_hdv_yield,1.0,1.1904999999999997,1.189,-0.19841666666666669,0.9846444729118348,0.015355527088165233,-89.3125
0.25,0.25,4,9,two-2g,baseline2_matched_0.050,0.05,0.04974999999999996,0.06350000000000033,-0.008291666666666697,0.9953180690460337,0.004681930953966296,-5.583333333333314
0.25,0.25,4,9,two-2g,baseline2_matched_0.200,0.2,0.10374999999999979,0.11850000000000005,-0.017291666666666705,0.9980484522207272,0.0019515477792727554,-13.0
0.25,0.25,4,9,two-2g,baseline2_matched_0.350,0.35,0.25024999999999986,0.2575000000000003,-0.04170833333333335,0.9978717021518094,0.0021282978481905745,-22.333333333333314
0.25,0.25,4,9,two-2g,baseline2_matched_0.500,0.5,0.33799999999999963,0.3530000000000002,-0.0563333333333334,0.9948353305550581,0.005164669444941872,-32.166666666666686
0.25,0.25,4,9,two-2g,baseline2_matched_0.650,0.65,0.37424999999999997,0.38149999999999995,-0.062375000000000014,0.9946422027274605,0.0053577972725394885,-34.083333333333314
0.25,0.25,4,9,two-2g,baseline2_matched_0.800,0.8,0.5027499999999998,0.5130000000000003,-0.08379166666666665,0.9906285167588235,0.009371483241176537,-44.0
0.25,0.25,4,9,two-2g,baseline2_matched_0.950,0.95,0.7847499999999998,0.7830000000000004,-0.1307916666666667,0.9886592939726587,0.011340706027341274,-65.42857142857144
0.25,0.25,4,9,two-g,baseline2_all_hdv_yield,1.0,1.1904999999999997,1.189,-0.19841666666666669,0.9846444729118348,0.015355527088165233,-89.3125
0.25,0.25,4,9,two-g,baseline2_matched_0.050,0.05,0.0007499999999995843,0.002000000000000224,-0.00012500000000004174,0.9980708297523843,0.0019291702476157413,-0.9166666666666856
0.25,0.25,4,9,two-g,baseline2_matched_0.200,0.2,0.11324999999999985,0.133,-0.018874999999999975,0.9975071754041722,0.0024928245958277806,-10.5
0.25,0.25,4,9,two-g,baseline2_matched_0.350,0.35,0.1942499999999998,0.20950000000000024,-0.03237500000000004,0.9965585626489782,0.003441437351021759,-19.166666666666686
0.25,0.25,4,9,two-g,baseline2_matched_0.500,0.5,0.3252499999999996,0.28600000000000003,-0.05420833333333336,0.9923283983849241,0.0076716016150758515,-29.666666666666686
0.25,0.25,4,9,two-g,baseline2_matched_0.650,0.65,0.36024999999999974,0.36549999999999994,-0.06004166666666666,0.9930890723053712,0.0069109276946287546,-33.0
0.25,0.25,4,9,two-g,baseline2_matched_0.800,0.8,0.5412499999999998,0.5225,-0.09020833333333333,0.9905292772705877,0.009470722729412295,-47.21428571428572
0.25,0.25,4,9,two-g,baseline2_matched_0.950,0.95,0.8444999999999996,0.8600000000000003,-0.14075000000000004,0.9862670061132807,0.013732993886719336,-69.85714285714286
0.3,0.3,5,0,one,baseline2_all_hdv_yield,1.0,0.9790000000000001,0.9790000000000001,-0.1631666666666668,0.9914650173315831,0.008534982668416902,-113.33333333333331
0.3,0.3,5,0,one,baseline2_matched_0.050,0.05,0.058000000000000274,0.058000000000000274,-0.009666666666666712,0.9986439699500891,0.0013560300499109168,-10.5
0.3,0.3,5,0,one,baseline2_matched_0.200,0.2,0.06750000000000034,0.06750000000000034,-0.011250000000000204,0.99852259531606,0.0014774046839399757,-12.5
0.3,0.3,5,0,one,baseline2_matched_0.350,0.35,0.17300000000000004,0.17300000000000004,-0.02883333333333349,0.9970321012108043,0.0029678987891956776,-26.69999999999999
0.3,0.3,5,0,one,baseline2_matched_0.500,0.5,0.30900000000000016,0.30900000000000016,-0.0515000000000001,0.9971832245296427,0.0028167754703573022,-41.89999999999998
0.3,0.3,5,0,one,baseline2_matched_0.650,0.65,0.3290000000000002,0.3290000000000002,-0.05483333333333351,0.995874282397974,0.004125717602025958,-43.89999999999998
0.3,0.3,5,0,one,baseline2_matched_0.800,0.8,0.403,0.403,-0.06716666666666682,0.9956191236785417,0.004380876321458338,-54.69999999999999
0.3,0.3,5,0,one,baseline2_matched_0.950,0.95,0.726,0.726,-0.12100000000000011,0.9953831741098732,0.004616825890126797,-91.5
0.3,0.3,5,0,two-2g,baseline2_all_hdv_yield,1.0,0.8530000000000002,0.8805000000000001,-0.14216666666666672,0.986193644764282,0.013806355235718049,-99.16666666666663
0.3,0.3,5,0,two-2g,baseline2_matched_0.050,0.05,-0.0045000000000001705,-0.0030000000000001137,0.0007499999999999174,0.9974056482752974,0.0025943517247025705,-2.111111111111086
0.3,0.3,5,0,two-2g,baseline2_matched_0.200,0.2,0.07399999999999984,0.07900000000000018,-0.012333333333333418,0.9964640085308277,0.0035359914691722727,-10.433333333333337
0.3,0.3,5,0,two-2g,baseline2_matched_0.350,0.35,0.17675000000000018,0.20650000000000013,-0.029458333333333475,0.9963297798411601,0.0036702201588398875,-25.833333333333314
0.3,0.3,5,0,two-2g,baseline2_matched_0.500,0.5,0.19474999999999998,0.20199999999999996,-0.03245833333333337,0.9941676784791319,0.0058323215208681,-28.23333333333329
0.3,0.3,5,0,two-2g,baseline2_matched_0.650,0.65,0.3587500000000001,0.367,-0.05979166666666669,0.9933628160703356,0.006637183929664392,-49.0333333333333
0.3,0.3,5,0,two-2g,baseline2_matched_0.800,0.8,0.4525000000000001,0.4670000000000001,-0.0754166666666668,0.9859940008271182,0.014005999172881811,-58.93333333333334
0.3,0.3,5,0,two-2g,baseline2_matched_0.950,0.95,0.7410000000000001,0.7534999999999998,-0.1235,0.9870214449871377,0.01297855501286227,-91.83333333333331
0.3,0.3,5,0,two-g,baseline2_all_hdv_yield,1.0,0.8530000000000002,0.8805000000000001,-0.14216666666666672,0.986193644764282,0.013806355235718049,-99.16666666666663
0.3,0.3,5,0,two-g,baseline2_matched_0.050,0.05,-0.04225000000000012,-0.016999999999999904,0.007041666666666613,0.9982224043654554,0.0017775956345446042,6.791666666666686
0.3,0.3,5,0,two-g,baseline2_matched_0.200,0.2,0.010749999999999815,0.03750000000000009,-0.001791666666666747,0.9970600518768391,0.002939948123160896,-1.555555555555543
0.3,0.3,5,0,two-g,baseline2_matched_0.350,0.35,0.18924999999999992,0.19799999999999995,-0.03154166666666669,0.9965841347125929,0.003415865287407116,-27.033333333333303
0.3,0.3,5,0,two-g,baseline2_matched_0.500,0.5,0.1865000000000001,0.20699999999999985,-0.03108333333333335,0.9953995240488525,0.004600475951147542,-26.333333333333314
0.3,0.3,5,0,two-g,baseline2_matched_0.650,0.65,0.347,0.3205,-0.0578333333333334,0.9920149221524583,0.007985077847541655,-50.43333333333334
0.3,0.3,5,0,two-g,baseline2_matched_0.800,0.8,0.46625000000000005,0.5,-0.07770833333333338,0.9917321923554906,0.008267807644509406,-62.633333333333326
0.3,0.3,5,0,two-g,baseline2_matched_0.950,0.95,0.6510000000000002,0.6709999999999998,-0.10850000000000004,0.98814199968125,0.01185800031874995,-82.33333333333331
0.3,0.3,5,1,one,baseline2_all_hdv_yield,1.0,0.9940000000000002,0.9940000000000002,-0.16566666666666674,0.9932489385468413,0.006751061453158735,-124.33333333333331
0.3,0.3,5,1,one,baseline2_matched_0.050,0.05,0.038000000000000256,0.038000000000000256,-0.006333333333333524,0.9993222071696073,0.0006777928303927094,-16.25
0.3,0.3,5,1,one,baseline2_matched_0.200,0.2,0.14100000000000001,0.14100000000000001,-0.023500000000000076,0.9925685950660552,0.007431404933944785,-28.69999999999999
0.3,0.3,5,1,one,baseline2_matched_0.350,0.35,0.1924999999999999,0.1924999999999999,-0.032083333333333464,0.9986586979813997,0.0013413020186002766,-38.5
0.3,0.3,5,1,one,baseline2_matched_0.500,0.5,0.3205,0.3205,-0.05341666666666667,0.9988488064571568,0.0011511935428432096,-53.5
0.3,0.3,5,1,one,baseline2_matched_0.650,0.65,0.4075000000000002,0.4075000000000002,-0.06791666666666685,0.9908950283232734,0.009104971676726636,-64.5
0.3,0.3,5,1,one,baseline2_matched_0.800,0.8,0.5465,0.5465,-0.0910833333333334,0.9978890817369538,0.002110918263046213,-83.30000000000001
0.3,0.3,5,1,one,baseline2_matched_0.950,0.95,0.7655000000000003,0.7655000000000003,-0.1275833333333335,0.9841188004529295,0.015881199547070457,-100.66666666666669
0.3,0.3,5,1,two-2g,baseline2_all_hdv_yield,1.0,1.028,0.9514999999999998,-0.17133333333333323,0.9875490257536821,0.012450974246317914,-127.00961538461536
0.3,0.3,5,1,two-2g,baseline2_matched_0.050,0.05,0.10899999999999999,0.14100000000000001,-0.018166666666666553,1.0018240714747144,-0.001824071474714417,-18.625
0.3,0.3,5,1,two-2g,baseline2_matched_0.200,0.2,0.18325000000000014,0.19799999999999995,-0.030541666666666578,1.000390264078126,-0.0003902640781259237,-29.42500000000001
0.3,0.3,5,1,two-2g,baseline2_matched_0.350,0.35,0.1827500000000004,0.21899999999999986,-0.030458333333333365,1.0001236716371562,-0.00012367163715620855,-28.625
0.3,0.3,5,1,two-2g,baseline2_matched_0.500,0.5,0.266,0.3075000000000001,-0.044333333333333336,0.9992399134366704,0.0007600865633295983,-45.52499999999998
0.3,0.3,5,1,two-2g,baseline2_matched_0.650,0.65,0.4205000000000001,0.4415,-0.07008333333333339,0.9948275956053328,0.005172404394667152,-62.72500000000002
0.3,0.3,5,1,two-2g,baseline2_matched_0.800,0.8,0.5365000000000002,0.5579999999999998,-0.0894166666666667,0.9930796690642394,0.00692033093576061,-74.52499999999998
0.3,0.3,5,1,two-2g,baseline2_matched_0.950,0.95,0.8690000000000002,0.895,-0.14483333333333326,0.9917509655245736,0.008249034475426353,-110.875
0.3,0.3,5,1,two-g,baseline2_all_hdv_yield,1.0,1.028,0.9514999999999998,-0.17133333333333323,0.9875490257536821,0.012450974246317914,-127.00961538461536
0.3,0.3,5,1,two-g,baseline2_matched_0.050,0.05,0.06875000000000009,0.09399999999999986,-0.011458333333333237,1.001311498532297,-0.0013114985322970618,-14.5
0.3,0.3,5,1,two-g,baseline2_matched_0.200,0.2,0.1535000000000002,0.1419999999999999,-0.02558333333333329,1.0006057525368035,-0.0006057525368035055,-24.625
0.3,0.3,5,1,two-g,baseline2_matched_0.350,0.35,0.23925000000000018,0.2799999999999998,-0.039874999999999994,0.9972674700666956,0.0027325299333044173,-37.625
0.3,0.3,5,1,two-g,baseline2_matched_0.500,0.5,0.41825,0.4485000000000001,-0.06970833333333326,0.998247985140326,0.0017520148596740226,-60.32499999999999
0.3,0.3,5,1,two-g,baseline2_matched_0.650,0.65,0.4042500000000002,0.36850000000000005,-0.06737499999999996,0.9954137582822551,0.00458624171774491,-58.92500000000001
0.3,0.3,5,1,two-g,baseline2_matched_0.800,0.8,0.5290000000000004,0.552,-0.08816666666666662,0.9943695335773624,0.005630466422637648,-73.22500000000002
0.3,0.3,5,1,two-g,baseline2_matched_0.950,0.95,0.7045000000000003,0.7450000000000001,-0.11741666666666667,0.9910331249199393,0.008966875080060666,-95.95833333333331
0.3,0.3,5,2,one,baseline2_all_hdv_yield,1.0,0.9914999999999998,0.9914999999999998,-0.1652499999999999,0.9828681707381882,0.017131829261811782,-115.63333333333333
0.3,0.3,5,2,one,baseline2_matched_0.050,0.05,-0.016000000000000014,-0.016000000000000014,0.002666666666666817,1.000072044735183,-7.204473518296339e-05,7.949999999999989
0.3,0.3,5,2,one,baseline2_matched_0.200,0.2,0.0950000000000002,0.0950000000000002,-0.015833333333333366,1.001328995434099,-0.001328995434098923,-12.400000000000034
0.3,0.3,5,2,one,baseline2_matched_0.350,0.35,0.21150000000000002,0.21150000000000002,-0.035250000000000004,1.000823830695212,-0.0008238306952119689,-29.80000000000001
0.3,0.3,5,2,one,baseline2_matched_0.500,0.5,0.27700000000000014,0.27700000000000014,-0.04616666666666669,0.9991032729769901,0.0008967270230099134,-38.19999999999999
0.3,0.3,5,2,one,baseline2_matched_0.650,0.65,0.31000000000000005,0.31000000000000005,-0.05166666666666653,1.0005181089466284,-0.0005181089466284039,-47.400000000000034
0.3,0.3,5,2,one,baseline2_matched_0.800,0.8,0.5249999999999999,0.5249999999999999,-0.08749999999999991,0.9970786966954125,0.002921303304587508,-68.4666666666667
0.3,0.3,5,2,one,baseline2_matched_0.950,0.95,0.6539999999999999,0.6539999999999999,-0.10899999999999987,0.9958808465239347,0.004119153476065285,-85.4666666666667
0.3,0.3,5,2,two-2g,baseline2_all_hdv_yield,1.0,0.9500000000000002,0.8975,-0.15833333333333333,0.9886012867683746,0.011398713231625446,-113.35042735042737
0.3,0.3,5,2,two-2g,baseline2_matched_0.050,0.05,-0.0012499999999997513,0.00949999999999962,0.0002083333333333659,1.0006346729882794,-0.00063467298827935,-2.138888888888914
0.3,0.3,5,2,two-2g,baseline2_matched_0.200,0.2,0.08174999999999999,0.08299999999999974,-0.013624999999999887,1.0001638250716465,-0.00016382507164647286,-13.988888888888937
0.3,0.3,5,2,two-2g,baseline2_matched_0.350,0.35,0.17100000000000026,0.17399999999999993,-0.02849999999999997,0.9995267654538097,0.00047323454619030425,-27.088888888888903
0.3,0.3,5,2,two-2g,baseline2_matched_0.500,0.5,0.28049999999999997,0.2885,-0.04674999999999996,0.997858170447288,0.002141829552712027,-43.78888888888889
0.3,0.3,5,2,two-2g,baseline2_matched_0.650,0.65,0.38850000000000007,0.33399999999999963,-0.06474999999999997,0.9946839531381888,0.005316046861811197,-53.98888888888894
0.3,0.3,5,2,two-2g,baseline2_matched_0.800,0.8,0.5237500000000002,0.516,-0.0872916666666666,0.9932395308363603,0.006760469163639704,-70.0707070707071
0.3,0.3,5,2,two-2g,baseline2_matched_0.950,0.95,0.6890000000000001,0.6839999999999997,-0.11483333333333329,0.9873759229650529,0.012624077034947057,-90.97222222222223
0.3,0.3,5,2,two-g,baseline2_all_hdv_yield,1.0,0.9500000000000002,0.8975,-0.15833333333333333,0.9886012867683746,0.011398713231625446,-113.35042735042737
0.3,0.3,5,2,two-g,baseline2_matched_0.050,0.05,0.045250000000000234,0.04149999999999965,-0.007541666666666558,0.9981120055478907,0.0018879944521092984,-9.088888888888903
0.3,0.3,5,2,two-g,baseline2_matched_0.200,0.2,0.011249999999999982,0.02049999999999974,-0.00187499999999996,0.9862843808903917,0.013715619109608279,-15.111111111111143
0.3,0.3,5,2,two-g,baseline2_matched_0.350,0.35,0.15275000000000016,0.16249999999999964,-0.02545833333333325,0.999237983277568,0.0007620167224320351,-24.688888888888926
0.3,0.3,5,2,two-g,baseline2_matched_0.500,0.5,0.23750000000000027,0.23349999999999982,-0.039583333333333304,0.9923944935001007,0.007605506499899328,-37.688888888888926
0.3,0.3,5,2,two-g,baseline2_matched_0.650,0.65,0.34525000000000006,0.3564999999999996,-0.0575416666666666,0.9973682294942106,0.0026317705057894436,-52.48888888888894
0.3,0.3,5,2,two-g,baseline2_matched_0.800,0.8,0.4472499999999999,0.4419999999999997,-0.07454166666666662,0.9939309715133627,0.006069028486637262,-62.48888888888894
0.3,0.3,5,2,two-g,baseline2_matched_0.950,0.95,0.6127500000000001,0.5834999999999999,-0.10212500000000002,0.9914618327644362,0.008538167235563776,-81.13888888888891
0.3,0.3,5,3,one,baseline2_all_hdv_yield,1.0,0.9850000000000003,0.9850000000000003,-0.16416666666666668,0.984008453908494,0.015991546091505993,-119.0
0.3,0.3,5,3,one,baseline2_matched_0.050,0.05,0.07050000000000001,0.07050000000000001,-0.011749999999999927,1.00013366535399,-0.00013366535399006452,-12.100000000000023
0.3,0.3,5,3,one,baseline2_matched_0.200,0.2,0.1605000000000003,0.1605000000000003,-0.02675000000000005,0.998310816843261,0.0016891831567390492,-25.899999999999977
0.3,0.3,5,3,one,baseline2_matched_0.350,0.35,0.16999999999999993,0.16999999999999993,-0.02833333333333332,0.9976984390573532,0.0023015609426467742,-29.30000000000001
0.3,0.3,5,3,one,baseline2_matched_0.500,0.5,0.29200000000000026,0.29200000000000026,-0.048666666666666636,0.9977055814808504,0.002294418519149577,-45.5
0.3,0.3,5,3,one,baseline2_matched_0.650,0.65,0.3860000000000001,0.3860000000000001,-0.06433333333333335,0.9969877679195333,0.003012232080466748,-58.10000000000002
0.3,0.3,5,3,one,baseline2_matched_0.800,0.8,0.5009999999999999,0.5009999999999999,-0.08349999999999991,0.9960470087105251,0.003952991289474905,-71.10000000000002
0.3,0.3,5,3,one,baseline2_matched_0.950,0.95,0.7895000000000003,0.7895000000000003,-0.13158333333333327,0.9954703430420957,0.0045296569579043044,-103.33333333333331
0.3,0.3,5,3,two-2g,baseline2_all_hdv_yield,1.0,1.0050000000000003,0.9790000000000001,-0.16749999999999998,0.9900175659199335,0.009982434080066493,-117.7019230769231
0.3,0.3,5,3,two-2g,baseline2_matched_0.050,0.05,-0.004750000000000032,0.005999999999999783,0.000791666666666746,1.0028421876662144,-0.0028421876662143575,-6.5
0.3,0.3,5,3,two-2g,baseline2_matched_0.200,0.2,0.14375000000000027,0.16500000000000004,-0.023958333333333304,1.000205594909156,-0.00020559490915594836,-22.32499999999999
0.3,0.3,5,3,two-2g,baseline2_matched_0.350,0.35,0.18900000000000006,0.18100000000000005,-0.03149999999999997,0.9994497011884264,0.0005502988115736462,-29.82499999999999
0.3,0.3,5,3,two-2g,baseline2_matched_0.500,0.5,0.21700000000000008,0.23999999999999977,-0.03616666666666657,0.9985400374775985,0.0014599625224015478,-33.82499999999999
0.3,0.3,5,3,two-2g,baseline2_matched_0.650,0.65,0.31400000000000006,0.33000000000000007,-0.05233333333333334,0.9896258104462675,0.010374189553732482,-49.32499999999999
0.3,0.3,5,3,two-2g,baseline2_matched_0.800,0.8,0.5172500000000002,0.46599999999999975,-0.08620833333333322,0.9935861548364933,0.006413845163506737,-71.44318181818181
0.3,0.3,5,3,two-2g,baseline2_matched_0.950,0.95,0.6717500000000003,0.6859999999999999,-0.11195833333333333,0.98936583346744,0.010634166532559997,-87.79166666666669
0.3,0.3,5,3,two-g,baseline2_all_hdv_yield,1.0,1.0050000000000003,0.9790000000000001,-0.16749999999999998,0.9900175659199335,0.009982434080066493,-117.7019230769231
0.3,0.3,5,3,two-g,baseline2_matched_0.050,0.05,-0.035749999999999726,-0.016000000000000014,0.005958333333333399,1.0006195123547874,-0.0006195123547874104,-1.625
0.3,0.3,5,3,two-g,baseline2_matched_0.200,0.2,0.06950000000000012,0.03200000000000003,-0.011583333333333279,1.0001617823953477,-0.00016178239534769823,-13.958333333333314
0.3,0.3,5,3,two-g,baseline2_matched_0.350,0.35,0.1132500000000003,0.12799999999999967,-0.018874999999999975,0.9993165588799274,0.0006834411200725699,-19.82499999999999
0.3,0.3,5,3,two-g,baseline2_matched_0.500,0.5,0.19325000000000037,0.14049999999999985,-0.03220833333333328,0.9973303347617011,0.002669665238298924,-29.42500000000001
0.3,0.3,5,3,two-g,baseline2_matched_0.650,0.65,0.43425,0.44499999999999984,-0.07237499999999997,0.9955432274377478,0.004456772562252187,-63.125
0.3,0.3,5,3,two-g,baseline2_matched_0.800,0.8,0.49275,0.4524999999999997,-0.08212499999999989,0.9942482863681362,0.005751713631863775,-70.89772727272725
0.3,0.3,5,3,two-g,baseline2_matched_0.950,0.95,0.6892500000000004,0.6854999999999998,-0.11487499999999995,0.9883148445661569,0.011685155433843075,-91.375
0.3,0.3,5,4,one,baseline2_all_hdv_yield,1.0,0.9430000000000001,0.9430000000000001,-0.15716666666666657,0.994515954901583,0.005484045098417045,-120.75
0.3,0.3,5,4,one,baseline2_matched_0.050,0.05,0.08250000000000002,0.08250000000000002,-0.013749999999999929,1.0008594310079697,-0.0008594310079697021,-18.149999999999977
0.3,0.3,5,4,one,baseline2_matched_0.200,0.2,0.09099999999999975,0.09099999999999975,-0.01516666666666655,0.9997363980185561,0.0002636019814439283,-19.94999999999999
0.3,0.3,5,4,one,baseline2_matched_0.350,0.35,0.1509999999999998,0.1509999999999998,-0.02516666666666656,1.0018430001583616,-0.0018430001583615852,-28.55000000000001
0.3,0.3,5,4,one,baseline2_matched_0.500,0.5,0.2124999999999999,0.2124999999999999,-0.03541666666666665,0.9986838632334828,0.0013161367665172063,-40.35000000000002
0.3,0.3,5,4,one,baseline2_matched_0.650,0.65,0.41449999999999987,0.41449999999999987,-0.06908333333333316,0.998860108744332,0.0011398912556680463,-64.75
0.3,0.3,5,4,one,baseline2_matched_0.800,0.8,0.556,0.556,-0.09266666666666656,0.9960905850840117,0.003909414915988285,-80.75
0.3,0.3,5,4,one,baseline2_matched_0.950,0.95,0.8414999999999999,0.8414999999999999,-0.14024999999999987,0.9959322195525252,0.0040677804474748,-108.58333333333331
0.3,0.3,5,4,two-2g,baseline2_all_hdv_yield,1.0,0.89975,0.8955000000000002,-0.1499583333333333,0.9872885572266644,0.01271144277333558,-111.77777777777777
0.3,0.3,5,4,two-2g,baseline2_matched_0.050,0.05,-0.047250000000000014,-0.040999999999999925,0.007874999999999965,1.0011701709497545,-0.0011701709497544677,5.4722222222222285
0.3,0.3,5,4,two-2g,baseline2_matched_0.200,0.2,0.03725000000000023,0.040000000000000036,-0.00620833333333326,0.9979098726005393,0.002090127399460684,-9.97777777777776
0.3,0.3,5,4,two-2g,baseline2_matched_0.350,0.35,0.052000000000000046,0.06850000000000023,-0.0086666666666666,1.0016572870364808,-0.0016572870364808256,-12.077777777777783
0.3,0.3,5,4,two-2g,baseline2_matched_0.500,0.5,0.21475,0.24149999999999983,-0.035791666666666555,0.9997670240159829,0.00023297598401705866,-36.57777777777778
0.3,0.3,5,4,two-2g,baseline2_matched_0.650,0.65,0.33550000000000013,0.3494999999999999,-0.055916666666666615,0.9974490409838029,0.002550959016197063,-52.877777777777794
0.3,0.3,5,4,two-2g,baseline2_matched_0.800,0.8,0.4215,0.44200000000000017,-0.07025000000000003,0.9960912944981977,0.003908705501802334,-59.877777777777794
0.3,0.3,5,4,two-2g,baseline2_matched_0.950,0.95,0.7090000000000001,0.7309999999999999,-0.11816666666666664,0.9943298936520106,0.005670106347989368,-92.11111111111109
0.3,0.3,5,4,two-g,baseline2_all_hdv_yield,1.0,1.00075,0.9950000000000001,-0.16679166666666667,0.9971888596259425,0.002811140374057497,-112.16666666666669
0.3,0.3,5,4,two-g,baseline2_matched_0.050,0.05,0.09350000000000014,0.0625,-0.015583333333333282,1.0066396344042812,-0.0066396344042811695,-9.0
0.3,0.3,5,4,two-g,baseline2_matched_0.200,0.2,0.09474999999999989,0.052999999999999936,-0.01579166666666665,1.006242158291862,-0.006242158291861921,-10.333333333333314
0.3,0.3,5,4,two-g,baseline2_matched_0.350,0.35,0.24975000000000014,0.21899999999999986,-0.04162499999999991,1.0037014319942885,-0.0037014319942885177,-29.600000000000023
0.3,0.3,5,4,two-g,baseline2_matched_0.500,0.5,0.3102499999999999,0.3174999999999999,-0.051708333333333356,1.0020880356432138,-0.0020880356432138036,-38.30000000000001
0.3,0.3,5,4,two-g,baseline2_matched_0.650,0.65,0.379,0.3210000000000002,-0.0631666666666667,1.0022392754754652,-0.0022392754754652078,-47.5
0.3,0.3,5,4,two-g,baseline2_matched_0.800,0.8,0.5727500000000001,0.5510000000000002,-0.09545833333333342,1.000187763737317,-0.00018776373731710372,-72.09090909090907
0.3,0.3,5,4,two-g,baseline2_matched_0.950,0.95,0.80375,0.7970000000000002,-0.1339583333333334,0.99526732497719,0.004732675022810051,-95.91666666666669
0.3,0.3,5,5,one,baseline2_all_hdv_yield,1.0,1.0699999999999998,1.0699999999999998,-0.17833333333333323,0.9922564814632225,0.007743518536777461,-119.42857142857144
0.3,0.3,5,5,one,baseline2_matched_0.050,0.05,0.014499999999999957,0.014499999999999957,-0.0024166666666665115,1.0002153857870535,-0.00021538578705349032,2.75
0.3,0.3,5,5,one,baseline2_matched_0.200,0.2,0.17499999999999982,0.17499999999999982,-0.029166666666666563,1.0001212076291786,-0.00012120762917855465,-24.399999999999977
0.3,0.3,5,5,one,baseline2_matched_0.350,0.35,0.16500000000000004,0.16500000000000004,-0.027499999999999858,0.9984370505712914,0.0015629494287086043,-23.600000000000023
0.3,0.3,5,5,one,baseline2_matched_0.500,0.5,0.2974999999999999,0.2974999999999999,-0.04958333333333331,0.9980110389040795,0.001988961095920505,-42.60000000000002
0.3,0.3,5,5,one,baseline2_matched_0.650,0.65,0.33399999999999963,0.33399999999999963,-0.05566666666666653,0.9907826102921418,0.009217389707858237,-51.0
0.3,0.3,5,5,one,baseline2_matched_0.800,0.8,0.5204999999999997,0.5204999999999997,-0.08674999999999988,0.9954187596090581,0.004581240390941876,-67.66666666666669
0.3,0.3,5,5,one,baseline2_matched_0.950,0.95,0.7829999999999999,0.7829999999999999,-0.13049999999999995,0.9924286880948597,0.0075713119051402655,-95.33333333333331
0.3,0.3,5,5,two-2g,baseline2_all_hdv_yield,1.0,0.93275,0.9155000000000002,-0.15545833333333325,0.986943288035072,0.01305671196492797,-110.08333333333331
0.3,0.3,5,5,two-2g,baseline2_matched_0.050,0.05,0.03424999999999967,0.038000000000000256,-0.005708333333333315,1.0001535322807584,-0.00015353228075842829,-6.2222222222222285
0.3,0.3,5,5,two-2g,baseline2_matched_0.200,0.2,0.10499999999999998,0.0940000000000003,-0.01749999999999996,0.9977606755148009,0.0022393244851991456,-15.800000000000011
0.3,0.3,5,5,two-2g,baseline2_matched_0.350,0.35,0.19074999999999998,0.18550000000000022,-0.03179166666666666,0.9975426324420172,0.002457367557982759,-30.19999999999999
0.3,0.3,5,5,two-2g,baseline2_matched_0.500,0.5,0.3214999999999999,0.31800000000000006,-0.053583333333333205,0.9995024668994954,0.0004975331005045991,-46.60000000000002
0.3,0.3,5,5,two-2g,baseline2_matched_0.650,0.65,0.41425,0.3945000000000003,-0.06904166666666656,0.9952682440434726,0.004731755956527417,-58.69999999999999
0.3,0.3,5,5,two-2g,baseline2_matched_0.800,0.8,0.44625000000000004,0.43800000000000017,-0.07437499999999997,0.9892603999396764,0.010739600060323595,-63.0
0.3,0.3,5,5,two-2g,baseline2_matched_0.950,0.95,0.6114999999999999,0.6000000000000001,-0.1019166666666666,0.9815943391184265,0.01840566088157347,-78.25
0.3,0.3,5,5,two-g,baseline2_all_hdv_yield,1.0,0.93275,0.9155000000000002,-0.15545833333333325,0.986943288035072,0.01305671196492797,-110.08333333333331
0.3,0.3,5,5,two-g,baseline2_matched_0.050,0.05,0.016750000000000043,0.02250000000000041,-0.0027916666666666368,0.9947242427471313,0.0052757572528686625,-3.75
0.3,0.3,5,5,two-g,baseline2_matched_0.200,0.2,0.10124999999999984,0.10350000000000037,-0.016874999999999973,0.9987029756326209,0.001297024367379107,-16.600000000000023
0.3,0.3,5,5,two-g,baseline2_matched_0.350,0.35,0.10650000000000004,0.11350000000000016,-0.017749999999999932,0.9969313969429032,0.003068603057096775,-17.30000000000001
0.3,0.3,5,5,two-g,baseline2_matched_0.500,0.5,0.21424999999999983,0.22100000000000009,-0.03570833333333323,0.9916488311631725,0.008351168836827516,-29.80000000000001
0.3,0.3,5,5,two-g,baseline2_matched_0.650,0.65,0.34499999999999975,0.34250000000000025,-0.057499999999999996,0.9965123321144929,0.0034876678855071397,-49.0
0.3,0.3,5,5,two-g,baseline2_matched_0.800,0.8,0.5527499999999996,0.548,-0.09212499999999996,0.9929708768667693,0.007029123133230675,-73.81818181818181
0.3,0.3,5,5,two-g,baseline2_matched_0.950,0.95,0.7289999999999996,0.7215000000000003,-0.12149999999999994,0.9886210792672501,0.011378920732749931,-93.08333333333331
0.3,0.3,5,6,one,baseline2_all_hdv_yield,1.0,0.9274999999999998,0.9274999999999998,-0.1545833333333333,0.9929558272089063,0.007044172791093706,-110.41666666666669
0.3,0.3,5,6,one,baseline2_matched_0.050,0.05,-0.0030000000000001137,-0.0030000000000001137,0.0004999999999999449,0.9970027795310089,0.002997220468991091,1.25
0.3,0.3,5,6,one,baseline2_matched_0.200,0.2,0.11899999999999977,0.11899999999999977,-0.01983333333333337,0.9977115438071151,0.002288456192884869,-17.25
0.3,0.3,5,6,one,baseline2_matched_0.350,0.35,0.19849999999999968,0.19849999999999968,-0.03308333333333335,0.996727186713536,0.0032728132864640047,-29.44999999999999
0.3,0.3,5,6,one,baseline2_matched_0.500,0.5,0.2739999999999996,0.2739999999999996,-0.04566666666666652,0.9857573020634803,0.014242697936519666,-42.85000000000002
0.3,0.3,5,6,one,baseline2_matched_0.650,0.65,0.42449999999999966,0.42449999999999966,-0.07074999999999987,0.9949450877490567,0.005054912250943344,-58.64999999999998
0.3,0.3,5,6,one,baseline2_matched_0.800,0.8,0.5954999999999999,0.5954999999999999,-0.09924999999999995,0.9927810983061474,0.007218901693852642,-79.91666666666669
0.3,0.3,5,6,one,baseline2_matched_0.950,0.95,0.8045,0.8045,-0.13408333333333333,0.993312586610944,0.006687413389055985,-100.25
0.3,0.3,5,6,two-2g,baseline2_all_hdv_yield,1.0,0.8802500000000002,0.8809999999999998,-0.14670833333333333,0.9853211734271974,0.014678826572802617,-105.63888888888886
0.3,0.3,5,6,two-2g,baseline2_matched_0.050,0.05,0.005749999999999922,-0.01100000000000012,-0.0009583333333333943,0.9978793238160136,0.0021206761839863697,0.6666666666666856
0.3,0.3,5,6,two-2g,baseline2_matched_0.200,0.2,0.08550000000000013,0.08749999999999991,-0.014249999999999985,0.999243540326659,0.0007564596733410367,-12.755555555555532
0.3,0.3,5,6,two-2g,baseline2_matched_0.350,0.35,0.22449999999999992,0.19199999999999973,-0.037416666666666654,0.9985908149341255,0.0014091850658745075,-32.75555555555553
0.3,0.3,5,6,two-2g,baseline2_matched_0.500,0.5,0.23625000000000007,0.23999999999999977,-0.03937499999999994,0.997779507250243,0.002220492749756997,-34.95555555555552
0.3,0.3,5,6,two-2g,baseline2_matched_0.650,0.65,0.3424999999999998,0.355,-0.057083333333333375,0.9973529873173353,0.002647012682664651,-50.95555555555552
0.3,0.3,5,6,two-2g,baseline2_matched_0.800,0.8,0.5157500000000002,0.5134999999999996,-0.08595833333333336,0.9934618446067315,0.006538155393268519,-71.46464646464648
0.3,0.3,5,6,two-2g,baseline2_matched_0.950,0.95,0.8340000000000001,0.8485,-0.139,0.989875261656525,0.010124738343475048,-101.30555555555554
0.3,0.3,5,6,two-g,baseline2_all_hdv_yield,1.0,0.8802500000000002,0.8809999999999998,-0.14670833333333333,0.9853211734271974,0.014678826572802617,-105.63888888888886
0.3,0.3,5,6,two-g,baseline2_matched_0.050,0.05,0.05600000000000005,0.05049999999999999,-0.009333333333333305,0.9988904349668692,0.001109565033130755,-8.355555555555554
0.3,0.3,5,6,two-g,baseline2_matched_0.200,0.2,0.10024999999999995,0.10399999999999965,-0.016708333333333325,0.9998780398274949,0.00012196017250509783,-17.95555555555552
0.3,0.3,5,6,two-g,baseline2_matched_0.350,0.35,0.15399999999999991,0.16149999999999975,-0.025666666666666615,0.9991948243918332,0.0008051756081668415,-22.855555555555554
0.3,0.3,5,6,two-g,baseline2_matched_0.500,0.5,0.32399999999999984,0.34099999999999975,-0.05400000000000005,0.9969845517682625,0.003015448231737494,-48.25555555555553
0.3,0.3,5,6,two-g,baseline2_matched_0.650,0.65,0.37749999999999995,0.3714999999999997,-0.06291666666666673,0.9944317345819633,0.0055682654180366775,-54.155555555555566
0.3,0.3,5,6,two-g,baseline2_matched_0.800,0.8,0.48050000000000015,0.4924999999999997,-0.0800833333333334,0.9925391375474008,0.007460862452599248,-64.35555555555555
0.3,0.3,5,6,two-g,baseline2_matched_0.950,0.95,0.7170000000000001,0.7149999999999999,-0.1195,0.9912910898044214,0.008708910195578623,-90.47222222222223
0.3,0.3,5,7,one,baseline2_all_hdv_yield,1.0,1.0150000000000001,1.0150000000000001,-0.1691666666666667,0.986773561480848,0.01322643851915195,-129.33333333333331
0.3,0.3,5,7,one,baseline2_matched_0.050,0.05,0.1070000000000002,0.1070000000000002,-0.017833333333333368,0.999483184089555,0.0005168159104449455,-19.30000000000001
0.3,0.3,5,7,one,baseline2_matched_0.200,0.2,0.17399999999999993,0.17399999999999993,-0.028999999999999915,0.9977367613981055,0.0022632386018944795,-29.5
0.3,0.3,5,7,one,baseline2_matched_0.350,0.35,0.21899999999999986,0.21899999999999986,-0.03649999999999998,0.9987407928343967,0.0012592071656033488,-35.10000000000002
0.3,0.3,5,7,one,baseline2_matched_0.500,0.5,0.395,0.395,-0.06583333333333341,0.9989058064726863,0.0010941935273136583,-55.5
0.3,0.3,5,7,one,baseline2_matched_0.650,0.65,0.5,0.5,-0.08333333333333326,0.9976484705957619,0.0023515294042381063,-72.69999999999999
0.3,0.3,5,7,one,baseline2_matched_0.800,0.8,0.5590000000000002,0.5590000000000002,-0.09316666666666662,0.9976772203945985,0.0023227796054015037,-79.69999999999999
0.3,0.3,5,7,one,baseline2_matched_0.950,0.95,0.8090000000000002,0.8090000000000002,-0.13483333333333336,0.9868555579485402,0.013144442051459815,-106.5
0.3,0.3,5,7,two-2g,baseline2_all_hdv_yield,1.0,0.8775,0.9084999999999996,-0.14625,0.9861798352912469,0.013820164708753135,-110.75
0.3,0.3,5,7,two-2g,baseline2_matched_0.050,0.05,0.019749999999999712,0.047499999999999876,-0.0032916666666666927,0.9902210242275526,0.009778975772447351,-4.125
0.3,0.3,5,7,two-2g,baseline2_matched_0.200,0.2,0.0714999999999999,0.09299999999999997,-0.011916666666666687,0.9982770124690158,0.0017229875309842102,-13.550000000000011
0.3,0.3,5,7,two-2g,baseline2_matched_0.350,0.35,0.0924999999999998,0.12799999999999967,-0.015416666666666745,0.9922460453435166,0.0077539546564834305,-26.44999999999999
0.3,0.3,5,7,two-2g,baseline2_matched_0.500,0.5,0.18999999999999995,0.19599999999999973,-0.03166666666666662,0.9884724983438403,0.011527501656159678,-31.649999999999977
0.3,0.3,5,7,two-2g,baseline2_matched_0.650,0.65,0.41999999999999993,0.4089999999999998,-0.06999999999999995,0.9962373493641563,0.0037626506358436895,-60.55000000000001
0.3,0.3,5,7,two-2g,baseline2_matched_0.800,0.8,0.5239999999999996,0.5229999999999997,-0.08733333333333337,0.9925451845818473,0.007454815418152738,-73.47727272727275
0.3,0.3,5,7,two-2g,baseline2_matched_0.950,0.95,0.7092499999999999,0.7109999999999999,-0.1182083333333333,0.989981985245984,0.01001801475401598,-93.33333333333331
0.3,0.3,5,7,two-g,baseline2_all_hdv_yield,1.0,0.8775,0.9084999999999996,-0.14625,0.9861798352912469,0.013820164708753135,-110.75
0.3,0.3,5,7,two-g,baseline2_matched_0.050,0.05,0.03925000000000001,0.052999999999999936,-0.006541666666666668,1.0012050697375796,-0.0012050697375796116,-7.861111111111086
0.3,0.3,5,7,two-g,baseline2_matched_0.200,0.2,0.11274999999999968,0.14749999999999996,-0.01879166666666665,0.9993906549038145,0.0006093450961854874,-20.05000000000001
0.3,0.3,5,7,two-g,baseline2_matched_0.350,0.35,0.17874999999999996,0.19700000000000006,-0.029791666666666772,0.9983207681800322,0.0016792318199677636,-30.75
0.3,0.3,5,7,two-g,baseline2_matched_0.500,0.5,0.3152499999999998,0.2879999999999998,-0.05254166666666671,0.9985669579003685,0.0014330420996314652,-46.94999999999999
0.3,0.3,5,7,two-g,baseline2_matched_0.650,0.65,0.41025,0.40449999999999964,-0.06837499999999996,0.9956341334726271,0.004365866527372919,-61.64999999999998
0.3,0.3,5,7,two-g,baseline2_matched_0.800,0.8,0.472,0.5034999999999998,-0.07866666666666666,0.9946563550743602,0.005343644925639768,-69.25
0.3,0.3,5,7,two-g,baseline2_matched_0.950,0.95,0.72925,0.766,-0.12154166666666666,0.9895463009483768,0.010453699051623189,-96.75
0.3,0.3,5,8,one,baseline2_all_hdv_yield,1.0,0.8510000000000004,0.8510000000000004,-0.14183333333333337,1.0004348545762125,-0.00043485457621250667,-91.75
0.3,0.3,5,8,one,baseline2_matched_0.050,0.05,0.0050000000000003375,0.0050000000000003375,-0.0008333333333334636,0.9981157470661345,0.0018842529338655156,-3.0
0.3,0.3,5,8,one,baseline2_matched_0.200,0.2,0.015000000000000124,0.015000000000000124,-0.0024999999999999467,0.9991099508754621,0.0008900491245379394,-7.5
0.3,0.3,5,8,one,baseline2_matched_0.350,0.35,0.15200000000000014,0.15200000000000014,-0.02533333333333343,1.0016480637749305,-0.0016480637749305416,-11.850000000000023
0.3,0.3,5,8,one,baseline2_matched_0.500,0.5,0.2160000000000002,0.2160000000000002,-0.03600000000000003,0.9988572793253272,0.0011427206746728036,-19.25
0.3,0.3,5,8,one,baseline2_matched_0.650,0.65,0.36050000000000004,0.36050000000000004,-0.060083333333333266,1.0022494957089676,-0.002249495708967597,-31.850000000000023
0.3,0.3,5,8,one,baseline2_matched_0.800,0.8,0.4700000000000002,0.4700000000000002,-0.07833333333333337,0.9990448980336173,0.0009551019663827098,-59.64999999999998
0.3,0.3,5,8,one,baseline2_matched_0.950,0.95,0.5580000000000003,0.5580000000000003,-0.09299999999999997,1.0016245676002489,-0.0016245676002488718,-82.25
0.3,0.3,5,8,two-2g,baseline2_all_hdv_yield,1.0,0.8552500000000003,0.8614999999999999,-0.14254166666666668,0.9966304358881455,0.003369564111854517,-106.625
0.3,0.3,5,8,two-2g,baseline2_matched_0.050,0.05,0.004250000000000309,0.01949999999999985,-0.0007083333333333108,0.9982544553125487,0.0017455446874512504,0.125
0.3,0.3,5,8,two-2g,baseline2_matched_0.200,0.2,0.09175000000000022,0.09600000000000009,-0.015291666666666703,1.0021935923744578,-0.00219359237445782,-10.125
0.3,0.3,5,8,two-2g,baseline2_matched_0.350,0.35,0.09825000000000017,0.10299999999999976,-0.01637500000000003,0.9979745789491625,0.0020254210508374726,-8.75
0.3,0.3,5,8,two-2g,baseline2_matched_0.500,0.5,0.26075000000000026,0.24399999999999977,-0.043458333333333266,1.0045374692372773,-0.00453746923727727,-37.67500000000001
0.3,0.3,5,8,two-2g,baseline2_matched_0.650,0.65,0.3682500000000002,0.37749999999999995,-0.06137500000000007,1.0021985024860984,-0.0021985024860984304,-48.47500000000002
0.3,0.3,5,8,two-2g,baseline2_matched_0.800,0.8,0.39975000000000005,0.4179999999999997,-0.06662500000000005,0.998457523501025,0.0015424764989749873,-59.27499999999998
0.3,0.3,5,8,two-2g,baseline2_matched_0.950,0.95,0.5662500000000001,0.5665,-0.0943750000000001,0.9998742660698312,0.00012573393016879209,-81.07499999999999
0.3,0.3,5,8,two-g,baseline2_all_hdv_yield,1.0,0.8552500000000003,0.8614999999999999,-0.14254166666666668,0.9966304358881455,0.003369564111854517,-106.625
0.3,0.3,5,8,two-g,baseline2_matched_0.050,0.05,0.033500000000000085,0.024499999999999744,-0.0055833333333333846,0.9972929502370727,0.0027070497629273493,-3.625
0.3,0.3,5,8,two-g,baseline2_matched_0.200,0.2,0.01100000000000012,0.014499999999999957,-0.0018333333333333535,1.0010849593109592,-0.0010849593109591993,1.25
0.3,0.3,5,8,two-g,baseline2_matched_0.350,0.35,0.20650000000000013,0.20399999999999974,-0.03441666666666665,1.0000969747048614,-9.697470486136339e-05,-30.375
0.3,0.3,5,8,two-g,baseline2_matched_0.500,0.5,0.23750000000000027,0.2469999999999999,-0.039583333333333415,1.0012417321611289,-0.0012417321611288834,-35.07499999999999
0.3,0.3,5,8,two-g,baseline2_matched_0.650,0.65,0.32325000000000026,0.3294999999999999,-0.053875000000000006,0.9985660720404581,0.001433927959541892,-45.07499999999999
0.3,0.3,5,8,two-g,baseline2_matched_0.800,0.8,0.42100000000000026,0.4314999999999998,-0.0701666666666666,0.9996305140992104,0.0003694859007895568,-67.17500000000001
0.3,0.3,5,8,two-g,baseline2_matched_0.950,0.95,0.6635,0.5964999999999998,-0.11058333333333331,0.9976515637478043,0.002348436252195718,-89.78409090909093
0.3,0.3,5,9,one,baseline2_all_hdv_yield,1.0,0.9794999999999998,0.9794999999999998,-0.16325,0.9941196675232655,0.005880332476734473,-112.75
0.3,0.3,5,9,one,baseline2_matched_0.050,0.05,-0.019000000000000128,-0.019000000000000128,0.00316666666666654,1.0018019879567932,-0.0018019879567932051,1.0
0.3,0.3,5,9,one,baseline2_matched_0.200,0.2,0.0029999999999996696,0.0029999999999996696,-0.0004999999999999449,0.9991225797754568,0.0008774202245431795,-3.75
0.3,0.3,5,9,one,baseline2_matched_0.350,0.35,0.22750000000000004,0.22750000000000004,-0.03791666666666682,0.9962884528775137,0.003711547122486336,-31.649999999999977
0.3,0.3,5,9,one,baseline2_matched_0.500,0.5,0.2869999999999999,0.2869999999999999,-0.047833333333333394,0.9983326462619537,0.0016673537380462733,-41.64999999999998
0.3,0.3,5,9,one,baseline2_matched_0.650,0.65,0.30200000000000005,0.30200000000000005,-0.05033333333333334,0.9972785505392344,0.0027214494607655793,-40.85000000000002
0.3,0.3,5,9,one,baseline2_matched_0.800,0.8,0.5114999999999998,0.5114999999999998,-0.08525000000000005,0.9967500559131974,0.0032499440868025697,-66.91666666666669
0.3,0.3,5,9,one,baseline2_matched_0.950,0.95,0.7319999999999998,0.7319999999999998,-0.122,0.9949649185097025,0.005035081490297522,-90.58333333333331
0.3,0.3,5,9,two-2g,baseline2_all_hdv_yield,1.0,0.9584999999999999,1.0140000000000002,-0.15975000000000006,0.9869352091636373,0.013064790836362694,-111.88888888888891
0.3,0.3,5,9,two-2g,baseline2_matched_0.050,0.05,0.05125000000000002,0.11699999999999999,-0.00854166666666667,0.998893082643134,0.0011069173568659663,-7.288888888888891
0.3,0.3,5,9,two-2g,baseline2_matched_0.200,0.2,0.08574999999999999,0.16800000000000015,-0.014291666666666702,0.9976785885110052,0.0023214114889947846,-13.888888888888914
0.3,0.3,5,9,two-2g,baseline2_matched_0.350,0.35,0.12674999999999992,0.2110000000000003,-0.02112500000000006,0.9968617199279504,0.0031382800720496373,-18.988888888888937
0.3,0.3,5,9,two-2g,baseline2_matched_0.500,0.5,0.2749999999999999,0.34850000000000003,-0.04583333333333339,0.9965689476914739,0.003431052308526139,-39.888888888888914
0.3,0.3,5,9,two-2g,baseline2_matched_0.650,0.65,0.31125000000000025,0.38400000000000034,-0.051875000000000004,0.9949086567643858,0.005091343235614221,-44.388888888888914
0.3,0.3,5,9,two-2g,baseline2_matched_0.800,0.8,0.43500000000000005,0.4780000000000002,-0.07250000000000001,0.9922532806661076,0.007746719333892371,-59.0888888888889
0.3,0.3,5,9,two-2g,baseline2_matched_0.950,0.95,0.7155,0.7570000000000001,-0.11925000000000002,0.9894823276209848,0.010517672379015242,-90.88888888888891
0.3,0.3,5,9,two-g,baseline2_all_hdv_yield,1.0,0.9584999999999999,1.0140000000000002,-0.15975000000000006,0.9869352091636373,0.013064790836362694,-111.88888888888891
0.3,0.3,5,9,two-g,baseline2_matched_0.050,0.05,0.014250000000000096,0.03100000000000014,-0.002375000000000016,1.0004760953171092,-0.00047609531710923747,-3.0
0.3,0.3,5,9,two-g,baseline2_matched_0.200,0.2,0.11000000000000032,0.1565000000000003,-0.018333333333333313,0.9990850867610094,0.0009149132389906223,-15.288888888888891
0.3,0.3,5,9,two-g,baseline2_matched_0.350,0.35,0.10000000000000009,0.16000000000000014,-0.01666666666666672,0.99867537584636,0.001324624153639986,-15.388888888888914
0.3,0.3,5,9,two-g,baseline2_matched_0.500,0.5,0.2650000000000001,0.32600000000000007,-0.04416666666666669,0.9969883609418703,0.0030116390581297336,-38.388888888888914
0.3,0.3,5,9,two-g,baseline2_matched_0.650,0.65,0.33850000000000025,0.4065000000000003,-0.05641666666666678,0.9949849137190029,0.005015086280997116,-44.48888888888894
0.3,0.3,5,9,two-g,baseline2_matched_0.800,0.8,0.41300000000000026,0.4780000000000002,-0.06883333333333341,0.992004594481517,0.00799540551848299,-56.28888888888889
0.3,0.3,5,9,two-g,baseline2_matched_0.950,0.95,0.6320000000000001,0.6790000000000003,-0.10533333333333333,0.982056806665134,0.017943193334866048,-81.22222222222223
0.35,0.35,6,0,one,baseline2_all_hdv_yield,1.0,0.6930000000000001,0.6930000000000001,-0.11550000000000016,1.011295773142797,-0.01129577314279695,-145.9333333333334
0.35,0.35,6,0,one,baseline2_matched_0.050,0.05,0.022499999999999964,0.022499999999999964,-0.003750000000000142,1.0001312166730887,-0.00013121667308868545,-9.333333333333371
0.35,0.35,6,0,one,baseline2_matched_0.200,0.2,0.04700000000000015,0.04700000000000015,-0.007833333333333359,1.0001062949452515,-0.00010629494525149497,-18.666666666666742
0.35,0.35,6,0,one,baseline2_matched_0.350,0.35,0.14749999999999996,0.14749999999999996,-0.0245833333333334,1.0022992181940713,-0.0022992181940713063,-45.33333333333337
0.35,0.35,6,0,one,baseline2_matched_0.500,0.5,0.05449999999999999,0.05449999999999999,-0.009083333333333332,1.0004833304792922,-0.00048333047929216555,-27.33333333333337
0.35,0.35,6,0,one,baseline2_matched_0.650,0.65,0.2669999999999999,0.2669999999999999,-0.044499999999999984,1.0046303437518114,-0.004630343751811372,-71.83333333333337
0.35,0.35,6,0,one,baseline2_matched_0.800,0.8,0.3134999999999999,0.3134999999999999,-0.05225000000000013,1.0039263049403737,-0.003926304940373715,-94.83333333333337
0.35,0.35,6,0,one,baseline2_matched_0.950,0.95,0.5065,0.5065,-0.0844166666666668,1.010243207743558,-0.010243207743557914,-120.83333333333337
0.35,0.35,6,0,two-2g,baseline2_all_hdv_yield,1.0,0.6577500000000001,0.6545000000000001,-0.10962499999999997,1.0088570197902227,-0.008857019790222687,-122.03333333333336
0.35,0.35,6,0,two-2g,baseline2_matched_0.050,0.05,0.03649999999999998,-0.0040000000000000036,-0.0060833333333333295,1.0074421300604628,-0.007442130060462793,-16.000000000000057
0.35,0.35,6,0,two-2g,baseline2_matched_0.200,0.2,0.10725000000000007,0.10450000000000004,-0.017874999999999974,1.009610044995392,-0.009610044995391975,-31.000000000000057
0.35,0.35,6,0,two-2g,baseline2_matched_0.350,0.35,0.20774999999999988,0.1964999999999999,-0.034624999999999906,1.010235445247756,-0.010235445247755992,-29.20833333333337
0.35,0.35,6,0,two-2g,baseline2_matched_0.500,0.5,0.18049999999999988,0.17749999999999977,-0.03008333333333335,1.0028964407071956,-0.0028964407071956355,-28.08333333333337
0.35,0.35,6,0,two-2g,baseline2_matched_0.650,0.65,0.3527499999999999,0.3460000000000001,-0.058791666666666575,1.0229174152604519,-0.02291741526045188,-50.33333333333337
0.35,0.35,6,0,two-2g,baseline2_matched_0.800,0.8,0.43199999999999994,0.42300000000000004,-0.07200000000000006,1.0098178153798694,-0.009817815379869366,-71.58333333333337
0.35,0.35,6,0,two-2g,baseline2_matched_0.950,0.95,0.4537499999999999,0.45799999999999974,-0.07562499999999994,1.0088640467593502,-0.008864046759350153,-76.70833333333337
0.35,0.35,6,0,two-g,baseline2_all_hdv_yield,1.0,0.6577500000000001,0.6545000000000001,-0.10962499999999997,1.0088570197902227,-0.008857019790222687,-122.03333333333336
0.35,0.35,6,0,two-g,baseline2_matched_0.050,0.05,-0.008750000000000036,-0.0040000000000000036,0.0014583333333334503,1.0053674649050384,-0.005367464905038366,-10.666666666666686
0.35,0.35,6,0,two-g,baseline2_matched_0.200,0.2,0.07050000000000001,0.07450000000000001,-0.011749999999999927,1.0018108689360095,-0.0018108689360094576,-1.0
0.35,0.35,6,0,two-g,baseline2_matched_0.350,0.35,0.16225000000000023,0.16149999999999975,-0.02704166666666663,1.007615715189722,-0.007615715189722039,-23.45833333333337
0.35,0.35,6,0,two-g,baseline2_matched_0.500,0.5,0.2004999999999999,0.20299999999999985,-0.03341666666666654,1.005397092126224,-0.005397092126224079,-42.33333333333337
0.35,0.35,6,0,two-g,baseline2_matched_0.650,0.65,0.30799999999999983,0.29300000000000015,-0.05133333333333334,1.0090089542578513,-0.00900895425785131,-51.58333333333337
0.35,0.35,6,0,two-g,baseline2_matched_0.800,0.8,0.40625,0.40549999999999997,-0.06770833333333337,1.0139859475810882,-0.013985947581088176,-69.45833333333337
0.35,0.35,6,0,two-g,baseline2_matched_0.950,0.95,0.48649999999999993,0.48649999999999993,-0.08108333333333329,1.007703457344778,-0.007703457344778064,-114.33333333333337
0.35,0.35,6,1,one,baseline2_all_hdv_yield,1.0,0.7754999999999999,0.7754999999999999,-0.1292500000000001,0.9898733965347026,0.010126603465297368,-143.86666666666667
0.35,0.35,6,1,one,baseline2_matched_0.050,0.05,0.022499999999999964,0.022499999999999964,-0.003750000000000031,0.9898943185173565,0.010105681482643458,-11.0
0.35,0.35,6,1,one,baseline2_matched_0.200,0.2,0.14700000000000002,0.14700000000000002,-0.024499999999999966,0.9933546325181113,0.006645367481888709,-22.666666666666686
0.35,0.35,6,1,one,baseline2_matched_0.350,0.35,0.1975,0.1975,-0.032916666666666705,0.9883046116961877,0.011695388303812337,-36.916666666666686
0.35,0.35,6,1,one,baseline2_matched_0.500,0.5,0.19000000000000017,0.19000000000000017,-0.03166666666666673,0.9777079003771599,0.022292099622840067,-36.166666666666686
0.35,0.35,6,1,one,baseline2_matched_0.650,0.65,0.34999999999999987,0.34999999999999987,-0.05833333333333335,1.0060792004382342,-0.006079200438234178,-80.91666666666669
0.35,0.35,6,1,one,baseline2_matched_0.800,0.8,0.4335000000000002,0.4335000000000002,-0.07225000000000015,0.9947973396698452,0.005202660330154818,-87.16666666666669
0.35,0.35,6,1,one,baseline2_matched_0.950,0.95,0.5879999999999999,0.5879999999999999,-0.09800000000000009,0.9829323923413917,0.017067607658608264,-119.86666666666667
0.35,0.35,6,1,two-2g,baseline2_all_hdv_yield,1.0,0.7657499999999999,0.7709999999999997,-0.127625,1.0091054821441492,-0.00910548214414919,-122.30000000000001
0.35,0.35,6,1,two-2g,baseline2_matched_0.050,0.05,0.01100000000000012,0.005499999999999838,-0.0018333333333333535,1.0246162141375699,-0.02461621413756987,-4.0
0.35,0.35,6,1,two-2g,baseline2_matched_0.200,0.2,0.13749999999999996,0.13449999999999984,-0.022916666666666696,1.036987015484091,-0.036987015484091,-21.0
0.35,0.35,6,1,two-2g,baseline2_matched_0.350,0.35,0.18925000000000014,0.19699999999999984,-0.03154166666666658,1.0199209437268086,-0.019920943726808638,-30.875
0.35,0.35,6,1,two-2g,baseline2_matched_0.500,0.5,0.27575000000000016,0.26749999999999985,-0.04595833333333332,1.034044390157018,-0.03404439015701799,-47.875
0.35,0.35,6,1,two-2g,baseline2_matched_0.650,0.65,0.27675000000000005,0.2855000000000001,-0.04612499999999997,1.016676491564873,-0.01667649156487294,-35.0
0.35,0.35,6,1,two-2g,baseline2_matched_0.800,0.8,0.3630000000000002,0.36749999999999994,-0.0605,0.997544582804518,0.0024554171954820347,-61.25
0.35,0.35,6,1,two-2g,baseline2_matched_0.950,0.95,0.6832499999999999,0.6569999999999998,-0.11387499999999995,1.0271360955829687,-0.0271360955829687,-123.69999999999999
0.35,0.35,6,1,two-g,baseline2_all_hdv_yield,1.0,0.7657499999999999,0.7709999999999997,-0.127625,1.0091054821441492,-0.00910548214414919,-122.30000000000001
0.35,0.35,6,1,two-g,baseline2_matched_0.050,0.05,0.038000000000000034,0.027499999999999858,-0.006333333333333302,1.0170589918685649,-0.017058991868564854,-5.0
0.35,0.35,6,1,two-g,baseline2_matched_0.200,0.2,0.16149999999999998,0.1449999999999998,-0.0269166666666667,1.0200588152439702,-0.02005881524397024,-19.75
0.35,0.35,6,1,two-g,baseline2_matched_0.350,0.35,0.15849999999999986,0.1539999999999997,-0.026416666666666644,1.009456122948605,-0.009456122948604984,-16.375
0.35,0.35,6,1,two-g,baseline2_matched_0.500,0.5,0.29525,0.3145,-0.04920833333333341,1.034077181220561,-0.034077181220560915,-51.75
0.35,0.35,6,1,two-g,baseline2_matched_0.650,0.65,0.34550000000000014,0.34999999999999987,-0.05758333333333332,1.0155802266905845,-0.015580226690584453,-61.0
0.35,0.35,6,1,two-g,baseline2_matched_0.800,0.8,0.4480000000000002,0.44299999999999984,-0.07466666666666666,1.020483422254251,-0.020483422254250927,-94.75
0.35,0.35,6,1,two-g,baseline2_matched_0.950,0.95,0.5927499999999999,0.6094999999999999,-0.09879166666666672,1.0115426406792518,-0.011542640679251814,-116.0
0.35,0.35,6,2,one,baseline2_all_hdv_yield,1.0,0.5730000000000002,0.5730000000000002,-0.09550000000000003,0.9949680747124169,0.005031925287583117,-131.0
0.35,0.35,6,2,one,baseline2_matched_0.050,0.05,0.008499999999999952,0.008499999999999952,-0.0014166666666667327,1.0009175400093624,-0.0009175400093623942,-8.333333333333371
0.35,0.35,6,2,one,baseline2_matched_0.200,0.2,0.07050000000000023,0.07050000000000023,-0.011750000000000038,1.0095822781341752,-0.009582278134175226,-31.25
0.35,0.35,6,2,one,baseline2_matched_0.350,0.35,0.17000000000000015,0.17000000000000015,-0.028333333333333433,0.998780867273307,0.0012191327266930507,-45.0
0.35,0.35,6,2,one,baseline2_matched_0.500,0.5,0.1975,0.1975,-0.032916666666666594,1.0047496630306643,-0.004749663030664264,-62.0
0.35,0.35,6,2,one,baseline2_matched_0.650,0.65,0.21699999999999986,0.21699999999999986,-0.03616666666666657,1.0092110582244755,-0.009211058224475543,-74.5
0.35,0.35,6,2,one,baseline2_matched_0.800,0.8,0.23650000000000015,0.23650000000000015,-0.039416666666666766,0.9963204562439091,0.0036795437560909194,-85.25
0.35,0.35,6,2,one,baseline2_matched_0.950,0.95,0.4960000000000002,0.4960000000000002,-0.08266666666666678,0.9970762209437859,0.002923779056214104,-117.5
0.35,0.35,6,2,two-2g,baseline2_all_hdv_yield,1.0,0.6282500000000002,0.6319999999999999,-0.10470833333333329,1.0006702117587982,-0.0006702117587982226,-104.26666666666671
0.35,0.35,6,2,two-2g,baseline2_matched_0.050,0.05,0.0345000000000002,0.06299999999999994,-0.005749999999999922,0.995063304547035,0.004936695452965045,-8.0
0.35,0.35,6,2,two-2g,baseline2_matched_0.200,0.2,0.04849999999999999,0.06899999999999995,-0.008083333333333331,1.0081034694472493,-0.008103469447249267,-18.83333333333337
0.35,0.35,6,2,two-2g,baseline2_matched_0.350,0.35,0.0665,0.09299999999999997,-0.011083333333333334,0.9958178786251198,0.0041821213748801656,-15.5
0.35,0.35,6,2,two-2g,baseline2_matched_0.500,0.5,0.1479999999999999,0.16649999999999987,-0.024666666666666615,0.9959864157918771,0.004013584208122922,-35.791666666666686
0.35,0.35,6,2,two-2g,baseline2_matched_0.650,0.65,0.2729999999999999,0.30000000000000004,-0.045499999999999985,1.0008183144971037,-0.0008183144971036782,-59.291666666666686
0.35,0.35,6,2,two-2g,baseline2_matched_0.800,0.8,0.45750000000000024,0.45599999999999974,-0.07625000000000004,1.0060735245733372,-0.006073524573337208,-81.04166666666669
0.35,0.35,6,2,two-2g,baseline2_matched_0.950,0.95,0.5262499999999999,0.5374999999999999,-0.08770833333333328,0.9965098371151074,0.003490162884892567,-97.91666666666669
0.35,0.35,6,2,two-g,baseline2_all_hdv_yield,1.0,0.6282500000000002,0.6319999999999999,-0.10470833333333329,1.0006702117587982,-0.0006702117587982226,-104.26666666666671
0.35,0.35,6,2,two-g,baseline2_matched_0.050,0.05,0.027750000000000163,0.051999999999999824,-0.004624999999999879,0.9926511046308355,0.007348895369164499,6.833333333333314
0.35,0.35,6,2,two-g,baseline2_matched_0.200,0.2,0.02750000000000008,0.05449999999999999,-0.004583333333333273,0.9979102516153037,0.0020897483846963327,11.666666666666629
0.35,0.35,6,2,two-g,baseline2_matched_0.350,0.35,0.06700000000000017,0.09199999999999986,-0.011166666666666658,1.003695069584854,-0.003695069584854105,-23.33333333333337
0.35,0.35,6,2,two-g,baseline2_matched_0.500,0.5,0.1775,0.2064999999999999,-0.029583333333333295,0.9990437062429084,0.0009562937570916086,-39.916666666666686
0.35,0.35,6,2,two-g,baseline2_matched_0.650,0.65,0.20550000000000002,0.17900000000000005,-0.03425,0.9998505849589523,0.00014941504104770686,-44.541666666666686
0.35,0.35,6,2,two-g,baseline2_matched_0.800,0.8,0.2985,0.32400000000000007,-0.04974999999999996,0.9940185240906015,0.005981475909398459,-56.541666666666686
0.35,0.35,6,2,two-g,baseline2_matched_0.950,0.95,0.5122500000000001,0.5319999999999998,-0.08537499999999998,0.995680274308769,0.004319725691230958,-90.41666666666669
0.35,0.35,6,3,one,baseline2_all_hdv_yield,1.0,0.7364999999999999,0.7364999999999999,-0.12274999999999991,0.9873076959448207,0.012692304055179293,-134.8
0.35,0.35,6,3,one,baseline2_matched_0.050,0.05,-0.09349999999999992,-0.09349999999999992,0.015583333333333282,0.9828500317521291,0.01714996824787085,32.0
0.35,0.35,6,3,one,baseline2_matched_0.200,0.2,-0.008000000000000007,-0.008000000000000007,0.0013333333333334085,0.9835409042336907,0.01645909576630933,1.3333333333333144
0.35,0.35,6,3,one,baseline2_matched_0.350,0.35,0.12550000000000017,0.12550000000000017,-0.020916666666666694,0.9829586000257532,0.017041399974246807,-28.75
0.35,0.35,6,3,one,baseline2_matched_0.500,0.5,0.14500000000000002,0.14500000000000002,-0.02416666666666667,0.979994522485094,0.020005477514906,-11.0
0.35,0.35,6,3,one,baseline2_matched_0.650,0.65,0.21150000000000002,0.21150000000000002,-0.035250000000000004,0.9812800654101154,0.018719934589884635,-32.75
0.35,0.35,6,3,one,baseline2_matched_0.800,0.8,0.5105,0.5105,-0.0850833333333334,1.0044593009003382,-0.004459300900338192,-100.75
0.35,0.35,6,3,one,baseline2_matched_0.950,0.95,0.7185000000000001,0.7185000000000001,-0.11975000000000002,0.9998741553679293,0.00012584463207065966,-121.80000000000001
0.35,0.35,6,3,two-2g,baseline2_all_hdv_yield,1.0,0.6465000000000001,0.6084999999999998,-0.1077499999999999,0.971415639818654,0.028584360181346025,-116.58571428571429
0.35,0.35,6,3,two-2g,baseline2_matched_0.050,0.05,-0.0804999999999998,-0.0694999999999999,0.013416666666666743,0.9675110737565699,0.03248892624343014,11.047619047619094
0.35,0.35,6,3,two-2g,baseline2_matched_0.200,0.2,-0.008999999999999897,-0.0024999999999999467,0.0015000000000000568,0.9784016540474534,0.021598345952546616,-8.285714285714278
0.35,0.35,6,3,two-2g,baseline2_matched_0.350,0.35,0.06950000000000012,0.0794999999999999,-0.011583333333333279,0.9823091133183057,0.017690886681694273,-30.535714285714278
0.35,0.35,6,3,two-2g,baseline2_matched_0.500,0.5,0.0950000000000002,0.10349999999999993,-0.015833333333333255,0.9823447359513001,0.01765526404869988,-43.53571428571428
0.35,0.35,6,3,two-2g,baseline2_matched_0.650,0.65,0.24875000000000025,0.22750000000000004,-0.041458333333333264,0.9827085569542611,0.01729144304573893,-67.78571428571428
0.35,0.35,6,3,two-2g,baseline2_matched_0.800,0.8,0.34850000000000003,0.35650000000000004,-0.058083333333333265,0.9837683754922085,0.016231624507791476,-76.78571428571428
0.35,0.35,6,3,two-2g,baseline2_matched_0.950,0.95,0.5895000000000001,0.5625,-0.09824999999999995,0.9954638102980873,0.004536189701912718,-117.18571428571425
0.35,0.35,6,3,two-g,baseline2_all_hdv_yield,1.0,0.6465000000000001,0.6084999999999998,-0.1077499999999999,0.971415639818654,0.028584360181346025,-116.58571428571429
0.35,0.35,6,3,two-g,baseline2_matched_0.050,0.05,0.04200000000000026,0.0259999999999998,-0.006999999999999895,0.9888710916366013,0.011128908363398748,-12.285714285714278
0.35,0.35,6,3,two-g,baseline2_matched_0.200,0.2,0.08975,0.09549999999999992,-0.014958333333333296,1.0027078625841541,-0.0027078625841541193,-23.910714285714278
0.35,0.35,6,3,two-g,baseline2_matched_0.350,0.35,0.0547500000000003,0.05549999999999988,-0.009124999999999939,0.9816142007366113,0.01838579926338868,-19.785714285714278
0.35,0.35,6,3,two-g,baseline2_matched_0.500,0.5,0.22950000000000026,0.23850000000000016,-0.038249999999999895,0.9872557770146145,0.012744222985385467,-57.66071428571428
0.35,0.35,6,3,two-g,baseline2_matched_0.650,0.65,0.25075000000000003,0.25150000000000006,-0.04179166666666656,0.9908820525580285,0.009117947441971475,-66.91071428571428
0.35,0.35,6,3,two-g,baseline2_matched_0.800,0.8,0.34475000000000033,0.33099999999999996,-0.05745833333333328,0.975107555036065,0.024892444963934945,-77.53571428571428
0.35,0.35,6,3,two-g,baseline2_matched_0.950,0.95,0.6102500000000002,0.6160000000000001,-0.10170833333333329,0.9903260139973432,0.009673986002656787,-120.98571428571427
0.35,0.35,6,4,one,baseline2_all_hdv_yield,1.0,0.6694999999999998,0.6694999999999998,-0.11158333333333315,1.0068911918457872,-0.006891191845787237,-105.4666666666667
0.35,0.35,6,4,one,baseline2_matched_0.050,0.05,0.04149999999999987,0.04149999999999987,-0.006916666666666571,1.000500755068178,-0.0005007550681779271,8.333333333333314
0.35,0.35,6,4,one,baseline2_matched_0.200,0.2,0.11549999999999994,0.11549999999999994,-0.01924999999999999,1.0079348688572731,-0.007934868857273125,-22.666666666666686
0.35,0.35,6,4,one,baseline2_matched_0.350,0.35,0.13149999999999995,0.13149999999999995,-0.021916666666666584,0.9975878673343933,0.002412132665606692,-1.6666666666666856
0.35,0.35,6,4,one,baseline2_matched_0.500,0.5,0.3089999999999997,0.3089999999999997,-0.05149999999999988,1.007166119871617,-0.007166119871617083,-23.916666666666686
0.35,0.35,6,4,one,baseline2_matched_0.650,0.65,0.31800000000000006,0.31800000000000006,-0.052999999999999936,1.0071468168132247,-0.00714681681322471,-32.666666666666686
0.35,0.35,6,4,one,baseline2_matched_0.800,0.8,0.44999999999999973,0.44999999999999973,-0.07499999999999996,1.0075398120894123,-0.0075398120894123455,-54.916666666666686
0.35,0.35,6,4,one,baseline2_matched_0.950,0.95,0.4804999999999997,0.4804999999999997,-0.08008333333333328,0.9969154462323614,0.0030845537676386092,-94.91666666666669
0.35,0.35,6,4,two-2g,baseline2_all_hdv_yield,1.0,0.5217500000000002,0.526,-0.08695833333333336,1.0055553682222813,-0.0055553682222813094,-122.125
0.35,0.35,6,4,two-2g,baseline2_matched_0.050,0.05,0.010999999999999899,0.01100000000000012,-0.0018333333333333535,1.0073636963102848,-0.007363696310284773,-15.166666666666686
0.35,0.35,6,4,two-2g,baseline2_matched_0.200,0.2,0.04600000000000004,0.037000000000000144,-0.0076666666666667105,1.0056915595120366,-0.0056915595120365925,-15.785714285714278
0.35,0.35,6,4,two-2g,baseline2_matched_0.350,0.35,0.04149999999999987,0.050000000000000044,-0.006916666666666682,1.0000904819710452,-9.048197104521982e-05,-23.166666666666686
0.35,0.35,6,4,two-2g,baseline2_matched_0.500,0.5,0.16399999999999992,0.17049999999999987,-0.02733333333333343,1.0003270838953324,-0.0003270838953324251,-37.5
0.35,0.35,6,4,two-2g,baseline2_matched_0.650,0.65,0.38149999999999973,0.365,-0.06358333333333333,1.0091546024038616,-0.009154602403861567,-82.75
0.35,0.35,6,4,two-2g,baseline2_matched_0.800,0.8,0.33399999999999985,0.33799999999999986,-0.05566666666666664,1.002265608608337,-0.002265608608337022,-72.0
0.35,0.35,6,4,two-2g,baseline2_matched_0.950,0.95,0.5029999999999999,0.5125,-0.08383333333333332,1.0092711236999077,-0.00927112369990768,-112.125
0.35,0.35,6,4,two-g,baseline2_all_hdv_yield,1.0,0.5217500000000002,0.526,-0.08695833333333336,1.0055553682222813,-0.0055553682222813094,-122.125
0.35,0.35,6,4,two-g,baseline2_matched_0.050,0.05,0.010999999999999899,0.021500000000000075,-0.0018333333333333535,0.9939772352606184,0.00602276473938157,-4.666666666666686
0.35,0.35,6,4,two-g,baseline2_matched_0.200,0.2,0.01574999999999993,0.016000000000000014,-0.0026250000000000995,0.994025567245154,0.005974432754845993,-5.333333333333314
0.35,0.35,6,4,two-g,baseline2_matched_0.350,0.35,0.08600000000000008,0.09099999999999997,-0.01433333333333342,0.9973490468483057,0.0026509531516942797,-13.5
0.35,0.35,6,4,two-g,baseline2_matched_0.500,0.5,0.13250000000000006,0.10699999999999998,-0.022083333333333344,0.9981613239217105,0.0018386760782894696,-34.625
0.35,0.35,6,4,two-g,baseline2_matched_0.650,0.65,0.27049999999999996,0.24499999999999988,-0.045083333333333364,0.9998784207055729,0.00012157929442713211,-65.25
0.35,0.35,6,4,two-g,baseline2_matched_0.800,0.8,0.34975,0.3274999999999999,-0.05829166666666674,0.9957784446842313,0.0042215553157687324,-81.125
0.35,0.35,6,4,two-g,baseline2_matched_0.950,0.95,0.5085,0.518,-0.08474999999999999,0.9993684995354114,0.0006315004645885969,-115.25
0.35,0.35,6,5,one,baseline2_all_hdv_yield,1.0,0.6695,0.6695,-0.11158333333333337,1.0070375931275632,-0.007037593127563246,-170.25
0.35,0.35,6,5,one,baseline2_matched_0.050,0.05,0.08650000000000002,0.08650000000000002,-0.014416666666666633,1.0009556028584436,-0.0009556028584436493,-47.666666666666686
0.35,0.35,6,5,one,baseline2_matched_0.200,0.2,0.17149999999999999,0.17149999999999999,-0.028583333333333294,1.00291774365212,-0.002917743652119942,-71.33333333333331
0.35,0.35,6,5,one,baseline2_matched_0.350,0.35,0.14700000000000002,0.14700000000000002,-0.024499999999999966,1.0037754675383903,-0.003775467538390309,-72.0
0.35,0.35,6,5,one,baseline2_matched_0.500,0.5,0.29200000000000004,0.29200000000000004,-0.048666666666666636,1.000021666413257,-2.166641325707097e-05,-74.5
0.35,0.35,6,5,one,baseline2_matched_0.650,0.65,0.3590000000000002,0.3590000000000002,-0.059833333333333405,1.0013049262581706,-0.00130492625817058,-87.0
0.35,0.35,6,5,one,baseline2_matched_0.800,0.8,0.45799999999999996,0.45799999999999996,-0.07633333333333336,1.0039586817698005,-0.0039586817698005206,-103.5
0.35,0.35,6,5,one,baseline2_matched_0.950,0.95,0.546,0.546,-0.09099999999999997,1.0044931199635097,-0.004493119963509651,-127.5
0.35,0.35,6,5,two-2g,baseline2_all_hdv_yield,1.0,0.5027499999999998,0.5085,-0.0837916666666666,1.004164633797504,-0.0041646337975040915,-84.29166666666669
0.35,0.35,6,5,two-2g,baseline2_matched_0.050,0.05,0.030749999999999833,0.015000000000000124,-0.005124999999999935,1.003197409381865,-0.0031974093818649685,-7.166666666666686
0.35,0.35,6,5,two-2g,baseline2_matched_0.200,0.2,0.0605,0.0605,-0.010083333333333222,1.0025802787712177,-0.0025802787712176922,-14.833333333333371
0.35,0.35,6,5,two-2g,baseline2_matched_0.350,0.35,0.07050000000000001,0.07600000000000007,-0.011749999999999927,1.003081091570435,-0.0030810915704349018,-15.833333333333371
0.35,0.35,6,5,two-2g,baseline2_matched_0.500,0.5,0.121,0.11650000000000005,-0.020166666666666555,1.003840388395054,-0.003840388395053962,-11.666666666666686
0.35,0.35,6,5,two-2g,baseline2_matched_0.650,0.65,0.17749999999999977,0.17900000000000005,-0.029583333333333295,1.0027910572889902,-0.0027910572889902063,-25.166666666666686
0.35,0.35,6,5,two-2g,baseline2_matched_0.800,0.8,0.26249999999999973,0.2515000000000003,-0.043749999999999956,1.0008997524825372,-0.0008997524825371528,-38.666666666666686
0.35,0.35,6,5,two-2g,baseline2_matched_0.950,0.95,0.4059999999999997,0.4075,-0.06766666666666665,1.0020515268898458,-0.0020515268898457784,-58.416666666666686
0.35,0.35,6,5,two-g,baseline2_all_hdv_yield,1.0,0.5027499999999998,0.5085,-0.0837916666666666,1.004164633797504,-0.0041646337975040915,-84.29166666666669
0.35,0.35,6,5,two-g,baseline2_matched_0.050,0.05,-0.037000000000000144,-0.03349999999999986,0.006166666666666654,1.001574661875333,-0.00157466187533295,4.666666666666629
0.35,0.35,6,5,two-g,baseline2_matched_0.200,0.2,0.05449999999999999,0.0475000000000001,-0.009083333333333221,1.0009940231270946,-0.0009940231270946231,-12.0
0.35,0.35,6,5,two-g,baseline2_matched_0.350,0.35,0.06924999999999981,0.0665,-0.011541666666666672,1.0021965440305642,-0.0021965440305642403,-15.166666666666686
0.35,0.35,6,5,two-g,baseline2_matched_0.500,0.5,0.11749999999999972,0.12250000000000028,-0.019583333333333286,1.0041002028529387,-0.004100202852938661,-12.791666666666686
0.35,0.35,6,5,two-g,baseline2_matched_0.650,0.65,0.15749999999999975,0.16200000000000014,-0.026249999999999885,1.001059024257013,-0.001059024257012986,-22.916666666666686
0.35,0.35,6,5,two-g,baseline2_matched_0.800,0.8,0.3334999999999999,0.2795000000000003,-0.05558333333333332,1.001118513595213,-0.0011185135952129777,-48.291666666666686
0.35,0.35,6,5,two-g,baseline2_matched_0.950,0.95,0.41849999999999987,0.42500000000000004,-0.06974999999999998,1.0034878237868752,-0.003487823786875177,-66.04166666666669
0.35,0.35,6,6,one,baseline2_all_hdv_yield,1.0,0.8404999999999998,0.8404999999999998,-0.14008333333333334,1.0396284506522897,-0.039628450652289704,-134.93333333333334
0.35,0.35,6,6,one,baseline2_matched_0.050,0.05,-0.01550000000000007,-0.01550000000000007,0.002583333333333382,1.0070444695872443,-0.007044469587244251,37.333333333333314
0.35,0.35,6,6,one,baseline2_matched_0.200,0.2,0.046499999999999764,0.046499999999999764,-0.007749999999999924,1.010674571002522,-0.010674571002522004,5.166666666666686
0.35,0.35,6,6,one,baseline2_matched_0.350,0.35,0.14850000000000008,0.14850000000000008,-0.02475000000000005,1.0150158974183718,-0.015015897418371837,-7.583333333333314
0.35,0.35,6,6,one,baseline2_matched_0.500,0.5,0.11349999999999993,0.11349999999999993,-0.018916666666666693,1.0138181930153487,-0.013818193015348701,-1.8333333333333144
0.35,0.35,6,6,one,baseline2_matched_0.650,0.65,0.33699999999999997,0.33699999999999997,-0.0561666666666667,1.0396752022428721,-0.03967520224287213,-54.583333333333314
0.35,0.35,6,6,one,baseline2_matched_0.800,0.8,0.5090000000000001,0.5090000000000001,-0.08483333333333332,1.032760848528225,-0.03276084852822492,-87.08333333333331
0.35,0.35,6,6,one,baseline2_matched_0.950,0.95,0.4734999999999998,0.4734999999999998,-0.07891666666666652,1.0092695824388276,-0.009269582438827584,-81.08333333333331
0.35,0.35,6,6,two-2g,baseline2_all_hdv_yield,1.0,0.5102500000000001,0.5069999999999999,-0.08504166666666668,0.998449200189359,0.0015507998106409904,-92.625
0.35,0.35,6,6,two-2g,baseline2_matched_0.050,0.05,0.016750000000000043,0.016000000000000014,-0.0027916666666666368,1.0171482885154666,-0.01714828851546657,12.166666666666686
0.35,0.35,6,6,two-2g,baseline2_matched_0.200,0.2,0.05600000000000005,0.03950000000000009,-0.009333333333333416,1.0009806909674752,-0.0009806909674752173,-9.166666666666686
0.35,0.35,6,6,two-2g,baseline2_matched_0.350,0.35,0.11575000000000024,0.11099999999999999,-0.019291666666666707,1.0023126742218003,-0.0023126742218002594,6.0
0.35,0.35,6,6,two-2g,baseline2_matched_0.500,0.5,0.19574999999999987,0.127,-0.032625000000000126,0.9989748416544494,0.0010251583455506141,-4.75
0.35,0.35,6,6,two-2g,baseline2_matched_0.650,0.65,0.3652500000000001,0.32400000000000007,-0.06087500000000001,0.9963920281107964,0.0036079718892035872,-29.5
0.35,0.35,6,6,two-2g,baseline2_matched_0.800,0.8,0.4540000000000002,0.4520000000000002,-0.07566666666666677,1.0005636240172016,-0.0005636240172015583,-71.5
0.35,0.35,6,6,two-2g,baseline2_matched_0.950,0.95,0.5249999999999999,0.5005,-0.08750000000000002,0.9864287414898265,0.01357125851017349,-84.5
0.35,0.35,6,6,two-g,baseline2_all_hdv_yield,1.0,0.5102500000000001,0.5069999999999999,-0.08504166666666668,0.998449200189359,0.0015507998106409904,-92.625
0.35,0.35,6,6,two-g,baseline2_matched_0.050,0.05,0.00275000000000003,0.0,-0.00045833333333333837,1.000714442541203,-0.0007144425412028976,3.8333333333333144
0.35,0.35,6,6,two-g,baseline2_matched_0.200,0.2,0.05974999999999997,0.043500000000000094,-0.009958333333333402,1.0021134974241368,-0.002113497424136801,-10.5
0.35,0.35,6,6,two-g,baseline2_matched_0.350,0.35,0.1775000000000002,0.13049999999999984,-0.029583333333333295,0.9864772850442313,0.013522714955768733,-1.25
0.35,0.35,6,6,two-g,baseline2_matched_0.500,0.5,0.22299999999999986,0.19900000000000007,-0.03716666666666679,1.0000398353595361,-3.983535953611117e-05,-6.5
0.35,0.35,6,6,two-g,baseline2_matched_0.650,0.65,0.29974999999999996,0.2809999999999999,-0.04995833333333333,0.9898553235325992,0.010144676467400804,-31.125
0.35,0.35,6,6,two-g,baseline2_matched_0.800,0.8,0.4132500000000001,0.39149999999999996,-0.06887500000000002,0.9908778879477671,0.0091221120522329,-56.625
0.35,0.35,6,6,two-g,baseline2_matched_0.950,0.95,0.6412499999999999,0.6075000000000002,-0.10687500000000005,0.9999421924084961,5.780759150386672e-05,-104.33333333333331
0.35,0.35,6,7,one,baseline2_all_hdv_yield,1.0,0.5450000000000002,0.5450000000000002,-0.09083333333333332,1.0017939056586318,-0.0017939056586318003,-137.60000000000002
0.35,0.35,6,7,one,baseline2_matched_0.050,0.05,-0.01849999999999996,-0.01849999999999996,0.003083333333333327,1.0015954556634472,-0.0015954556634472095,6.0
0.35,0.35,6,7,one,baseline2_matched_0.200,0.2,0.0020000000000000018,0.0020000000000000018,-0.0003333333333332966,1.002794385417572,-0.002794385417572043,-15.666666666666686
0.35,0.35,6,7,one,baseline2_matched_0.350,0.35,0.03449999999999975,0.03449999999999975,-0.005749999999999922,1.0023675589434853,-0.0023675589434852817,-41.75
0.35,0.35,6,7,one,baseline2_matched_0.500,0.5,0.051999999999999824,0.051999999999999824,-0.0086666666666666,1.0014682681076297,-0.0014682681076296777,-53.75
0.35,0.35,6,7,one,baseline2_matched_0.650,0.65,0.119,0.119,-0.01983333333333337,0.9979249724349042,0.0020750275650958105,-73.5
0.35,0.35,6,7,one,baseline2_matched_0.800,0.8,0.37949999999999995,0.37949999999999995,-0.06325000000000003,0.9962778935870387,0.0037221064129613346,-103.0
0.35,0.35,6,7,one,baseline2_matched_0.950,0.95,0.47199999999999975,0.47199999999999975,-0.07866666666666666,0.9934773358321966,0.006522664167803449,-115.0
0.35,0.35,6,7,two-2g,baseline2_all_hdv_yield,1.0,0.55925,0.5255000000000003,-0.09320833333333334,0.996110596238596,0.003889403761404009,-103.16666666666669
0.35,0.35,6,7,two-2g,baseline2_matched_0.050,0.05,0.0009999999999998899,-0.0004999999999999449,-0.0001666666666666483,0.9984064638453733,0.0015935361546266513,-0.33333333333337123
0.35,0.35,6,7,two-2g,baseline2_matched_0.200,0.2,0.003249999999999975,0.0,-0.0005416666666666625,0.9919055925762522,0.008094407423747785,19.66666666666663
0.35,0.35,6,7,two-2g,baseline2_matched_0.350,0.35,0.09125000000000005,0.08700000000000019,-0.015208333333333268,0.9986960445373976,0.0013039554626024241,-16.666666666666686
0.35,0.35,6,7,two-2g,baseline2_matched_0.500,0.5,0.25249999999999995,0.24,-0.04208333333333336,1.0027876119364145,-0.0027876119364145246,-7.916666666666686
0.35,0.35,6,7,two-2g,baseline2_matched_0.650,0.65,0.3580000000000001,0.32450000000000023,-0.059666666666666646,0.9979564625631305,0.002043537436869469,-20.666666666666686
0.35,0.35,6,7,two-2g,baseline2_matched_0.800,0.8,0.43825000000000003,0.41900000000000026,-0.07304166666666667,1.0038339959496123,-0.003833995949612312,-53.416666666666686
0.35,0.35,6,7,two-2g,baseline2_matched_0.950,0.95,0.4577499999999999,0.4555,-0.07629166666666665,1.0028883193781142,-0.002888319378114179,-61.666666666666686
0.35,0.35,6,7,two-g,baseline2_all_hdv_yield,1.0,0.55925,0.5255000000000003,-0.09320833333333334,0.996110596238596,0.003889403761404009,-103.16666666666669
0.35,0.35,6,7,two-g,baseline2_matched_0.050,0.05,-0.0035000000000000586,-0.011999999999999789,0.0005833333333333801,1.0023026063946996,-0.002302606394699591,4.333333333333314
0.35,0.35,6,7,two-g,baseline2_matched_0.200,0.2,0.043500000000000094,0.015000000000000124,-0.007249999999999979,0.9906946698246631,0.009305330175336857,4.0
0.35,0.35,6,7,two-g,baseline2_matched_0.350,0.35,0.1342500000000002,0.06600000000000006,-0.022374999999999923,1.003372388977066,-0.003372388977066043,-7.738095238095241
0.35,0.35,6,7,two-g,baseline2_matched_0.500,0.5,0.2517499999999999,0.23049999999999993,-0.04195833333333332,0.9994457346935433,0.0005542653064567471,-5.541666666666686
0.35,0.35,6,7,two-g,baseline2_matched_0.650,0.65,0.2865000000000002,0.2855000000000001,-0.04774999999999996,0.9932789949921456,0.0067210050078544414,-19.666666666666686
0.35,0.35,6,7,two-g,baseline2_matched_0.800,0.8,0.4289999999999998,0.4225000000000001,-0.07150000000000001,1.0043437103803712,-0.00434371038037118,-34.166666666666686
0.35,0.35,6,7,two-g,baseline2_matched_0.950,0.95,0.48150000000000004,0.47150000000000003,-0.08024999999999993,1.0014076579211517,-0.001407657921151717,-90.29166666666669
0.35,0.35,6,8,one,baseline2_all_hdv_yield,1.0,0.5215000000000001,0.5215000000000001,-0.08691666666666675,0.9994629182830808,0.000537081716919241,-105.30000000000001
0.35,0.35,6,8,one,baseline2_matched_0.050,0.05,-0.0369999999999997,-0.0369999999999997,0.006166666666666543,0.9889542839882784,0.011045716011721551,33.16666666666663
0.35,0.35,6,8,one,baseline2_matched_0.200,0.2,-0.036499999999999755,-0.036499999999999755,0.0060833333333332185,0.9931994266204945,0.006800573379505459,12.5
0.35,0.35,6,8,one,baseline2_matched_0.350,0.35,0.042500000000000426,0.042500000000000426,-0.007083333333333552,0.9850433173298124,0.014956682670187571,-5.25
0.35,0.35,6,8,one,baseline2_matched_0.500,0.5,0.05550000000000033,0.05550000000000033,-0.009250000000000203,0.9822138992095718,0.017786100790428194,-13.0
0.35,0.35,6,8,one,baseline2_matched_0.650,0.65,0.22350000000000003,0.22350000000000003,-0.037250000000000005,0.9995480316112001,0.000451968388799906,-56.0
0.35,0.35,6,8,one,baseline2_matched_0.800,0.8,0.387,0.387,-0.0645,1.000295958058517,-0.0002959580585168986,-79.5
0.35,0.35,6,8,one,baseline2_matched_0.950,0.95,0.504,0.504,-0.08400000000000007,0.992862665860209,0.007137334139791007,-98.5
0.35,0.35,6,8,two-2g,baseline2_all_hdv_yield,1.0,0.6160000000000001,0.617,-0.10266666666666657,1.009818140053891,-0.009818140053891034,-144.2
0.35,0.35,6,8,two-2g,baseline2_matched_0.050,0.05,0.06524999999999981,0.06300000000000017,-0.010875000000000079,1.0059488353989783,-0.0059488353989782805,-28.125
0.35,0.35,6,8,two-2g,baseline2_matched_0.200,0.2,0.07450000000000001,0.07350000000000012,-0.012416666666666631,1.0087557608875553,-0.008755760887555253,-35.75
0.35,0.35,6,8,two-2g,baseline2_matched_0.350,0.35,0.08599999999999985,0.08099999999999996,-0.014333333333333309,1.0165773187208824,-0.016577318720882417,-42.75
0.35,0.35,6,8,two-2g,baseline2_matched_0.500,0.5,0.11224999999999996,0.10250000000000004,-0.018708333333333327,1.0156023920702735,-0.015602392070273474,-62.875
0.35,0.35,6,8,two-2g,baseline2_matched_0.650,0.65,0.10699999999999976,0.10449999999999982,-0.017833333333333257,1.0050692432504897,-0.005069243250489741,-53.125
0.35,0.35,6,8,two-2g,baseline2_matched_0.800,0.8,0.2829999999999999,0.26750000000000007,-0.04716666666666669,1.0155977004117036,-0.015597700411703608,-88.375
0.35,0.35,6,8,two-2g,baseline2_matched_0.950,0.95,0.4405000000000001,0.43500000000000005,-0.07341666666666657,1.0114514002348813,-0.011451400234881337,-105.75
0.35,0.35,6,8,two-g,baseline2_all_hdv_yield,1.0,0.6160000000000001,0.617,-0.10266666666666657,1.009818140053891,-0.009818140053891034,-144.2
0.35,0.35,6,8,two-g,baseline2_matched_0.050,0.05,0.0009999999999998899,-0.016000000000000014,-0.0001666666666666483,1.0121433260406207,-0.012143326040620739,6.0
0.35,0.35,6,8,two-g,baseline2_matched_0.200,0.2,0.07275000000000009,0.06950000000000012,-0.012125000000000052,1.0156065207298135,-0.0156065207298135,-38.75
0.35,0.35,6,8,two-g,baseline2_matched_0.350,0.35,0.09324999999999983,0.08599999999999985,-0.015541666666666565,1.0117753123424815,-0.011775312342481525,-47.625
0.35,0.35,6,8,two-g,baseline2_matched_0.500,0.5,0.09949999999999992,0.09450000000000003,-0.016583333333333394,1.0051178488332628,-0.005117848833262828,-48.75
0.35,0.35,6,8,two-g,baseline2_matched_0.650,0.65,0.21700000000000008,0.1905000000000001,-0.03616666666666668,1.0148273300746953,-0.014827330074695277,-76.125
0.35,0.35,6,8,two-g,baseline2_matched_0.800,0.8,0.22575000000000012,0.22449999999999992,-0.03762499999999991,1.005873018196506,-0.005873018196506097,-74.125
0.35,0.35,6,8,two-g,baseline2_matched_0.950,0.95,0.5082499999999999,0.42300000000000004,-0.08470833333333327,1.0030572723898163,-0.0030572723898163456,-116.22222222222223
0.35,0.35,6,9,one,baseline2_all_hdv_yield,1.0,0.5554999999999999,0.5554999999999999,-0.09258333333333346,0.9745436621224579,0.02545633787754209,-103.05000000000001
0.35,0.35,6,9,one,baseline2_matched_0.050,0.05,-0.017000000000000348,-0.017000000000000348,0.0028333333333332433,0.9831071636335071,0.016892836366492858,-8.5
0.35,0.35,6,9,one,baseline2_matched_0.200,0.2,-0.01750000000000007,-0.01750000000000007,0.0029166666666666785,0.974602338364897,0.02539766163510304,1.0
0.35,0.35,6,9,one,baseline2_matched_0.350,0.35,-0.006000000000000227,-0.006000000000000227,0.0009999999999998899,0.9701364841697961,0.029863515830203857,-27.0
0.35,0.35,6,9,one,baseline2_matched_0.500,0.5,0.15349999999999975,0.15349999999999975,-0.02558333333333329,0.9697374139459979,0.030262586054002116,-49.0
0.35,0.35,6,9,one,baseline2_matched_0.650,0.65,0.14650000000000007,0.14650000000000007,-0.024416666666666753,0.9688789823135106,0.03112101768648945,-38.75
0.35,0.35,6,9,one,baseline2_matched_0.800,0.8,0.3959999999999999,0.3959999999999999,-0.06600000000000006,0.9803344868807452,0.019665513119254796,-84.75
0.35,0.35,6,9,one,baseline2_matched_0.950,0.95,0.5139999999999998,0.5139999999999998,-0.08566666666666678,0.9869401398253078,0.013059860174692184,-100.64999999999998
0.35,0.35,6,9,two-2g,baseline2_all_hdv_yield,1.0,0.7912499999999998,0.7529999999999999,-0.13187499999999996,0.9803598046848491,0.019640195315150932,-144.8
0.35,0.35,6,9,two-2g,baseline2_matched_0.050,0.05,-0.003249999999999975,-0.019500000000000073,0.0005416666666665515,0.9795986849172521,0.020401315082747895,24.16666666666663
0.35,0.35,6,9,two-2g,baseline2_matched_0.200,0.2,0.06875000000000009,0.07550000000000012,-0.011458333333333348,0.9629814122948243,0.03701858770517574,-12.75
0.35,0.35,6,9,two-2g,baseline2_matched_0.350,0.35,0.08674999999999988,0.09550000000000014,-0.01445833333333335,0.9698972371550028,0.030102762844997244,-21.25
0.35,0.35,6,9,two-2g,baseline2_matched_0.500,0.5,0.21824999999999983,0.18399999999999994,-0.036375000000000046,0.9792095923006369,0.020790407699363134,-65.875
0.35,0.35,6,9,two-2g,baseline2_matched_0.650,0.65,0.25,0.2300000000000002,-0.04166666666666674,0.9814221748301261,0.01857782516987394,-72.125
0.35,0.35,6,9,two-2g,baseline2_matched_0.800,0.8,0.3647499999999999,0.3640000000000001,-0.06079166666666669,0.9684658936789149,0.03153410632108511,-81.5
0.35,0.35,6,9,two-2g,baseline2_matched_0.950,0.95,0.62975,0.6340000000000001,-0.10495833333333338,0.9857880598505661,0.014211940149433944,-118.69999999999999
0.35,0.35,6,9,two-g,baseline2_all_hdv_yield,1.0,0.7912499999999998,0.7529999999999999,-0.13187499999999996,0.9803598046848491,0.019640195315150932,-144.8
0.35,0.35,6,9,two-g,baseline2_matched_0.050,0.05,0.02674999999999983,-0.0035000000000000586,-0.004458333333333342,0.9627090833904864,0.03729091660951356,-8.0
0.35,0.35,6,9,two-g,baseline2_matched_0.200,0.2,0.14874999999999972,0.13650000000000007,-0.024791666666666767,0.9983613560254925,0.0016386439745075254,-34.5
0.35,0.35,6,9,two-g,baseline2_matched_0.350,0.35,0.17625000000000002,0.15349999999999997,-0.02937500000000004,0.999379715233066,0.0006202847669339873,-41.5
0.35,0.35,6,9,two-g,baseline2_matched_0.500,0.5,0.28374999999999995,0.2569999999999999,-0.04729166666666673,0.9952974762152332,0.004702523784766766,-66.5
0.35,0.35,6,9,two-g,baseline2_matched_0.650,0.65,0.20224999999999982,0.20899999999999985,-0.03370833333333334,0.9696177227914519,0.030382277208548136,-63.625
0.35,0.35,6,9,two-g,baseline2_matched_0.800,0.8,0.42925000000000013,0.4105000000000001,-0.07154166666666661,0.9731299752568705,0.026870024743129495,-89.625
0.35,0.35,6,9,two-g,baseline2_matched_0.950,0.95,0.69625,0.6815,-0.11604166666666671,0.9914521777150908,0.008547822284909246,-128.10000000000002
0.39999999999999997,0.39975,7,0,one,baseline2_all_hdv_yield,1.0,0.399,0.399,-0.0665,1.0018800726400146,-0.0018800726400145518,-124.33333333333337
0.39999999999999997,0.39975,7,0,one,baseline2_matched_0.050,0.05,0.0009999999999998899,0.0009999999999998899,-0.0001666666666666483,0.9985292428327283,0.0014707571672717412,6.666666666666629
0.39999999999999997,0.39975,7,0,one,baseline2_matched_0.200,0.2,0.01750000000000007,0.01750000000000007,-0.0029166666666666785,0.9992274014936915,0.0007725985063085083,-11.0
0.39999999999999997,0.39975,7,0,one,baseline2_matched_0.350,0.35,0.03299999999999992,0.03299999999999992,-0.00550000000000006,1.0016772810836116,-0.001677281083611648,-25.0
0.39999999999999997,0.39975,7,0,one,baseline2_matched_0.500,0.5,0.11299999999999999,0.11299999999999999,-0.01883333333333337,1.0030974440384448,-0.0030974440384448076,-41.0
0.39999999999999997,0.39975,7,0,one,baseline2_matched_0.650,0.65,0.1904999999999999,0.1904999999999999,-0.031749999999999945,1.003081477832063,-0.0030814778320629177,-63.0
0.39999999999999997,0.39975,7,0,one,baseline2_matched_0.800,0.8,0.21799999999999997,0.21799999999999997,-0.03633333333333333,1.003292978228316,-0.003292978228315979,-69.0
0.39999999999999997,0.39975,7,0,one,baseline2_matched_0.950,0.95,0.31299999999999994,0.31299999999999994,-0.052166666666666694,1.0044643171875596,-0.004464317187559574,-104.66666666666663
0.39999999999999997,0.39975,7,0,two-2g,baseline2_all_hdv_yield,1.0,0.44225000000000003,0.4415,-0.07370833333333338,1.0039824026325492,-0.003982402632549231,-154.16666666666663
0.39999999999999997,0.39975,7,0,two-2g,baseline2_matched_0.050,0.05,0.02400000000000002,0.027000000000000135,-0.0040000000000000036,1.0001390489219766,-0.00013904892197658114,-22.66666666666663
0.39999999999999997,0.39975,7,0,two-2g,baseline2_matched_0.200,0.2,0.038999999999999924,0.03600000000000003,-0.00649999999999995,1.0009262318489294,-0.0009262318489293708,-34.66666666666663
0.39999999999999997,0.39975,7,0,two-2g,baseline2_matched_0.350,0.35,0.09099999999999997,0.09150000000000014,-0.015166666666666662,1.002069130973291,-0.002069130973290978,-42.66666666666663
0.39999999999999997,0.39975,7,0,two-2g,baseline2_matched_0.500,0.5,0.13074999999999992,0.11450000000000005,-0.021791666666666654,1.0038412783535247,-0.0038412783535246575,-49.5
0.39999999999999997,0.39975,7,0,two-2g,baseline2_matched_0.650,0.65,0.1652499999999999,0.15800000000000014,-0.027541666666666687,1.0039909115964312,-0.003990911596431168,-54.5
0.39999999999999997,0.39975,7,0,two-2g,baseline2_matched_0.800,0.8,0.23824999999999985,0.2410000000000001,-0.039708333333333345,1.0045049775363355,-0.004504977536335497,-96.33333333333326
0.39999999999999997,0.39975,7,0,two-2g,baseline2_matched_0.950,0.95,0.32699999999999996,0.3215000000000001,-0.05449999999999999,1.0057985475821238,-0.005798547582123836,-118.66666666666663
0.39999999999999997,0.39975,7,0,two-g,baseline2_all_hdv_yield,1.0,0.37775000000000003,0.38149999999999995,-0.06295833333333334,1.0053719244103572,-0.005371924410357165,-135.0
0.39999999999999997,0.39975,7,0,two-g,baseline2_matched_0.050,0.05,-0.03875000000000006,-0.03849999999999998,0.006458333333333344,1.0010242020926075,-0.0010242020926074513,19.366666666666674
0.39999999999999997,0.39975,7,0,two-g,baseline2_matched_0.200,0.2,-0.0017499999999999183,0.0009999999999998899,0.00029166666666669006,1.0017070034876832,-0.0017070034876831564,1.3333333333332575
0.39999999999999997,0.39975,7,0,two-g,baseline2_matched_0.350,0.35,0.07850000000000001,0.07799999999999985,-0.013083333333333336,1.0018497899192353,-0.001849789919235345,-22.166666666666742
0.39999999999999997,0.39975,7,0,two-g,baseline2_matched_0.500,0.5,0.09650000000000003,0.08899999999999997,-0.01608333333333334,1.0032419576268814,-0.0032419576268813977,-43.66666666666674
0.39999999999999997,0.39975,7,0,two-g,baseline2_matched_0.650,0.65,0.15300000000000002,0.15749999999999997,-0.025499999999999967,1.0046878777847752,-0.004687877784775196,-75.33333333333337
0.39999999999999997,0.39975,7,0,two-g,baseline2_matched_0.800,0.8,0.18900000000000006,0.1904999999999999,-0.03149999999999997,1.0055865191345217,-0.005586519134521684,-83.16666666666674
0.39999999999999997,0.39975,7,0,two-g,baseline2_matched_0.950,0.95,0.34450000000000003,0.3464999999999998,-0.05741666666666667,1.003787368589265,-0.0037873685892650943,-114.66666666666674
0.39999999999999997,0.39975,7,1,one,baseline2_all_hdv_yield,1.0,0.4640000000000002,0.4640000000000002,-0.07733333333333325,1.0064132892525515,-0.006413289252551468,-157.16666666666663
0.39999999999999997,0.39975,7,1,one,baseline2_matched_0.050,0.05,-0.06149999999999989,-0.06149999999999989,0.010249999999999981,1.000690196228031,-0.0006901962280310148,17.33333333333337
0.39999999999999997,0.39975,7,1,one,baseline2_matched_0.200,0.2,0.0044999999999999485,0.0044999999999999485,-0.0007500000000000284,1.0005523228451412,-0.0005523228451411732,-2.0
0.39999999999999997,0.39975,7,1,one,baseline2_matched_0.350,0.35,0.034499999999999975,0.034499999999999975,-0.005749999999999922,1.0020863456421434,-0.0020863456421433835,-20.66666666666663
0.39999999999999997,0.39975,7,1,one,baseline2_matched_0.500,0.5,0.1180000000000001,0.1180000000000001,-0.01966666666666672,1.0026820001219097,-0.0026820001219096667,-42.0
0.39999999999999997,0.39975,7,1,one,baseline2_matched_0.650,0.65,0.14300000000000002,0.14300000000000002,-0.023833333333333373,1.0008405093146424,-0.0008405093146424125,-49.0
0.39999999999999997,0.39975,7,1,one,baseline2_matched_0.800,0.8,0.27049999999999996,0.27049999999999996,-0.045083333333333364,1.004267647689344,-0.004267647689343956,-103.66666666666663
0.39999999999999997,0.39975,7,1,one,baseline2_matched_0.950,0.95,0.30900000000000016,0.30900000000000016,-0.05149999999999999,1.004000816044563,-0.004000816044563038,-122.33333333333326
0.39999999999999997,0.39975,7,1,two-2g,baseline2_all_hdv_yield,1.0,0.4635,0.4670000000000001,-0.07724999999999993,1.0059268690820569,-0.005926869082056863,-157.33333333333337
0.39999999999999997,0.39975,7,1,two-2g,baseline2_matched_0.050,0.05,0.030750000000000055,0.03499999999999992,-0.005124999999999824,1.0018729429386533,-0.0018729429386532548,-6.1666666666667425
0.39999999999999997,0.39975,7,1,two-2g,baseline2_matched_0.200,0.2,0.052999999999999936,0.052999999999999936,-0.008833333333333249,1.0017089592390491,-0.0017089592390491237,-25.0
0.39999999999999997,0.39975,7,1,two-2g,baseline2_matched_0.350,0.35,0.10125000000000006,0.0734999999999999,-0.016874999999999973,1.0040209218291791,-0.004020921829179125,-45.33333333333337
0.39999999999999997,0.39975,7,1,two-2g,baseline2_matched_0.500,0.5,0.09074999999999989,0.10450000000000004,-0.015124999999999944,1.0046322281523896,-0.004632228152389617,-47.33333333333337
0.39999999999999997,0.39975,7,1,two-2g,baseline2_matched_0.650,0.65,0.22075,0.23150000000000004,-0.036791666666666556,1.0040256960381562,-0.004025696038156168,-92.5
0.39999999999999997,0.39975,7,1,two-2g,baseline2_matched_0.800,0.8,0.23524999999999996,0.2430000000000001,-0.03920833333333329,1.0058079290062671,-0.005807929006267143,-99.0
0.39999999999999997,0.39975,7,1,two-2g,baseline2_matched_0.950,0.95,0.3659999999999999,0.37349999999999994,-0.06099999999999994,1.0040124112827429,-0.004012411282742878,-128.66666666666674
0.39999999999999997,0.39975,7,1,two-g,baseline2_all_hdv_yield,1.0,0.4635,0.4670000000000001,-0.07724999999999993,1.0059268690820569,-0.005926869082056863,-157.33333333333337
0.39999999999999997,0.39975,7,1,two-g,baseline2_matched_0.050,0.05,0.04249999999999998,0.043500000000000094,-0.00708333333333333,1.001001961162018,-0.0010019611620180058,-15.833333333333371
0.39999999999999997,0.39975,7,1,two-g,baseline2_matched_0.200,0.2,0.057499999999999885,0.07000000000000006,-0.009583333333333277,1.003772662962433,-0.00377266296243306,-35.16666666666674
0.39999999999999997,0.39975,7,1,two-g,baseline2_matched_0.350,0.35,0.08699999999999997,0.10000000000000009,-0.014499999999999957,1.003025187896261,-0.00302518789626105,-46.83333333333337
0.39999999999999997,0.39975,7,1,two-g,baseline2_matched_0.500,0.5,0.17900000000000005,0.1844999999999999,-0.029833333333333267,1.0036607804129585,-0.0036607804129584753,-61.16666666666674
0.39999999999999997,0.39975,7,1,two-g,baseline2_matched_0.650,0.65,0.22550000000000003,0.2390000000000001,-0.03758333333333319,1.004843953941752,-0.004843953941751966,-93.83333333333337
0.39999999999999997,0.39975,7,1,two-g,baseline2_matched_0.800,0.8,0.23875000000000002,0.252,-0.03979166666666656,1.005236269374987,-0.0052362693749870015,-100.5
0.39999999999999997,0.39975,7,1,two-g,baseline2_matched_0.950,0.95,0.3480000000000001,0.3580000000000001,-0.05799999999999994,1.0033602128217818,-0.003360212821781783,-123.5
0.39999999999999997,0.39975,7,2,one,baseline2_all_hdv_yield,1.0,0.4870000000000001,0.4870000000000001,-0.08116666666666661,1.0023298871366642,-0.002329887136664155,-156.33333333333337
0.39999999999999997,0.39975,7,2,one,baseline2_matched_0.050,0.05,0.0004999999999999449,0.0004999999999999449,-8.333333333321313e-05,1.0001194495977468,-0.0001194495977467902,-1.6666666666667425
0.39999999999999997,0.39975,7,2,one,baseline2_matched_0.200,0.2,0.07299999999999995,0.07299999999999995,-0.012166666666666659,1.0017336724489494,-0.001733672448949397,-17.33333333333337
0.39999999999999997,0.39975,7,2,one,baseline2_matched_0.350,0.35,0.19850000000000012,0.19850000000000012,-0.03308333333333335,1.001591696889,-0.0015916968889999605,-41.33333333333337
0.39999999999999997,0.39975,7,2,one,baseline2_matched_0.500,0.5,0.20599999999999996,0.20599999999999996,-0.03433333333333333,1.0011314646153309,-0.0011314646153308683,-38.66666666666674
0.39999999999999997,0.39975,7,2,one,baseline2_matched_0.650,0.65,0.21650000000000014,0.21650000000000014,-0.036083333333333245,1.0018692415425863,-0.0018692415425862752,-68.33333333333337
0.39999999999999997,0.39975,7,2,one,baseline2_matched_0.800,0.8,0.27249999999999996,0.27249999999999996,-0.04541666666666666,1.0027281213492196,-0.0027281213492196255,-100.66666666666674
0.39999999999999997,0.39975,7,2,one,baseline2_matched_0.950,0.95,0.393,0.393,-0.06549999999999989,1.0012364479988176,-0.0012364479988176136,-121.0
0.39999999999999997,0.39975,7,2,two-2g,baseline2_all_hdv_yield,1.0,0.4095000000000002,0.42300000000000004,-0.06824999999999992,1.002910931291269,-0.002910931291268959,-149.5
0.39999999999999997,0.39975,7,2,two-2g,baseline2_matched_0.050,0.05,0.0677500000000002,0.07450000000000001,-0.0112916666666667,0.9980777102879089,0.0019222897120910742,-13.333333333333371
0.39999999999999997,0.39975,7,2,two-2g,baseline2_matched_0.200,0.2,0.10950000000000015,0.119,-0.01824999999999999,1.0028811604030623,-0.0028811604030622995,-25.166666666666742
0.39999999999999997,0.39975,7,2,two-2g,baseline2_matched_0.350,0.35,0.12250000000000005,0.13850000000000007,-0.02041666666666664,0.9994434497843666,0.000556550215633389,-32.0
0.39999999999999997,0.39975,7,2,two-2g,baseline2_matched_0.500,0.5,0.15225,0.1645000000000001,-0.025374999999999925,1.0027922612230047,-0.0027922612230046884,-60.16666666666674
0.39999999999999997,0.39975,7,2,two-2g,baseline2_matched_0.650,0.65,0.17400000000000015,0.1875,-0.028999999999999915,1.0034542500010328,-0.0034542500010328325,-70.0
0.39999999999999997,0.39975,7,2,two-2g,baseline2_matched_0.800,0.8,0.27375000000000016,0.2510000000000001,-0.04562500000000003,1.0016578663369817,-0.0016578663369817281,-103.0
0.39999999999999997,0.39975,7,2,two-2g,baseline2_matched_0.950,0.95,0.3915000000000002,0.393,-0.06525000000000003,1.003369485666555,-0.0033694856665549278,-143.83333333333337
0.39999999999999997,0.39975,7,2,two-g,baseline2_all_hdv_yield,1.0,0.4095000000000002,0.42300000000000004,-0.06824999999999992,1.002910931291269,-0.002910931291268959,-149.5
0.39999999999999997,0.39975,7,2,two-g,baseline2_matched_0.050,0.05,0.03175000000000017,0.046499999999999986,-0.0052916666666665835,0.9999522425335007,4.775746649932078e-05,-8.5
0.39999999999999997,0.39975,7,2,two-g,baseline2_matched_0.200,0.2,0.10699999999999998,0.11699999999999999,-0.017833333333333368,1.001186287198103,-0.0011862871981029866,-21.166666666666742
0.39999999999999997,0.39975,7,2,two-g,baseline2_matched_0.350,0.35,0.129,0.14349999999999996,-0.021499999999999964,1.004107142118777,-0.004107142118777052,-38.66666666666674
0.39999999999999997,0.39975,7,2,two-g,baseline2_matched_0.500,0.5,0.1312500000000001,0.14500000000000002,-0.021874999999999978,1.0016357449131046,-0.0016357449131045865,-47.0
0.39999999999999997,0.39975,7,2,two-g,baseline2_matched_0.650,0.65,0.16525000000000012,0.1765000000000001,-0.027541666666666575,1.0023322596517639,-0.0023322596517638683,-70.5
0.39999999999999997,0.39975,7,2,two-g,baseline2_matched_0.800,0.8,0.22950000000000004,0.2350000000000001,-0.038249999999999895,1.0037974421845206,-0.0037974421845206052,-89.16666666666674
0.39999999999999997,0.39975,7,2,two-g,baseline2_matched_0.950,0.95,0.3692500000000001,0.379,-0.061541666666666606,1.001721336216698,-0.0017213362166978996,-139.0
0.39999999999999997,0.39975,7,3,one,baseline2_all_hdv_yield,1.0,0.2669999999999999,0.2669999999999999,-0.044499999999999984,0.9994959948223235,0.0005040051776764587,-89.33333333333337
0.39999999999999997,0.39975,7,3,one,baseline2_matched_0.050,0.05,-0.007500000000000062,-0.007500000000000062,0.0012500000000000844,0.9961314141323135,0.003868585867686458,10.0
0.39999999999999997,0.39975,7,3,one,baseline2_matched_0.200,0.2,0.014999999999999902,0.014999999999999902,-0.0024999999999999467,0.9994284221724248,0.0005715778275752204,-9.333333333333371
0.39999999999999997,0.39975,7,3,one,baseline2_matched_0.350,0.35,0.020000000000000018,0.020000000000000018,-0.0033333333333331883,0.9987415368872272,0.0012584631127727786,-14.666666666666629
0.39999999999999997,0.39975,7,3,one,baseline2_matched_0.500,0.5,0.04200000000000004,0.04200000000000004,-0.006999999999999895,0.9992073128898868,0.000792687110113155,-28.66666666666663
0.39999999999999997,0.39975,7,3,one,baseline2_matched_0.650,0.65,0.04600000000000004,0.04600000000000004,-0.0076666666666665995,1.0021021913376404,-0.0021021913376404466,-36.66666666666663
0.39999999999999997,0.39975,7,3,one,baseline2_matched_0.800,0.8,0.06349999999999989,0.06349999999999989,-0.010583333333333167,0.999533604064772,0.0004663959352280145,-41.33333333333337
0.39999999999999997,0.39975,7,3,one,baseline2_matched_0.950,0.95,0.23849999999999993,0.23849999999999993,-0.03974999999999995,1.0006496893311254,-0.0006496893311254137,-90.66666666666663
0.39999999999999997,0.39975,7,3,two-2g,baseline2_all_hdv_yield,1.0,0.33325000000000005,0.34950000000000014,-0.0555416666666666,1.0036198298317465,-0.0036198298317464683,-132.16666666666663
0.39999999999999997,0.39975,7,3,two-2g,baseline2_matched_0.050,0.05,0.015249999999999986,0.033500000000000085,-0.0025416666666666643,1.0007906661211907,-0.0007906661211907196,-1.8333333333332575
0.39999999999999997,0.39975,7,3,two-2g,baseline2_matched_0.200,0.2,0.026499999999999968,0.04400000000000004,-0.004416666666666624,1.0034002578934555,-0.0034002578934555494,-9.666666666666629
0.39999999999999997,0.39975,7,3,two-2g,baseline2_matched_0.350,0.35,0.03675000000000006,0.0515000000000001,-0.006124999999999936,1.004424374556585,-0.0044243745565850645,-17.833333333333258
0.39999999999999997,0.39975,7,3,two-2g,baseline2_matched_0.500,0.5,0.05525000000000002,0.07050000000000001,-0.009208333333333263,1.0035249581829386,-0.003524958182938631,-30.333333333333258
0.39999999999999997,0.39975,7,3,two-2g,baseline2_matched_0.650,0.65,0.10000000000000009,0.119,-0.016666666666666607,1.003442722277747,-0.00344272227774689,-47.66666666666663
0.39999999999999997,0.39975,7,3,two-2g,baseline2_matched_0.800,0.8,0.22875,0.23399999999999999,-0.038124999999999964,1.0043042314205388,-0.004304231420538818,-103.5
0.39999999999999997,0.39975,7,3,two-2g,baseline2_matched_0.950,0.95,0.31499999999999995,0.3295000000000001,-0.05249999999999999,1.0047964039916526,-0.004796403991652598,-134.16666666666663
0.39999999999999997,0.39975,7,3,two-g,baseline2_all_hdv_yield,1.0,0.33325000000000005,0.34950000000000014,-0.0555416666666666,1.0036198298317465,-0.0036198298317464683,-132.16666666666663
0.39999999999999997,0.39975,7,3,two-g,baseline2_matched_0.050,0.05,0.015249999999999986,0.022499999999999964,-0.0025416666666666643,0.9999738999394121,2.6100060587896934e-05,-2.8333333333332575
0.39999999999999997,0.39975,7,3,two-g,baseline2_matched_0.200,0.2,0.027000000000000135,0.04049999999999998,-0.0044999999999999485,1.0015241606810894,-0.0015241606810894037,-6.0
0.39999999999999997,0.39975,7,3,two-g,baseline2_matched_0.350,0.35,0.04600000000000004,0.06299999999999994,-0.0076666666666667105,1.001079631077714,-0.0010796310777139162,-22.66666666666663
0.39999999999999997,0.39975,7,3,two-g,baseline2_matched_0.500,0.5,0.07000000000000006,0.07099999999999995,-0.011666666666666603,1.0034514222979463,-0.0034514222979462605,-28.16666666666663
0.39999999999999997,0.39975,7,3,two-g,baseline2_matched_0.650,0.65,0.13450000000000006,0.119,-0.02241666666666664,1.0048305826424242,-0.004830582642424197,-72.5
0.39999999999999997,0.39975,7,3,two-g,baseline2_matched_0.800,0.8,0.18375000000000008,0.19250000000000012,-0.030625000000000013,1.0010810810810826,-0.0010810810810826244,-75.33333333333326
0.39999999999999997,0.39975,7,3,two-g,baseline2_matched_0.950,0.95,0.3105,0.32800000000000007,-0.05174999999999996,1.006740651362228,-0.006740651362227901,-122.83333333333326
0.39999999999999997,0.39975,7,4,one,baseline2_all_hdv_yield,1.0,0.4555,0.4555,-0.07591666666666663,0.9983045589328076,0.001695441067192438,-150.33333333333326
0.39999999999999997,0.39975,7,4,one,baseline2_matched_0.050,0.05,0.10399999999999987,0.10399999999999987,-0.0173333333333332,0.9984053577999052,0.0015946422000947535,-49.33333333333326
0.39999999999999997,0.39975,7,4,one,baseline2_matched_0.200,0.2,0.06199999999999983,0.06199999999999983,-0.010333333333333306,1.0028990496254062,-0.0028990496254062137,-44.0
0.39999999999999997,0.39975,7,4,one,baseline2_matched_0.350,0.35,0.16700000000000004,0.16700000000000004,-0.027833333333333266,0.999206183155046,0.0007938168449540539,-57.66666666666663
0.39999999999999997,0.39975,7,4,one,baseline2_matched_0.500,0.5,0.1864999999999999,0.1864999999999999,-0.03108333333333324,1.0010354043137353,-0.0010354043137352775,-72.66666666666663
0.39999999999999997,0.39975,7,4,one,baseline2_matched_0.650,0.65,0.1935,0.1935,-0.03224999999999989,1.0026127313710196,-0.002612731371019583,-81.0
0.39999999999999997,0.39975,7,4,one,baseline2_matched_0.800,0.8,0.23049999999999993,0.23049999999999993,-0.038416666666666544,0.9992981183180804,0.0007018816819196472,-96.66666666666663
0.39999999999999997,0.39975,7,4,one,baseline2_matched_0.950,0.95,0.43499999999999983,0.43499999999999983,-0.0724999999999999,1.0005122396415773,-0.0005122396415773167,-131.33333333333326
0.39999999999999997,0.39975,7,4,two-2g,baseline2_all_hdv_yield,1.0,0.37575000000000003,0.3780000000000001,-0.06262500000000004,1.005977972320933,-0.0059779723209330005,-151.00000000000006
0.39999999999999997,0.39975,7,4,two-2g,baseline2_matched_0.050,0.05,0.010999999999999899,-0.0035000000000000586,-0.0018333333333333535,1.001640979565937,-0.0016409795659368953,-3.8333333333333712
0.39999999999999997,0.39975,7,4,two-2g,baseline2_matched_0.200,0.2,0.041999999999999815,0.044499999999999984,-0.007000000000000006,1.0020794565863287,-0.0020794565863286874,-18.5
0.39999999999999997,0.39975,7,4,two-2g,baseline2_matched_0.350,0.35,0.04525000000000001,0.0495000000000001,-0.00754166666666678,1.0034199139302729,-0.0034199139302728554,-19.83333333333337
0.39999999999999997,0.39975,7,4,two-2g,baseline2_matched_0.500,0.5,0.06599999999999984,0.06550000000000011,-0.01100000000000001,1.0043607780650636,-0.004360778065063631,-38.16666666666674
0.39999999999999997,0.39975,7,4,two-2g,baseline2_matched_0.650,0.65,0.11799999999999988,0.11850000000000005,-0.01966666666666672,1.007018321100445,-0.007018321100445091,-59.66666666666674
0.39999999999999997,0.39975,7,4,two-2g,baseline2_matched_0.800,0.8,0.18074999999999997,0.16999999999999993,-0.03012500000000007,1.006107653968001,-0.006107653968000948,-70.83333333333337
0.39999999999999997,0.39975,7,4,two-2g,baseline2_matched_0.950,0.95,0.3202499999999999,0.32000000000000006,-0.05337500000000006,1.0056127126897934,-0.005612712689793353,-131.66666666666674
0.39999999999999997,0.39975,7,4,two-g,baseline2_all_hdv_yield,1.0,0.43474999999999997,0.4335,-0.07245833333333351,1.0051036600888,-0.005103660088799922,-150.00000000000006
0.39999999999999997,0.39975,7,4,two-g,baseline2_matched_0.050,0.05,0.020999999999999908,0.026999999999999913,-0.0035000000000000586,1.0007436466663804,-0.000743646666380382,-10.333333333333371
0.39999999999999997,0.39975,7,4,two-g,baseline2_matched_0.200,0.2,0.01200000000000001,0.01750000000000007,-0.002000000000000113,0.9997010123016807,0.0002989876983192641,-3.8333333333333712
0.39999999999999997,0.39975,7,4,two-g,baseline2_matched_0.350,0.35,0.0442499999999999,0.04149999999999987,-0.0073750000000001315,1.0025530697998866,-0.002553069799886565,-30.5
0.39999999999999997,0.39975,7,4,two-g,baseline2_matched_0.500,0.5,0.050249999999999906,0.05249999999999999,-0.008375000000000021,1.0012976107432234,-0.0012976107432234318,-33.5
0.39999999999999997,0.39975,7,4,two-g,baseline2_matched_0.650,0.65,0.07574999999999998,0.07850000000000001,-0.012625000000000108,1.0046104440308266,-0.004610444030826555,-41.66666666666674
0.39999999999999997,0.39975,7,4,two-g,baseline2_matched_0.800,0.8,0.16625,0.11549999999999994,-0.027708333333333446,1.003093396566373,-0.0030933965663730856,-64.83333333333337
0.39999999999999997,0.39975,7,4,two-g,baseline2_matched_0.950,0.95,0.28725,0.29349999999999987,-0.04787500000000011,1.0061072421556534,-0.006107242155653392,-119.33333333333337
0.39999999999999997,0.39975,7,5,one,baseline2_all_hdv_yield,1.0,0.47750000000000004,0.47750000000000004,-0.07958333333333334,1.0062827023108976,-0.006282702310897559,-140.66666666666669
0.39999999999999997,0.39975,7,5,one,baseline2_matched_0.050,0.05,-0.0020000000000000018,-0.0020000000000000018,0.0003333333333332966,0.9999307108280723,6.928917192772222e-05,2.3333333333333712
0.39999999999999997,0.39975,7,5,one,baseline2_matched_0.200,0.2,0.07250000000000001,0.07250000000000001,-0.012083333333333224,1.0026894156433388,-0.0026894156433387995,-25.66666666666663
0.39999999999999997,0.39975,7,5,one,baseline2_matched_0.350,0.35,0.07799999999999985,0.07799999999999985,-0.0129999999999999,1.0022209876486896,-0.0022209876486896096,-31.66666666666663
0.39999999999999997,0.39975,7,5,one,baseline2_matched_0.500,0.5,0.07599999999999985,0.07599999999999985,-0.012666666666666604,1.0035978506249947,-0.003597850624994736,-26.0
0.39999999999999997,0.39975,7,5,one,baseline2_matched_0.650,0.65,0.14849999999999985,0.14849999999999985,-0.02474999999999994,1.0048214061220933,-0.0048214061220932525,-48.0
0.39999999999999997,0.39975,7,5,one,baseline2_matched_0.800,0.8,0.29349999999999987,0.29349999999999987,-0.04891666666666661,1.0068814105449841,-0.006881410544984146,-74.66666666666663
0.39999999999999997,0.39975,7,5,one,baseline2_matched_0.950,0.95,0.33499999999999996,0.33499999999999996,-0.05583333333333329,1.0017148032789132,-0.0017148032789131573,-121.33333333333337
0.39999999999999997,0.39975,7,5,two-2g,baseline2_all_hdv_yield,1.0,0.44900000000000007,0.4754999999999998,-0.07483333333333331,1.0061613553860758,-0.006161355386075762,-146.79999999999995
0.39999999999999997,0.39975,7,5,two-2g,baseline2_matched_0.050,0.05,0.030249999999999888,0.04599999999999982,-0.005041666666666611,0.9994427645026056,0.0005572354973943927,-8.299999999999955
0.39999999999999997,0.39975,7,5,two-2g,baseline2_matched_0.200,0.2,0.05125000000000002,0.06499999999999995,-0.00854166666666667,1.0022806378311855,-0.0022806378311854836,-26.133333333333326
0.39999999999999997,0.39975,7,5,two-2g,baseline2_matched_0.350,0.35,0.07925000000000004,0.10749999999999993,-0.013208333333333377,1.0013916354467391,-0.0013916354467391479,-49.633333333333326
0.39999999999999997,0.39975,7,5,two-2g,baseline2_matched_0.500,0.5,0.14349999999999996,0.14249999999999985,-0.023916666666666697,1.0032396060735373,-0.003239606073537349,-62.799999999999955
0.39999999999999997,0.39975,7,5,two-2g,baseline2_matched_0.650,0.65,0.1855,0.2004999999999999,-0.030916666666666703,1.0073100826614445,-0.007310082661444506,-74.13333333333333
0.39999999999999997,0.39975,7,5,two-2g,baseline2_matched_0.800,0.8,0.28325,0.3005,-0.0472083333333333,1.00522190284296,-0.005221902842960091,-105.46666666666658
0.39999999999999997,0.39975,7,5,two-2g,baseline2_matched_0.950,0.95,0.4139999999999999,0.42599999999999993,-0.06900000000000006,1.0047151175042341,-0.004715117504234145,-125.29999999999995
0.39999999999999997,0.39975,7,5,two-g,baseline2_all_hdv_yield,1.0,0.44900000000000007,0.4754999999999998,-0.07483333333333331,1.0061613553860758,-0.006161355386075762,-146.79999999999995
0.39999999999999997,0.39975,7,5,two-g,baseline2_matched_0.050,0.05,0.03299999999999992,0.059499999999999886,-0.00550000000000006,1.0000377857155491,-3.778571554913235e-05,-10.466666666666583
0.39999999999999997,0.39975,7,5,two-g,baseline2_matched_0.200,0.2,0.038000000000000034,0.0625,-0.006333333333333302,1.001347206088897,-0.001347206088897046,-12.466666666666583
0.39999999999999997,0.39975,7,5,two-g,baseline2_matched_0.350,0.35,0.12024999999999997,0.123,-0.020041666666666735,1.004465565690572,-0.004465565690572104,-50.799999999999955
0.39999999999999997,0.39975,7,5,two-g,baseline2_matched_0.500,0.5,0.1060000000000001,0.10299999999999998,-0.01766666666666672,1.0029516457028609,-0.0029516457028608833,-55.633333333333326
0.39999999999999997,0.39975,7,5,two-g,baseline2_matched_0.650,0.65,0.2024999999999999,0.2274999999999998,-0.03375000000000006,1.004507088454909,-0.004507088454908992,-77.63333333333333
0.39999999999999997,0.39975,7,5,two-g,baseline2_matched_0.800,0.8,0.2609999999999999,0.2845,-0.043500000000000094,1.0047636991385072,-0.00476369913850716,-89.96666666666658
0.39999999999999997,0.39975,7,5,two-g,baseline2_matched_0.950,0.95,0.40175000000000005,0.41449999999999987,-0.06695833333333345,1.0077824041057724,-0.007782404105772356,-121.29999999999995
0.39999999999999997,0.39975,7,6,one,baseline2_all_hdv_yield,1.0,0.504,0.504,-0.08400000000000007,1.0069698593116772,-0.006969859311677151,-149.91666666666663
0.39999999999999997,0.39975,7,6,one,baseline2_matched_0.050,0.05,-0.016999999999999904,-0.016999999999999904,0.0028333333333332433,1.0004747984800642,-0.0004747984800641536,17.666666666666742
0.39999999999999997,0.39975,7,6,one,baseline2_matched_0.200,0.2,0.009500000000000064,0.009500000000000064,-0.00158333333333327,1.0014695748678053,-0.0014695748678053011,-6.3333333333332575
0.39999999999999997,0.39975,7,6,one,baseline2_matched_0.350,0.35,0.03550000000000009,0.03550000000000009,-0.005916666666666681,1.0021632241531713,-0.0021632241531712726,-16.66666666666663
0.39999999999999997,0.39975,7,6,one,baseline2_matched_0.500,0.5,0.10050000000000003,0.10050000000000003,-0.016750000000000043,1.0026440327405794,-0.0026440327405794495,-44.0
0.39999999999999997,0.39975,7,6,one,baseline2_matched_0.650,0.65,0.13600000000000012,0.13600000000000012,-0.022666666666666613,1.0017619976767829,-0.0017619976767828671,-78.0
0.39999999999999997,0.39975,7,6,one,baseline2_matched_0.800,0.8,0.19900000000000007,0.19900000000000007,-0.03316666666666668,1.001548120753422,-0.0015481207534220331,-88.66666666666663
0.39999999999999997,0.39975,7,6,one,baseline2_matched_0.950,0.95,0.3275000000000001,0.3275000000000001,-0.05458333333333343,1.0008080485699602,-0.0008080485699601958,-118.33333333333326
0.39999999999999997,0.39975,7,6,two-2g,baseline2_all_hdv_yield,1.0,0.42500000000000004,0.4275,-0.07083333333333341,1.0026792857422846,-0.0026792857422845984,-144.0
0.39999999999999997,0.39975,7,6,two-2g,baseline2_matched_0.050,0.05,0.02400000000000002,-0.01200000000000001,-0.0040000000000000036,1.00006222696622,-6.222696622004698e-05,-4.333333333333371
0.39999999999999997,0.39975,7,6,two-2g,baseline2_matched_0.200,0.2,0.10824999999999996,0.08800000000000008,-0.018041666666666845,1.0025749518622535,-0.0025749518622535383,-33.0
0.39999999999999997,0.39975,7,6,two-2g,baseline2_matched_0.350,0.35,0.129,0.12200000000000011,-0.021500000000000075,1.002870115105366,-0.0028701151053660556,-51.66666666666663
0.39999999999999997,0.39975,7,6,two-2g,baseline2_matched_0.500,0.5,0.14425,0.14349999999999996,-0.02404166666666674,1.0051059300017153,-0.005105930001715331,-60.16666666666663
0.39999999999999997,0.39975,7,6,two-2g,baseline2_matched_0.650,0.65,0.1752499999999999,0.17199999999999993,-0.02920833333333339,1.0028168073376345,-0.0028168073376344527,-71.83333333333337
0.39999999999999997,0.39975,7,6,two-2g,baseline2_matched_0.800,0.8,0.22324999999999995,0.21799999999999997,-0.0372083333333334,1.003117156161267,-0.003117156161267065,-97.66666666666663
0.39999999999999997,0.39975,7,6,two-2g,baseline2_matched_0.950,0.95,0.4292499999999999,0.42900000000000005,-0.07154166666666673,1.0054073159414485,-0.005407315941448498,-149.66666666666663
0.39999999999999997,0.39975,7,6,two-g,baseline2_all_hdv_yield,1.0,0.42500000000000004,0.4275,-0.07083333333333341,1.0026792857422846,-0.0026792857422845984,-144.0
0.39999999999999997,0.39975,7,6,two-g,baseline2_matched_0.050,0.05,0.03025000000000011,0.030000000000000027,-0.005041666666666722,1.0021426818702337,-0.002142681870233698,-6.0
0.39999999999999997,0.39975,7,6,two-g,baseline2_matched_0.200,0.2,0.09075000000000011,0.06800000000000006,-0.015125000000000055,1.0033154527602932,-0.003315452760293214,-25.5
0.39999999999999997,0.39975,7,6,two-g,baseline2_matched_0.350,0.35,0.1292500000000001,0.12949999999999995,-0.02154166666666668,1.0017510668294791,-0.0017510668294791198,-50.33333333333337
0.39999999999999997,0.39975,7,6,two-g,baseline2_matched_0.500,0.5,0.1552500000000001,0.15400000000000014,-0.025875000000000092,1.004797699095694,-0.004797699095693941,-71.0
0.39999999999999997,0.39975,7,6,two-g,baseline2_matched_0.650,0.65,0.15799999999999992,0.15250000000000008,-0.02633333333333343,1.0038698950293312,-0.003869895029331216,-69.83333333333337
0.39999999999999997,0.39975,7,6,two-g,baseline2_matched_0.800,0.8,0.22524999999999995,0.22650000000000015,-0.037541666666666806,1.0021675726567236,-0.0021675726567236264,-100.0
0.39999999999999997,0.39975,7,6,two-g,baseline2_matched_0.950,0.95,0.37549999999999994,0.345,-0.06258333333333344,1.0028304972702062,-0.0028304972702062337,-134.83333333333337
0.39999999999999997,0.39975,7,7,one,baseline2_all_hdv_yield,1.0,0.47750000000000004,0.47750000000000004,-0.07958333333333334,1.0052388381107753,-0.005238838110775301,-132.0
0.39999999999999997,0.39975,7,7,one,baseline2_matched_0.050,0.05,-0.0024999999999999467,-0.0024999999999999467,0.0004166666666666208,1.000509152820747,-0.0005091528207470386,3.0
0.39999999999999997,0.39975,7,7,one,baseline2_matched_0.200,0.2,0.08700000000000019,0.08700000000000019,-0.014500000000000068,1.00227770157545,-0.002277701575450042,-21.0
0.39999999999999997,0.39975,7,7,one,baseline2_matched_0.350,0.35,0.11250000000000004,0.11250000000000004,-0.018750000000000044,1.002947650417418,-0.0029476504174179574,-26.666666666666742
0.39999999999999997,0.39975,7,7,one,baseline2_matched_0.500,0.5,0.19200000000000017,0.19200000000000017,-0.03200000000000003,1.0032428926602541,-0.0032428926602541264,-46.33333333333337
0.39999999999999997,0.39975,7,7,one,baseline2_matched_0.650,0.65,0.20100000000000007,0.20100000000000007,-0.033500000000000085,1.003274221949551,-0.0032742219495509595,-49.33333333333337
0.39999999999999997,0.39975,7,7,one,baseline2_matched_0.800,0.8,0.24550000000000005,0.24550000000000005,-0.04091666666666671,1.0033408226241471,-0.003340822624147144,-70.66666666666674
0.39999999999999997,0.39975,7,7,one,baseline2_matched_0.950,0.95,0.4185000000000001,0.4185000000000001,-0.06974999999999998,1.0038462408276247,-0.0038462408276247473,-128.33333333333337
0.39999999999999997,0.39975,7,7,two-2g,baseline2_all_hdv_yield,1.0,0.38649999999999984,0.3819999999999999,-0.06441666666666679,1.002901779791438,-0.0029017797914379084,-125.5
0.39999999999999997,0.39975,7,7,two-2g,baseline2_matched_0.050,0.05,0.012749999999999817,-0.010500000000000176,-0.0021250000000000435,1.0011474032822976,-0.0011474032822975655,-4.0
0.39999999999999997,0.39975,7,7,two-2g,baseline2_matched_0.200,0.2,0.03874999999999984,0.03649999999999998,-0.006458333333333455,1.0028358585188506,-0.002835858518850598,-14.833333333333258
0.39999999999999997,0.39975,7,7,two-2g,baseline2_matched_0.350,0.35,0.055749999999999966,0.04399999999999982,-0.009291666666666698,1.0032313861543762,-0.0032313861543762368,-36.5
0.39999999999999997,0.39975,7,7,two-2g,baseline2_matched_0.500,0.5,0.09924999999999984,0.07250000000000001,-0.016541666666666677,1.0025951836840294,-0.002595183684029445,-51.33333333333326
0.39999999999999997,0.39975,7,7,two-2g,baseline2_matched_0.650,0.65,0.1257499999999998,0.11999999999999988,-0.020958333333333412,1.0036331327778805,-0.0036331327778804656,-58.66666666666663
0.39999999999999997,0.39975,7,7,two-2g,baseline2_matched_0.800,0.8,0.1569999999999998,0.14649999999999985,-0.02616666666666667,1.0017970802266036,-0.0017970802266036312,-72.5
0.39999999999999997,0.39975,7,7,two-2g,baseline2_matched_0.950,0.95,0.3174999999999999,0.30699999999999994,-0.05291666666666672,1.0055914920927638,-0.005591492092763772,-125.5
0.39999999999999997,0.39975,7,7,two-g,baseline2_all_hdv_yield,1.0,0.38649999999999984,0.3819999999999999,-0.06441666666666679,1.002901779791438,-0.0029017797914379084,-125.5
0.39999999999999997,0.39975,7,7,two-g,baseline2_matched_0.050,0.05,0.0004999999999999449,-0.007500000000000062,-8.333333333332416e-05,1.0000588730862094,-5.8873086209443315e-05,-0.5
0.39999999999999997,0.39975,7,7,two-g,baseline2_matched_0.200,0.2,0.032749999999999835,0.030999999999999917,-0.005458333333333343,1.0036246334943086,-0.003624633494308638,-18.16666666666663
0.39999999999999997,0.39975,7,7,two-g,baseline2_matched_0.350,0.35,0.05624999999999991,0.05599999999999983,-0.009375000000000022,1.003253774511104,-0.0032537745111040905,-40.5
0.39999999999999997,0.39975,7,7,two-g,baseline2_matched_0.500,0.5,0.055749999999999966,0.052999999999999936,-0.009291666666666698,1.0043829354286622,-0.0043829354286621935,-37.33333333333326
0.39999999999999997,0.39975,7,7,two-g,baseline2_matched_0.650,0.65,0.13049999999999984,0.123,-0.021749999999999936,1.0047927667365386,-0.004792766736538612,-58.0
0.39999999999999997,0.39975,7,7,two-g,baseline2_matched_0.800,0.8,0.17599999999999993,0.16599999999999993,-0.029333333333333433,1.0033970185342416,-0.0033970185342415693,-76.83333333333326
0.39999999999999997,0.39975,7,7,two-g,baseline2_matched_0.950,0.95,0.31499999999999995,0.2979999999999998,-0.05249999999999999,1.005121958500277,-0.0051219585002770796,-117.5
0.39999999999999997,0.39975,7,8,one,baseline2_all_hdv_yield,1.0,0.48550000000000004,0.48550000000000004,-0.08091666666666664,1.0039977439910546,-0.00399774399105457,-161.5
0.39999999999999997,0.39975,7,8,one,baseline2_matched_0.050,0.05,0.000500000000000167,0.000500000000000167,-8.333333333332416e-05,0.9984936457543784,0.0015063542456216217,26.5
0.39999999999999997,0.39975,7,8,one,baseline2_matched_0.200,0.2,0.04400000000000004,0.04400000000000004,-0.007333333333333303,1.0013538540083715,-0.0013538540083715134,-25.83333333333337
0.39999999999999997,0.39975,7,8,one,baseline2_matched_0.350,0.35,0.07250000000000001,0.07250000000000001,-0.012083333333333335,1.0027543283338407,-0.0027543283338407054,-34.5
0.39999999999999997,0.39975,7,8,one,baseline2_matched_0.500,0.5,0.16200000000000014,0.16200000000000014,-0.027000000000000024,1.003215765872355,-0.0032157658723550586,-73.83333333333337
0.39999999999999997,0.39975,7,8,one,baseline2_matched_0.650,0.65,0.23850000000000016,0.23850000000000016,-0.03975000000000006,1.0033158441530439,-0.0033158441530438676,-102.83333333333337
0.39999999999999997,0.39975,7,8,one,baseline2_matched_0.800,0.8,0.2885,0.2885,-0.04808333333333337,1.0031478038101016,-0.0031478038101016015,-108.16666666666663
0.39999999999999997,0.39975,7,8,one,baseline2_matched_0.950,0.95,0.4245000000000001,0.4245000000000001,-0.07074999999999998,1.0047138320615985,-0.0047138320615984775,-157.83333333333337
0.39999999999999997,0.39975,7,8,two-2g,baseline2_all_hdv_yield,1.0,0.4624999999999999,0.478,-0.07708333333333339,1.0041428788269662,-0.004142878826966179,-145.33333333333337
0.39999999999999997,0.39975,7,8,two-2g,baseline2_matched_0.050,0.05,-0.03025000000000011,-0.02400000000000002,0.005041666666666722,1.0006691561126484,-0.0006691561126483947,9.766666666666652
0.39999999999999997,0.39975,7,8,two-2g,baseline2_matched_0.200,0.2,0.03699999999999992,0.033500000000000085,-0.006166666666666765,0.99983079287638,0.00016920712362000767,-19.83333333333337
0.39999999999999997,0.39975,7,8,two-2g,baseline2_matched_0.350,0.35,0.08824999999999994,0.10250000000000004,-0.014708333333333323,1.002010786124683,-0.002010786124682973,-35.16666666666674
0.39999999999999997,0.39975,7,8,two-2g,baseline2_matched_0.500,0.5,0.09424999999999994,0.10299999999999998,-0.015708333333333324,1.0036250967342188,-0.0036250967342188467,-41.33333333333337
0.39999999999999997,0.39975,7,8,two-2g,baseline2_matched_0.650,0.65,0.17399999999999993,0.18599999999999994,-0.029000000000000026,1.002713949551393,-0.0027139495513930356,-61.16666666666674
0.39999999999999997,0.39975,7,8,two-2g,baseline2_matched_0.800,0.8,0.24499999999999988,0.22199999999999998,-0.04083333333333339,1.0045061764747363,-0.004506176474736279,-83.0
0.39999999999999997,0.39975,7,8,two-2g,baseline2_matched_0.950,0.95,0.33099999999999996,0.34099999999999997,-0.0551666666666667,1.002880253611619,-0.0028802536116190325,-131.33333333333337
0.39999999999999997,0.39975,7,8,two-g,baseline2_all_hdv_yield,1.0,0.4624999999999999,0.478,-0.07708333333333339,1.0041428788269662,-0.004142878826966179,-145.33333333333337
0.39999999999999997,0.39975,7,8,two-g,baseline2_matched_0.050,0.05,0.014749999999999819,0.027000000000000135,-0.00245833333333334,0.9996752716230551,0.00032472837694486056,-4.0
0.39999999999999997,0.39975,7,8,two-g,baseline2_matched_0.200,0.2,0.04849999999999999,0.044499999999999984,-0.008083333333333331,1.0017283595286428,-0.0017283595286428088,-25.5
0.39999999999999997,0.39975,7,8,two-g,baseline2_matched_0.350,0.35,0.09850000000000003,0.11299999999999999,-0.016416666666666635,1.0017758453513241,-0.0017758453513241346,-42.0
0.39999999999999997,0.39975,7,8,two-g,baseline2_matched_0.500,0.5,0.12975000000000003,0.14200000000000013,-0.021625000000000005,1.003806745558107,-0.0038067455581070053,-53.16666666666674
0.39999999999999997,0.39975,7,8,two-g,baseline2_matched_0.650,0.65,0.17974999999999985,0.18799999999999994,-0.02995833333333342,1.0037115665510716,-0.0037115665510716322,-62.5
0.39999999999999997,0.39975,7,8,two-g,baseline2_matched_0.800,0.8,0.22275,0.21950000000000003,-0.037125000000000075,1.0046019775667863,-0.004601977566786264,-80.33333333333337
0.39999999999999997,0.39975,7,8,two-g,baseline2_matched_0.950,0.95,0.34450000000000003,0.3400000000000001,-0.05741666666666667,1.0026550588368,-0.0026550588367999506,-128.5
0.39999999999999997,0.39975,7,9,one,baseline2_all_hdv_yield,1.0,0.4869999999999999,0.4869999999999999,-0.08116666666666661,1.0049486008723807,-0.004948600872380693,-160.16666666666669
0.39999999999999997,0.39975,7,9,one,baseline2_matched_0.050,0.05,0.06499999999999995,0.06499999999999995,-0.01083333333333325,0.99878783957342,0.0012121604265800112,-35.5
0.39999999999999997,0.39975,7,9,one,baseline2_matched_0.200,0.2,0.07699999999999996,0.07699999999999996,-0.012833333333333252,0.9995149284452042,0.000485071554795824,-46.83333333333337
0.39999999999999997,0.39975,7,9,one,baseline2_matched_0.350,0.35,0.11249999999999982,0.11249999999999982,-0.018749999999999933,1.0016843741633366,-0.001684374163336555,-57.16666666666663
0.39999999999999997,0.39975,7,9,one,baseline2_matched_0.500,0.5,0.1469999999999998,0.1469999999999998,-0.024499999999999966,1.0040894082894354,-0.004089408289435381,-64.83333333333337
0.39999999999999997,0.39975,7,9,one,baseline2_matched_0.650,0.65,0.2004999999999999,0.2004999999999999,-0.03341666666666665,1.0037459801172504,-0.003745980117250358,-75.83333333333337
0.39999999999999997,0.39975,7,9,one,baseline2_matched_0.800,0.8,0.2789999999999999,0.2789999999999999,-0.046499999999999986,1.0054537886908845,-0.005453788690884531,-119.16666666666663
0.39999999999999997,0.39975,7,9,one,baseline2_matched_0.950,0.95,0.3534999999999999,0.3534999999999999,-0.05891666666666662,1.0026111739830774,-0.0026111739830774194,-133.16666666666663
0.39999999999999997,0.39975,7,9,two-2g,baseline2_all_hdv_yield,1.0,0.4227500000000002,0.4255000000000002,-0.0704583333333334,1.0015773844294045,-0.0015773844294044714,-153.33333333333331
0.39999999999999997,0.39975,7,9,two-2g,baseline2_matched_0.050,0.05,0.01175000000000015,0.0015000000000000568,-0.001958333333333284,0.9992039542531606,0.0007960457468394466,-4.3333333333332575
0.39999999999999997,0.39975,7,9,two-2g,baseline2_matched_0.200,0.2,0.06275000000000008,0.06300000000000017,-0.010458333333333347,0.9988909630682833,0.0011090369317167115,-15.333333333333258
0.39999999999999997,0.39975,7,9,two-2g,baseline2_matched_0.350,0.35,0.04575000000000018,0.044500000000000206,-0.007624999999999993,1.0003506909834525,-0.00035069098345252847,-13.0
0.39999999999999997,0.39975,7,9,two-2g,baseline2_matched_0.500,0.5,0.11499999999999999,0.11150000000000015,-0.019166666666666665,1.0022077167759136,-0.002207716775913582,-50.83333333333326
0.39999999999999997,0.39975,7,9,two-2g,baseline2_matched_0.650,0.65,0.18500000000000005,0.1625000000000001,-0.03083333333333338,1.0050426587720827,-0.005042658772082653,-72.66666666666663
0.39999999999999997,0.39975,7,9,two-2g,baseline2_matched_0.800,0.8,0.2670000000000001,0.26350000000000007,-0.044499999999999984,1.0028274848931538,-0.0028274848931537644,-86.0
0.39999999999999997,0.39975,7,9,two-2g,baseline2_matched_0.950,0.95,0.3385,0.3275000000000001,-0.05641666666666667,1.0036738660853455,-0.0036738660853454785,-111.16666666666663
0.39999999999999997,0.39975,7,9,two-g,baseline2_all_hdv_yield,1.0,0.4227500000000002,0.4255000000000002,-0.0704583333333334,1.0015773844294045,-0.0015773844294044714,-153.33333333333331
0.39999999999999997,0.39975,7,9,two-g,baseline2_matched_0.050,0.05,0.0007500000000000284,0.000500000000000167,-0.00012499999999993072,0.9980278033943092,0.0019721966056908125,0.5
0.39999999999999997,0.39975,7,9,two-g,baseline2_matched_0.200,0.2,0.019500000000000073,0.0045000000000001705,-0.003249999999999975,0.999521709698296,0.00047829030170398745,-4.3333333333332575
0.39999999999999997,0.39975,7,9,two-g,baseline2_matched_0.350,0.35,0.07725000000000004,0.08050000000000002,-0.01287499999999997,1.0011602009440717,-0.0011602009440716543,-22.333333333333258
0.39999999999999997,0.39975,7,9,two-g,baseline2_matched_0.500,0.5,0.08725000000000005,0.08750000000000013,-0.014541666666666564,1.0019429896188865,-0.0019429896188865037,-37.66666666666663
0.39999999999999997,0.39975,7,9,two-g,baseline2_matched_0.650,0.65,0.18700000000000006,0.14550000000000018,-0.031166666666666676,1.002687664211626,-0.0026876642116260285,-74.66666666666663
0.39999999999999997,0.39975,7,9,two-g,baseline2_matched_0.800,0.8,0.18600000000000017,0.1905000000000001,-0.031000000000000028,1.0038892935057762,-0.003889293505776159,-71.16666666666663
0.39999999999999997,0.39975,7,9,two-g,baseline2_matched_0.950,0.95,0.2822500000000001,0.28400000000000003,-0.04704166666666665,1.002991334017734,-0.002991334017734104,-96.66666666666663
0.44999999999999996,0.44975,8,0,one,baseline2_all_hdv_yield,1.0,0.4584999999999999,0.4584999999999999,-0.07641666666666658,1.0013540715366895,-0.0013540715366895384,-208.0
0.44999999999999996,0.44975,8,0,one,baseline2_matched_0.050,0.05,0.009000000000000119,0.009000000000000119,-0.0015000000000000568,0.9989450024399925,0.0010549975600074868,-15.5
0.44999999999999996,0.44975,8,0,one,baseline2_matched_0.200,0.2,0.0685,0.0685,-0.01141666666666663,1.0001264010769362,-0.00012640107693617786,-40.5
0.44999999999999996,0.44975,8,0,one,baseline2_matched_0.350,0.35,0.1100000000000001,0.1100000000000001,-0.018333333333333313,1.001058157586933,-0.0010581575869330617,-82.5
0.44999999999999996,0.44975,8,0,one,baseline2_matched_0.500,0.5,0.10899999999999999,0.10899999999999999,-0.018166666666666664,0.9999395080560372,6.049194396284818e-05,-67.5
0.44999999999999996,0.44975,8,0,one,baseline2_matched_0.650,0.65,0.15549999999999997,0.15549999999999997,-0.0259166666666667,1.0006927230448575,-0.0006927230448574573,-108.5
0.44999999999999996,0.44975,8,0,one,baseline2_matched_0.800,0.8,0.27449999999999997,0.27449999999999997,-0.04574999999999996,1.0023706973412003,-0.002370697341200323,-150.66666666666663
0.44999999999999996,0.44975,8,0,one,baseline2_matched_0.950,0.95,0.3560000000000001,0.3560000000000001,-0.05933333333333335,1.0029555280382427,-0.0029555280382427274,-191.0
0.44999999999999996,0.44975,8,0,two-2g,baseline2_all_hdv_yield,1.0,0.36750000000000016,0.3580000000000001,-0.06125000000000003,1.0015306124752965,-0.0015306124752965111,-197.0
0.44999999999999996,0.44975,8,0,two-2g,baseline2_matched_0.050,0.05,0.00550000000000006,0.013500000000000068,-0.0009166666666666767,0.9987800709243273,0.0012199290756726988,-12.5
0.44999999999999996,0.44975,8,0,two-2g,baseline2_matched_0.200,0.2,0.005750000000000144,0.013500000000000068,-0.0009583333333332833,1.0000882828555604,-8.828285556039539e-05,-9.0
0.44999999999999996,0.44975,8,0,two-2g,baseline2_matched_0.350,0.35,0.020750000000000046,0.014499999999999957,-0.003458333333333341,1.0002492692392286,-0.0002492692392286333,-34.0
0.44999999999999996,0.44975,8,0,two-2g,baseline2_matched_0.500,0.5,0.07000000000000006,0.06499999999999995,-0.011666666666666714,1.0018681645700844,-0.0018681645700844296,-68.5
0.44999999999999996,0.44975,8,0,two-2g,baseline2_matched_0.650,0.65,0.11925000000000008,0.12450000000000006,-0.019874999999999976,1.0017243380253478,-0.0017243380253477714,-98.5
0.44999999999999996,0.44975,8,0,two-2g,baseline2_matched_0.800,0.8,0.23125000000000018,0.22999999999999998,-0.038541666666666585,1.0008643139925402,-0.0008643139925401666,-137.60000000000002
0.44999999999999996,0.44975,8,0,two-2g,baseline2_matched_0.950,0.95,0.29800000000000004,0.2995000000000001,-0.04966666666666675,1.0085094738116025,-0.008509473811602497,-172.5
0.44999999999999996,0.44975,8,0,two-g,baseline2_all_hdv_yield,1.0,0.36750000000000016,0.3580000000000001,-0.06125000000000003,1.0015306124752965,-0.0015306124752965111,-197.0
0.44999999999999996,0.44975,8,0,two-g,baseline2_matched_0.050,0.05,-0.00649999999999995,-0.0020000000000000018,0.001083333333333325,0.9990264049279458,0.0009735950720541897,-0.75
0.44999999999999996,0.44975,8,0,two-g,baseline2_matched_0.200,0.2,0.006500000000000172,0.010999999999999899,-0.001083333333333436,0.9995493284406741,0.000450671559325877,-9.0
0.44999999999999996,0.44975,8,0,two-g,baseline2_matched_0.350,0.35,0.021750000000000158,0.026999999999999913,-0.0036249999999999893,1.0005631136618063,-0.0005631136618062804,-39.25
0.44999999999999996,0.44975,8,0,two-g,baseline2_matched_0.500,0.5,0.07200000000000006,0.05800000000000005,-0.01200000000000001,1.0001704694525544,-0.00017046945255438928,-77.25
0.44999999999999996,0.44975,8,0,two-g,baseline2_matched_0.650,0.65,0.12850000000000006,0.1339999999999999,-0.02141666666666675,1.0023682835600187,-0.0023682835600187246,-94.5
0.44999999999999996,0.44975,8,0,two-g,baseline2_matched_0.800,0.8,0.22325000000000017,0.21700000000000008,-0.0372083333333334,1.0015852530150533,-0.0015852530150533006,-138.20000000000005
0.44999999999999996,0.44975,8,0,two-g,baseline2_matched_0.950,0.95,0.3127500000000001,0.32000000000000006,-0.05212499999999998,1.0005143435932633,-0.0005143435932633,-179.16666666666663
0.44999999999999996,0.44975,8,1,one,baseline2_all_hdv_yield,1.0,0.36350000000000016,0.36350000000000016,-0.06058333333333343,1.0011166488774703,-0.0011166488774703165,-185.83333333333337
0.44999999999999996,0.44975,8,1,one,baseline2_matched_0.050,0.05,0.014499999999999957,0.014499999999999957,-0.0024166666666666226,1.000363170939086,-0.0003631709390861104,1.0
0.44999999999999996,0.44975,8,1,one,baseline2_matched_0.200,0.2,0.006000000000000005,0.006000000000000005,-0.0010000000000000009,1.0005689527289823,-0.0005689527289822749,-1.0
0.44999999999999996,0.44975,8,1,one,baseline2_matched_0.350,0.35,0.04800000000000004,0.04800000000000004,-0.008000000000000007,1.0012530075800057,-0.0012530075800056828,-19.0
0.44999999999999996,0.44975,8,1,one,baseline2_matched_0.500,0.5,0.131,0.131,-0.02183333333333337,0.9999943466541226,5.653345877432159e-06,-73.5
0.44999999999999996,0.44975,8,1,one,baseline2_matched_0.650,0.65,0.15450000000000008,0.15450000000000008,-0.02575000000000005,1.001257982524375,-0.0012579825243750342,-87.5
0.44999999999999996,0.44975,8,1,one,baseline2_matched_0.800,0.8,0.22650000000000015,0.22650000000000015,-0.03775000000000006,1.002321263816775,-0.00232126381677511,-130.0
0.44999999999999996,0.44975,8,1,one,baseline2_matched_0.950,0.95,0.3305,0.3305,-0.05508333333333337,1.0023499828138263,-0.002349982813826257,-166.16666666666663
0.44999999999999996,0.44975,8,1,two-2g,baseline2_all_hdv_yield,1.0,0.41075000000000017,0.4019999999999999,-0.06845833333333329,1.0028653405375747,-0.002865340537574701,-213.0
0.44999999999999996,0.44975,8,1,two-2g,baseline2_matched_0.050,0.05,0.00275000000000003,0.0029999999999998916,-0.00045833333333333837,1.0005588093038937,-0.000558809303893737,-8.25
0.44999999999999996,0.44975,8,1,two-2g,baseline2_matched_0.200,0.2,0.052750000000000075,0.04949999999999988,-0.008791666666666642,1.0018031728327705,-0.0018031728327705387,-31.25
0.44999999999999996,0.44975,8,1,two-2g,baseline2_matched_0.350,0.35,0.0887500000000001,0.07850000000000001,-0.014791666666666647,1.0032944626275642,-0.0032944626275641653,-68.0
0.44999999999999996,0.44975,8,1,two-2g,baseline2_matched_0.500,0.5,0.1302500000000002,0.11699999999999999,-0.02170833333333333,1.0026611906825291,-0.0026611906825291243,-77.0
0.44999999999999996,0.44975,8,1,two-2g,baseline2_matched_0.650,0.65,0.1655000000000002,0.1589999999999998,-0.027583333333333293,1.0034637576293075,-0.0034637576293075067,-124.0
0.44999999999999996,0.44975,8,1,two-2g,baseline2_matched_0.800,0.8,0.21650000000000014,0.21199999999999997,-0.036083333333333356,1.0039546678683298,-0.003954667868329764,-139.75
0.44999999999999996,0.44975,8,1,two-2g,baseline2_matched_0.950,0.95,0.35150000000000015,0.351,-0.05858333333333332,1.0054054445544156,-0.005405444554415606,-183.5
0.44999999999999996,0.44975,8,1,two-g,baseline2_all_hdv_yield,1.0,0.41075000000000017,0.4019999999999999,-0.06845833333333329,1.0028653405375747,-0.002865340537574701,-213.0
0.44999999999999996,0.44975,8,1,two-g,baseline2_matched_0.050,0.05,0.008750000000000036,0.00649999999999995,-0.0014583333333333393,1.0007319519193134,-0.0007319519193134116,-9.75
0.44999999999999996,0.44975,8,1,two-g,baseline2_matched_0.200,0.2,0.06125000000000003,0.0605,-0.010208333333333264,1.0019235805078082,-0.0019235805078081647,-54.5
0.44999999999999996,0.44975,8,1,two-g,baseline2_matched_0.350,0.35,0.07900000000000018,0.07650000000000001,-0.01316666666666666,1.0017395740420048,-0.0017395740420047545,-72.25
0.44999999999999996,0.44975,8,1,two-g,baseline2_matched_0.500,0.5,0.12525000000000008,0.12749999999999995,-0.020874999999999977,1.0054108764796068,-0.005410876479606808,-86.75
0.44999999999999996,0.44975,8,1,two-g,baseline2_matched_0.650,0.65,0.18800000000000017,0.17899999999999983,-0.031333333333333324,1.0039834118057898,-0.0039834118057897605,-127.5
0.44999999999999996,0.44975,8,1,two-g,baseline2_matched_0.800,0.8,0.23050000000000015,0.21299999999999986,-0.038416666666666655,1.0034139649817337,-0.0034139649817337414,-146.0
0.44999999999999996,0.44975,8,1,two-g,baseline2_matched_0.950,0.95,0.3542500000000002,0.35399999999999987,-0.05904166666666666,1.0043378449244207,-0.004337844924420686,-182.33333333333337
0.44999999999999996,0.44975,8,2,one,baseline2_all_hdv_yield,1.0,0.40349999999999997,0.40349999999999997,-0.06724999999999992,1.0027721962799072,-0.002772196279907213,-202.33333333333337
0.44999999999999996,0.44975,8,2,one,baseline2_matched_0.050,0.05,0.00550000000000006,0.00550000000000006,-0.0009166666666666767,1.0003936378536264,-0.00039363785362644954,-4.5
0.44999999999999996,0.44975,8,2,one,baseline2_matched_0.200,0.2,0.030000000000000027,0.030000000000000027,-0.0050000000000000044,1.0002071064181046,-0.00020710641810461894,-8.0
0.44999999999999996,0.44975,8,2,one,baseline2_matched_0.350,0.35,0.11699999999999999,0.11699999999999999,-0.019499999999999962,1.001416508416411,-0.0014165084164110553,-48.5
0.44999999999999996,0.44975,8,2,one,baseline2_matched_0.500,0.5,0.12250000000000005,0.12250000000000005,-0.02041666666666664,1.0024931904721077,-0.0024931904721077203,-50.0
0.44999999999999996,0.44975,8,2,one,baseline2_matched_0.650,0.65,0.125,0.125,-0.02083333333333326,1.0012458038905692,-0.0012458038905691637,-56.5
0.44999999999999996,0.44975,8,2,one,baseline2_matched_0.800,0.8,0.1964999999999999,0.1964999999999999,-0.032749999999999946,1.0028648967508924,-0.0028648967508924095,-117.0
0.44999999999999996,0.44975,8,2,one,baseline2_matched_0.950,0.95,0.32399999999999984,0.32399999999999984,-0.05399999999999994,1.0046422587080226,-0.004642258708022595,-159.0
0.44999999999999996,0.44975,8,2,two-2g,baseline2_all_hdv_yield,1.0,0.4295,0.4465000000000001,-0.07158333333333344,1.008785497559773,-0.008785497559772981,-194.5
0.44999999999999996,0.44975,8,2,two-2g,baseline2_matched_0.050,0.05,-0.009749999999999925,-0.018999999999999906,0.0016249999999999876,1.0000427633737374,-4.276337373743111e-05,7.25
0.44999999999999996,0.44975,8,2,two-2g,baseline2_matched_0.200,0.2,0.034499999999999975,0.04200000000000004,-0.005750000000000033,1.0027664961411153,-0.002766496141115349,-30.25
0.44999999999999996,0.44975,8,2,two-2g,baseline2_matched_0.350,0.35,0.07625000000000015,0.08600000000000008,-0.012708333333333433,1.0023180463699783,-0.002318046369978344,-56.25
0.44999999999999996,0.44975,8,2,two-2g,baseline2_matched_0.500,0.5,0.13575000000000004,0.14549999999999996,-0.022625000000000006,1.0033074867580614,-0.003307486758061362,-77.0
0.44999999999999996,0.44975,8,2,two-2g,baseline2_matched_0.650,0.65,0.17525000000000013,0.1915,-0.02920833333333339,1.0043948982616349,-0.004394898261634861,-98.75
0.44999999999999996,0.44975,8,2,two-2g,baseline2_matched_0.800,0.8,0.2310000000000001,0.25150000000000006,-0.03850000000000009,1.0034020639550014,-0.003402063955001422,-141.25
0.44999999999999996,0.44975,8,2,two-2g,baseline2_matched_0.950,0.95,0.3427500000000001,0.34850000000000003,-0.05712499999999998,1.0032273902802706,-0.0032273902802706367,-174.16666666666663
0.44999999999999996,0.44975,8,2,two-g,baseline2_all_hdv_yield,1.0,0.4295,0.4465000000000001,-0.07158333333333344,1.008785497559773,-0.008785497559772981,-194.5
0.44999999999999996,0.44975,8,2,two-g,baseline2_matched_0.050,0.05,0.013750000000000151,0.031500000000000083,-0.002291666666666692,0.999997511126398,2.488873601991237e-06,-17.5
0.44999999999999996,0.44975,8,2,two-g,baseline2_matched_0.200,0.2,0.018000000000000016,0.03750000000000009,-0.0030000000000000027,1.002235687279822,-0.0022356872798219296,-20.5
0.44999999999999996,0.44975,8,2,two-g,baseline2_matched_0.350,0.35,0.054750000000000076,0.05049999999999999,-0.00912500000000005,1.0027413811438413,-0.0027413811438412594,-34.75
0.44999999999999996,0.44975,8,2,two-g,baseline2_matched_0.500,0.5,0.08725000000000005,0.10349999999999993,-0.014541666666666675,1.0032287478476902,-0.0032287478476902276,-65.0
0.44999999999999996,0.44975,8,2,two-g,baseline2_matched_0.650,0.65,0.16725000000000012,0.18399999999999994,-0.027874999999999983,1.0037038964447562,-0.003703896444756216,-85.75
0.44999999999999996,0.44975,8,2,two-g,baseline2_matched_0.800,0.8,0.2550000000000001,0.24550000000000005,-0.04250000000000009,1.0048757033896192,-0.004875703389619179,-148.0
0.44999999999999996,0.44975,8,2,two-g,baseline2_matched_0.950,0.95,0.3340000000000001,0.3534999999999999,-0.05566666666666675,1.004109130319686,-0.004109130319686072,-167.66666666666663
0.44999999999999996,0.44975,8,3,one,baseline2_all_hdv_yield,1.0,0.3684999999999998,0.3684999999999998,-0.061416666666666675,1.0045156500459418,-0.004515650045941788,-189.66666666666663
0.44999999999999996,0.44975,8,3,one,baseline2_matched_0.050,0.05,-0.06950000000000012,-0.06950000000000012,0.01158333333333339,0.9994801641215529,0.0005198358784470614,17.5
0.44999999999999996,0.44975,8,3,one,baseline2_matched_0.200,0.2,0.018999999999999906,0.018999999999999906,-0.003166666666666651,1.0014968468266712,-0.001496846826671172,-47.5
0.44999999999999996,0.44975,8,3,one,baseline2_matched_0.350,0.35,0.07499999999999996,0.07499999999999996,-0.012499999999999956,1.0010152408278845,-0.0010152408278845115,-72.0
0.44999999999999996,0.44975,8,3,one,baseline2_matched_0.500,0.5,0.08050000000000002,0.08050000000000002,-0.013416666666666632,1.0020707474461792,-0.0020707474461791886,-82.5
0.44999999999999996,0.44975,8,3,one,baseline2_matched_0.650,0.65,0.1439999999999999,0.1439999999999999,-0.02400000000000002,1.0007612044086058,-0.0007612044086058312,-101.5
0.44999999999999996,0.44975,8,3,one,baseline2_matched_0.800,0.8,0.18399999999999994,0.18399999999999994,-0.03066666666666662,1.0016581362006212,-0.001658136200621163,-117.5
0.44999999999999996,0.44975,8,3,one,baseline2_matched_0.950,0.95,0.35199999999999987,0.35199999999999987,-0.058666666666666645,1.0032796260077186,-0.0032796260077185835,-175.0
0.44999999999999996,0.44975,8,3,two-2g,baseline2_all_hdv_yield,1.0,0.383,0.387,-0.0638333333333333,1.009700365677244,-0.009700365677244083,-183.75
0.44999999999999996,0.44975,8,3,two-2g,baseline2_matched_0.050,0.05,-0.016249999999999876,-0.01949999999999985,0.0027083333333333126,1.0000942046904864,-9.420469048637692e-05,6.5
0.44999999999999996,0.44975,8,3,two-2g,baseline2_matched_0.200,0.2,0.004750000000000032,0.0035000000000000586,-0.000791666666666635,1.002635240344244,-0.0026352403442440053,-6.0
0.44999999999999996,0.44975,8,3,two-2g,baseline2_matched_0.350,0.35,0.051000000000000156,0.04600000000000004,-0.008500000000000063,1.001520635809195,-0.0015206358091950367,-25.5
0.44999999999999996,0.44975,8,3,two-2g,baseline2_matched_0.500,0.5,0.07974999999999999,0.07900000000000018,-0.013291666666666702,1.0016277483539084,-0.0016277483539084425,-46.0
0.44999999999999996,0.44975,8,3,two-2g,baseline2_matched_0.650,0.65,0.12400000000000011,0.125,-0.020666666666666722,1.0023630431375972,-0.002363043137597165,-99.0
0.44999999999999996,0.44975,8,3,two-2g,baseline2_matched_0.800,0.8,0.20074999999999998,0.20050000000000012,-0.03345833333333337,1.0047797557743414,-0.004779755774341421,-123.5
0.44999999999999996,0.44975,8,3,two-2g,baseline2_matched_0.950,0.95,0.29800000000000004,0.2975000000000001,-0.04966666666666664,1.007672247388762,-0.0076722473887620435,-167.41666666666663
0.44999999999999996,0.44975,8,3,two-g,baseline2_all_hdv_yield,1.0,0.42175000000000007,0.4165000000000001,-0.07029166666666664,1.0031214532798376,-0.003121453279837594,-224.66666666666663
0.44999999999999996,0.44975,8,3,two-g,baseline2_matched_0.050,0.05,0.017249999999999988,0.02300000000000013,-0.002874999999999961,1.0012866091691484,-0.001286609169148356,-21.0
0.44999999999999996,0.44975,8,3,two-g,baseline2_matched_0.200,0.2,0.05525000000000002,0.0495000000000001,-0.009208333333333263,1.0025811408085532,-0.002581140808553206,-62.0
0.44999999999999996,0.44975,8,3,two-g,baseline2_matched_0.350,0.35,0.08950000000000014,0.09899999999999998,-0.01491666666666669,1.0018142456880266,-0.0018142456880265723,-78.25
0.44999999999999996,0.44975,8,3,two-g,baseline2_matched_0.500,0.5,0.10749999999999993,0.11699999999999999,-0.01791666666666658,1.0040135234303655,-0.00401352343036554,-89.75
0.44999999999999996,0.44975,8,3,two-g,baseline2_matched_0.650,0.65,0.12175000000000002,0.13050000000000006,-0.020291666666666597,1.0028452986024292,-0.0028452986024292137,-91.0
0.44999999999999996,0.44975,8,3,two-g,baseline2_matched_0.800,0.8,0.21550000000000002,0.22199999999999998,-0.0359166666666666,1.007740706150142,-0.007740706150141996,-133.5
0.44999999999999996,0.44975,8,3,two-g,baseline2_matched_0.950,0.95,0.31325000000000003,0.3205,-0.0522083333333333,1.0056460050151483,-0.0056460050151483365,-195.0
0.44999999999999996,0.44975,8,4,one,baseline2_all_hdv_yield,1.0,0.4804999999999999,0.4804999999999999,-0.0800833333333334,1.000289125422742,-0.00028912542274195374,-247.33333333333337
0.44999999999999996,0.44975,8,4,one,baseline2_matched_0.050,0.05,0.03499999999999992,0.03499999999999992,-0.005833333333333357,0.9996848578138617,0.00031514218613826195,-19.5
0.44999999999999996,0.44975,8,4,one,baseline2_matched_0.200,0.2,0.05400000000000005,0.05400000000000005,-0.009000000000000008,1.0008180575341483,-0.0008180575341483198,-23.5
0.44999999999999996,0.44975,8,4,one,baseline2_matched_0.350,0.35,0.09850000000000003,0.09850000000000003,-0.016416666666666635,1.0012368143084034,-0.001236814308403389,-57.5
0.44999999999999996,0.44975,8,4,one,baseline2_matched_0.500,0.5,0.09949999999999992,0.09949999999999992,-0.016583333333333283,1.0011153273349997,-0.0011153273349997495,-63.5
0.44999999999999996,0.44975,8,4,one,baseline2_matched_0.650,0.65,0.2064999999999999,0.2064999999999999,-0.03441666666666665,1.0008707697591084,-0.0008707697591083807,-111.5
0.44999999999999996,0.44975,8,4,one,baseline2_matched_0.800,0.8,0.24150000000000005,0.24150000000000005,-0.04025000000000001,1.0012189419231203,-0.0012189419231203313,-135.5
0.44999999999999996,0.44975,8,4,one,baseline2_matched_0.950,0.95,0.44300000000000006,0.44300000000000006,-0.0738333333333333,1.0024039489374645,-0.0024039489374645395,-221.33333333333337
0.44999999999999996,0.44975,8,4,two-2g,baseline2_all_hdv_yield,1.0,0.37650000000000006,0.377,-0.06274999999999997,1.0035393841122906,-0.0035393841122906,-203.83333333333337
0.44999999999999996,0.44975,8,4,two-2g,baseline2_matched_0.050,0.05,0.02299999999999991,0.023500000000000076,-0.0038333333333333552,1.0000944349078535,-9.443490785354669e-05,-21.5
0.44999999999999996,0.44975,8,4,two-2g,baseline2_matched_0.200,0.2,0.03499999999999992,0.03499999999999992,-0.005833333333333357,1.0003335794227,-0.0003335794226999589,-33.75
0.44999999999999996,0.44975,8,4,two-2g,baseline2_matched_0.350,0.35,0.08525000000000005,0.08650000000000002,-0.014208333333333267,1.0024208852876317,-0.0024208852876317355,-61.25
0.44999999999999996,0.44975,8,4,two-2g,baseline2_matched_0.500,0.5,0.14949999999999997,0.14250000000000007,-0.024916666666666698,1.0020449573570944,-0.0020449573570944235,-102.5
0.44999999999999996,0.44975,8,4,two-2g,baseline2_matched_0.650,0.65,0.2064999999999999,0.20650000000000013,-0.03441666666666654,1.0044282498516675,-0.004428249851667454,-116.0
0.44999999999999996,0.44975,8,4,two-2g,baseline2_matched_0.800,0.8,0.2622500000000001,0.24849999999999994,-0.04370833333333324,1.0059333203494791,-0.005933320349479132,-148.5
0.44999999999999996,0.44975,8,4,two-2g,baseline2_matched_0.950,0.95,0.3354999999999999,0.33350000000000013,-0.055916666666666615,1.0061568389443227,-0.006156838944322729,-177.83333333333337
0.44999999999999996,0.44975,8,4,two-g,baseline2_all_hdv_yield,1.0,0.37650000000000006,0.377,-0.06274999999999997,1.0035393841122906,-0.0035393841122906,-203.83333333333337
0.44999999999999996,0.44975,8,4,two-g,baseline2_matched_0.050,0.05,0.03200000000000003,0.030000000000000027,-0.005333333333333301,1.0001363304904736,-0.0001363304904735685,-29.0
0.44999999999999996,0.44975,8,4,two-g,baseline2_matched_0.200,0.2,0.07275000000000009,0.07400000000000007,-0.012124999999999941,1.0013318266021083,-0.001331826602108288,-50.5
0.44999999999999996,0.44975,8,4,two-g,baseline2_matched_0.350,0.35,0.08549999999999991,0.08600000000000008,-0.014249999999999874,1.003069247736506,-0.0030692477365059645,-61.5
0.44999999999999996,0.44975,8,4,two-g,baseline2_matched_0.500,0.5,0.12525000000000008,0.1260000000000001,-0.020874999999999977,1.0040618333506968,-0.004061833350696764,-97.75
0.44999999999999996,0.44975,8,4,two-g,baseline2_matched_0.650,0.65,0.1492500000000001,0.14349999999999996,-0.02487499999999998,1.00421243098552,-0.004212430985520044,-106.25
0.44999999999999996,0.44975,8,4,two-g,baseline2_matched_0.800,0.8,0.3115000000000001,0.2985,-0.05191666666666661,1.0045018501995135,-0.004501850199513546,-158.66666666666663
0.44999999999999996,0.44975,8,4,two-g,baseline2_matched_0.950,0.95,0.3360000000000001,0.3360000000000001,-0.05599999999999994,1.001393650894303,-0.0013936508943031,-176.33333333333337
0.44999999999999996,0.44975,8,5,one,baseline2_all_hdv_yield,1.0,0.4149999999999998,0.4149999999999998,-0.0691666666666666,1.0064186411836367,-0.006418641183636664,-186.0
0.44999999999999996,0.44975,8,5,one,baseline2_matched_0.050,0.05,0.027499999999999858,0.027499999999999858,-0.004583333333333273,1.0008949404195002,-0.0008949404195002231,-15.0
0.44999999999999996,0.44975,8,5,one,baseline2_matched_0.200,0.2,0.0814999999999999,0.0814999999999999,-0.01358333333333328,1.0007707436828188,-0.0007707436828188197,-24.5
0.44999999999999996,0.44975,8,5,one,baseline2_matched_0.350,0.35,0.12349999999999994,0.12349999999999994,-0.020583333333333287,1.001829696186276,-0.001829696186276042,-50.5
0.44999999999999996,0.44975,8,5,one,baseline2_matched_0.500,0.5,0.1279999999999999,0.1279999999999999,-0.021333333333333315,1.0032266266944692,-0.003226626694469159,-60.0
0.44999999999999996,0.44975,8,5,one,baseline2_matched_0.650,0.65,0.16949999999999998,0.16949999999999998,-0.028249999999999997,1.001554382108792,-0.0015543821087919962,-70.0
0.44999999999999996,0.44975,8,5,one,baseline2_matched_0.800,0.8,0.23399999999999999,0.23399999999999999,-0.038999999999999924,1.0021988930428563,-0.0021988930428562536,-93.0
0.44999999999999996,0.44975,8,5,one,baseline2_matched_0.950,0.95,0.36749999999999994,0.36749999999999994,-0.061249999999999916,1.002523071410184,-0.0025230714101840412,-162.66666666666663
0.44999999999999996,0.44975,8,5,two-2g,baseline2_all_hdv_yield,1.0,0.3767499999999999,0.37550000000000017,-0.06279166666666669,1.0046846558599765,-0.004684655859976461,-188.33333333333337
0.44999999999999996,0.44975,8,5,two-2g,baseline2_matched_0.050,0.05,0.004999999999999893,0.006500000000000172,-0.0008333333333333526,1.0004019821754644,-0.0004019821754643882,-1.0
0.44999999999999996,0.44975,8,5,two-2g,baseline2_matched_0.200,0.2,0.038249999999999895,0.026000000000000023,-0.0063750000000000195,1.002304939508931,-0.0023049395089309588,-12.25
0.44999999999999996,0.44975,8,5,two-2g,baseline2_matched_0.350,0.35,0.04874999999999985,0.045500000000000096,-0.008125000000000049,1.0023781301756025,-0.002378130175602511,-36.25
0.44999999999999996,0.44975,8,5,two-2g,baseline2_matched_0.500,0.5,0.08325000000000005,0.07550000000000012,-0.01387499999999997,1.0038505541757046,-0.003850554175704568,-71.0
0.44999999999999996,0.44975,8,5,two-2g,baseline2_matched_0.650,0.65,0.123,0.125,-0.020500000000000074,1.0035958597195462,-0.003595859719546235,-79.5
0.44999999999999996,0.44975,8,5,two-2g,baseline2_matched_0.800,0.8,0.1652499999999999,0.16700000000000004,-0.027541666666666687,1.0050483432284216,-0.005048343228421626,-90.0
0.44999999999999996,0.44975,8,5,two-2g,baseline2_matched_0.950,0.95,0.2702499999999999,0.2705000000000002,-0.04504166666666676,1.0054181487021356,-0.005418148702135639,-145.5
0.44999999999999996,0.44975,8,5,two-g,baseline2_all_hdv_yield,1.0,0.3767499999999999,0.37550000000000017,-0.06279166666666669,1.0046846558599765,-0.004684655859976461,-188.33333333333337
0.44999999999999996,0.44975,8,5,two-g,baseline2_matched_0.050,0.05,-0.010750000000000037,-0.0129999999999999,0.0017916666666666359,1.0026559374738666,-0.0026559374738666097,12.0
0.44999999999999996,0.44975,8,5,two-g,baseline2_matched_0.200,0.2,0.027249999999999996,0.027000000000000135,-0.004541666666666777,1.0029156170528333,-0.0029156170528332748,-14.5
0.44999999999999996,0.44975,8,5,two-g,baseline2_matched_0.350,0.35,0.016249999999999876,0.010000000000000009,-0.0027083333333334236,1.0028653126317801,-0.002865312631780137,-10.0
0.44999999999999996,0.44975,8,5,two-g,baseline2_matched_0.500,0.5,0.08999999999999986,0.07350000000000012,-0.015000000000000013,1.004408208140656,-0.004408208140656011,-63.5
0.44999999999999996,0.44975,8,5,two-g,baseline2_matched_0.650,0.65,0.13049999999999984,0.1280000000000001,-0.021750000000000047,1.0049746993687674,-0.004974699368767377,-82.25
0.44999999999999996,0.44975,8,5,two-g,baseline2_matched_0.800,0.8,0.20924999999999994,0.21100000000000008,-0.03487499999999999,1.0069481282110142,-0.006948128211014204,-115.5
0.44999999999999996,0.44975,8,5,two-g,baseline2_matched_0.950,0.95,0.26125,0.2630000000000001,-0.0435416666666667,1.0041532870880092,-0.0041532870880092165,-135.16666666666663
0.44999999999999996,0.44975,8,6,one,baseline2_all_hdv_yield,1.0,0.33699999999999997,0.33699999999999997,-0.0561666666666667,1.0042921270882292,-0.004292127088229236,-189.0
0.44999999999999996,0.44975,8,6,one,baseline2_matched_0.050,0.05,0.010000000000000009,0.010000000000000009,-0.0016666666666665941,0.9996509012652391,0.0003490987347608554,-13.0
0.44999999999999996,0.44975,8,6,one,baseline2_matched_0.200,0.2,0.007500000000000062,0.007500000000000062,-0.0012499999999999734,1.0004513622656164,-0.00045136226561637294,-9.5
0.44999999999999996,0.44975,8,6,one,baseline2_matched_0.350,0.35,0.03750000000000009,0.03750000000000009,-0.006249999999999978,1.0033097637011057,-0.0033097637011056946,-35.0
0.44999999999999996,0.44975,8,6,one,baseline2_matched_0.500,0.5,0.10350000000000015,0.10350000000000015,-0.017249999999999988,1.002044818123631,-0.002044818123630998,-89.0
0.44999999999999996,0.44975,8,6,one,baseline2_matched_0.650,0.65,0.15949999999999998,0.15949999999999998,-0.026583333333333292,1.0056781146767866,-0.005678114676786583,-115.5
0.44999999999999996,0.44975,8,6,one,baseline2_matched_0.800,0.8,0.18799999999999994,0.18799999999999994,-0.031333333333333324,1.003836692381118,-0.0038366923811179454,-129.5
0.44999999999999996,0.44975,8,6,one,baseline2_matched_0.950,0.95,0.2825,0.2825,-0.047083333333333366,1.003528318061301,-0.00352831806130105,-170.0
0.44999999999999996,0.44975,8,6,two-2g,baseline2_all_hdv_yield,1.0,0.34924999999999984,0.33599999999999985,-0.058208333333333195,1.0049025679158043,-0.004902567915804346,-193.75
0.44999999999999996,0.44975,8,6,two-2g,baseline2_matched_0.050,0.05,0.008499999999999952,0.00749999999999984,-0.0014166666666666217,0.9989321766907936,0.001067823309206406,-3.75
0.44999999999999996,0.44975,8,6,two-2g,baseline2_matched_0.200,0.2,0.026249999999999885,0.005499999999999838,-0.004374999999999907,1.0011522800722124,-0.0011522800722123527,-23.0
0.44999999999999996,0.44975,8,6,two-2g,baseline2_matched_0.350,0.35,0.06274999999999986,0.06299999999999994,-0.010458333333333236,1.004439980337197,-0.004439980337197058,-55.75
0.44999999999999996,0.44975,8,6,two-2g,baseline2_matched_0.500,0.5,0.11024999999999996,0.10549999999999993,-0.01837499999999992,1.003377138392032,-0.0033771383920320197,-77.75
0.44999999999999996,0.44975,8,6,two-2g,baseline2_matched_0.650,0.65,0.12724999999999986,0.127,-0.021208333333333274,1.0042549905908855,-0.004254990590885521,-102.75
0.44999999999999996,0.44975,8,6,two-2g,baseline2_matched_0.800,0.8,0.16574999999999984,0.16449999999999987,-0.0276249999999999,1.0061001331156307,-0.006100133115630735,-107.0
0.44999999999999996,0.44975,8,6,two-2g,baseline2_matched_0.950,0.95,0.2979999999999998,0.2939999999999998,-0.04966666666666664,1.0047164460413003,-0.004716446041300282,-165.58333333333337
0.44999999999999996,0.44975,8,6,two-g,baseline2_all_hdv_yield,1.0,0.34924999999999984,0.33599999999999985,-0.058208333333333195,1.0049025679158043,-0.004902567915804346,-193.75
0.44999999999999996,0.44975,8,6,two-g,baseline2_matched_0.050,0.05,-0.017000000000000126,-0.02100000000000013,0.0028333333333334654,1.000229595597017,-0.00022959559701707377,5.0
0.44999999999999996,0.44975,8,6,two-g,baseline2_matched_0.200,0.2,0.03849999999999998,0.034499999999999975,-0.006416666666666626,1.0011828475333526,-0.0011828475333526267,-32.5
0.44999999999999996,0.44975,8,6,two-g,baseline2_matched_0.350,0.35,0.05824999999999991,0.05149999999999988,-0.009708333333333208,1.001562336902782,-0.0015623369027819578,-40.25
0.44999999999999996,0.44975,8,6,two-g,baseline2_matched_0.500,0.5,0.10949999999999993,0.11049999999999982,-0.018249999999999877,1.0042423107551501,-0.004242310755150136,-70.5
0.44999999999999996,0.44975,8,6,two-g,baseline2_matched_0.650,0.65,0.12874999999999992,0.129,-0.021458333333333246,1.0046956148825952,-0.004695614882595178,-101.25
0.44999999999999996,0.44975,8,6,two-g,baseline2_matched_0.800,0.8,0.20099999999999985,0.19399999999999995,-0.03349999999999986,1.0068364692906846,-0.006836469290684599,-134.0
0.44999999999999996,0.44975,8,6,two-g,baseline2_matched_0.950,0.95,0.29925,0.2839999999999998,-0.04987499999999989,1.0052938314184139,-0.005293831418413886,-166.58333333333337
0.44999999999999996,0.44975,8,7,one,baseline2_all_hdv_yield,1.0,0.4315,0.4315,-0.07191666666666663,1.0032805899633503,-0.0032805899633503444,-212.83333333333337
0.44999999999999996,0.44975,8,7,one,baseline2_matched_0.050,0.05,0.07499999999999996,0.07499999999999996,-0.012499999999999956,0.9989586433955301,0.0010413566044699119,-42.5
0.44999999999999996,0.44975,8,7,one,baseline2_matched_0.200,0.2,0.08099999999999996,0.08099999999999996,-0.013499999999999956,0.9996745195148086,0.0003254804851914317,-49.0
0.44999999999999996,0.44975,8,7,one,baseline2_matched_0.350,0.35,0.12850000000000006,0.12850000000000006,-0.02141666666666664,1.0011870198653945,-0.0011870198653944897,-64.0
0.44999999999999996,0.44975,8,7,one,baseline2_matched_0.500,0.5,0.13349999999999995,0.13349999999999995,-0.022249999999999992,1.001236328236327,-0.0012363282363270223,-72.5
0.44999999999999996,0.44975,8,7,one,baseline2_matched_0.650,0.65,0.252,0.252,-0.041999999999999926,1.0012394948289574,-0.0012394948289573549,-118.5
0.44999999999999996,0.44975,8,7,one,baseline2_matched_0.800,0.8,0.27,0.27,-0.04499999999999993,1.002041547504773,-0.0020415475047730336,-151.0
0.44999999999999996,0.44975,8,7,one,baseline2_matched_0.950,0.95,0.387,0.387,-0.06449999999999989,1.0023914559902456,-0.0023914559902455945,-198.5
0.44999999999999996,0.44975,8,7,two-2g,baseline2_all_hdv_yield,1.0,0.3992500000000001,0.39849999999999985,-0.06654166666666672,1.0026231305921507,-0.002623130592150691,-190.08333333333337
0.44999999999999996,0.44975,8,7,two-2g,baseline2_matched_0.050,0.05,0.00550000000000006,0.010999999999999899,-0.0009166666666666767,1.0014909759281878,-0.0014909759281878099,-7.0
0.44999999999999996,0.44975,8,7,two-2g,baseline2_matched_0.200,0.2,0.020000000000000018,0.012499999999999956,-0.0033333333333334103,1.0005077830256481,-0.0005077830256481342,-9.25
0.44999999999999996,0.44975,8,7,two-2g,baseline2_matched_0.350,0.35,0.09175,0.09149999999999991,-0.015291666666666703,1.0022074865283535,-0.002207486528353453,-43.75
0.44999999999999996,0.44975,8,7,two-2g,baseline2_matched_0.500,0.5,0.09875000000000012,0.10299999999999998,-0.016458333333333353,1.004406823173106,-0.004406823173106034,-60.0
0.44999999999999996,0.44975,8,7,two-2g,baseline2_matched_0.650,0.65,0.15225,0.14100000000000001,-0.025375000000000036,1.0037346841614476,-0.003734684161447621,-79.75
0.44999999999999996,0.44975,8,7,two-2g,baseline2_matched_0.800,0.8,0.17400000000000015,0.18199999999999994,-0.029000000000000026,1.001754488831376,-0.0017544888313760776,-87.5
0.44999999999999996,0.44975,8,7,two-2g,baseline2_matched_0.950,0.95,0.2822500000000001,0.28949999999999987,-0.04704166666666665,1.0058215071353345,-0.005821507135334469,-142.41666666666663
0.44999999999999996,0.44975,8,7,two-g,baseline2_all_hdv_yield,1.0,0.3992500000000001,0.39849999999999985,-0.06654166666666672,1.0026231305921507,-0.002623130592150691,-190.08333333333337
0.44999999999999996,0.44975,8,7,two-g,baseline2_matched_0.050,0.05,-0.003249999999999975,0.0044999999999999485,0.0005416666666666625,1.0013660110462606,-0.0013660110462605513,0.5
0.44999999999999996,0.44975,8,7,two-g,baseline2_matched_0.200,0.2,0.003750000000000142,0.006999999999999895,-0.0006250000000000977,1.000200351305259,-0.0002003513052590833,-0.75
0.44999999999999996,0.44975,8,7,two-g,baseline2_matched_0.350,0.35,0.07200000000000006,0.07699999999999996,-0.01200000000000001,1.0012326698950744,-0.001232669895074423,-22.75
0.44999999999999996,0.44975,8,7,two-g,baseline2_matched_0.500,0.5,0.08600000000000008,0.09099999999999997,-0.014333333333333309,1.0020399611431672,-0.0020399611431671794,-44.0
0.44999999999999996,0.44975,8,7,two-g,baseline2_matched_0.650,0.65,0.17125000000000012,0.17199999999999993,-0.028541666666666687,1.0039015303896708,-0.003901530389670782,-79.0
0.44999999999999996,0.44975,8,7,two-g,baseline2_matched_0.800,0.8,0.24275000000000002,0.24849999999999994,-0.040458333333333374,1.0050751136286196,-0.005075113628619565,-122.0
0.44999999999999996,0.44975,8,7,two-g,baseline2_matched_0.950,0.95,0.28325,0.2889999999999999,-0.0472083333333333,1.0058353166603302,-0.005835316660330214,-142.25
0.44999999999999996,0.44975,8,8,one,baseline2_all_hdv_yield,1.0,0.5030000000000001,0.5030000000000001,-0.08383333333333332,1.0038301892089891,-0.003830189208989143,-217.33333333333337
0.44999999999999996,0.44975,8,8,one,baseline2_matched_0.050,0.05,0.02450000000000019,0.02450000000000019,-0.004083333333333439,1.001440283374223,-0.0014402833742230836,2.5
0.44999999999999996,0.44975,8,8,one,baseline2_matched_0.200,0.2,0.05449999999999999,0.05449999999999999,-0.009083333333333332,1.0008225985691808,-0.0008225985691807658,-10.0
0.44999999999999996,0.44975,8,8,one,baseline2_matched_0.350,0.35,0.10650000000000004,0.10650000000000004,-0.017750000000000044,1.0012276711924288,-0.0012276711924288364,-21.5
0.44999999999999996,0.44975,8,8,one,baseline2_matched_0.500,0.5,0.13250000000000006,0.13250000000000006,-0.022083333333333344,1.0014581708740762,-0.0014581708740761812,-51.0
0.44999999999999996,0.44975,8,8,one,baseline2_matched_0.650,0.65,0.1845000000000001,0.1845000000000001,-0.030750000000000055,1.0017115393846514,-0.001711539384651406,-76.5
0.44999999999999996,0.44975,8,8,one,baseline2_matched_0.800,0.8,0.22450000000000014,0.22450000000000014,-0.037416666666666765,1.0022443151714067,-0.0022443151714066634,-109.5
0.44999999999999996,0.44975,8,8,one,baseline2_matched_0.950,0.95,0.4555,0.4555,-0.07591666666666674,1.0051563548626343,-0.005156354862634327,-212.33333333333337
0.44999999999999996,0.44975,8,8,two-2g,baseline2_all_hdv_yield,1.0,0.45524999999999993,0.45199999999999996,-0.07587500000000003,1.0069093837613967,-0.006909383761396715,-213.66666666666663
0.44999999999999996,0.44975,8,8,two-2g,baseline2_matched_0.050,0.05,0.04699999999999993,0.0475000000000001,-0.007833333333333359,1.000130412722304,-0.00013041272230407408,-17.0
0.44999999999999996,0.44975,8,8,two-2g,baseline2_matched_0.200,0.2,0.06374999999999997,0.052999999999999936,-0.010625000000000107,1.002000793796882,-0.0020007937968820055,-31.5
0.44999999999999996,0.44975,8,8,two-2g,baseline2_matched_0.350,0.35,0.06374999999999997,0.0625,-0.010624999999999996,1.0024146730614159,-0.0024146730614158507,-45.75
0.44999999999999996,0.44975,8,8,two-2g,baseline2_matched_0.500,0.5,0.14300000000000002,0.11850000000000005,-0.023833333333333373,1.0040160778962397,-0.0040160778962397,-74.0
0.44999999999999996,0.44975,8,8,two-2g,baseline2_matched_0.650,0.65,0.2037500000000001,0.1995,-0.03395833333333331,1.0033119397601857,-0.0033119397601857337,-92.25
0.44999999999999996,0.44975,8,8,two-2g,baseline2_matched_0.800,0.8,0.27725,0.26900000000000013,-0.04620833333333341,1.0050075315611222,-0.005007531561122214,-144.20000000000005
0.44999999999999996,0.44975,8,8,two-2g,baseline2_matched_0.950,0.95,0.38025,0.37650000000000006,-0.06337500000000007,1.0016421588105446,-0.001642158810544636,-180.0
0.44999999999999996,0.44975,8,8,two-g,baseline2_all_hdv_yield,1.0,0.45524999999999993,0.45199999999999996,-0.07587500000000003,1.0069093837613967,-0.006909383761396715,-213.66666666666663
0.44999999999999996,0.44975,8,8,two-g,baseline2_matched_0.050,0.05,-0.009749999999999925,-0.01649999999999996,0.0016249999999999876,0.9993925393507889,0.0006074606492111334,7.0
0.44999999999999996,0.44975,8,8,two-g,baseline2_matched_0.200,0.2,0.05774999999999997,0.05800000000000005,-0.009624999999999995,1.0010385471479335,-0.0010385471479334996,-32.5
0.44999999999999996,0.44975,8,8,two-g,baseline2_matched_0.350,0.35,0.11775000000000002,0.11499999999999999,-0.019625000000000004,1.0024355028712302,-0.0024355028712301774,-61.25
0.44999999999999996,0.44975,8,8,two-g,baseline2_matched_0.500,0.5,0.14650000000000007,0.139,-0.024416666666666753,1.0021914318388625,-0.002191431838862501,-66.5
0.44999999999999996,0.44975,8,8,two-g,baseline2_matched_0.650,0.65,0.19724999999999993,0.19850000000000012,-0.03287499999999999,1.003580689588966,-0.0035806895889660684,-104.5
0.44999999999999996,0.44975,8,8,two-g,baseline2_matched_0.800,0.8,0.278,0.27649999999999997,-0.04633333333333334,1.0034312583446563,-0.003431258344656296,-143.20000000000005
0.44999999999999996,0.44975,8,8,two-g,baseline2_matched_0.950,0.95,0.4059999999999999,0.40549999999999997,-0.06766666666666676,1.005369789123078,-0.00536978912307795,-196.16666666666663
0.44999999999999996,0.44975,8,9,one,baseline2_all_hdv_yield,1.0,0.3859999999999999,0.3859999999999999,-0.06433333333333324,1.0032127352645142,-0.003212735264514155,-174.66666666666663
0.44999999999999996,0.44975,8,9,one,baseline2_matched_0.050,0.05,-0.0045000000000001705,-0.0045000000000001705,0.0007500000000000284,0.999106895745383,0.0008931042546169721,17.5
0.44999999999999996,0.44975,8,9,one,baseline2_matched_0.200,0.2,0.0044999999999999485,0.0044999999999999485,-0.0007500000000000284,0.9997214273852907,0.00027857261470931594,-12.0
0.44999999999999996,0.44975,8,9,one,baseline2_matched_0.350,0.35,0.06699999999999995,0.06699999999999995,-0.011166666666666658,1.0001784852924755,-0.00017848529247554978,-33.5
0.44999999999999996,0.44975,8,9,one,baseline2_matched_0.500,0.5,0.08199999999999985,0.08199999999999985,-0.013666666666666605,0.9999536841962584,4.6315803741592276e-05,-52.0
0.44999999999999996,0.44975,8,9,one,baseline2_matched_0.650,0.65,0.10999999999999988,0.10999999999999988,-0.018333333333333313,0.9999399024205109,6.009757948910455e-05,-56.5
0.44999999999999996,0.44975,8,9,one,baseline2_matched_0.800,0.8,0.15649999999999986,0.15649999999999986,-0.026083333333333347,1.001657879843253,-0.0016578798432529407,-79.5
0.44999999999999996,0.44975,8,9,one,baseline2_matched_0.950,0.95,0.25649999999999995,0.25649999999999995,-0.042749999999999955,1.0008411401821233,-0.0008411401821233344,-130.33333333333337
0.44999999999999996,0.44975,8,9,two-2g,baseline2_all_hdv_yield,1.0,0.4029999999999998,0.4115,-0.06716666666666671,1.0033835695562383,-0.0033835695562383084,-204.16666666666663
0.44999999999999996,0.44975,8,9,two-2g,baseline2_matched_0.050,0.05,0.02874999999999983,0.03950000000000009,-0.0047916666666666385,0.9990464424140951,0.0009535575859048739,-2.0
0.44999999999999996,0.44975,8,9,two-2g,baseline2_matched_0.200,0.2,0.04349999999999987,0.05600000000000005,-0.00725000000000009,1.0009291421711837,-0.0009291421711836723,-19.75
0.44999999999999996,0.44975,8,9,two-2g,baseline2_matched_0.350,0.35,0.06374999999999997,0.07200000000000006,-0.010624999999999996,1.0009194212190284,-0.0009194212190284379,-30.25
0.44999999999999996,0.44975,8,9,two-2g,baseline2_matched_0.500,0.5,0.13474999999999993,0.13850000000000007,-0.022458333333333358,1.002356539657528,-0.002356539657528023,-55.5
0.44999999999999996,0.44975,8,9,two-2g,baseline2_matched_0.650,0.65,0.15374999999999983,0.1665000000000001,-0.02562500000000001,1.0016048613803523,-0.0016048613803523182,-85.0
0.44999999999999996,0.44975,8,9,two-2g,baseline2_matched_0.800,0.8,0.2217499999999999,0.22550000000000003,-0.036958333333333315,1.0030175644041317,-0.0030175644041317007,-100.75
0.44999999999999996,0.44975,8,9,two-2g,baseline2_matched_0.950,0.95,0.33099999999999996,0.3400000000000001,-0.0551666666666667,1.0033442336103016,-0.0033442336103015613,-163.33333333333337
0.44999999999999996,0.44975,8,9,two-g,baseline2_all_hdv_yield,1.0,0.4029999999999998,0.4115,-0.06716666666666671,1.0033835695562383,-0.0033835695562383084,-204.16666666666663
0.44999999999999996,0.44975,8,9,two-g,baseline2_matched_0.050,0.05,0.02849999999999997,0.03849999999999998,-0.004750000000000032,0.9988002536490268,0.0011997463509731965,3.5
0.44999999999999996,0.44975,8,9,two-g,baseline2_matched_0.200,0.2,0.041999999999999815,0.0495000000000001,-0.007000000000000006,1.0005866481591792,-0.0005866481591791928,-12.75
0.44999999999999996,0.44975,8,9,two-g,baseline2_matched_0.350,0.35,0.07849999999999979,0.08099999999999996,-0.013083333333333447,1.0022527741449796,-0.002252774144979597,-30.75
0.44999999999999996,0.44975,8,9,two-g,baseline2_matched_0.500,0.5,0.1369999999999998,0.13650000000000007,-0.022833333333333372,1.0019534592460366,-0.0019534592460366262,-49.25
0.44999999999999996,0.44975,8,9,two-g,baseline2_matched_0.650,0.65,0.17874999999999996,0.16749999999999998,-0.02979166666666666,1.0020705628092195,-0.0020705628092194672,-84.25
0.44999999999999996,0.44975,8,9,two-g,baseline2_matched_0.800,0.8,0.22024999999999983,0.23150000000000004,-0.036708333333333454,1.0030218597085756,-0.0030218597085756027,-95.75
0.44999999999999996,0.44975,8,9,two-g,baseline2_matched_0.950,0.95,0.3952499999999999,0.40600000000000014,-0.06587500000000002,1.0017845859609114,-0.0017845859609113557,-180.83333333333337
0.49999999999999994,0.49975,9,0,one,baseline2_all_hdv_yield,1.0,0.48550000000000004,0.48550000000000004,-0.08091666666666675,1.0026157057292475,-0.0026157057292475194,-366.5
0.49999999999999994,0.49975,9,0,one,baseline2_matched_0.050,0.05,0.01750000000000007,0.01750000000000007,-0.0029166666666666785,1.0001868538954302,-0.0001868538954301613,-13.0
0.49999999999999994,0.49975,9,0,one,baseline2_matched_0.200,0.2,0.10699999999999998,0.10699999999999998,-0.017833333333333368,1.0009096376054551,-0.0009096376054551492,-121.0
0.49999999999999994,0.49975,9,0,one,baseline2_matched_0.350,0.35,0.10000000000000009,0.10000000000000009,-0.01666666666666672,1.0004836803897685,-0.0004836803897685371,-116.5
0.49999999999999994,0.49975,9,0,one,baseline2_matched_0.500,0.5,0.15050000000000008,0.15050000000000008,-0.025083333333333346,1.000963628677767,-0.0009636286777670033,-136.5
0.49999999999999994,0.49975,9,0,one,baseline2_matched_0.650,0.65,0.21199999999999997,0.21199999999999997,-0.03533333333333333,1.0013502744214426,-0.0013502744214426432,-202.0
0.49999999999999994,0.49975,9,0,one,baseline2_matched_0.800,0.8,0.2835000000000001,0.2835000000000001,-0.047250000000000014,1.0002823957008171,-0.0002823957008171174,-240.0
0.49999999999999994,0.49975,9,0,one,baseline2_matched_0.950,0.95,0.37650000000000006,0.37650000000000006,-0.06275000000000008,1.0009979640140787,-0.0009979640140787005,-310.0
0.49999999999999994,0.49975,9,0,two-2g,baseline2_all_hdv_yield,1.0,0.4005000000000001,0.405,-0.06674999999999986,1.0036696690174727,-0.0036696690174726765,-277.25
0.49999999999999994,0.49975,9,0,two-2g,baseline2_matched_0.050,0.05,0.008750000000000036,0.024499999999999966,-0.0014583333333333393,1.0003631313579109,-0.00036313135791088413,4.75
0.49999999999999994,0.49975,9,0,two-2g,baseline2_matched_0.200,0.2,0.020000000000000018,0.03600000000000003,-0.0033333333333331883,1.0016022112657383,-0.0016022112657383403,-26.0
0.49999999999999994,0.49975,9,0,two-2g,baseline2_matched_0.350,0.35,0.05425000000000013,0.05800000000000005,-0.009041666666666615,1.0012428158271485,-0.001242815827148469,-57.25
0.49999999999999994,0.49975,9,0,two-2g,baseline2_matched_0.500,0.5,0.10099999999999998,0.11650000000000005,-0.016833333333333256,1.0021932337021775,-0.0021932337021774995,-92.25
0.49999999999999994,0.49975,9,0,two-2g,baseline2_matched_0.650,0.65,0.13624999999999998,0.14600000000000013,-0.02270833333333333,1.0032206115152,-0.0032206115152000336,-117.25
0.49999999999999994,0.49975,9,0,two-2g,baseline2_matched_0.800,0.8,0.21350000000000002,0.21799999999999997,-0.0355833333333333,1.003475899335405,-0.0034758993354049306,-177.75
0.49999999999999994,0.49975,9,0,two-2g,baseline2_matched_0.950,0.95,0.3115000000000001,0.32600000000000007,-0.05191666666666661,1.003778757861619,-0.0037787578616190753,-239.0
0.49999999999999994,0.49975,9,0,two-g,baseline2_all_hdv_yield,1.0,0.4005000000000001,0.405,-0.06674999999999986,1.0036696690174727,-0.0036696690174726765,-277.25
0.49999999999999994,0.49975,9,0,two-g,baseline2_matched_0.050,0.05,0.010250000000000092,0.026499999999999968,-0.0017083333333332007,1.0006483065326783,-0.0006483065326783333,3.5
0.49999999999999994,0.49975,9,0,two-g,baseline2_matched_0.200,0.2,0.020750000000000046,0.03400000000000003,-0.003458333333333341,1.0006059661137168,-0.0006059661137167716,-24.25
0.49999999999999994,0.49975,9,0,two-g,baseline2_matched_0.350,0.35,0.055749999999999966,0.06899999999999995,-0.009291666666666587,1.0029424100564963,-0.002942410056496314,-65.5
0.49999999999999994,0.49975,9,0,two-g,baseline2_matched_0.500,0.5,0.10200000000000009,0.11350000000000016,-0.016999999999999904,1.002128726828584,-0.0021287268285838934,-95.0
0.49999999999999994,0.49975,9,0,two-g,baseline2_matched_0.650,0.65,0.15100000000000002,0.16800000000000015,-0.02516666666666656,1.0026450308786194,-0.0026450308786194476,-131.0
0.49999999999999994,0.49975,9,0,two-g,baseline2_matched_0.800,0.8,0.19474999999999998,0.19999999999999996,-0.032458333333333256,1.0037767653713148,-0.003776765371314772,-179.25
0.49999999999999994,0.49975,9,0,two-g,baseline2_matched_0.950,0.95,0.3087500000000001,0.3235000000000001,-0.05145833333333327,1.0041874674352356,-0.00418746743523557,-229.5
0.49999999999999994,0.49975,9,1,one,baseline2_all_hdv_yield,1.0,0.38749999999999996,0.38749999999999996,-0.06458333333333333,1.002396509280625,-0.00239650928062507,-262.0
0.49999999999999994,0.49975,9,1,one,baseline2_matched_0.050,0.05,0.022499999999999964,0.022499999999999964,-0.00374999999999992,1.0012420628697876,-0.0012420628697875635,-7.0
0.49999999999999994,0.49975,9,1,one,baseline2_matched_0.200,0.2,0.03400000000000003,0.03400000000000003,-0.005666666666666598,1.000445549606597,-0.0004455496065969289,-23.0
0.49999999999999994,0.49975,9,1,one,baseline2_matched_0.350,0.35,0.08950000000000014,0.08950000000000014,-0.01491666666666669,1.001592777615983,-0.0015927776159829765,-48.5
0.49999999999999994,0.49975,9,1,one,baseline2_matched_0.500,0.5,0.10499999999999998,0.10499999999999998,-0.01749999999999996,1.0024876104851,-0.0024876104850999337,-94.5
0.49999999999999994,0.49975,9,1,one,baseline2_matched_0.650,0.65,0.1625000000000001,0.1625000000000001,-0.027083333333333348,1.0022036037246946,-0.002203603724694636,-134.5
0.49999999999999994,0.49975,9,1,one,baseline2_matched_0.800,0.8,0.22100000000000009,0.22100000000000009,-0.036833333333333274,1.0026372056323443,-0.002637205632344264,-160.5
0.49999999999999994,0.49975,9,1,one,baseline2_matched_0.950,0.95,0.32299999999999995,0.32299999999999995,-0.05383333333333329,1.004011688832138,-0.004011688832137983,-223.5
0.49999999999999994,0.49975,9,1,two-2g,baseline2_all_hdv_yield,1.0,0.36749999999999994,0.36750000000000016,-0.06125000000000003,1.005234137944958,-0.005234137944958084,-265.0
0.49999999999999994,0.49975,9,1,two-2g,baseline2_matched_0.050,0.05,0.02949999999999986,0.02950000000000008,-0.00491666666666668,0.9999317069620508,6.829303794919639e-05,-12.25
0.49999999999999994,0.49975,9,1,two-2g,baseline2_matched_0.200,0.2,0.03624999999999989,0.0365000000000002,-0.006041666666666723,1.0035838890243118,-0.003583889024311837,-28.0
0.49999999999999994,0.49975,9,1,two-2g,baseline2_matched_0.350,0.35,0.06199999999999983,0.0605,-0.010333333333333306,1.0039597499776918,-0.003959749977691773,-82.25
0.49999999999999994,0.49975,9,1,two-2g,baseline2_matched_0.500,0.5,0.11649999999999983,0.11750000000000016,-0.01941666666666675,1.003567438876486,-0.0035674388764859177,-102.0
0.49999999999999994,0.49975,9,1,two-2g,baseline2_matched_0.650,0.65,0.1279999999999999,0.13350000000000017,-0.021333333333333426,1.003482446446045,-0.0034824464460450066,-122.5
0.49999999999999994,0.49975,9,1,two-2g,baseline2_matched_0.800,0.8,0.2317499999999999,0.23150000000000004,-0.03862500000000013,1.0028369027661663,-0.002836902766166327,-179.5
0.49999999999999994,0.49975,9,1,two-2g,baseline2_matched_0.950,0.95,0.29200000000000004,0.2835000000000001,-0.048666666666666636,1.005060165169455,-0.0050601651694550664,-251.25
0.49999999999999994,0.49975,9,1,two-g,baseline2_all_hdv_yield,1.0,0.36749999999999994,0.36750000000000016,-0.06125000000000003,1.005234137944958,-0.005234137944958084,-265.0
0.49999999999999994,0.49975,9,1,two-g,baseline2_matched_0.050,0.05,0.029249999999999998,0.03300000000000014,-0.004875000000000074,1.0012659136486857,-0.0012659136486856681,-11.25
0.49999999999999994,0.49975,9,1,two-g,baseline2_matched_0.200,0.2,0.03925000000000001,0.038000000000000034,-0.006541666666666668,1.0019849845044586,-0.001984984504458609,-32.25
0.49999999999999994,0.49975,9,1,two-g,baseline2_matched_0.350,0.35,0.10349999999999993,0.1060000000000001,-0.017249999999999988,1.0038351276456703,-0.0038351276456702887,-91.25
0.49999999999999994,0.49975,9,1,two-g,baseline2_matched_0.500,0.5,0.07850000000000001,0.07000000000000006,-0.013083333333333336,1.0031404827669734,-0.003140482766973429,-79.25
0.49999999999999994,0.49975,9,1,two-g,baseline2_matched_0.650,0.65,0.12449999999999983,0.13000000000000012,-0.020750000000000046,1.003689319517205,-0.0036893195172049698,-120.75
0.49999999999999994,0.49975,9,1,two-g,baseline2_matched_0.800,0.8,0.19474999999999998,0.19000000000000017,-0.03245833333333348,1.0062323628244598,-0.006232362824459825,-160.25
0.49999999999999994,0.49975,9,1,two-g,baseline2_matched_0.950,0.95,0.28949999999999987,0.28100000000000014,-0.048250000000000126,1.004623239273384,-0.004623239273384039,-235.0
0.49999999999999994,0.49975,9,2,one,baseline2_all_hdv_yield,1.0,0.42900000000000005,0.42900000000000005,-0.07150000000000001,1.0030882932042855,-0.003088293204285497,-367.0
0.49999999999999994,0.49975,9,2,one,baseline2_matched_0.050,0.05,0.013000000000000012,0.013000000000000012,-0.002166666666666761,1.000373115833536,-0.00037311583353605293,-32.0
0.49999999999999994,0.49975,9,2,one,baseline2_matched_0.200,0.2,0.05249999999999999,0.05249999999999999,-0.008750000000000036,1.0007905671933528,-0.000790567193352798,-108.0
0.49999999999999994,0.49975,9,2,one,baseline2_matched_0.350,0.35,0.09399999999999986,0.09399999999999986,-0.015666666666666718,1.001247372559647,-0.0012473725596469087,-126.5
0.49999999999999994,0.49975,9,2,one,baseline2_matched_0.500,0.5,0.17599999999999993,0.17599999999999993,-0.029333333333333322,1.0023042019866806,-0.0023042019866805763,-216.5
0.49999999999999994,0.49975,9,2,one,baseline2_matched_0.650,0.65,0.21299999999999986,0.21299999999999986,-0.035499999999999976,1.0028202874386754,-0.0028202874386753507,-220.0
0.49999999999999994,0.49975,9,2,one,baseline2_matched_0.800,0.8,0.25550000000000006,0.25550000000000006,-0.04258333333333342,1.0023617385404489,-0.0023617385404488545,-249.5
0.49999999999999994,0.49975,9,2,one,baseline2_matched_0.950,0.95,0.32099999999999995,0.32099999999999995,-0.05349999999999999,1.0012314316962647,-0.0012314316962647176,-309.0
0.49999999999999994,0.49975,9,2,two-2g,baseline2_all_hdv_yield,1.0,0.41600000000000015,0.4175000000000002,-0.06933333333333325,1.0042365276801837,-0.004236527680183677,-295.75
0.49999999999999994,0.49975,9,2,two-2g,baseline2_matched_0.050,0.05,0.026499999999999968,0.023500000000000076,-0.004416666666666624,0.9998601099555684,0.0001398900444316009,-13.75
0.49999999999999994,0.49975,9,2,two-2g,baseline2_matched_0.200,0.2,0.046499999999999986,0.04300000000000015,-0.007749999999999924,1.0008724459176879,-0.0008724459176878696,-51.75
0.49999999999999994,0.49975,9,2,two-2g,baseline2_matched_0.350,0.35,0.0847500000000001,0.06800000000000006,-0.014124999999999943,1.000467212835237,-0.0004672128352369853,-91.75
0.49999999999999994,0.49975,9,2,two-2g,baseline2_matched_0.500,0.5,0.12725000000000009,0.12950000000000017,-0.021208333333333274,1.001490749957499,-0.0014907499574989824,-117.75
0.49999999999999994,0.49975,9,2,two-2g,baseline2_matched_0.650,0.65,0.16549999999999998,0.16300000000000003,-0.027583333333333293,1.0018561566927817,-0.0018561566927817186,-155.75
0.49999999999999994,0.49975,9,2,two-2g,baseline2_matched_0.800,0.8,0.2582500000000001,0.25950000000000006,-0.043041666666666645,1.0022048861451862,-0.0022048861451862134,-204.0
0.49999999999999994,0.49975,9,2,two-2g,baseline2_matched_0.950,0.95,0.3310000000000002,0.3360000000000001,-0.055166666666666586,1.0040968865504194,-0.0040968865504193985,-254.0
0.49999999999999994,0.49975,9,2,two-g,baseline2_all_hdv_yield,1.0,0.41600000000000015,0.4175000000000002,-0.06933333333333325,1.0042365276801837,-0.004236527680183677,-295.75
0.49999999999999994,0.49975,9,2,two-g,baseline2_matched_0.050,0.05,0.03249999999999997,0.03300000000000014,-0.005416666666666625,0.999601985442972,0.0003980145570280369,-15.5
0.49999999999999994,0.49975,9,2,two-g,baseline2_matched_0.200,0.2,0.049000000000000155,0.0535000000000001,-0.008166666666666655,1.0016836588266005,-0.001683658826600487,-64.5
0.49999999999999994,0.49975,9,2,two-g,baseline2_matched_0.350,0.35,0.08125000000000004,0.08400000000000007,-0.013541666666666563,1.00125428102118,-0.0012542810211799704,-95.25
0.49999999999999994,0.49975,9,2,two-g,baseline2_matched_0.500,0.5,0.11125000000000007,0.11150000000000015,-0.018541666666666567,1.001616949695093,-0.0016169496950930728,-110.0
0.49999999999999994,0.49975,9,2,two-g,baseline2_matched_0.650,0.65,0.12200000000000011,0.11900000000000022,-0.020333333333333314,1.0016249149645264,-0.001624914964526436,-110.75
0.49999999999999994,0.49975,9,2,two-g,baseline2_matched_0.800,0.8,0.23725000000000018,0.2430000000000001,-0.039541666666666586,1.0035978126374472,-0.003597812637447184,-185.0
0.49999999999999994,0.49975,9,2,two-g,baseline2_matched_0.950,0.95,0.34950000000000014,0.3530000000000002,-0.05824999999999991,1.0021267269388665,-0.0021267269388665078,-265.25
0.49999999999999994,0.49975,9,3,one,baseline2_all_hdv_yield,1.0,0.4315,0.4315,-0.07191666666666674,1.0024221614215532,-0.0024221614215531595,-291.0
0.49999999999999994,0.49975,9,3,one,baseline2_matched_0.050,0.05,0.02200000000000002,0.02200000000000002,-0.003666666666666707,1.000079586369741,-7.958636974092492e-05,-17.0
0.49999999999999994,0.49975,9,3,one,baseline2_matched_0.200,0.2,0.025000000000000133,0.025000000000000133,-0.004166666666666763,1.0001524576395338,-0.00015245763953375402,-20.5
0.49999999999999994,0.49975,9,3,one,baseline2_matched_0.350,0.35,0.08500000000000019,0.08500000000000019,-0.014166666666666772,1.000411859463404,-0.00041185946340394075,-80.0
0.49999999999999994,0.49975,9,3,one,baseline2_matched_0.500,0.5,0.13250000000000006,0.13250000000000006,-0.022083333333333344,1.001009752066075,-0.0010097520660750092,-120.0
0.49999999999999994,0.49975,9,3,one,baseline2_matched_0.650,0.65,0.15050000000000008,0.15050000000000008,-0.025083333333333346,1.00215952640141,-0.002159526401410039,-129.5
0.49999999999999994,0.49975,9,3,one,baseline2_matched_0.800,0.8,0.2570000000000001,0.2570000000000001,-0.04283333333333339,1.0032100664819792,-0.00321006648197919,-202.0
0.49999999999999994,0.49975,9,3,one,baseline2_matched_0.950,0.95,0.3900000000000001,0.3900000000000001,-0.06500000000000006,1.003853721247248,-0.003853721247248032,-270.5
0.49999999999999994,0.49975,9,3,two-2g,baseline2_all_hdv_yield,1.0,0.43625,0.4405000000000001,-0.07270833333333337,1.0067516690929177,-0.006751669092917689,-323.75
0.49999999999999994,0.49975,9,3,two-2g,baseline2_matched_0.050,0.05,0.007749999999999924,0.0045000000000001705,-0.001291666666666691,0.9986580656961365,0.0013419343038635345,-8.0
0.49999999999999994,0.49975,9,3,two-2g,baseline2_matched_0.200,0.2,0.03474999999999984,0.02400000000000002,-0.005791666666666639,1.0000633691199055,-6.336911990545424e-05,-35.5
0.49999999999999994,0.49975,9,3,two-2g,baseline2_matched_0.350,0.35,0.09175,0.07950000000000013,-0.015291666666666703,1.0003285253980954,-0.0003285253980953584,-75.5
0.49999999999999994,0.49975,9,3,two-2g,baseline2_matched_0.500,0.5,0.12175000000000002,0.1280000000000001,-0.020291666666666597,1.0007273780939676,-0.0007273780939676122,-91.75
0.49999999999999994,0.49975,9,3,two-2g,baseline2_matched_0.650,0.65,0.17399999999999993,0.17600000000000016,-0.029000000000000026,1.0000400095227642,-4.00095227641728e-05,-135.0
0.49999999999999994,0.49975,9,3,two-2g,baseline2_matched_0.800,0.8,0.24249999999999994,0.24350000000000005,-0.040416666666666656,1.0030233282853411,-0.0030233282853411314,-183.0
0.49999999999999994,0.49975,9,3,two-2g,baseline2_matched_0.950,0.95,0.32624999999999993,0.3250000000000002,-0.05437499999999995,1.001976619528326,-0.0019766195283259513,-243.25
0.49999999999999994,0.49975,9,3,two-g,baseline2_all_hdv_yield,1.0,0.43625,0.4405000000000001,-0.07270833333333337,1.0067516690929177,-0.006751669092917689,-323.75
0.49999999999999994,0.49975,9,3,two-g,baseline2_matched_0.050,0.05,0.006000000000000005,0.01100000000000012,-0.0009999999999998899,0.998129244177871,0.0018707558221290332,-4.5
0.49999999999999994,0.49975,9,3,two-g,baseline2_matched_0.200,0.2,0.04849999999999999,0.052000000000000046,-0.008083333333333331,0.9991545813885664,0.0008454186114336126,-40.75
0.49999999999999994,0.49975,9,3,two-g,baseline2_matched_0.350,0.35,0.044499999999999984,0.0515000000000001,-0.007416666666666627,1.0002114789060375,-0.00021147890603745445,-37.0
0.49999999999999994,0.49975,9,3,two-g,baseline2_matched_0.500,0.5,0.11775000000000002,0.11650000000000005,-0.019625000000000004,1.001869761796721,-0.0018697617967209368,-92.75
0.49999999999999994,0.49975,9,3,two-g,baseline2_matched_0.650,0.65,0.16549999999999998,0.1515000000000002,-0.027583333333333293,1.0011396501328793,-0.0011396501328793107,-128.0
0.49999999999999994,0.49975,9,3,two-g,baseline2_matched_0.800,0.8,0.21950000000000003,0.22250000000000014,-0.0365833333333333,1.0018126053356315,-0.0018126053356315452,-179.0
0.49999999999999994,0.49975,9,3,two-g,baseline2_matched_0.950,0.95,0.347,0.3530000000000002,-0.0578333333333334,1.0032005133147224,-0.003200513314722375,-257.5
0.49999999999999994,0.49975,9,4,one,baseline2_all_hdv_yield,1.0,0.4465000000000001,0.4465000000000001,-0.07441666666666669,1.0032476187444817,-0.0032476187444816507,-286.0
0.49999999999999994,0.49975,9,4,one,baseline2_matched_0.050,0.05,-0.03299999999999992,-0.03299999999999992,0.005499999999999949,0.9999017756964758,9.822430352424139e-05,72.5
0.49999999999999994,0.49975,9,4,one,baseline2_matched_0.200,0.2,-0.012499999999999956,-0.012499999999999956,0.002083333333333326,1.0000469984642204,-4.6998464220404657e-05,4.5
0.49999999999999994,0.49975,9,4,one,baseline2_matched_0.350,0.35,0.03600000000000003,0.03600000000000003,-0.006000000000000005,1.0001191125098483,-0.00011911250984830701,-39.0
0.49999999999999994,0.49975,9,4,one,baseline2_matched_0.500,0.5,0.10150000000000015,0.10150000000000015,-0.01691666666666669,1.000170338349157,-0.0001703383491569177,-89.5
0.49999999999999994,0.49975,9,4,one,baseline2_matched_0.650,0.65,0.17149999999999999,0.17149999999999999,-0.028583333333333405,1.0027368523661382,-0.002736852366138187,-131.5
0.49999999999999994,0.49975,9,4,one,baseline2_matched_0.800,0.8,0.20800000000000018,0.20800000000000018,-0.034666666666666734,1.0015840223125858,-0.0015840223125858088,-159.0
0.49999999999999994,0.49975,9,4,one,baseline2_matched_0.950,0.95,0.3640000000000001,0.3640000000000001,-0.06066666666666676,1.004840841814611,-0.004840841814611085,-258.0
0.49999999999999994,0.49975,9,4,two-2g,baseline2_all_hdv_yield,1.0,0.37324999999999986,0.37450000000000006,-0.06220833333333342,1.0068900276348554,-0.006890027634855356,-262.25
0.49999999999999994,0.49975,9,4,two-2g,baseline2_matched_0.050,0.05,0.0017499999999999183,-0.0040000000000000036,-0.0002916666666668011,1.0014676967201928,-0.001467696720192757,1.75
0.49999999999999994,0.49975,9,4,two-2g,baseline2_matched_0.200,0.2,0.053999999999999826,0.05300000000000016,-0.009000000000000119,1.0013862272196845,-0.0013862272196845105,-33.0
0.49999999999999994,0.49975,9,4,two-2g,baseline2_matched_0.350,0.35,0.06499999999999995,0.06400000000000006,-0.010833333333333472,1.001716091496978,-0.001716091496978045,-56.0
0.49999999999999994,0.49975,9,4,two-2g,baseline2_matched_0.500,0.5,0.0774999999999999,0.07750000000000012,-0.012916666666666687,1.0041893261500674,-0.004189326150067396,-72.75
0.49999999999999994,0.49975,9,4,two-2g,baseline2_matched_0.650,0.65,0.13524999999999987,0.13250000000000006,-0.022541666666666682,1.0031279803636108,-0.0031279803636108383,-125.75
0.49999999999999994,0.49975,9,4,two-2g,baseline2_matched_0.800,0.8,0.24324999999999997,0.2230000000000001,-0.0405416666666667,1.0054118669421204,-0.005411866942120369,-190.25
0.49999999999999994,0.49975,9,4,two-2g,baseline2_matched_0.950,0.95,0.29674999999999985,0.2955000000000001,-0.04945833333333338,1.0071770394531632,-0.00717703945316317,-230.0
0.49999999999999994,0.49975,9,4,two-g,baseline2_all_hdv_yield,1.0,0.39349999999999996,0.391,-0.06558333333333333,1.0050266322360852,-0.005026632236085238,-293.5
0.49999999999999994,0.49975,9,4,two-g,baseline2_matched_0.050,0.05,-0.00825000000000009,-0.010000000000000009,0.001375000000000015,1.00214800999051,-0.0021480099905100136,5.75
0.49999999999999994,0.49975,9,4,two-g,baseline2_matched_0.200,0.2,0.028750000000000053,0.030000000000000027,-0.0047916666666666385,1.0008713061623935,-0.0008713061623935037,-32.25
0.49999999999999994,0.49975,9,4,two-g,baseline2_matched_0.350,0.35,0.07050000000000001,0.0734999999999999,-0.011749999999999927,1.0025905110052504,-0.0025905110052504288,-81.0
0.49999999999999994,0.49975,9,4,two-g,baseline2_matched_0.500,0.5,0.10075000000000012,0.10199999999999987,-0.016791666666666538,1.0036057482799225,-0.0036057482799225493,-99.0
0.49999999999999994,0.49975,9,4,two-g,baseline2_matched_0.650,0.65,0.12224999999999997,0.11549999999999994,-0.020375000000000032,1.0037095878540054,-0.003709587854005436,-112.75
0.49999999999999994,0.49975,9,4,two-g,baseline2_matched_0.800,0.8,0.20999999999999996,0.2124999999999999,-0.03499999999999992,1.0031530376188118,-0.0031530376188118048,-166.75
0.49999999999999994,0.49975,9,4,two-g,baseline2_matched_0.950,0.95,0.3235000000000001,0.32399999999999984,-0.05391666666666661,1.0036849352932524,-0.0036849352932524226,-238.5
0.49999999999999994,0.49975,9,5,one,baseline2_all_hdv_yield,1.0,0.42799999999999994,0.42799999999999994,-0.07133333333333336,1.0007888954146895,-0.0007888954146895166,-320.0
0.49999999999999994,0.49975,9,5,one,baseline2_matched_0.050,0.05,0.0050000000000000044,0.0050000000000000044,-0.0008333333333333526,0.9992695136661092,0.0007304863338908341,0.0
0.49999999999999994,0.49975,9,5,one,baseline2_matched_0.200,0.2,0.026000000000000023,0.026000000000000023,-0.0043333333333333,0.9991064653384355,0.000893534661564499,-36.0
0.49999999999999994,0.49975,9,5,one,baseline2_matched_0.350,0.35,0.10949999999999993,0.10949999999999993,-0.01824999999999999,0.9996532737544136,0.00034672624558640397,-123.5
0.49999999999999994,0.49975,9,5,one,baseline2_matched_0.500,0.5,0.11699999999999999,0.11699999999999999,-0.019499999999999962,1.000509277474699,-0.000509277474699088,-126.0
0.49999999999999994,0.49975,9,5,one,baseline2_matched_0.650,0.65,0.21300000000000008,0.21300000000000008,-0.035499999999999976,1.0024661059560611,-0.0024661059560611154,-184.5
0.49999999999999994,0.49975,9,5,one,baseline2_matched_0.800,0.8,0.2629999999999999,0.2629999999999999,-0.04383333333333328,1.0005893103428571,-0.0005893103428571411,-214.5
0.49999999999999994,0.49975,9,5,one,baseline2_matched_0.950,0.95,0.32800000000000007,0.32800000000000007,-0.05466666666666664,1.0018091902090485,-0.0018091902090484613,-247.5
0.49999999999999994,0.49975,9,5,two-2g,baseline2_all_hdv_yield,1.0,0.38975000000000004,0.3875000000000002,-0.06495833333333334,1.003227316828769,-0.003227316828769089,-264.0
0.49999999999999994,0.49975,9,5,two-2g,baseline2_matched_0.050,0.05,-0.010749999999999926,-0.030999999999999917,0.0017916666666666359,0.9986882967640338,0.0013117032359661884,12.333333333333371
0.49999999999999994,0.49975,9,5,two-2g,baseline2_matched_0.200,0.2,0.02124999999999999,0.012500000000000178,-0.003541666666666776,0.9987802501928522,0.0012197498071477852,-14.25
0.49999999999999994,0.49975,9,5,two-2g,baseline2_matched_0.350,0.35,0.04974999999999996,0.049000000000000155,-0.008291666666666697,0.99974029369428,0.00025970630572003106,-38.5
0.49999999999999994,0.49975,9,5,two-2g,baseline2_matched_0.500,0.5,0.09024999999999994,0.08650000000000002,-0.01504166666666662,1.0005452589806179,-0.0005452589806178576,-84.5
0.49999999999999994,0.49975,9,5,two-2g,baseline2_matched_0.650,0.65,0.16349999999999998,0.1575000000000002,-0.027249999999999996,1.0017794231090391,-0.0017794231090391133,-143.0
0.49999999999999994,0.49975,9,5,two-2g,baseline2_matched_0.800,0.8,0.1832499999999999,0.17950000000000021,-0.03054166666666669,1.0024002330149577,-0.002400233014957731,-170.75
0.49999999999999994,0.49975,9,5,two-2g,baseline2_matched_0.950,0.95,0.33925000000000005,0.3365,-0.05654166666666671,1.001200365030259,-0.0012003650302589985,-239.75
0.49999999999999994,0.49975,9,5,two-g,baseline2_all_hdv_yield,1.0,0.38975000000000004,0.3875000000000002,-0.06495833333333334,1.003227316828769,-0.003227316828769089,-264.0
0.49999999999999994,0.49975,9,5,two-g,baseline2_matched_0.050,0.05,-0.0017499999999999183,-0.006999999999999895,0.00029166666666669006,0.9987449599580089,0.0012550400419910623,5.5
0.49999999999999994,0.49975,9,5,two-g,baseline2_matched_0.200,0.2,0.04499999999999993,0.037000000000000144,-0.007500000000000062,0.9996157837812037,0.0003842162187962517,-34.25
0.49999999999999994,0.49975,9,5,two-g,baseline2_matched_0.350,0.35,0.08050000000000002,0.07800000000000007,-0.013416666666666632,0.9997646489267783,0.00023535107322170123,-82.25
0.49999999999999994,0.49975,9,5,two-g,baseline2_matched_0.500,0.5,0.13175000000000003,0.11850000000000005,-0.021958333333333302,0.9996090736661275,0.00039092633387249887,-125.0
0.49999999999999994,0.49975,9,5,two-g,baseline2_matched_0.650,0.65,0.14300000000000002,0.14250000000000007,-0.023833333333333373,1.0012577737925752,-0.0012577737925751897,-116.75
0.49999999999999994,0.49975,9,5,two-g,baseline2_matched_0.800,0.8,0.19900000000000007,0.19400000000000017,-0.03316666666666668,1.004210969994352,-0.0042109699943519985,-184.25
0.49999999999999994,0.49975,9,5,two-g,baseline2_matched_0.950,0.95,0.30899999999999994,0.30800000000000005,-0.05149999999999999,1.0029464860867003,-0.0029464860867003395,-212.0
0.49999999999999994,0.49975,9,6,one,baseline2_all_hdv_yield,1.0,0.3624999999999998,0.3624999999999998,-0.060416666666666674,1.0035148059426886,-0.0035148059426886036,-284.0
0.49999999999999994,0.49975,9,6,one,baseline2_matched_0.050,0.05,-0.03950000000000009,-0.03950000000000009,0.0065833333333333854,1.000411939935921,-0.00041193993592103517,6.5
0.49999999999999994,0.49975,9,6,one,baseline2_matched_0.200,0.2,0.024499999999999966,0.024499999999999966,-0.004083333333333328,1.0003049102244728,-0.0003049102244727653,-40.0
0.49999999999999994,0.49975,9,6,one,baseline2_matched_0.350,0.35,0.026000000000000023,0.026000000000000023,-0.0043333333333333,1.0007168501603962,-0.0007168501603962429,-43.0
0.49999999999999994,0.49975,9,6,one,baseline2_matched_0.500,0.5,0.0674999999999999,0.0674999999999999,-0.011249999999999982,1.0014110498469706,-0.0014110498469706023,-63.5
0.49999999999999994,0.49975,9,6,one,baseline2_matched_0.650,0.65,0.12849999999999984,0.12849999999999984,-0.02141666666666664,1.0024808491488393,-0.0024808491488392814,-130.0
0.49999999999999994,0.49975,9,6,one,baseline2_matched_0.800,0.8,0.20999999999999996,0.20999999999999996,-0.03500000000000003,1.0056760593950198,-0.005676059395019806,-183.0
0.49999999999999994,0.49975,9,6,one,baseline2_matched_0.950,0.95,0.3034999999999999,0.3034999999999999,-0.050583333333333313,1.0037462888069804,-0.003746288806980358,-230.5
0.49999999999999994,0.49975,9,6,two-2g,baseline2_all_hdv_yield,1.0,0.34525000000000006,0.363,-0.05754166666666671,1.0053370959905694,-0.005337095990569418,-239.91666666666663
0.49999999999999994,0.49975,9,6,two-2g,baseline2_matched_0.050,0.05,0.006750000000000034,0.014000000000000012,-0.0011250000000000426,0.9999793415582124,2.0658441787557713e-05,2.5833333333333712
0.49999999999999994,0.49975,9,6,two-2g,baseline2_matched_0.200,0.2,0.04149999999999987,0.06149999999999989,-0.006916666666666682,1.0028419046784658,-0.0028419046784657898,-24.16666666666663
0.49999999999999994,0.49975,9,6,two-2g,baseline2_matched_0.350,0.35,0.04574999999999996,0.05049999999999999,-0.007625000000000104,1.0026208842410427,-0.002620884241042676,-33.16666666666663
0.49999999999999994,0.49975,9,6,two-2g,baseline2_matched_0.500,0.5,0.07725000000000004,0.09399999999999986,-0.01287500000000008,1.00274209702598,-0.0027420970259799393,-61.41666666666663
0.49999999999999994,0.49975,9,6,two-2g,baseline2_matched_0.650,0.65,0.13424999999999998,0.1439999999999999,-0.022375000000000034,1.0025616467814649,-0.002561646781464866,-112.91666666666663
0.49999999999999994,0.49975,9,6,two-2g,baseline2_matched_0.800,0.8,0.19799999999999995,0.20899999999999985,-0.03300000000000003,1.0037588408174958,-0.003758840817495779,-158.66666666666663
0.49999999999999994,0.49975,9,6,two-2g,baseline2_matched_0.950,0.95,0.29075000000000006,0.30600000000000005,-0.04845833333333338,1.0039763766984737,-0.003976376698473727,-211.66666666666663
0.49999999999999994,0.49975,9,6,two-g,baseline2_all_hdv_yield,1.0,0.355,0.3619999999999999,-0.05916666666666659,1.0055321970583224,-0.005532197058322419,-274.25
0.49999999999999994,0.49975,9,6,two-g,baseline2_matched_0.050,0.05,0.004250000000000087,0.0044999999999999485,-0.0007083333333333108,0.9994748071720944,0.0005251928279056406,-1.5
0.49999999999999994,0.49975,9,6,two-g,baseline2_matched_0.200,0.2,0.022250000000000103,0.024499999999999966,-0.0037083333333333135,1.0003586743436088,-0.00035867434360881134,-33.75
0.49999999999999994,0.49975,9,6,two-g,baseline2_matched_0.350,0.35,0.07424999999999993,0.07450000000000001,-0.012375000000000025,1.0023651100714568,-0.0023651100714567885,-77.75
0.49999999999999994,0.49975,9,6,two-g,baseline2_matched_0.500,0.5,0.08224999999999993,0.09099999999999997,-0.013708333333333322,1.002816128746417,-0.0028161287464170126,-83.0
0.49999999999999994,0.49975,9,6,two-g,baseline2_matched_0.650,0.65,0.14575000000000005,0.15049999999999986,-0.0242916666666666,1.0034102686896462,-0.003410268689646223,-128.5
0.49999999999999994,0.49975,9,6,two-g,baseline2_matched_0.800,0.8,0.18025000000000002,0.18999999999999995,-0.030041666666666633,1.0021667315483078,-0.002166731548307821,-162.25
0.49999999999999994,0.49975,9,6,two-g,baseline2_matched_0.950,0.95,0.25525,0.264,-0.0425416666666667,1.0040616571401826,-0.004061657140182584,-192.0
0.49999999999999994,0.49975,9,7,one,baseline2_all_hdv_yield,1.0,0.3554999999999999,0.3554999999999999,-0.059250000000000025,1.0044440409958943,-0.004444040995894349,-253.0
0.49999999999999994,0.49975,9,7,one,baseline2_matched_0.050,0.05,-0.007000000000000117,-0.007000000000000117,0.0011666666666666492,1.0006622911842868,-0.0006622911842868451,3.0
0.49999999999999994,0.49975,9,7,one,baseline2_matched_0.200,0.2,0.047499999999999876,0.047499999999999876,-0.007916666666666683,1.0000009948046282,-9.948046282293177e-07,-25.0
0.49999999999999994,0.49975,9,7,one,baseline2_matched_0.350,0.35,0.07699999999999996,0.07699999999999996,-0.012833333333333363,1.0013245823685761,-0.0013245823685761327,-44.0
0.49999999999999994,0.49975,9,7,one,baseline2_matched_0.500,0.5,0.11549999999999994,0.11549999999999994,-0.01924999999999999,1.0023974791650578,-0.0023974791650578364,-62.0
0.49999999999999994,0.49975,9,7,one,baseline2_matched_0.650,0.65,0.13649999999999984,0.13649999999999984,-0.022749999999999937,1.0041008333975785,-0.004100833397578496,-87.0
0.49999999999999994,0.49975,9,7,one,baseline2_matched_0.800,0.8,0.248,0.248,-0.04133333333333333,1.0020915767404706,-0.0020915767404705576,-162.0
0.49999999999999994,0.49975,9,7,one,baseline2_matched_0.950,0.95,0.31299999999999994,0.31299999999999994,-0.052166666666666694,1.0030411177624812,-0.0030411177624811714,-230.5
0.49999999999999994,0.49975,9,7,two-2g,baseline2_all_hdv_yield,1.0,0.32025000000000003,0.3285,-0.05337499999999995,1.0055837241334673,-0.005583724133467305,-247.75
0.49999999999999994,0.49975,9,7,two-2g,baseline2_matched_0.050,0.05,0.04125000000000012,0.04400000000000004,-0.0068749999999999645,1.0005439888116485,-0.0005439888116485214,-12.0
0.49999999999999994,0.49975,9,7,two-2g,baseline2_matched_0.200,0.2,0.05674999999999997,0.06349999999999989,-0.009458333333333235,1.0009085558789235,-0.0009085558789234671,-31.0
0.49999999999999994,0.49975,9,7,two-2g,baseline2_matched_0.350,0.35,0.06399999999999995,0.0734999999999999,-0.010666666666666602,1.001555817955363,-0.0015558179553629703,-39.75
0.49999999999999994,0.49975,9,7,two-2g,baseline2_matched_0.500,0.5,0.11050000000000015,0.11949999999999994,-0.018416666666666526,1.0024506870160594,-0.0024506870160594385,-81.25
0.49999999999999994,0.49975,9,7,two-2g,baseline2_matched_0.650,0.65,0.18800000000000006,0.1895,-0.03133333333333321,1.0042133003522495,-0.004213300352249538,-157.75
0.49999999999999994,0.49975,9,7,two-2g,baseline2_matched_0.800,0.8,0.2025,0.2104999999999999,-0.03374999999999995,1.0035672825320108,-0.0035672825320107737,-151.5
0.49999999999999994,0.49975,9,7,two-2g,baseline2_matched_0.950,0.95,0.3175,0.32600000000000007,-0.05291666666666661,1.006124975581471,-0.0061249755814709594,-237.75
0.49999999999999994,0.49975,9,7,two-g,baseline2_all_hdv_yield,1.0,0.32025000000000003,0.3285,-0.05337499999999995,1.0055837241334673,-0.005583724133467305,-247.75
0.49999999999999994,0.49975,9,7,two-g,baseline2_matched_0.050,0.05,0.051750000000000074,0.06149999999999989,-0.008624999999999883,0.9994283887006593,0.0005716112993406908,-23.0
0.49999999999999994,0.49975,9,7,two-g,baseline2_matched_0.200,0.2,0.05225000000000002,0.059499999999999886,-0.008708333333333318,1.0004954628197567,-0.0004954628197566535,-24.75
0.49999999999999994,0.49975,9,7,two-g,baseline2_matched_0.350,0.35,0.04949999999999999,0.059499999999999886,-0.008249999999999869,1.0030446949270413,-0.0030446949270412915,-29.25
0.49999999999999994,0.49975,9,7,two-g,baseline2_matched_0.500,0.5,0.12300000000000011,0.131,-0.020499999999999963,1.0039124392025307,-0.003912439202530704,-87.0
0.49999999999999994,0.49975,9,7,two-g,baseline2_matched_0.650,0.65,0.14125,0.133,-0.023541666666666572,1.0040517958971866,-0.0040517958971866275,-110.0
0.49999999999999994,0.49975,9,7,two-g,baseline2_matched_0.800,0.8,0.23250000000000004,0.23849999999999993,-0.03874999999999984,1.0040236757070176,-0.00402367570701756,-178.5
0.49999999999999994,0.49975,9,7,two-g,baseline2_matched_0.950,0.95,0.32925000000000015,0.3345,-0.054874999999999896,1.0042065813687577,-0.004206581368757734,-246.25
0.49999999999999994,0.49975,9,8,one,baseline2_all_hdv_yield,1.0,0.47099999999999986,0.47099999999999986,-0.07850000000000001,1.0067236254277978,-0.006723625427797808,-309.5
0.49999999999999994,0.49975,9,8,one,baseline2_matched_0.050,0.05,0.0129999999999999,0.0129999999999999,-0.00216666666666665,1.00119861232692,-0.00119861232692009,-1.5
0.49999999999999994,0.49975,9,8,one,baseline2_matched_0.200,0.2,0.0694999999999999,0.0694999999999999,-0.011583333333333279,1.000428484622575,-0.0004284846225750538,-54.0
0.49999999999999994,0.49975,9,8,one,baseline2_matched_0.350,0.35,0.050999999999999934,0.050999999999999934,-0.008499999999999952,1.0009652101341338,-0.0009652101341337538,-44.5
0.49999999999999994,0.49975,9,8,one,baseline2_matched_0.500,0.5,0.14700000000000002,0.14700000000000002,-0.024499999999999966,1.0015039262827268,-0.0015039262827267752,-120.5
0.49999999999999994,0.49975,9,8,one,baseline2_matched_0.650,0.65,0.21750000000000003,0.21750000000000003,-0.036250000000000004,1.0016502381050723,-0.0016502381050722548,-163.0
0.49999999999999994,0.49975,9,8,one,baseline2_matched_0.800,0.8,0.26449999999999996,0.26449999999999996,-0.04408333333333336,1.0027537975133953,-0.0027537975133953285,-212.0
0.49999999999999994,0.49975,9,8,one,baseline2_matched_0.950,0.95,0.3959999999999999,0.3959999999999999,-0.06599999999999995,1.002604499735493,-0.0026044997354930377,-265.0
0.49999999999999994,0.49975,9,8,two-2g,baseline2_all_hdv_yield,1.0,0.4132500000000001,0.41700000000000004,-0.06887500000000002,1.0092715258159461,-0.009271525815946147,-302.25
0.49999999999999994,0.49975,9,8,two-2g,baseline2_matched_0.050,0.05,0.013249999999999984,0.01749999999999985,-0.0022083333333333677,1.000292682853985,-0.0002926828539850934,-11.0
0.49999999999999994,0.49975,9,8,two-2g,baseline2_matched_0.200,0.2,0.016750000000000043,0.02200000000000002,-0.002791666666666748,0.9999960179203543,3.982079645692416e-06,-12.25
0.49999999999999994,0.49975,9,8,two-2g,baseline2_matched_0.350,0.35,0.07174999999999998,0.0665,-0.011958333333333293,1.0013979588357487,-0.0013979588357486694,-71.25
0.49999999999999994,0.49975,9,8,two-2g,baseline2_matched_0.500,0.5,0.15949999999999998,0.14700000000000002,-0.026583333333333403,1.002809854950261,-0.0028098549502610926,-122.25
0.49999999999999994,0.49975,9,8,two-2g,baseline2_matched_0.650,0.65,0.1845000000000001,0.18899999999999983,-0.030750000000000055,1.0047381770188721,-0.004738177018872136,-152.5
0.49999999999999994,0.49975,9,8,two-2g,baseline2_matched_0.800,0.8,0.24975000000000014,0.244,-0.04162500000000002,1.003537082245625,-0.0035370822456251005,-196.5
0.49999999999999994,0.49975,9,8,two-2g,baseline2_matched_0.950,0.95,0.30125,0.3045,-0.05020833333333341,1.0050831246682121,-0.005083124668212147,-236.75
0.49999999999999994,0.49975,9,8,two-g,baseline2_all_hdv_yield,1.0,0.4132500000000001,0.41700000000000004,-0.06887500000000002,1.0092715258159461,-0.009271525815946147,-302.25
0.49999999999999994,0.49975,9,8,two-g,baseline2_matched_0.050,0.05,0.008499999999999952,0.014000000000000012,-0.0014166666666667327,1.0014698851493558,-0.001469885149355754,-15.0
0.49999999999999994,0.49975,9,8,two-g,baseline2_matched_0.200,0.2,0.03475000000000006,0.038999999999999924,-0.0057916666666667505,1.0016119956167262,-0.0016119956167262028,-40.5
0.49999999999999994,0.49975,9,8,two-g,baseline2_matched_0.350,0.35,0.08299999999999996,0.08999999999999986,-0.013833333333333364,1.0024303129839935,-0.0024303129839935433,-84.5
0.49999999999999994,0.49975,9,8,two-g,baseline2_matched_0.500,0.5,0.11349999999999993,0.11050000000000004,-0.018916666666666693,1.0028541555863224,-0.0028541555863224044,-96.75
0.49999999999999994,0.49975,9,8,two-g,baseline2_matched_0.650,0.65,0.1915,0.1984999999999999,-0.031916666666666704,1.0042717759403246,-0.004271775940324574,-162.5
0.49999999999999994,0.49975,9,8,two-g,baseline2_matched_0.800,0.8,0.1937500000000001,0.19999999999999996,-0.03229166666666672,1.004692383102941,-0.004692383102941067,-181.25
0.49999999999999994,0.49975,9,8,two-g,baseline2_matched_0.950,0.95,0.33025000000000015,0.33499999999999996,-0.055041666666666655,1.0067546025996505,-0.00675460259965055,-258.75
0.49999999999999994,0.49975,9,9,one,baseline2_all_hdv_yield,1.0,0.4355,0.4355,-0.07258333333333333,1.001301136942302,-0.0013011369423019392,-287.0
0.49999999999999994,0.49975,9,9,one,baseline2_matched_0.050,0.05,0.009500000000000064,0.009500000000000064,-0.00158333333333327,0.9992694456381626,0.0007305543618374433,3.0
0.49999999999999994,0.49975,9,9,one,baseline2_matched_0.200,0.2,0.0694999999999999,0.0694999999999999,-0.011583333333333279,0.9996944638337087,0.0003055361662912537,-27.0
0.49999999999999994,0.49975,9,9,one,baseline2_matched_0.350,0.35,0.11450000000000005,0.11450000000000005,-0.01908333333333334,0.9996641586204668,0.00033584137953324156,-79.5
0.49999999999999994,0.49975,9,9,one,baseline2_matched_0.500,0.5,0.12949999999999995,0.12949999999999995,-0.021583333333333288,1.000457310635886,-0.0004573106358860546,-111.5
0.49999999999999994,0.49975,9,9,one,baseline2_matched_0.650,0.65,0.1419999999999999,0.1419999999999999,-0.023666666666666614,1.0019944307960584,-0.001994430796058433,-120.5
0.49999999999999994,0.49975,9,9,one,baseline2_matched_0.800,0.8,0.25150000000000006,0.25150000000000006,-0.0419166666666666,0.9999855926035396,1.4407396460414112e-05,-185.5
0.49999999999999994,0.49975,9,9,one,baseline2_matched_0.950,0.95,0.3454999999999999,0.3454999999999999,-0.05758333333333332,1.0021635935027597,-0.002163593502759742,-250.5
0.49999999999999994,0.49975,9,9,two-2g,baseline2_all_hdv_yield,1.0,0.34599999999999986,0.3480000000000001,-0.057666666666666755,1.0051935352410812,-0.005193535241081237,-264.25
0.49999999999999994,0.49975,9,9,two-2g,baseline2_matched_0.050,0.05,-0.007249999999999979,-0.0024999999999999467,0.0012083333333332558,1.0009472438688674,-0.0009472438688673535,16.25
0.49999999999999994,0.49975,9,9,two-2g,baseline2_matched_0.200,0.2,0.014249999999999874,0.012499999999999956,-0.002375000000000016,1.0025888013120505,-0.002588801312050526,-19.5
0.49999999999999994,0.49975,9,9,two-2g,baseline2_matched_0.350,0.35,0.040999999999999925,0.03200000000000003,-0.006833333333333469,1.0021633506492678,-0.002163350649267759,-44.25
0.49999999999999994,0.49975,9,9,two-2g,baseline2_matched_0.500,0.5,0.05499999999999994,0.05699999999999994,-0.009166666666666767,1.0026286328544989,-0.00262863285449888,-60.5
0.49999999999999994,0.49975,9,9,two-2g,baseline2_matched_0.650,0.65,0.14900000000000002,0.15300000000000002,-0.024833333333333374,1.0027986637513304,-0.0027986637513304213,-120.25
0.49999999999999994,0.49975,9,9,two-2g,baseline2_matched_0.800,0.8,0.22124999999999995,0.21750000000000003,-0.0368750000000001,1.0041828098514358,-0.00418280985143582,-184.0
0.49999999999999994,0.49975,9,9,two-2g,baseline2_matched_0.950,0.95,0.33099999999999996,0.3225,-0.0551666666666667,1.0036630082224738,-0.0036630082224737848,-244.25
0.49999999999999994,0.49975,9,9,two-g,baseline2_all_hdv_yield,1.0,0.34599999999999986,0.3480000000000001,-0.057666666666666755,1.0051935352410812,-0.005193535241081237,-264.25
0.49999999999999994,0.49975,9,9,two-g,baseline2_matched_0.050,0.05,-0.0020000000000000018,-0.02299999999999991,0.0003333333333332966,1.0002317697876268,-0.00023176978762684541,1.0
0.49999999999999994,0.49975,9,9,two-g,baseline2_matched_0.200,0.2,0.041999999999999815,0.04600000000000004,-0.007000000000000117,1.0028621452721078,-0.002862145272107819,-41.0
0.49999999999999994,0.49975,9,9,two-g,baseline2_matched_0.350,0.35,0.03249999999999997,0.030999999999999917,-0.005416666666666736,1.0022417689984637,-0.0022417689984637335,-40.5
0.49999999999999994,0.49975,9,9,two-g,baseline2_matched_0.500,0.5,0.07599999999999985,0.07499999999999996,-0.012666666666666715,1.003647324552636,-0.0036473245526360554,-75.25
0.49999999999999994,0.49975,9,9,two-g,baseline2_matched_0.650,0.65,0.14349999999999996,0.13949999999999996,-0.023916666666666808,1.0043685244181062,-0.004368524418106201,-126.25
0.49999999999999994,0.49975,9,9,two-g,baseline2_matched_0.800,0.8,0.17099999999999982,0.16749999999999998,-0.02849999999999997,1.0031688481489651,-0.00316884814896512,-148.0
0.49999999999999994,0.49975,9,9,two-g,baseline2_matched_0.950,0.95,0.27849999999999997,0.2815000000000001,-0.04641666666666677,1.0045900873729785,-0.004590087372978502,-209.0
0.5499999999999999,0.54975,10,0,one,baseline2_all_hdv_yield,1.0,0.4475000000000001,0.4475000000000001,-0.07458333333333333,1.0046991782312422,-0.004699178231242218,-419.0
0.5499999999999999,0.54975,10,0,one,baseline2_matched_0.050,0.05,0.0010000000000000009,0.0010000000000000009,-0.0001666666666666483,1.0007408552067631,-0.0007408552067631469,5.0
0.5499999999999999,0.54975,10,0,one,baseline2_matched_0.200,0.2,0.032500000000000084,0.032500000000000084,-0.005416666666666625,1.0007889555075016,-0.0007889555075015764,-18.0
0.5499999999999999,0.54975,10,0,one,baseline2_matched_0.350,0.35,0.09300000000000008,0.09300000000000008,-0.015499999999999958,1.0006029123902815,-0.0006029123902815403,-98.0
0.5499999999999999,0.54975,10,0,one,baseline2_matched_0.500,0.5,0.12650000000000006,0.12650000000000006,-0.021083333333333343,1.0010692641566226,-0.0010692641566225625,-181.0
0.5499999999999999,0.54975,10,0,one,baseline2_matched_0.650,0.65,0.16600000000000004,0.16600000000000004,-0.027666666666666617,1.0008782451462257,-0.0008782451462256979,-197.0
0.5499999999999999,0.54975,10,0,one,baseline2_matched_0.800,0.8,0.253,0.253,-0.042166666666666575,1.0020398397651828,-0.0020398397651828493,-282.5
0.5499999999999999,0.54975,10,0,one,baseline2_matched_0.950,0.95,0.3790000000000001,0.3790000000000001,-0.0631666666666666,1.0035751792496403,-0.003575179249640348,-362.0
0.5499999999999999,0.54975,10,0,two-2g,baseline2_all_hdv_yield,1.0,0.40025,0.3989999999999999,-0.06670833333333326,1.0044934972580575,-0.004493497258057477,-384.5
0.5499999999999999,0.54975,10,0,two-2g,baseline2_matched_0.050,0.05,0.005250000000000088,0.0034999999999999476,-0.0008749999999999591,1.0009314910326355,-0.0009314910326354564,-5.5
0.5499999999999999,0.54975,10,0,two-2g,baseline2_matched_0.200,0.2,0.05525000000000002,0.05449999999999999,-0.009208333333333263,1.0008164716590606,-0.0008164716590606247,-62.0
0.5499999999999999,0.54975,10,0,two-2g,baseline2_matched_0.350,0.35,0.07500000000000007,0.06599999999999995,-0.012499999999999956,1.0013307409736059,-0.0013307409736058595,-92.0
0.5499999999999999,0.54975,10,0,two-2g,baseline2_matched_0.500,0.5,0.10575000000000001,0.10599999999999998,-0.017625000000000002,1.0018375450884227,-0.0018375450884227096,-150.5
0.5499999999999999,0.54975,10,0,two-2g,baseline2_matched_0.650,0.65,0.15100000000000002,0.14800000000000002,-0.02516666666666656,1.0030106874011202,-0.0030106874011202045,-173.0
0.5499999999999999,0.54975,10,0,two-2g,baseline2_matched_0.800,0.8,0.20850000000000013,0.20200000000000007,-0.03475000000000006,1.0035479052926015,-0.0035479052926015164,-229.25
0.5499999999999999,0.54975,10,0,two-2g,baseline2_matched_0.950,0.95,0.3025,0.29500000000000004,-0.050416666666666554,1.0044332226824844,-0.004433222682484361,-327.0
0.5499999999999999,0.54975,10,0,two-g,baseline2_all_hdv_yield,1.0,0.40025,0.3989999999999999,-0.06670833333333326,1.0044934972580575,-0.004493497258057477,-384.5
0.5499999999999999,0.54975,10,0,two-g,baseline2_matched_0.050,0.05,0.017249999999999988,0.017000000000000015,-0.002874999999999961,1.0002308682137884,-0.00023086821378837108,-3.5
0.5499999999999999,0.54975,10,0,two-g,baseline2_matched_0.200,0.2,0.041750000000000065,0.02949999999999997,-0.006958333333333289,0.9993640755787875,0.0006359244212125192,-58.5
0.5499999999999999,0.54975,10,0,two-g,baseline2_matched_0.350,0.35,0.0695,0.05799999999999994,-0.011583333333333279,1.0009043951225143,-0.0009043951225142788,-77.0
0.5499999999999999,0.54975,10,0,two-g,baseline2_matched_0.500,0.5,0.09125000000000005,0.07699999999999996,-0.015208333333333268,1.0015408725214836,-0.001540872521483605,-113.5
0.5499999999999999,0.54975,10,0,two-g,baseline2_matched_0.650,0.65,0.14650000000000007,0.14349999999999996,-0.024416666666666642,1.0032042296162689,-0.003204229616268872,-168.0
0.5499999999999999,0.54975,10,0,two-g,baseline2_matched_0.800,0.8,0.20825000000000005,0.20600000000000007,-0.03470833333333334,1.0030333594891796,-0.003033359489179599,-232.25
0.5499999999999999,0.54975,10,0,two-g,baseline2_matched_0.950,0.95,0.33725000000000005,0.3315,-0.056208333333333305,1.0038611671922733,-0.0038611671922732516,-341.5
0.5499999999999999,0.54975,10,1,one,baseline2_all_hdv_yield,1.0,0.44300000000000006,0.44300000000000006,-0.0738333333333333,1.0032480867188323,-0.003248086718832255,-455.0
0.5499999999999999,0.54975,10,1,one,baseline2_matched_0.050,0.05,0.05700000000000005,0.05700000000000005,-0.009499999999999953,1.0002990495090007,-0.00029904950900072613,-100.0
0.5499999999999999,0.54975,10,1,one,baseline2_matched_0.200,0.2,0.028000000000000025,0.028000000000000025,-0.004666666666666708,1.0006810147783527,-0.0006810147783526954,-46.0
0.5499999999999999,0.54975,10,1,one,baseline2_matched_0.350,0.35,0.08499999999999996,0.08499999999999996,-0.01416666666666666,1.0011887356175695,-0.0011887356175694919,-121.0
0.5499999999999999,0.54975,10,1,one,baseline2_matched_0.500,0.5,0.13849999999999996,0.13849999999999996,-0.023083333333333345,1.0012572793127963,-0.001257279312796289,-188.0
0.5499999999999999,0.54975,10,1,one,baseline2_matched_0.650,0.65,0.19199999999999995,0.19199999999999995,-0.03200000000000003,1.0019645507485917,-0.001964550748591698,-257.0
0.5499999999999999,0.54975,10,1,one,baseline2_matched_0.800,0.8,0.19399999999999995,0.19399999999999995,-0.032333333333333325,1.0022265645513007,-0.0022265645513006582,-260.5
0.5499999999999999,0.54975,10,1,one,baseline2_matched_0.950,0.95,0.363,0.363,-0.0605,1.0031955734039417,-0.0031955734039417205,-397.5
0.5499999999999999,0.54975,10,1,two-2g,baseline2_all_hdv_yield,1.0,0.37949999999999995,0.381,-0.06325000000000003,1.0046329064875894,-0.0046329064875894055,-390.25
0.5499999999999999,0.54975,10,1,two-2g,baseline2_matched_0.050,0.05,0.009500000000000064,0.009000000000000008,-0.001583333333333381,0.9992883294037141,0.0007116705962858516,-14.0
0.5499999999999999,0.54975,10,1,two-2g,baseline2_matched_0.200,0.2,0.04700000000000004,0.046499999999999986,-0.007833333333333359,1.0004187110498546,-0.00041871104985458096,-76.5
0.5499999999999999,0.54975,10,1,two-2g,baseline2_matched_0.350,0.35,0.04975000000000007,0.05149999999999999,-0.008291666666666697,1.0013003534584555,-0.0013003534584554721,-82.5
0.5499999999999999,0.54975,10,1,two-2g,baseline2_matched_0.500,0.5,0.09625000000000006,0.09899999999999998,-0.016041666666666732,1.001209978202151,-0.001209978202151074,-138.0
0.5499999999999999,0.54975,10,1,two-2g,baseline2_matched_0.650,0.65,0.14450000000000007,0.14700000000000002,-0.024083333333333456,1.0026963333349015,-0.0026963333349014906,-214.0
0.5499999999999999,0.54975,10,1,two-2g,baseline2_matched_0.800,0.8,0.21150000000000002,0.21300000000000008,-0.035250000000000004,1.0038894525442856,-0.003889452544285632,-263.0
0.5499999999999999,0.54975,10,1,two-2g,baseline2_matched_0.950,0.95,0.33224999999999993,0.3325,-0.05537500000000006,1.0050096082439919,-0.005009608243991881,-350.0
0.5499999999999999,0.54975,10,1,two-g,baseline2_all_hdv_yield,1.0,0.37949999999999995,0.381,-0.06325000000000003,1.0046329064875894,-0.0046329064875894055,-390.25
0.5499999999999999,0.54975,10,1,two-g,baseline2_matched_0.050,0.05,-0.00649999999999995,-0.015000000000000013,0.001083333333333325,1.0003888623413495,-0.00038886234134949405,-21.0
0.5499999999999999,0.54975,10,1,two-g,baseline2_matched_0.200,0.2,0.03975000000000006,0.04249999999999998,-0.006625000000000103,1.000508257175369,-0.0005082571753689535,-68.0
0.5499999999999999,0.54975,10,1,two-g,baseline2_matched_0.350,0.35,0.05500000000000005,0.05499999999999994,-0.009166666666666767,1.0021772974592398,-0.00217729745923978,-75.0
0.5499999999999999,0.54975,10,1,two-g,baseline2_matched_0.500,0.5,0.11125000000000007,0.10550000000000004,-0.01854166666666679,1.0028209793306,-0.002820979330599993,-169.5
0.5499999999999999,0.54975,10,1,two-g,baseline2_matched_0.650,0.65,0.14575000000000005,0.138,-0.024291666666666822,1.0018732828355834,-0.001873282835583412,-206.0
0.5499999999999999,0.54975,10,1,two-g,baseline2_matched_0.800,0.8,0.23025000000000007,0.23249999999999993,-0.03837500000000005,1.0023749069646157,-0.0023749069646157306,-279.0
0.5499999999999999,0.54975,10,1,two-g,baseline2_matched_0.950,0.95,0.3027500000000001,0.30299999999999994,-0.05045833333333338,1.0041310059816266,-0.004131005981626634,-343.5
0.5499999999999999,0.54975,10,2,one,baseline2_all_hdv_yield,1.0,0.38949999999999996,0.38949999999999996,-0.06491666666666673,1.0025848313626942,-0.002584831362694162,-386.5
0.5499999999999999,0.54975,10,2,one,baseline2_matched_0.050,0.05,0.0,0.0,0.0,1.0001445537641882,-0.00014455376418820443,15.0
0.5499999999999999,0.54975,10,2,one,baseline2_matched_0.200,0.2,0.028000000000000025,0.028000000000000025,-0.004666666666666708,1.0000608065547247,-6.080655472473495e-05,-65.0
0.5499999999999999,0.54975,10,2,one,baseline2_matched_0.350,0.35,0.07800000000000007,0.07800000000000007,-0.013000000000000012,0.9997968508285312,0.00020314917146879719,-99.0
0.5499999999999999,0.54975,10,2,one,baseline2_matched_0.500,0.5,0.12050000000000005,0.12050000000000005,-0.020083333333333342,1.0013559861703807,-0.0013559861703806853,-132.0
0.5499999999999999,0.54975,10,2,one,baseline2_matched_0.650,0.65,0.15100000000000002,0.15100000000000002,-0.02516666666666667,1.000310942609395,-0.00031094260939501517,-149.0
0.5499999999999999,0.54975,10,2,one,baseline2_matched_0.800,0.8,0.21850000000000014,0.21850000000000014,-0.036416666666666764,1.00108097470696,-0.0010809747069600029,-235.5
0.5499999999999999,0.54975,10,2,one,baseline2_matched_0.950,0.95,0.32499999999999996,0.32499999999999996,-0.054166666666666696,1.0029643195428655,-0.002964319542865468,-316.5
0.5499999999999999,0.54975,10,2,two-2g,baseline2_all_hdv_yield,1.0,0.33325000000000005,0.3365,-0.0555416666666666,1.003729497584304,-0.0037294975843040756,-348.0
0.5499999999999999,0.54975,10,2,two-2g,baseline2_matched_0.050,0.05,0.008500000000000063,0.01100000000000001,-0.0014166666666666217,1.0004340613982468,-0.0004340613982467545,-9.5
0.5499999999999999,0.54975,10,2,two-2g,baseline2_matched_0.200,0.2,0.06125000000000003,0.0675,-0.010208333333333375,1.0017431618039228,-0.0017431618039227548,-45.0
0.5499999999999999,0.54975,10,2,two-2g,baseline2_matched_0.350,0.35,0.07850000000000001,0.062000000000000055,-0.013083333333333336,1.0025476554598218,-0.0025476554598218293,-78.5
0.5499999999999999,0.54975,10,2,two-2g,baseline2_matched_0.500,0.5,0.07650000000000001,0.07250000000000001,-0.012750000000000039,1.0020394522803588,-0.0020394522803588444,-138.0
0.5499999999999999,0.54975,10,2,two-2g,baseline2_matched_0.650,0.65,0.17075000000000007,0.16949999999999998,-0.028458333333333252,1.0026751903894557,-0.0026751903894557394,-186.5
0.5499999999999999,0.54975,10,2,two-2g,baseline2_matched_0.800,0.8,0.2197500000000001,0.22199999999999998,-0.03662499999999991,1.0032414897407704,-0.0032414897407704313,-235.75
0.5499999999999999,0.54975,10,2,two-2g,baseline2_matched_0.950,0.95,0.31575,0.32000000000000006,-0.05262499999999992,1.0037001728499426,-0.003700172849942618,-316.0
0.5499999999999999,0.54975,10,2,two-g,baseline2_all_hdv_yield,1.0,0.33325000000000005,0.3365,-0.0555416666666666,1.003729497584304,-0.0037294975843040756,-348.0
0.5499999999999999,0.54975,10,2,two-g,baseline2_matched_0.050,0.05,0.02024999999999999,0.019000000000000017,-0.003374999999999906,1.0003599196170314,-0.0003599196170314123,-24.5
0.5499999999999999,0.54975,10,2,two-g,baseline2_matched_0.200,0.2,0.041000000000000036,0.041000000000000036,-0.006833333333333247,1.001721306577373,-0.0017213065773729053,-58.0
0.5499999999999999,0.54975,10,2,two-g,baseline2_matched_0.350,0.35,0.08650000000000002,0.07950000000000002,-0.014416666666666633,1.0023880293114547,-0.0023880293114546536,-126.5
0.5499999999999999,0.54975,10,2,two-g,baseline2_matched_0.500,0.5,0.11975000000000002,0.11550000000000005,-0.0199583333333333,1.0020499649209786,-0.002049964920978642,-129.0
0.5499999999999999,0.54975,10,2,two-g,baseline2_matched_0.650,0.65,0.11675000000000002,0.11250000000000004,-0.019458333333333355,1.0024165241005054,-0.0024165241005054128,-148.5
0.5499999999999999,0.54975,10,2,two-g,baseline2_matched_0.800,0.8,0.21025000000000005,0.2044999999999999,-0.03504166666666664,1.0030843534283382,-0.003084353428338238,-233.5
0.5499999999999999,0.54975,10,2,two-g,baseline2_matched_0.950,0.95,0.34650000000000003,0.3365,-0.05774999999999997,1.0066177072705416,-0.006617707270541562,-368.5
0.5499999999999999,0.54975,10,3,one,baseline2_all_hdv_yield,1.0,0.4085000000000001,0.4085000000000001,-0.06808333333333338,1.0020257311545628,-0.0020257311545628376,-380.0
0.5499999999999999,0.54975,10,3,one,baseline2_matched_0.050,0.05,0.0014999999999999458,0.0014999999999999458,-0.00024999999999997247,1.0003511709754722,-0.00035117097547221476,15.0
0.5499999999999999,0.54975,10,3,one,baseline2_matched_0.200,0.2,0.03849999999999998,0.03849999999999998,-0.006416666666666626,1.0001390858272952,-0.00013908582729516006,-31.0
0.5499999999999999,0.54975,10,3,one,baseline2_matched_0.350,0.35,0.05049999999999999,0.05049999999999999,-0.008416666666666628,1.0011972994675513,-0.001197299467551316,-89.0
0.5499999999999999,0.54975,10,3,one,baseline2_matched_0.500,0.5,0.09599999999999997,0.09599999999999997,-0.016000000000000014,1.0005043589442995,-0.0005043589442994545,-133.0
0.5499999999999999,0.54975,10,3,one,baseline2_matched_0.650,0.65,0.14049999999999996,0.14049999999999996,-0.02341666666666664,1.0014527970906477,-0.0014527970906477172,-148.0
0.5499999999999999,0.54975,10,3,one,baseline2_matched_0.800,0.8,0.22249999999999992,0.22249999999999992,-0.03708333333333336,1.0035177930314427,-0.0035177930314427286,-244.5
0.5499999999999999,0.54975,10,3,one,baseline2_matched_0.950,0.95,0.3265,0.3265,-0.05441666666666667,1.0040630758374496,-0.004063075837449581,-345.0
0.5499999999999999,0.54975,10,3,two-2g,baseline2_all_hdv_yield,1.0,0.3597499999999999,0.35650000000000004,-0.059958333333333336,1.0036840402498621,-0.0036840402498621305,-370.5
0.5499999999999999,0.54975,10,3,two-2g,baseline2_matched_0.050,0.05,0.03649999999999998,0.03749999999999998,-0.0060833333333333295,0.9998440442317073,0.00015595576829274815,-44.5
0.5499999999999999,0.54975,10,3,two-2g,baseline2_matched_0.200,0.2,0.06274999999999997,0.04749999999999999,-0.010458333333333347,1.0016848200287,-0.0016848200287000736,-80.5
0.5499999999999999,0.54975,10,3,two-2g,baseline2_matched_0.350,0.35,0.06625000000000003,0.04849999999999999,-0.011041666666666727,1.0009857842445953,-0.000985784244595278,-87.0
0.5499999999999999,0.54975,10,3,two-2g,baseline2_matched_0.500,0.5,0.14100000000000001,0.139,-0.023499999999999965,1.0010325156716153,-0.0010325156716153305,-219.5
0.5499999999999999,0.54975,10,3,two-2g,baseline2_matched_0.650,0.65,0.15874999999999995,0.15200000000000002,-0.02645833333333336,1.0031464905804364,-0.0031464905804363674,-171.0
0.5499999999999999,0.54975,10,3,two-2g,baseline2_matched_0.800,0.8,0.18800000000000006,0.1884999999999999,-0.031333333333333324,1.0016599334699317,-0.0016599334699316515,-228.0
0.5499999999999999,0.54975,10,3,two-2g,baseline2_matched_0.950,0.95,0.31799999999999995,0.31800000000000006,-0.05300000000000005,1.0048791481054418,-0.004879148105441766,-337.5
0.5499999999999999,0.54975,10,3,two-g,baseline2_all_hdv_yield,1.0,0.3597499999999999,0.35650000000000004,-0.059958333333333336,1.0036840402498621,-0.0036840402498621305,-370.5
0.5499999999999999,0.54975,10,3,two-g,baseline2_matched_0.050,0.05,0.01649999999999996,0.0010000000000000009,-0.002749999999999919,1.0004172646353704,-0.0004172646353703957,-14.5
0.5499999999999999,0.54975,10,3,two-g,baseline2_matched_0.200,0.2,0.03849999999999998,0.02300000000000002,-0.006416666666666626,1.0007388542781384,-0.0007388542781383567,-33.5
0.5499999999999999,0.54975,10,3,two-g,baseline2_matched_0.350,0.35,0.07074999999999998,0.06999999999999995,-0.011791666666666645,1.0014088557436776,-0.0014088557436775506,-130.5
0.5499999999999999,0.54975,10,3,two-g,baseline2_matched_0.500,0.5,0.11175000000000002,0.10350000000000004,-0.018625000000000003,1.0026277440887503,-0.002627744088750328,-151.5
0.5499999999999999,0.54975,10,3,two-g,baseline2_matched_0.650,0.65,0.15600000000000003,0.15500000000000003,-0.025999999999999912,1.0033652157802897,-0.0033652157802896987,-169.0
0.5499999999999999,0.54975,10,3,two-g,baseline2_matched_0.800,0.8,0.23775000000000002,0.23649999999999993,-0.03962500000000002,1.0034921372300158,-0.003492137230015846,-275.5
0.5499999999999999,0.54975,10,3,two-g,baseline2_matched_0.950,0.95,0.3192499999999999,0.31400000000000006,-0.05320833333333341,1.0040954980215158,-0.004095498021515764,-342.25
0.5499999999999999,0.54975,10,4,one,baseline2_all_hdv_yield,1.0,0.4039999999999999,0.4039999999999999,-0.06733333333333336,1.0023096882611375,-0.0023096882611375325,-428.0
0.5499999999999999,0.54975,10,4,one,baseline2_matched_0.050,0.05,0.03749999999999998,0.03749999999999998,-0.006249999999999978,1.0001795380733964,-0.00017953807339643468,-89.0
0.5499999999999999,0.54975,10,4,one,baseline2_matched_0.200,0.2,0.05449999999999999,0.05449999999999999,-0.009083333333333332,0.999616064735352,0.0003839352646479721,-98.0
0.5499999999999999,0.54975,10,4,one,baseline2_matched_0.350,0.35,0.09699999999999998,0.09699999999999998,-0.016166666666666663,1.0001066179943563,-0.00010661799435629504,-172.0
0.5499999999999999,0.54975,10,4,one,baseline2_matched_0.500,0.5,0.13449999999999995,0.13449999999999995,-0.02241666666666664,1.000650756462959,-0.000650756462958979,-213.0
0.5499999999999999,0.54975,10,4,one,baseline2_matched_0.650,0.65,0.1944999999999999,0.1944999999999999,-0.03241666666666665,1.0029121075504868,-0.0029121075504867644,-266.0
0.5499999999999999,0.54975,10,4,one,baseline2_matched_0.800,0.8,0.21799999999999997,0.21799999999999997,-0.03633333333333333,1.0015523138038271,-0.0015523138038271433,-285.0
0.5499999999999999,0.54975,10,4,one,baseline2_matched_0.950,0.95,0.34650000000000003,0.34650000000000003,-0.05774999999999997,1.0025654609626244,-0.002565460962624444,-388.5
0.5499999999999999,0.54975,10,4,two-2g,baseline2_all_hdv_yield,1.0,0.3727499999999999,0.37650000000000006,-0.062124999999999986,1.0041182490654683,-0.004118249065468316,-370.25
0.5499999999999999,0.54975,10,4,two-2g,baseline2_matched_0.050,0.05,0.00924999999999998,0.016000000000000014,-0.0015416666666667744,0.9994940997657401,0.0005059002342598928,-20.0
0.5499999999999999,0.54975,10,4,two-2g,baseline2_matched_0.200,0.2,0.04299999999999993,0.04149999999999998,-0.0071666666666667656,1.0015713316565846,-0.0015713316565846291,-58.5
0.5499999999999999,0.54975,10,4,two-2g,baseline2_matched_0.350,0.35,0.06424999999999992,0.0695,-0.01070833333333332,1.0020432287603456,-0.0020432287603455723,-68.0
0.5499999999999999,0.54975,10,4,two-2g,baseline2_matched_0.500,0.5,0.12324999999999997,0.13149999999999995,-0.02054166666666668,1.0012564571391926,-0.001256457139192646,-140.0
0.5499999999999999,0.54975,10,4,two-2g,baseline2_matched_0.650,0.65,0.14825,0.15249999999999997,-0.024708333333333332,1.0027904682866926,-0.0027904682866926045,-178.0
0.5499999999999999,0.54975,10,4,two-2g,baseline2_matched_0.800,0.8,0.19274999999999998,0.19599999999999995,-0.03212500000000007,1.001931543681306,-0.0019315436813061027,-215.25
0.5499999999999999,0.54975,10,4,two-2g,baseline2_matched_0.950,0.95,0.2965,0.3025,-0.049416666666666664,1.005168752284155,-0.0051687522841550315,-309.25
0.5499999999999999,0.54975,10,4,two-g,baseline2_all_hdv_yield,1.0,0.3727499999999999,0.37650000000000006,-0.062124999999999986,1.0041182490654683,-0.004118249065468316,-370.25
0.5499999999999999,0.54975,10,4,two-g,baseline2_matched_0.050,0.05,0.004249999999999976,0.0035000000000000586,-0.0007083333333333108,1.0006150972793642,-0.0006150972793641518,-27.0
0.5499999999999999,0.54975,10,4,two-g,baseline2_matched_0.200,0.2,0.03474999999999995,0.041000000000000036,-0.005791666666666639,1.0010029541256313,-0.001002954125631339,-47.0
0.5499999999999999,0.54975,10,4,two-g,baseline2_matched_0.350,0.35,0.0635,0.07050000000000001,-0.010583333333333389,1.0016224745764417,-0.0016224745764417126,-99.0
0.5499999999999999,0.54975,10,4,two-g,baseline2_matched_0.500,0.5,0.07850000000000001,0.08599999999999997,-0.013083333333333336,1.0012586687249165,-0.001258668724916534,-101.0
0.5499999999999999,0.54975,10,4,two-g,baseline2_matched_0.650,0.65,0.14525,0.14900000000000002,-0.024208333333333387,1.0035415780880528,-0.003541578088052777,-180.0
0.5499999999999999,0.54975,10,4,two-g,baseline2_matched_0.800,0.8,0.2217499999999999,0.21399999999999997,-0.036958333333333426,1.003092902634387,-0.003092902634387107,-243.5
0.5499999999999999,0.54975,10,4,two-g,baseline2_matched_0.950,0.95,0.29475000000000007,0.2985,-0.049125000000000085,1.0066187231741563,-0.006618723174156349,-308.0
0.5499999999999999,0.54975,10,5,one,baseline2_all_hdv_yield,1.0,0.3810000000000001,0.3810000000000001,-0.0635,1.002134433109036,-0.002134433109036049,-358.0
0.5499999999999999,0.54975,10,5,one,baseline2_matched_0.050,0.05,-0.0040000000000000036,-0.0040000000000000036,0.0006666666666667043,0.9994360832696776,0.0005639167303224113,12.0
0.5499999999999999,0.54975,10,5,one,baseline2_matched_0.200,0.2,0.029000000000000026,0.029000000000000026,-0.004833333333333245,1.0006023028348787,-0.0006023028348787207,-40.0
0.5499999999999999,0.54975,10,5,one,baseline2_matched_0.350,0.35,0.0685,0.0685,-0.01141666666666663,1.0007185657846693,-0.0007185657846693339,-46.0
0.5499999999999999,0.54975,10,5,one,baseline2_matched_0.500,0.5,0.10050000000000003,0.10050000000000003,-0.01674999999999993,1.0014396170005697,-0.001439617000569715,-87.0
0.5499999999999999,0.54975,10,5,one,baseline2_matched_0.650,0.65,0.18000000000000005,0.18000000000000005,-0.029999999999999916,1.0011758851311017,-0.0011758851311016727,-173.5
0.5499999999999999,0.54975,10,5,one,baseline2_matched_0.800,0.8,0.22499999999999998,0.22499999999999998,-0.03749999999999998,1.001290491126735,-0.0012904911267350716,-214.0
0.5499999999999999,0.54975,10,5,one,baseline2_matched_0.950,0.95,0.36249999999999993,0.36249999999999993,-0.06041666666666656,1.0018124316851595,-0.0018124316851595434,-337.0
0.5499999999999999,0.54975,10,5,two-2g,baseline2_all_hdv_yield,1.0,0.3752500000000001,0.3759999999999999,-0.0625416666666666,1.0024212907746317,-0.0024212907746317125,-390.25
0.5499999999999999,0.54975,10,5,two-2g,baseline2_matched_0.050,0.05,-0.00024999999999997247,0.0020000000000000018,4.166666666671759e-05,1.000292710836796,-0.0002927108367960507,9.0
0.5499999999999999,0.54975,10,5,two-2g,baseline2_matched_0.200,0.2,0.04349999999999998,0.03500000000000003,-0.007249999999999868,1.000816218225739,-0.0008162182257389627,-70.5
0.5499999999999999,0.54975,10,5,two-2g,baseline2_matched_0.350,0.35,0.08924999999999994,0.08199999999999996,-0.014874999999999972,1.0021064676933176,-0.0021064676933175708,-137.0
0.5499999999999999,0.54975,10,5,two-2g,baseline2_matched_0.500,0.5,0.10499999999999998,0.10099999999999998,-0.01749999999999985,1.0018858980542587,-0.00188589805425865,-178.5
0.5499999999999999,0.54975,10,5,two-2g,baseline2_matched_0.650,0.65,0.15425,0.14249999999999996,-0.025708333333333222,1.001567481733212,-0.0015674817332120838,-216.0
0.5499999999999999,0.54975,10,5,two-2g,baseline2_matched_0.800,0.8,0.2277499999999999,0.22950000000000004,-0.037958333333333316,1.0040238756960151,-0.0040238756960151445,-277.5
0.5499999999999999,0.54975,10,5,two-2g,baseline2_matched_0.950,0.95,0.32775,0.3294999999999999,-0.054624999999999924,1.0053141251635953,-0.005314125163595307,-352.0
0.5499999999999999,0.54975,10,5,two-g,baseline2_all_hdv_yield,1.0,0.3752500000000001,0.3759999999999999,-0.0625416666666666,1.0024212907746317,-0.0024212907746317125,-390.25
0.5499999999999999,0.54975,10,5,two-g,baseline2_matched_0.050,0.05,-0.003249999999999975,-0.0035000000000000586,0.0005416666666666625,0.9999831394135533,1.686058644667643e-05,-8.5
0.5499999999999999,0.54975,10,5,two-g,baseline2_matched_0.200,0.2,0.02949999999999997,0.02200000000000002,-0.004916666666666569,1.0000948062483659,-9.480624836588625e-05,-42.5
0.5499999999999999,0.54975,10,5,two-g,baseline2_matched_0.350,0.35,0.049000000000000044,0.04049999999999998,-0.008166666666666544,1.0000342739790005,-3.427397900046536e-05,-64.0
0.5499999999999999,0.54975,10,5,two-g,baseline2_matched_0.500,0.5,0.09350000000000003,0.09399999999999997,-0.015583333333333282,1.0009027323824138,-0.0009027323824137845,-127.5
0.5499999999999999,0.54975,10,5,two-g,baseline2_matched_0.650,0.65,0.131,0.124,-0.02183333333333326,1.0038270767198116,-0.0038270767198116395,-167.0
0.5499999999999999,0.54975,10,5,two-g,baseline2_matched_0.800,0.8,0.21025000000000005,0.21150000000000002,-0.03504166666666664,1.0029846002037088,-0.0029846002037088315,-266.0
0.5499999999999999,0.54975,10,5,two-g,baseline2_matched_0.950,0.95,0.29699999999999993,0.3005,-0.04949999999999988,1.0042566070695584,-0.004256607069558438,-347.5
0.5499999999999999,0.54975,10,6,one,baseline2_all_hdv_yield,1.0,0.4325,0.4325,-0.07208333333333339,1.0023277504700105,-0.002327750470010548,-368.0
0.5499999999999999,0.54975,10,6,one,baseline2_matched_0.050,0.05,0.04599999999999993,0.04599999999999993,-0.0076666666666667105,0.9994862819323433,0.0005137180676566544,-17.0
0.5499999999999999,0.54975,10,6,one,baseline2_matched_0.200,0.2,0.0625,0.0625,-0.01041666666666663,1.000225925472765,-0.00022592547276500952,-32.0
0.5499999999999999,0.54975,10,6,one,baseline2_matched_0.350,0.35,0.09099999999999997,0.09099999999999997,-0.015166666666666662,1.000569785147084,-0.0005697851470840565,-62.0
0.5499999999999999,0.54975,10,6,one,baseline2_matched_0.500,0.5,0.10699999999999998,0.10699999999999998,-0.017833333333333368,1.000504051329826,-0.0005040513298260052,-90.0
0.5499999999999999,0.54975,10,6,one,baseline2_matched_0.650,0.65,0.2074999999999999,0.2074999999999999,-0.0345833333333333,1.0014005722156416,-0.0014005722156416045,-227.0
0.5499999999999999,0.54975,10,6,one,baseline2_matched_0.800,0.8,0.24349999999999994,0.24349999999999994,-0.040583333333333305,1.0015066301392885,-0.001506630139288534,-249.0
0.5499999999999999,0.54975,10,6,one,baseline2_matched_0.950,0.95,0.38249999999999995,0.38249999999999995,-0.06374999999999997,1.003442463438327,-0.0034424634383269925,-343.0
0.5499999999999999,0.54975,10,6,two-2g,baseline2_all_hdv_yield,1.0,0.36575,0.3650000000000001,-0.060958333333333226,1.004017810857105,-0.004017810857104953,-365.25
0.5499999999999999,0.54975,10,6,two-2g,baseline2_matched_0.050,0.05,0.012750000000000039,0.007000000000000006,-0.0021249999999999325,0.9994451041570211,0.0005548958429788531,-27.5
0.5499999999999999,0.54975,10,6,two-2g,baseline2_matched_0.200,0.2,0.04749999999999999,0.02849999999999997,-0.007916666666666572,1.0010370773826736,-0.0010370773826735569,-68.5
0.5499999999999999,0.54975,10,6,two-2g,baseline2_matched_0.350,0.35,0.10650000000000004,0.10850000000000004,-0.017749999999999932,1.003537288198858,-0.003537288198858013,-117.0
0.5499999999999999,0.54975,10,6,two-2g,baseline2_matched_0.500,0.5,0.10525000000000007,0.10899999999999999,-0.017541666666666567,1.0011639818131313,-0.0011639818131312651,-128.0
0.5499999999999999,0.54975,10,6,two-2g,baseline2_matched_0.650,0.65,0.16149999999999998,0.16500000000000004,-0.02691666666666659,1.00234427596046,-0.0023442759604599406,-201.0
0.5499999999999999,0.54975,10,6,two-2g,baseline2_matched_0.800,0.8,0.22475,0.21949999999999992,-0.03745833333333326,1.0031231207983666,-0.00312312079836663,-258.5
0.5499999999999999,0.54975,10,6,two-2g,baseline2_matched_0.950,0.95,0.32925000000000004,0.3204999999999999,-0.054874999999999896,1.0024631624639389,-0.0024631624639388505,-345.0
0.5499999999999999,0.54975,10,6,two-g,baseline2_all_hdv_yield,1.0,0.36575,0.3650000000000001,-0.060958333333333226,1.004017810857105,-0.004017810857104953,-365.25
0.5499999999999999,0.54975,10,6,two-g,baseline2_matched_0.050,0.05,0.009750000000000036,0.008000000000000007,-0.0016249999999998765,0.9998653541228026,0.0001346458771973591,-25.5
0.5499999999999999,0.54975,10,6,two-g,baseline2_matched_0.200,0.2,0.05775000000000008,0.05500000000000005,-0.009624999999999884,1.0004553629563486,-0.0004553629563486261,-68.5
0.5499999999999999,0.54975,10,6,two-g,baseline2_matched_0.350,0.35,0.09425000000000006,0.08599999999999997,-0.015708333333333213,1.0016198977299584,-0.0016198977299584083,-106.5
0.5499999999999999,0.54975,10,6,two-g,baseline2_matched_0.500,0.5,0.09699999999999998,0.09299999999999997,-0.01616666666666655,1.0006359045534912,-0.0006359045534911623,-130.0
0.5499999999999999,0.54975,10,6,two-g,baseline2_matched_0.650,0.65,0.15575000000000006,0.14800000000000002,-0.025958333333333306,1.002366947340192,-0.0023669473401919383,-214.0
0.5499999999999999,0.54975,10,6,two-g,baseline2_matched_0.800,0.8,0.20950000000000002,0.21000000000000008,-0.034916666666666596,1.0043645170788753,-0.004364517078875307,-243.75
0.5499999999999999,0.54975,10,6,two-g,baseline2_matched_0.950,0.95,0.30925,0.31100000000000005,-0.0515416666666666,1.005493662381687,-0.005493662381687026,-346.25
0.5499999999999999,0.54975,10,7,one,baseline2_all_hdv_yield,1.0,0.38450000000000006,0.38450000000000006,-0.06408333333333327,1.0046163294570016,-0.004616329457001633,-387.0
0.5499999999999999,0.54975,10,7,one,baseline2_matched_0.050,0.05,0.026000000000000023,0.026000000000000023,-0.0043333333333333,0.999993642942311,6.357057689032608e-06,10.0
0.5499999999999999,0.54975,10,7,one,baseline2_matched_0.200,0.2,0.04149999999999998,0.04149999999999998,-0.006916666666666571,1.0004250936836836,-0.00042509368368359723,-80.0
0.5499999999999999,0.54975,10,7,one,baseline2_matched_0.350,0.35,0.07550000000000001,0.07550000000000001,-0.01258333333333328,1.0021376297461668,-0.0021376297461668248,-135.0
0.5499999999999999,0.54975,10,7,one,baseline2_matched_0.500,0.5,0.12249999999999994,0.12249999999999994,-0.02041666666666664,1.0018112086535573,-0.001811208653557328,-132.0
0.5499999999999999,0.54975,10,7,one,baseline2_matched_0.650,0.65,0.126,0.126,-0.02100000000000002,1.0024789761046493,-0.002478976104649311,-174.0
0.5499999999999999,0.54975,10,7,one,baseline2_matched_0.800,0.8,0.23899999999999988,0.23899999999999988,-0.039833333333333276,1.0031931777162457,-0.003193177716245721,-272.5
0.5499999999999999,0.54975,10,7,one,baseline2_matched_0.950,0.95,0.31499999999999995,0.31499999999999995,-0.05249999999999999,1.0027987637457576,-0.0027987637457576042,-331.0
0.5499999999999999,0.54975,10,7,two-2g,baseline2_all_hdv_yield,1.0,0.3847499999999999,0.386,-0.06412499999999999,1.0029383163698833,-0.002938316369883287,-361.5
0.5499999999999999,0.54975,10,7,two-2g,baseline2_matched_0.050,0.05,0.00024999999999997247,-0.0014999999999999458,-4.166666666671759e-05,0.9996720764830466,0.00032792351695343225,15.5
0.5499999999999999,0.54975,10,7,two-2g,baseline2_matched_0.200,0.2,0.03149999999999997,0.03650000000000009,-0.005249999999999977,1.0017709528887826,-0.0017709528887825954,-19.0
0.5499999999999999,0.54975,10,7,two-2g,baseline2_matched_0.350,0.35,0.08099999999999996,0.07200000000000006,-0.013500000000000068,1.001851413043452,-0.0018514130434519327,-108.5
0.5499999999999999,0.54975,10,7,two-2g,baseline2_matched_0.500,0.5,0.07974999999999999,0.08150000000000002,-0.013291666666666702,1.001417315301781,-0.0014173153017809081,-106.5
0.5499999999999999,0.54975,10,7,two-2g,baseline2_matched_0.650,0.65,0.1439999999999999,0.14750000000000008,-0.02400000000000002,1.004042362409683,-0.004042362409683031,-158.5
0.5499999999999999,0.54975,10,7,two-2g,baseline2_matched_0.800,0.8,0.2297499999999999,0.2340000000000001,-0.038291666666666724,1.0039287228097917,-0.003928722809791729,-243.5
0.5499999999999999,0.54975,10,7,two-2g,baseline2_matched_0.950,0.95,0.3222499999999999,0.3255,-0.05370833333333347,1.0024671682477158,-0.0024671682477157564,-305.25
0.5499999999999999,0.54975,10,7,two-g,baseline2_all_hdv_yield,1.0,0.38375000000000004,0.38150000000000006,-0.06395833333333334,1.004283053231166,-0.004283053231165956,-394.75
0.5499999999999999,0.54975,10,7,two-g,baseline2_matched_0.050,0.05,0.026249999999999996,0.02849999999999997,-0.004375000000000018,1.0013377972671542,-0.001337797267154217,-35.0
0.5499999999999999,0.54975,10,7,two-g,baseline2_matched_0.200,0.2,0.037250000000000005,0.03799999999999992,-0.006208333333333371,1.000899701159821,-0.0008997011598210758,-55.5
0.5499999999999999,0.54975,10,7,two-g,baseline2_matched_0.350,0.35,0.07125000000000004,0.07499999999999996,-0.01187500000000008,1.002328215297686,-0.0023282152976860093,-129.5
0.5499999999999999,0.54975,10,7,two-g,baseline2_matched_0.500,0.5,0.10825000000000007,0.11099999999999999,-0.018041666666666734,1.0031875363870075,-0.003187536387007528,-169.0
0.5499999999999999,0.54975,10,7,two-g,baseline2_matched_0.650,0.65,0.19274999999999998,0.1825,-0.03212500000000007,1.0045587993290261,-0.004558799329026142,-244.0
0.5499999999999999,0.54975,10,7,two-g,baseline2_matched_0.800,0.8,0.22950000000000004,0.23349999999999993,-0.038250000000000006,1.0053619755258063,-0.005361975525806306,-282.25
0.5499999999999999,0.54975,10,7,two-g,baseline2_matched_0.950,0.95,0.31325000000000003,0.3195,-0.05220833333333341,1.0054228222073798,-0.005422822207379774,-346.75
0.5499999999999999,0.54975,10,8,one,baseline2_all_hdv_yield,1.0,0.34850000000000003,0.34850000000000003,-0.058083333333333376,1.004595752682745,-0.004595752682744925,-385.0
0.5499999999999999,0.54975,10,8,one,baseline2_matched_0.050,0.05,0.0044999999999999485,0.0044999999999999485,-0.0007500000000000284,1.0007507953868249,-0.0007507953868248762,-39.0
0.5499999999999999,0.54975,10,8,one,baseline2_matched_0.200,0.2,0.01649999999999996,0.01649999999999996,-0.00275000000000003,1.0016462191299373,-0.001646219129937343,-38.0
0.5499999999999999,0.54975,10,8,one,baseline2_matched_0.350,0.35,0.03599999999999992,0.03599999999999992,-0.006000000000000005,1.00033958627441,-0.00033958627440999756,-132.0
0.5499999999999999,0.54975,10,8,one,baseline2_matched_0.500,0.5,0.10299999999999998,0.10299999999999998,-0.017166666666666663,1.0018198837718977,-0.001819883771897679,-176.0
0.5499999999999999,0.54975,10,8,one,baseline2_matched_0.650,0.65,0.14549999999999996,0.14549999999999996,-0.024249999999999994,1.0018931658262296,-0.0018931658262295592,-211.0
0.5499999999999999,0.54975,10,8,one,baseline2_matched_0.800,0.8,0.19199999999999995,0.19199999999999995,-0.03200000000000003,1.003329770627171,-0.0033297706271711025,-249.0
0.5499999999999999,0.54975,10,8,one,baseline2_matched_0.950,0.95,0.31499999999999995,0.31499999999999995,-0.05249999999999999,1.003698946259368,-0.0036989462593679523,-359.0
0.5499999999999999,0.54975,10,8,two-2g,baseline2_all_hdv_yield,1.0,0.35375,0.3440000000000001,-0.058958333333333446,1.0048556041349506,-0.004855604134950564,-381.5
0.5499999999999999,0.54975,10,8,two-2g,baseline2_matched_0.050,0.05,0.012249999999999983,0.0024999999999999467,-0.0020416666666667194,1.0000177009947957,-1.7700994795699643e-05,-30.5
0.5499999999999999,0.54975,10,8,two-2g,baseline2_matched_0.200,0.2,0.025499999999999967,0.029000000000000026,-0.004250000000000087,1.0008980489078472,-0.000898048907847171,-60.5
0.5499999999999999,0.54975,10,8,two-2g,baseline2_matched_0.350,0.35,0.051000000000000045,0.05300000000000005,-0.008500000000000174,1.0011807116684952,-0.0011807116684952046,-80.0
0.5499999999999999,0.54975,10,8,two-2g,baseline2_matched_0.500,0.5,0.08574999999999999,0.08699999999999997,-0.014291666666666702,1.0008521369525978,-0.0008521369525977818,-102.0
0.5499999999999999,0.54975,10,8,two-2g,baseline2_matched_0.650,0.65,0.15474999999999994,0.13949999999999996,-0.025791666666666768,1.0030216151272682,-0.0030216151272681735,-206.5
0.5499999999999999,0.54975,10,8,two-2g,baseline2_matched_0.800,0.8,0.21900000000000008,0.21550000000000002,-0.03650000000000009,1.0051736688851902,-0.005173668885190219,-259.25
0.5499999999999999,0.54975,10,8,two-2g,baseline2_matched_0.950,0.95,0.274,0.2769999999999999,-0.045666666666666744,1.0050732710553323,-0.005073271055332285,-317.0
0.5499999999999999,0.54975,10,8,two-g,baseline2_all_hdv_yield,1.0,0.35375,0.3440000000000001,-0.058958333333333446,1.0048556041349506,-0.004855604134950564,-381.5
0.5499999999999999,0.54975,10,8,two-g,baseline2_matched_0.050,0.05,0.014000000000000012,0.0,-0.0023333333333334094,1.0017955446596085,-0.0017955446596085167,-23.5
0.5499999999999999,0.54975,10,8,two-g,baseline2_matched_0.200,0.2,0.04225000000000001,0.027000000000000024,-0.007041666666666724,1.0011359060254175,-0.0011359060254174658,-84.0
0.5499999999999999,0.54975,10,8,two-g,baseline2_matched_0.350,0.35,0.06325000000000003,0.05049999999999999,-0.010541666666666671,1.0025340080362501,-0.002534008036250146,-105.5
0.5499999999999999,0.54975,10,8,two-g,baseline2_matched_0.500,0.5,0.09950000000000003,0.07399999999999995,-0.016583333333333394,1.00304125216837,-0.0030412521683700344,-141.0
0.5499999999999999,0.54975,10,8,two-g,baseline2_matched_0.650,0.65,0.16649999999999998,0.16649999999999998,-0.027750000000000052,1.0035136474669883,-0.0035136474669883455,-223.5
0.5499999999999999,0.54975,10,8,two-g,baseline2_matched_0.800,0.8,0.21700000000000008,0.2044999999999999,-0.03616666666666668,1.004830158954931,-0.0048301589549311075,-262.25
0.5499999999999999,0.54975,10,8,two-g,baseline2_matched_0.950,0.95,0.29174999999999995,0.2935000000000001,-0.04862500000000014,1.0031684780684662,-0.0031684780684662073,-339.5
0.5499999999999999,0.54975,10,9,one,baseline2_all_hdv_yield,1.0,0.44299999999999984,0.44299999999999984,-0.0738333333333333,1.0035490390457786,-0.0035490390457786347,-451.5
0.5499999999999999,0.54975,10,9,one,baseline2_matched_0.050,0.05,0.009999999999999898,0.009999999999999898,-0.0016666666666665941,0.9996604450819608,0.0003395549180391644,-6.0
0.5499999999999999,0.54975,10,9,one,baseline2_matched_0.200,0.2,0.05599999999999994,0.05599999999999994,-0.009333333333333305,1.0002749566653375,-0.0002749566653375002,-100.0
0.5499999999999999,0.54975,10,9,one,baseline2_matched_0.350,0.35,0.11449999999999994,0.11449999999999994,-0.01908333333333334,1.0010128674750252,-0.0010128674750251587,-136.0
0.5499999999999999,0.54975,10,9,one,baseline2_matched_0.500,0.5,0.10549999999999993,0.10549999999999993,-0.017583333333333284,1.001315430231264,-0.0013154302312639032,-140.0
0.5499999999999999,0.54975,10,9,one,baseline2_matched_0.650,0.65,0.127,0.127,-0.021166666666666667,1.0016329002765862,-0.0016329002765862466,-179.0
0.5499999999999999,0.54975,10,9,one,baseline2_matched_0.800,0.8,0.19499999999999984,0.19499999999999984,-0.03249999999999997,1.001194791614042,-0.0011947916140420123,-247.0
0.5499999999999999,0.54975,10,9,one,baseline2_matched_0.950,0.95,0.28749999999999987,0.28749999999999987,-0.04791666666666661,1.0006992622824318,-0.0006992622824317785,-325.5
0.5499999999999999,0.54975,10,9,two-2g,baseline2_all_hdv_yield,1.0,0.30900000000000005,0.31099999999999994,-0.05149999999999988,1.003710813601065,-0.003710813601065066,-319.25
0.5499999999999999,0.54975,10,9,two-2g,baseline2_matched_0.050,0.05,-0.0017500000000000293,0.000500000000000056,0.00029166666666669006,1.000595112229654,-0.0005951122296539157,-10.5
0.5499999999999999,0.54975,10,9,two-2g,baseline2_matched_0.200,0.2,0.016249999999999987,0.009500000000000064,-0.0027083333333333126,1.0002614845189257,-0.0002614845189257142,-27.5
0.5499999999999999,0.54975,10,9,two-2g,baseline2_matched_0.350,0.35,0.06899999999999995,0.049000000000000044,-0.011499999999999955,1.0021214520959536,-0.002121452095953602,-75.5
0.5499999999999999,0.54975,10,9,two-2g,baseline2_matched_0.500,0.5,0.06599999999999995,0.06300000000000006,-0.010999999999999899,1.002233951249446,-0.002233951249446031,-75.0
0.5499999999999999,0.54975,10,9,two-2g,baseline2_matched_0.650,0.65,0.13074999999999992,0.13750000000000007,-0.021791666666666654,1.0036411581055384,-0.0036411581055384445,-139.5
0.5499999999999999,0.54975,10,9,two-2g,baseline2_matched_0.800,0.8,0.18499999999999994,0.18799999999999994,-0.030833333333333268,1.0037102607796706,-0.0037102607796706266,-201.25
0.5499999999999999,0.54975,10,9,two-2g,baseline2_matched_0.950,0.95,0.26449999999999985,0.24049999999999994,-0.04408333333333325,1.0047799701752858,-0.004779970175285753,-270.5
0.5499999999999999,0.54975,10,9,two-g,baseline2_all_hdv_yield,1.0,0.30900000000000005,0.31099999999999994,-0.05149999999999988,1.003710813601065,-0.003710813601065066,-319.25
0.5499999999999999,0.54975,10,9,two-g,baseline2_matched_0.050,0.05,-0.0040000000000000036,-0.0034999999999999476,0.0006666666666668153,1.0011247151242266,-0.0011247151242266273,22.5
0.5499999999999999,0.54975,10,9,two-g,baseline2_matched_0.200,0.2,0.04499999999999993,0.04500000000000004,-0.007499999999999951,1.0015597855605807,-0.0015597855605806732,-72.0
0.5499999999999999,0.54975,10,9,two-g,baseline2_matched_0.350,0.35,0.05599999999999994,0.04050000000000009,-0.009333333333333194,1.0011799972635356,-0.0011799972635355704,-63.0
0.5499999999999999,0.54975,10,9,two-g,baseline2_matched_0.500,0.5,0.09175,0.08650000000000002,-0.015291666666666592,1.002385424311151,-0.002385424311150963,-118.0
0.5499999999999999,0.54975,10,9,two-g,baseline2_matched_0.650,0.65,0.127,0.127,-0.021166666666666556,1.00264276266963,-0.002642762669629928,-140.5
0.5499999999999999,0.54975,10,9,two-g,baseline2_matched_0.800,0.8,0.13724999999999998,0.135,-0.02287499999999998,1.0036732217463336,-0.003673221746333555,-186.0
0.5499999999999999,0.54975,10,9,two-g,baseline2_matched_0.950,0.95,0.26474999999999993,0.26049999999999995,-0.04412499999999997,1.0037826803821657,-0.0037826803821656707,-288.25
0.6,0.6,11,0,one,baseline2_all_hdv_yield,1.0,0.4195,0.4195,-0.06991666666666674,1.002581852465931,-0.0025818524659309006,-557.0
0.6,0.6,11,0,one,baseline2_matched_0.050,0.05,0.0034999999999999476,0.0034999999999999476,-0.0005833333333333801,0.9991681975976946,0.0008318024023054038,1.0
0.6,0.6,11,0,one,baseline2_matched_0.200,0.2,0.024499999999999966,0.024499999999999966,-0.004083333333333328,0.9996999292268336,0.0003000707731664054,-27.0
0.6,0.6,11,0,one,baseline2_matched_0.350,0.35,0.06999999999999995,0.06999999999999995,-0.011666666666666714,1.000397088473926,-0.00039708847392594393,-98.0
0.6,0.6,11,0,one,baseline2_matched_0.500,0.5,0.10899999999999999,0.10899999999999999,-0.018166666666666664,1.0005009471664004,-0.0005009471664003673,-190.0
0.6,0.6,11,0,one,baseline2_matched_0.650,0.65,0.15949999999999998,0.15949999999999998,-0.026583333333333403,1.0011757177133194,-0.0011757177133193686,-228.0
0.6,0.6,11,0,one,baseline2_matched_0.800,0.8,0.20650000000000002,0.20650000000000002,-0.03441666666666676,1.001137470350525,-0.0011374703505249162,-317.0
0.6,0.6,11,0,one,baseline2_matched_0.950,0.95,0.3385,0.3385,-0.05641666666666667,1.0034410188351168,-0.003441018835116827,-478.5
0.6,0.6,11,0,two-2g,baseline2_all_hdv_yield,1.0,0.3295,0.32099999999999995,-0.054916666666666725,1.0038608705068146,-0.0038608705068146065,-467.66666666666663
0.6,0.6,11,0,two-2g,baseline2_matched_0.050,0.05,0.0012499999999999734,-0.0015000000000000568,-0.0002083333333333659,0.9996462113341174,0.00035378866588264835,8.5
0.6,0.6,11,0,two-2g,baseline2_matched_0.200,0.2,0.019499999999999962,0.02399999999999991,-0.003249999999999975,1.0002644858100245,-0.0002644858100244729,-51.0
0.6,0.6,11,0,two-2g,baseline2_matched_0.350,0.35,0.057499999999999996,0.044499999999999984,-0.009583333333333277,1.0008684469362115,-0.0008684469362114644,-105.5
0.6,0.6,11,0,two-2g,baseline2_matched_0.500,0.5,0.11549999999999994,0.121,-0.01924999999999999,1.0016640824847223,-0.0016640824847222735,-201.5
0.6,0.6,11,0,two-2g,baseline2_matched_0.650,0.65,0.13574999999999993,0.126,-0.022625000000000006,1.001871003736096,-0.0018710037360960552,-221.0
0.6,0.6,11,0,two-2g,baseline2_matched_0.800,0.8,0.19524999999999992,0.2005,-0.03254166666666669,1.0018196623729716,-0.0018196623729715977,-316.5
0.6,0.6,11,0,two-2g,baseline2_matched_0.950,0.95,0.31475,0.3195,-0.052458333333333274,1.004374284138039,-0.004374284138038975,-492.0
0.6,0.6,11,0,two-g,baseline2_all_hdv_yield,1.0,0.3295,0.32099999999999995,-0.054916666666666725,1.0038608705068146,-0.0038608705068146065,-467.66666666666663
0.6,0.6,11,0,two-g,baseline2_matched_0.050,0.05,0.0050000000000000044,-0.007000000000000006,-0.0008333333333333526,1.000262618851366,-0.00026261885136591445,-13.0
0.6,0.6,11,0,two-g,baseline2_matched_0.200,0.2,0.038999999999999924,0.04299999999999993,-0.00649999999999995,1.0001534017698166,-0.0001534017698165968,-81.0
0.6,0.6,11,0,two-g,baseline2_matched_0.350,0.35,0.054749999999999965,0.05699999999999994,-0.009124999999999939,1.001225036040082,-0.0012250360400820615,-111.5
0.6,0.6,11,0,two-g,baseline2_matched_0.500,0.5,0.0764999999999999,0.07199999999999995,-0.012750000000000039,1.0015629555573593,-0.0015629555573593024,-162.5
0.6,0.6,11,0,two-g,baseline2_matched_0.650,0.65,0.13024999999999998,0.131,-0.02170833333333322,1.00205925540088,-0.0020592554008800334,-223.5
0.6,0.6,11,0,two-g,baseline2_matched_0.800,0.8,0.1935,0.1835,-0.03224999999999989,1.0041446482229819,-0.004144648222981884,-355.0
0.6,0.6,11,0,two-g,baseline2_matched_0.950,0.95,0.2915,0.2915,-0.04858333333333331,1.0037466748688373,-0.0037466748688372853,-458.0
0.6,0.6,11,1,one,baseline2_all_hdv_yield,1.0,0.4285,0.4285,-0.07141666666666668,1.0027639994129345,-0.0027639994129344814,-595.0
0.6,0.6,11,1,one,baseline2_matched_0.050,0.05,0.0050000000000000044,0.0050000000000000044,-0.0008333333333333526,1.000262749409828,-0.0002627494098279559,-9.0
0.6,0.6,11,1,one,baseline2_matched_0.200,0.2,0.035499999999999976,0.035499999999999976,-0.005916666666666681,0.999259015569692,0.0007409844303080115,-93.0
0.6,0.6,11,1,one,baseline2_matched_0.350,0.35,0.05599999999999994,0.05599999999999994,-0.009333333333333416,1.0000273632521455,-2.7363252145473638e-05,-112.0
0.6,0.6,11,1,one,baseline2_matched_0.500,0.5,0.09250000000000003,0.09250000000000003,-0.015416666666666745,1.0002988191512934,-0.00029881915129337244,-169.0
0.6,0.6,11,1,one,baseline2_matched_0.650,0.65,0.2025,0.2025,-0.03375000000000006,0.9999732586399478,2.6741360052207064e-05,-359.0
0.6,0.6,11,1,one,baseline2_matched_0.800,0.8,0.20350000000000001,0.20350000000000001,-0.033916666666666706,1.001464555881981,-0.0014645558819810223,-360.0
0.6,0.6,11,1,one,baseline2_matched_0.950,0.95,0.4,0.4,-0.06666666666666676,1.002761511844556,-0.002761511844556086,-565.5
0.6,0.6,11,1,two-2g,baseline2_all_hdv_yield,1.0,0.37650000000000006,0.38549999999999995,-0.06275000000000008,1.0045013931180322,-0.004501393118032215,-523.75
0.6,0.6,11,1,two-2g,baseline2_matched_0.050,0.05,0.01750000000000007,0.009500000000000064,-0.0029166666666666785,0.9992934112778629,0.0007065887221371359,-28.0
0.6,0.6,11,1,two-2g,baseline2_matched_0.200,0.2,0.03700000000000003,0.03500000000000003,-0.006166666666666654,0.9989761927494384,0.0010238072505616147,-72.0
0.6,0.6,11,1,two-2g,baseline2_matched_0.350,0.35,0.07150000000000001,0.07850000000000001,-0.011916666666666687,1.0003738202658465,-0.00037382026584653616,-132.5
0.6,0.6,11,1,two-2g,baseline2_matched_0.500,0.5,0.10450000000000004,0.10950000000000004,-0.017416666666666636,1.0002519088313928,-0.00025190883139281084,-172.5
0.6,0.6,11,1,two-2g,baseline2_matched_0.650,0.65,0.12250000000000005,0.12,-0.02041666666666675,0.9999533502164041,4.664978359592009e-05,-164.5
0.6,0.6,11,1,two-2g,baseline2_matched_0.800,0.8,0.1985,0.20350000000000001,-0.03308333333333335,1.0019452959757678,-0.001945295975767758,-304.5
0.6,0.6,11,1,two-2g,baseline2_matched_0.950,0.95,0.29025,0.29700000000000004,-0.04837500000000006,1.0017524768702546,-0.0017524768702545934,-472.0
0.6,0.6,11,1,two-g,baseline2_all_hdv_yield,1.0,0.37650000000000006,0.38549999999999995,-0.06275000000000008,1.0045013931180322,-0.004501393118032215,-523.75
0.6,0.6,11,1,two-g,baseline2_matched_0.050,0.05,0.011500000000000066,0.01750000000000007,-0.0019166666666666776,0.9997729710531854,0.00022702894681458918,-41.5
0.6,0.6,11,1,two-g,baseline2_matched_0.200,0.2,0.009500000000000064,0.01100000000000001,-0.00158333333333327,0.9993055402215991,0.0006944597784008799,-15.5
0.6,0.6,11,1,two-g,baseline2_matched_0.350,0.35,0.05975000000000008,0.05349999999999999,-0.009958333333333291,0.9996715855235129,0.00032841447648712663,-75.5
0.6,0.6,11,1,two-g,baseline2_matched_0.500,0.5,0.09700000000000009,0.09150000000000003,-0.016166666666666663,1.0007065887221314,-0.0007065887221313627,-176.0
0.6,0.6,11,1,two-g,baseline2_matched_0.650,0.65,0.14725,0.14900000000000002,-0.024541666666666684,1.00167348323671,-0.001673483236710016,-221.0
0.6,0.6,11,1,two-g,baseline2_matched_0.800,0.8,0.21175,0.22099999999999997,-0.03529166666666672,1.003095057642023,-0.0030950576420230025,-305.0
0.6,0.6,11,1,two-g,baseline2_matched_0.950,0.95,0.33550000000000013,0.34450000000000003,-0.055916666666666615,1.002395932885264,-0.0023959328852640738,-470.75
0.6,0.6,11,2,one,baseline2_all_hdv_yield,1.0,0.397,0.397,-0.0661666666666666,1.0007373244970377,-0.0007373244970376724,-557.0
0.6,0.6,11,2,one,baseline2_matched_0.050,0.05,0.04400000000000004,0.04400000000000004,-0.007333333333333303,0.9990756256305559,0.0009243743694441475,-62.0
0.6,0.6,11,2,one,baseline2_matched_0.200,0.2,0.0685,0.0685,-0.01141666666666663,0.9988671364870594,0.0011328635129406184,-156.0
0.6,0.6,11,2,one,baseline2_matched_0.350,0.35,0.10299999999999998,0.10299999999999998,-0.017166666666666663,0.998955068569936,0.0010449314300640111,-235.0
0.6,0.6,11,2,one,baseline2_matched_0.500,0.5,0.09950000000000003,0.09950000000000003,-0.016583333333333283,0.999681518074393,0.00031848192560701705,-182.0
0.6,0.6,11,2,one,baseline2_matched_0.650,0.65,0.16100000000000003,0.16100000000000003,-0.026833333333333265,1.0008112744465933,-0.0008112744465933464,-286.0
0.6,0.6,11,2,one,baseline2_matched_0.800,0.8,0.264,0.264,-0.04399999999999993,1.0013761526326943,-0.0013761526326943052,-407.0
0.6,0.6,11,2,one,baseline2_matched_0.950,0.95,0.351,0.351,-0.058499999999999996,1.0015911667717377,-0.001591166771737651,-516.0
0.6,0.6,11,2,two-2g,baseline2_all_hdv_yield,1.0,0.35775,0.3679999999999999,-0.05962499999999993,1.0027823704576435,-0.0027823704576435127,-495.0
0.6,0.6,11,2,two-2g,baseline2_matched_0.050,0.05,0.00024999999999997247,0.008499999999999952,-4.166666666671759e-05,1.0002688701571871,-0.0002688701571871288,28.5
0.6,0.6,11,2,two-2g,baseline2_matched_0.200,0.2,0.03599999999999992,0.046499999999999986,-0.006000000000000005,1.0017862438683447,-0.0017862438683446946,-66.0
0.6,0.6,11,2,two-2g,baseline2_matched_0.350,0.35,0.0605,0.07150000000000001,-0.010083333333333222,1.0016617669437222,-0.0016617669437222204,-113.5
0.6,0.6,11,2,two-2g,baseline2_matched_0.500,0.5,0.0774999999999999,0.07999999999999996,-0.012916666666666576,1.0017184039444245,-0.0017184039444244625,-136.5
0.6,0.6,11,2,two-2g,baseline2_matched_0.650,0.65,0.13224999999999998,0.14100000000000001,-0.022041666666666626,1.0023575929523676,-0.002357592952367593,-275.5
0.6,0.6,11,2,two-2g,baseline2_matched_0.800,0.8,0.1842499999999999,0.1915,-0.030708333333333337,1.003022299729853,-0.0030222997298530174,-340.0
0.6,0.6,11,2,two-2g,baseline2_matched_0.950,0.95,0.3042499999999999,0.3015,-0.050708333333333355,1.0036658454301577,-0.003665845430157688,-466.5
0.6,0.6,11,2,two-g,baseline2_all_hdv_yield,1.0,0.35775,0.3679999999999999,-0.05962499999999993,1.0027823704576435,-0.0027823704576435127,-495.0
0.6,0.6,11,2,two-g,baseline2_matched_0.050,0.05,-0.007000000000000006,-0.0020000000000000018,0.0011666666666667602,0.9996150551106031,0.00038494488939688765,5.5
0.6,0.6,11,2,two-g,baseline2_matched_0.200,0.2,0.04025000000000001,0.03399999999999992,-0.006708333333333316,1.0009211292422127,-0.0009211292422126593,-95.0
0.6,0.6,11,2,two-g,baseline2_matched_0.350,0.35,0.056499999999999995,0.0625,-0.009416666666666629,1.002199507258093,-0.0021995072580929254,-106.0
0.6,0.6,11,2,two-g,baseline2_matched_0.500,0.5,0.09999999999999998,0.11149999999999993,-0.016666666666666607,1.00192534683161,-0.001925346831610053,-187.5
0.6,0.6,11,2,two-g,baseline2_matched_0.650,0.65,0.129,0.14,-0.021499999999999964,1.002828115727443,-0.0028281157274430146,-226.5
0.6,0.6,11,2,two-g,baseline2_matched_0.800,0.8,0.22549999999999992,0.236,-0.0375833333333333,1.0035849354291504,-0.003584935429150393,-380.0
0.6,0.6,11,2,two-g,baseline2_matched_0.950,0.95,0.31999999999999995,0.3315,-0.05333333333333323,1.0045704814798564,-0.004570481479856392,-466.5
0.6,0.6,11,3,one,baseline2_all_hdv_yield,1.0,0.42799999999999994,0.42799999999999994,-0.07133333333333336,1.0030061339195022,-0.0030061339195022185,-645.0
0.6,0.6,11,3,one,baseline2_matched_0.050,0.05,0.026499999999999968,0.026499999999999968,-0.004416666666666624,0.9993637400263542,0.000636259973645803,-47.0
0.6,0.6,11,3,one,baseline2_matched_0.200,0.2,0.05149999999999999,0.05149999999999999,-0.008583333333333276,1.000686040705083,-0.0006860407050830464,-134.0
0.6,0.6,11,3,one,baseline2_matched_0.350,0.35,0.09199999999999997,0.09199999999999997,-0.01533333333333331,1.0002134348860259,-0.00021343488602587612,-223.0
0.6,0.6,11,3,one,baseline2_matched_0.500,0.5,0.11849999999999994,0.11849999999999994,-0.019750000000000045,1.0010805530017006,-0.0010805530017006237,-232.0
0.6,0.6,11,3,one,baseline2_matched_0.650,0.65,0.16149999999999998,0.16149999999999998,-0.0269166666666667,1.0008024031648097,-0.0008024031648097285,-341.0
0.6,0.6,11,3,one,baseline2_matched_0.800,0.8,0.23849999999999993,0.23849999999999993,-0.03974999999999995,1.0034644277782718,-0.003464427778271828,-443.0
0.6,0.6,11,3,one,baseline2_matched_0.950,0.95,0.3454999999999999,0.3454999999999999,-0.05758333333333332,1.0012809204457243,-0.001280920445724254,-549.5
0.6,0.6,11,3,two-2g,baseline2_all_hdv_yield,1.0,0.391,0.391,-0.0651666666666666,1.0039689787977781,-0.003968978797778133,-564.0
0.6,0.6,11,3,two-2g,baseline2_matched_0.050,0.05,0.015249999999999986,0.010499999999999954,-0.0025416666666666643,1.0003559789686138,-0.0003559789686138348,-22.0
0.6,0.6,11,3,two-2g,baseline2_matched_0.200,0.2,0.03949999999999998,0.03949999999999998,-0.006583333333333163,1.0007194260274779,-0.0007194260274778763,-99.5
0.6,0.6,11,3,two-2g,baseline2_matched_0.350,0.35,0.061999999999999944,0.05349999999999999,-0.010333333333333306,1.0013025594078802,-0.001302559407880155,-121.5
0.6,0.6,11,3,two-2g,baseline2_matched_0.500,0.5,0.09175,0.09249999999999992,-0.015291666666666592,1.0003201943694948,-0.0003201943694948195,-196.5
0.6,0.6,11,3,two-2g,baseline2_matched_0.650,0.65,0.12849999999999995,0.12749999999999995,-0.02141666666666664,1.0016709851935786,-0.0016709851935785558,-241.0
0.6,0.6,11,3,two-2g,baseline2_matched_0.800,0.8,0.23849999999999993,0.23249999999999993,-0.03974999999999995,1.0028609009068423,-0.002860900906842323,-414.0
0.6,0.6,11,3,two-2g,baseline2_matched_0.950,0.95,0.28874999999999995,0.2825,-0.04812499999999997,1.0045875856068718,-0.00458758560687178,-455.5
0.6,0.6,11,3,two-g,baseline2_all_hdv_yield,1.0,0.391,0.391,-0.0651666666666666,1.0039689787977781,-0.003968978797778133,-564.0
0.6,0.6,11,3,two-g,baseline2_matched_0.050,0.05,0.02200000000000002,0.01749999999999996,-0.003666666666666596,0.9999019813154598,9.801868454017981e-05,-35.5
0.6,0.6,11,3,two-g,baseline2_matched_0.200,0.2,0.03674999999999995,0.03199999999999992,-0.006124999999999936,1.001342078052122,-0.0013420780521220532,-82.0
0.6,0.6,11,3,two-g,baseline2_matched_0.350,0.35,0.07974999999999999,0.06399999999999995,-0.01329166666666659,1.0009223091459523,-0.0009223091459522603,-158.5
0.6,0.6,11,3,two-g,baseline2_matched_0.500,0.5,0.10699999999999998,0.10849999999999993,-0.017833333333333257,1.0009241761685153,-0.0009241761685152561,-227.5
0.6,0.6,11,3,two-g,baseline2_matched_0.650,0.65,0.15274999999999994,0.15449999999999997,-0.02545833333333325,1.0023760973814064,-0.002376097381406428,-287.0
0.6,0.6,11,3,two-g,baseline2_matched_0.800,0.8,0.22449999999999992,0.22499999999999998,-0.037416666666666654,1.003701372230466,-0.00370137223046596,-379.0
0.6,0.6,11,3,two-g,baseline2_matched_0.950,0.95,0.33899999999999997,0.3395,-0.056499999999999995,1.0042443646257717,-0.004244364625771713,-530.8333333333334
0.6,0.6,11,4,one,baseline2_all_hdv_yield,1.0,0.388,0.388,-0.06466666666666665,1.0014219466617666,-0.0014219466617666487,-552.5
0.6,0.6,11,4,one,baseline2_matched_0.050,0.05,0.016000000000000014,0.016000000000000014,-0.002666666666666595,0.9993723414276081,0.000627658572391887,-65.0
0.6,0.6,11,4,one,baseline2_matched_0.200,0.2,0.07050000000000001,0.07050000000000001,-0.011749999999999927,0.9996443578965747,0.0003556421034253132,-135.0
0.6,0.6,11,4,one,baseline2_matched_0.350,0.35,0.09299999999999997,0.09299999999999997,-0.015499999999999958,0.9999589643726832,4.103562731683219e-05,-151.0
0.6,0.6,11,4,one,baseline2_matched_0.500,0.5,0.07950000000000002,0.07950000000000002,-0.013249999999999984,1.000087667021998,-8.7667021998028e-05,-201.0
0.6,0.6,11,4,one,baseline2_matched_0.650,0.65,0.13849999999999996,0.13849999999999996,-0.023083333333333234,1.0009251668704433,-0.0009251668704433058,-285.0
0.6,0.6,11,4,one,baseline2_matched_0.800,0.8,0.22199999999999998,0.22199999999999998,-0.03699999999999992,1.0009649589939063,-0.0009649589939062508,-375.0
0.6,0.6,11,4,one,baseline2_matched_0.950,0.95,0.362,0.362,-0.06033333333333324,1.0008766702199785,-0.0008766702199785037,-525.0
0.6,0.6,11,4,two-2g,baseline2_all_hdv_yield,1.0,0.3410000000000001,0.3520000000000001,-0.05683333333333329,1.0022053449525228,-0.002205344952522781,-526.5
0.6,0.6,11,4,two-2g,baseline2_matched_0.050,0.05,0.010500000000000065,0.015000000000000013,-0.0017500000000000293,0.9988744685681535,0.0011255314318464604,-24.5
0.6,0.6,11,4,two-2g,baseline2_matched_0.200,0.2,0.03550000000000009,0.038000000000000034,-0.005916666666666681,0.9998973679545421,0.0001026320454579066,-88.0
0.6,0.6,11,4,two-2g,baseline2_matched_0.350,0.35,0.0625,0.05349999999999999,-0.01041666666666663,0.9997505730289167,0.0002494269710833219,-145.5
0.6,0.6,11,4,two-2g,baseline2_matched_0.500,0.5,0.09850000000000003,0.11150000000000004,-0.016416666666666635,1.0006403617624093,-0.0006403617624093361,-215.0
0.6,0.6,11,4,two-2g,baseline2_matched_0.650,0.65,0.12125000000000008,0.13450000000000006,-0.020208333333333273,1.001876922407063,-0.001876922407062942,-260.5
0.6,0.6,11,4,two-2g,baseline2_matched_0.800,0.8,0.20825000000000005,0.21800000000000008,-0.03470833333333323,1.001407303047546,-0.0014073030475461046,-347.0
0.6,0.6,11,4,two-2g,baseline2_matched_0.950,0.95,0.33924999999999994,0.3494999999999999,-0.0565416666666666,1.0017615391074723,-0.001761539107472343,-526.5
0.6,0.6,11,4,two-g,baseline2_all_hdv_yield,1.0,0.33175,0.3275,-0.05529166666666663,1.0053200894547065,-0.0053200894547065225,-506.0
0.6,0.6,11,4,two-g,baseline2_matched_0.050,0.05,0.023749999999999938,0.018000000000000016,-0.003958333333333286,0.9994237866834028,0.000576213316597185,-61.5
0.6,0.6,11,4,two-g,baseline2_matched_0.200,0.2,0.03249999999999997,0.030000000000000027,-0.005416666666666625,1.0013018498595425,-0.0013018498595425143,-105.0
0.6,0.6,11,4,two-g,baseline2_matched_0.350,0.35,0.08124999999999993,0.07900000000000007,-0.013541666666666674,1.0014599894407594,-0.0014599894407594238,-186.0
0.6,0.6,11,4,two-g,baseline2_matched_0.500,0.5,0.09799999999999998,0.07050000000000001,-0.01633333333333331,1.0014325951825969,-0.001432595182596863,-213.5
0.6,0.6,11,4,two-g,baseline2_matched_0.650,0.65,0.1479999999999999,0.14,-0.024666666666666726,1.0022018134998925,-0.0022018134998924577,-269.0
0.6,0.6,11,4,two-g,baseline2_matched_0.800,0.8,0.19524999999999992,0.1935,-0.03254166666666658,1.0033813230928623,-0.0033813230928623206,-378.5
0.6,0.6,11,4,two-g,baseline2_matched_0.950,0.95,0.3075,0.30800000000000005,-0.05124999999999991,1.0034656849560704,-0.0034656849560703584,-502.5
0.6,0.6,11,5,one,baseline2_all_hdv_yield,1.0,0.43000000000000005,0.43000000000000005,-0.07166666666666677,1.0029980552314273,-0.0029980552314272657,-599.5
0.6,0.6,11,5,one,baseline2_matched_0.050,0.05,0.03049999999999997,0.03049999999999997,-0.005083333333333329,0.9991875534811352,0.0008124465188648067,-94.0
0.6,0.6,11,5,one,baseline2_matched_0.200,0.2,0.04400000000000004,0.04400000000000004,-0.007333333333333414,0.9999001166861139,9.98833138861066e-05,-106.0
0.6,0.6,11,5,one,baseline2_matched_0.350,0.35,0.08600000000000008,0.08600000000000008,-0.01433333333333342,1.0004841695838176,-0.0004841695838175841,-178.0
0.6,0.6,11,5,one,baseline2_matched_0.500,0.5,0.124,0.124,-0.020666666666666722,1.000028004667444,-2.800466744390384e-05,-210.0
0.6,0.6,11,5,one,baseline2_matched_0.650,0.65,0.18700000000000006,0.18700000000000006,-0.031166666666666787,0.9997597821859171,0.00024021781408289922,-326.0
0.6,0.6,11,5,one,baseline2_matched_0.800,0.8,0.24150000000000005,0.24150000000000005,-0.04025000000000012,1.0013572928821464,-0.001357292882146366,-417.0
0.6,0.6,11,5,one,baseline2_matched_0.950,0.95,0.3524999999999999,0.3524999999999999,-0.05875000000000008,1.0030406845585387,-0.0030406845585386755,-533.5
0.6,0.6,11,5,two-2g,baseline2_all_hdv_yield,1.0,0.36624999999999996,0.36250000000000004,-0.06104166666666677,1.0029690930396769,-0.002969093039676851,-516.0
0.6,0.6,11,5,two-2g,baseline2_matched_0.050,0.05,0.0015000000000000568,-0.005499999999999949,-0.0002500000000000835,0.9998972632166179,0.0001027367833821291,11.5
0.6,0.6,11,5,two-2g,baseline2_matched_0.200,0.2,0.01375000000000004,0.009500000000000064,-0.002291666666666803,1.0016733642747466,-0.0016733642747466249,-13.0
0.6,0.6,11,5,two-2g,baseline2_matched_0.350,0.35,0.0635,0.0635,-0.010583333333333389,1.0025983066487516,-0.0025983066487516027,-136.0
0.6,0.6,11,5,two-2g,baseline2_matched_0.500,0.5,0.09725000000000006,0.08050000000000002,-0.01620833333333338,1.0017985163563208,-0.0017985163563207784,-188.0
0.6,0.6,11,5,two-2g,baseline2_matched_0.650,0.65,0.123,0.12250000000000005,-0.020500000000000074,1.0012543227279924,-0.0012543227279924185,-206.0
0.6,0.6,11,5,two-2g,baseline2_matched_0.800,0.8,0.21250000000000002,0.21099999999999997,-0.03541666666666676,1.0025108247210857,-0.0025108247210856582,-353.5
0.6,0.6,11,5,two-2g,baseline2_matched_0.950,0.95,0.28200000000000003,0.277,-0.04700000000000015,1.0037355717084064,-0.0037355717084064377,-405.0
0.6,0.6,11,5,two-g,baseline2_all_hdv_yield,1.0,0.36624999999999996,0.36250000000000004,-0.06104166666666677,1.0029690930396769,-0.002969093039676851,-516.0
0.6,0.6,11,5,two-g,baseline2_matched_0.050,0.05,-0.0014999999999999458,-0.0044999999999999485,0.00024999999999986144,1.0009433104655785,-0.0009433104655784952,35.5
0.6,0.6,11,5,two-g,baseline2_matched_0.200,0.2,0.025249999999999995,0.02400000000000002,-0.0042083333333333695,1.0004255793420593,-0.00042557934205933456,-51.5
0.6,0.6,11,5,two-g,baseline2_matched_0.350,0.35,0.034500000000000086,0.024499999999999966,-0.005750000000000144,1.0007116857175915,-0.0007116857175915037,-60.5
0.6,0.6,11,5,two-g,baseline2_matched_0.500,0.5,0.08300000000000007,0.07999999999999996,-0.013833333333333364,1.001863582985794,-0.0018635829857940323,-171.5
0.6,0.6,11,5,two-g,baseline2_matched_0.650,0.65,0.14375000000000004,0.135,-0.023958333333333415,1.0014762964448092,-0.0014762964448091775,-220.0
0.6,0.6,11,5,two-g,baseline2_matched_0.800,0.8,0.23125000000000007,0.22250000000000003,-0.038541666666666696,1.0026490523932685,-0.002649052393268514,-386.0
0.6,0.6,11,5,two-g,baseline2_matched_0.950,0.95,0.30225,0.2995,-0.05037500000000006,1.002541645756099,-0.0025416457560989425,-473.0
0.6,0.6,11,6,one,baseline2_all_hdv_yield,1.0,0.4335000000000001,0.4335000000000001,-0.07225000000000004,1.0018030544252277,-0.001803054425227657,-605.0
0.6,0.6,11,6,one,baseline2_matched_0.050,0.05,0.03700000000000003,0.03700000000000003,-0.006166666666666654,0.9999747933364779,2.520666352212597e-05,-77.0
0.6,0.6,11,6,one,baseline2_matched_0.200,0.2,0.061000000000000054,0.061000000000000054,-0.010166666666666657,0.9996464843239431,0.0003535156760569036,-121.0
0.6,0.6,11,6,one,baseline2_matched_0.350,0.35,0.09700000000000009,0.09700000000000009,-0.016166666666666663,1.0001120296156496,-0.00011202961564960034,-200.0
0.6,0.6,11,6,one,baseline2_matched_0.500,0.5,0.14850000000000008,0.14850000000000008,-0.02475000000000005,1.0011591953286108,-0.0011591953286107515,-298.0
0.6,0.6,11,6,one,baseline2_matched_0.650,0.65,0.1885,0.1885,-0.03141666666666665,1.00107143879635,-0.001071438796349966,-315.0
0.6,0.6,11,6,one,baseline2_matched_0.800,0.8,0.2260000000000001,0.2260000000000001,-0.037666666666666626,1.0024316650463856,-0.0024316650463855893,-427.0
0.6,0.6,11,6,one,baseline2_matched_0.950,0.95,0.374,0.374,-0.06233333333333335,1.0017582425789695,-0.0017582425789695044,-550.5
0.6,0.6,11,6,two-2g,baseline2_all_hdv_yield,1.0,0.37749999999999995,0.38550000000000006,-0.06291666666666662,1.0039520043931194,-0.003952004393119379,-523.5
0.6,0.6,11,6,two-2g,baseline2_matched_0.050,0.05,-0.008749999999999925,-0.013000000000000012,0.0014583333333333393,0.9996949220712678,0.0003050779287322447,18.0
0.6,0.6,11,6,two-2g,baseline2_matched_0.200,0.2,0.009000000000000008,0.01749999999999996,-0.0014999999999999458,1.0001329268118029,-0.00013292681180288035,-30.0
0.6,0.6,11,6,two-2g,baseline2_matched_0.350,0.35,0.04775000000000007,0.05449999999999999,-0.0079583333333334,1.0005628376481086,-0.000562837648108605,-76.0
0.6,0.6,11,6,two-2g,baseline2_matched_0.500,0.5,0.06600000000000006,0.07250000000000001,-0.01100000000000001,1.001820194540101,-0.0018201945401010722,-150.5
0.6,0.6,11,6,two-2g,baseline2_matched_0.650,0.65,0.14675000000000005,0.15449999999999997,-0.02445833333333336,1.0015571426525711,-0.0015571426525711196,-302.5
0.6,0.6,11,6,two-2g,baseline2_matched_0.800,0.8,0.1775,0.18199999999999994,-0.029583333333333295,1.0020689264432194,-0.002068926443219432,-330.5
0.6,0.6,11,6,two-2g,baseline2_matched_0.950,0.95,0.3125,0.3185,-0.05208333333333326,1.003405043249465,-0.0034050432494650007,-478.0
0.6,0.6,11,6,two-g,baseline2_all_hdv_yield,1.0,0.37749999999999995,0.38550000000000006,-0.06291666666666662,1.0039520043931194,-0.003952004393119379,-523.5
0.6,0.6,11,6,two-g,baseline2_matched_0.050,0.05,-0.0007499999999999174,0.0034999999999999476,0.00012500000000004174,0.9999984434799526,1.5565200474076946e-06,-6.0
0.6,0.6,11,6,two-g,baseline2_matched_0.200,0.2,0.028750000000000053,0.018999999999999906,-0.0047916666666666385,1.0005591020000018,-0.0005591020000017544,-56.0
0.6,0.6,11,6,two-g,baseline2_matched_0.350,0.35,0.06225000000000003,0.06499999999999995,-0.010375000000000023,1.0005581680879752,-0.0005581680879751527,-144.5
0.6,0.6,11,6,two-g,baseline2_matched_0.500,0.5,0.10425000000000006,0.11049999999999993,-0.01737500000000003,1.0012010108663782,-0.0012010108663782493,-213.0
0.6,0.6,11,6,two-g,baseline2_matched_0.650,0.65,0.1282500000000001,0.137,-0.021375000000000033,1.0013547950467792,-0.0013547950467791559,-267.0
0.6,0.6,11,6,two-g,baseline2_matched_0.800,0.8,0.18175000000000008,0.1875,-0.030291666666666717,1.0024617921024646,-0.002461792102464555,-336.5
0.6,0.6,11,6,two-g,baseline2_matched_0.950,0.95,0.2985,0.2899999999999999,-0.04975000000000007,1.0044507134153955,-0.004450713415395491,-445.5
0.6,0.6,11,7,one,baseline2_all_hdv_yield,1.0,0.37649999999999995,0.37649999999999995,-0.06274999999999997,1.0020551455227296,-0.0020551455227295623,-505.5
0.6,0.6,11,7,one,baseline2_matched_0.050,0.05,0.010500000000000065,0.010500000000000065,-0.0017500000000000293,1.0000660037647042,-6.600376470422553e-05,-6.0
0.6,0.6,11,7,one,baseline2_matched_0.200,0.2,0.04500000000000004,0.04500000000000004,-0.007499999999999951,1.000516510592671,-0.0005165105926709934,-113.0
0.6,0.6,11,7,one,baseline2_matched_0.350,0.35,0.0655,0.0655,-0.010916666666666686,1.0009536298645862,-0.0009536298645862473,-154.0
0.6,0.6,11,7,one,baseline2_matched_0.500,0.5,0.09950000000000003,0.09950000000000003,-0.016583333333333283,1.0013885697669123,-0.001388569766912262,-191.0
0.6,0.6,11,7,one,baseline2_matched_0.650,0.65,0.15400000000000003,0.15400000000000003,-0.025666666666666615,1.001829425100981,-0.0018294251009809415,-249.0
0.6,0.6,11,7,one,baseline2_matched_0.800,0.8,0.1995,0.1995,-0.03325,1.001010293473908,-0.0010102934739080194,-323.0
0.6,0.6,11,7,one,baseline2_matched_0.950,0.95,0.3410000000000001,0.3410000000000001,-0.05683333333333329,1.0026168001997562,-0.0026168001997561863,-473.5
0.6,0.6,11,7,two-2g,baseline2_all_hdv_yield,1.0,0.3869999999999999,0.39149999999999996,-0.0645,1.0039915262575165,-0.003991526257516531,-571.5
0.6,0.6,11,7,two-2g,baseline2_matched_0.050,0.05,0.014249999999999985,0.015000000000000013,-0.002375000000000016,1.000081262742057,-8.12627420569978e-05,-53.5
0.6,0.6,11,7,two-2g,baseline2_matched_0.200,0.2,0.05224999999999991,0.05249999999999999,-0.008708333333333318,1.0016296137622325,-0.0016296137622324736,-159.5
0.6,0.6,11,7,two-2g,baseline2_matched_0.350,0.35,0.06974999999999998,0.07000000000000006,-0.011624999999999996,1.0016489175553671,-0.0016489175553671132,-166.5
0.6,0.6,11,7,two-2g,baseline2_matched_0.500,0.5,0.11849999999999994,0.11299999999999999,-0.019750000000000045,1.0012566146626636,-0.00125661466266358,-248.5
0.6,0.6,11,7,two-2g,baseline2_matched_0.650,0.65,0.14174999999999993,0.14350000000000007,-0.023625000000000007,1.0029786998210346,-0.0029786998210346027,-299.5
0.6,0.6,11,7,two-2g,baseline2_matched_0.800,0.8,0.18499999999999994,0.18300000000000005,-0.03083333333333338,1.0023740552038636,-0.0023740552038635787,-390.5
0.6,0.6,11,7,two-2g,baseline2_matched_0.950,0.95,0.32275,0.3235,-0.05379166666666668,1.0039074613519363,-0.003907461351936314,-485.0
0.6,0.6,11,7,two-g,baseline2_all_hdv_yield,1.0,0.3869999999999999,0.39149999999999996,-0.0645,1.0039915262575165,-0.003991526257516531,-571.5
0.6,0.6,11,7,two-g,baseline2_matched_0.050,0.05,0.007749999999999924,0.006000000000000005,-0.001291666666666691,1.000370508287554,-0.00037050828755402776,-13.5
0.6,0.6,11,7,two-g,baseline2_matched_0.200,0.2,0.021499999999999964,0.021500000000000075,-0.0035833333333333828,1.0006351570643799,-0.0006351570643798876,-93.5
0.6,0.6,11,7,two-g,baseline2_matched_0.350,0.35,0.07650000000000001,0.0675,-0.012750000000000039,1.0018435122442078,-0.0018435122442077567,-166.0
0.6,0.6,11,7,two-g,baseline2_matched_0.500,0.5,0.08975,0.09199999999999997,-0.014958333333333407,1.0016710235120176,-0.0016710235120176442,-217.5
0.6,0.6,11,7,two-g,baseline2_matched_0.650,0.65,0.14400000000000002,0.14850000000000008,-0.02400000000000002,1.0017143013708183,-0.0017143013708182941,-262.0
0.6,0.6,11,7,two-g,baseline2_matched_0.800,0.8,0.23199999999999998,0.22899999999999998,-0.03866666666666663,1.002329220587557,-0.0023292205875569127,-393.0
0.6,0.6,11,7,two-g,baseline2_matched_0.950,0.95,0.27025,0.273,-0.04504166666666665,1.003602025528331,-0.0036020255283311098,-493.5
0.6,0.6,11,8,one,baseline2_all_hdv_yield,1.0,0.42499999999999993,0.42499999999999993,-0.0708333333333333,1.0028046146453886,-0.0028046146453886145,-611.5
0.6,0.6,11,8,one,baseline2_matched_0.050,0.05,0.022499999999999964,0.022499999999999964,-0.003750000000000031,1.0001408838361474,-0.00014088383614740962,-84.0
0.6,0.6,11,8,one,baseline2_matched_0.200,0.2,0.029999999999999916,0.029999999999999916,-0.0050000000000000044,1.0003150448697926,-0.00031504486979261337,-138.0
0.6,0.6,11,8,one,baseline2_matched_0.350,0.35,0.07399999999999995,0.07399999999999995,-0.012333333333333307,1.0009774788013386,-0.0009774788013385827,-197.0
0.6,0.6,11,8,one,baseline2_matched_0.500,0.5,0.13149999999999995,0.13149999999999995,-0.021916666666666695,1.0008953743140496,-0.000895374314049624,-255.0
0.6,0.6,11,8,one,baseline2_matched_0.650,0.65,0.1399999999999999,0.1399999999999999,-0.023333333333333317,1.0010682913403146,-0.0010682913403146088,-288.0
0.6,0.6,11,8,one,baseline2_matched_0.800,0.8,0.241,0.241,-0.040166666666666684,1.0016047695243127,-0.0016047695243126547,-439.0
0.6,0.6,11,8,one,baseline2_matched_0.950,0.95,0.362,0.362,-0.06033333333333335,1.0032313091778229,-0.003231309177822883,-556.5
0.6,0.6,11,8,two-2g,baseline2_all_hdv_yield,1.0,0.3727499999999999,0.372,-0.062124999999999986,1.00626651836757,-0.006266518367570084,-531.5
0.6,0.6,11,8,two-2g,baseline2_matched_0.050,0.05,0.0017500000000000293,-0.0050000000000000044,-0.00029166666666657903,0.9991854957260303,0.000814504273969674,-6.5
0.6,0.6,11,8,two-2g,baseline2_matched_0.200,0.2,0.03049999999999997,0.02749999999999997,-0.005083333333333329,1.0013505588438893,-0.001350558843889349,-72.0
0.6,0.6,11,8,two-2g,baseline2_matched_0.350,0.35,0.05125000000000002,0.04349999999999998,-0.00854166666666667,1.0008726831506811,-0.0008726831506811195,-181.0
0.6,0.6,11,8,two-2g,baseline2_matched_0.500,0.5,0.10875000000000001,0.10450000000000004,-0.018125000000000058,1.0021572851931664,-0.0021572851931663806,-205.5
0.6,0.6,11,8,two-2g,baseline2_matched_0.650,0.65,0.17074999999999996,0.15849999999999997,-0.028458333333333252,1.0009423733559424,-0.000942373355942383,-293.0
0.6,0.6,11,8,two-2g,baseline2_matched_0.800,0.8,0.19299999999999995,0.1855,-0.03216666666666668,1.0033781082531565,-0.003378108253156542,-333.0
0.6,0.6,11,8,two-2g,baseline2_matched_0.950,0.95,0.33175,0.3330000000000001,-0.05529166666666663,1.0033728192643647,-0.0033728192643647237,-480.75
0.6,0.6,11,8,two-g,baseline2_all_hdv_yield,1.0,0.3727499999999999,0.372,-0.062124999999999986,1.00626651836757,-0.006266518367570084,-531.5
0.6,0.6,11,8,two-g,baseline2_matched_0.050,0.05,0.01849999999999996,0.014499999999999957,-0.003083333333333327,0.9991291835512436,0.0008708164487564174,-56.5
0.6,0.6,11,8,two-g,baseline2_matched_0.200,0.2,0.035499999999999976,0.034499999999999975,-0.005916666666666681,1.001289579914287,-0.001289579914286909,-96.5
0.6,0.6,11,8,two-g,baseline2_matched_0.350,0.35,0.050999999999999934,0.051000000000000045,-0.008499999999999952,1.0000015555849373,-1.5555849373072306e-06,-148.5
0.6,0.6,11,8,two-g,baseline2_matched_0.500,0.5,0.09724999999999995,0.09550000000000003,-0.01620833333333338,1.0014308270267336,-0.0014308270267335832,-201.0
0.6,0.6,11,8,two-g,baseline2_matched_0.650,0.65,0.13224999999999998,0.13150000000000006,-0.022041666666666737,1.0028445426191375,-0.002844542619137469,-249.0
0.6,0.6,11,8,two-g,baseline2_matched_0.800,0.8,0.22250000000000003,0.22150000000000003,-0.03708333333333336,1.004664576997563,-0.0046645769975630635,-393.5
0.6,0.6,11,8,two-g,baseline2_matched_0.950,0.95,0.28700000000000003,0.28800000000000003,-0.047833333333333394,1.0046462210952867,-0.004646221095286673,-447.5
0.6,0.6,11,9,one,baseline2_all_hdv_yield,1.0,0.39150000000000007,0.39150000000000007,-0.06525000000000003,1.0024718854165915,-0.0024718854165914905,-510.5
0.6,0.6,11,9,one,baseline2_matched_0.050,0.05,-0.014000000000000012,-0.014000000000000012,0.0023333333333334094,1.0009168391123262,-0.0009168391123262065,50.0
0.6,0.6,11,9,one,baseline2_matched_0.200,0.2,0.04349999999999998,0.04349999999999998,-0.007249999999999979,1.0006291788950783,-0.0006291788950782973,-104.0
0.6,0.6,11,9,one,baseline2_matched_0.350,0.35,0.04849999999999999,0.04849999999999999,-0.008083333333333331,1.0017474424235928,-0.0017474424235928154,-119.0
0.6,0.6,11,9,one,baseline2_matched_0.500,0.5,0.08699999999999997,0.08699999999999997,-0.014499999999999957,1.0010441692301317,-0.0010441692301317307,-126.0
0.6,0.6,11,9,one,baseline2_matched_0.650,0.65,0.14749999999999996,0.14749999999999996,-0.02458333333333329,1.0018635650004686,-0.001863565000468581,-311.0
0.6,0.6,11,9,one,baseline2_matched_0.800,0.8,0.235,0.235,-0.03916666666666668,1.0026870079383612,-0.0026870079383611856,-383.0
0.6,0.6,11,9,one,baseline2_matched_0.950,0.95,0.3204999999999999,0.3204999999999999,-0.05341666666666667,1.0032181208502906,-0.0032181208502906067,-450.5
0.6,0.6,11,9,two-2g,baseline2_all_hdv_yield,1.0,0.36924999999999997,0.372,-0.06154166666666672,1.0043580333195046,-0.004358033319504573,-524.75
0.6,0.6,11,9,two-2g,baseline2_matched_0.050,0.05,0.019000000000000017,0.021499999999999964,-0.003166666666666651,1.0011392614795098,-0.0011392614795098233,-24.5
0.6,0.6,11,9,two-2g,baseline2_matched_0.200,0.2,0.04399999999999993,0.041999999999999926,-0.007333333333333303,1.001301523707728,-0.0013015237077280695,-68.0
0.6,0.6,11,9,two-2g,baseline2_matched_0.350,0.35,0.05499999999999994,0.05799999999999994,-0.009166666666666656,1.002888329951054,-0.002888329951054036,-93.0
0.6,0.6,11,9,two-2g,baseline2_matched_0.500,0.5,0.10349999999999993,0.10399999999999998,-0.0172500000000001,1.0017197927528292,-0.0017197927528291856,-165.0
0.6,0.6,11,9,two-2g,baseline2_matched_0.650,0.65,0.15925,0.16099999999999992,-0.026541666666666797,1.003100423189857,-0.003100423189857038,-307.5
0.6,0.6,11,9,two-2g,baseline2_matched_0.800,0.8,0.20924999999999994,0.21250000000000002,-0.0348750000000001,1.0031421566612244,-0.0031421566612244156,-357.0
0.6,0.6,11,9,two-2g,baseline2_matched_0.950,0.95,0.30874999999999997,0.3045,-0.051458333333333384,1.0041879849958857,-0.004187984995885685,-475.0
0.6,0.6,11,9,two-g,baseline2_all_hdv_yield,1.0,0.36924999999999997,0.372,-0.06154166666666672,1.0043580333195046,-0.004358033319504573,-524.75
0.6,0.6,11,9,two-g,baseline2_matched_0.050,0.05,-0.0040000000000000036,-0.0025000000000000577,0.0006666666666667043,1.000965787273911,-0.0009657872739110562,-11.5
0.6,0.6,11,9,two-g,baseline2_matched_0.200,0.2,0.03874999999999995,0.03249999999999997,-0.006458333333333344,1.0012968520504864,-0.0012968520504863523,-61.5
0.6,0.6,11,9,two-g,baseline2_matched_0.350,0.35,0.07074999999999998,0.07650000000000001,-0.011791666666666756,1.001050499991902,-0.0010504999919020985,-126.0
0.6,0.6,11,9,two-g,baseline2_matched_0.500,0.5,0.09075,0.09399999999999997,-0.015125000000000055,1.002603981746899,-0.00260398174689902,-151.0
0.6,0.6,11,9,two-g,baseline2_matched_0.650,0.65,0.16299999999999992,0.13449999999999995,-0.027166666666666672,1.0045128208961365,-0.004512820896136471,-258.0
0.6,0.6,11,9,two-g,baseline2_matched_0.800,0.8,0.242,0.244,-0.04033333333333344,1.005079337197727,-0.0050793371977269075,-403.5
0.6,0.6,11,9,two-g,baseline2_matched_0.950,0.95,0.3085,0.3135,-0.05141666666666678,1.0044495978014574,-0.004449597801457372,-480.0
0.65,0.65,12,0,one,baseline2_all_hdv_yield,1.0,0.3444999999999999,0.3444999999999999,-0.05741666666666656,1.0025519513269094,-0.0025519513269094407,-672.0
0.65,0.65,12,0,one,baseline2_matched_0.050,0.05,0.03049999999999997,0.03049999999999997,-0.005083333333333329,1.0005672978907914,-0.0005672978907913517,-80.0
0.65,0.65,12,0,one,baseline2_matched_0.200,0.2,0.03249999999999997,0.03249999999999997,-0.005416666666666625,1.0000135155610335,-1.351556103346141e-05,-108.0
0.65,0.65,12,0,one,baseline2_matched_0.350,0.35,0.04049999999999998,0.04049999999999998,-0.006749999999999923,1.0007771447594862,-0.0007771447594862035,-135.0
0.65,0.65,12,0,one,baseline2_matched_0.500,0.5,0.06099999999999994,0.06099999999999994,-0.010166666666666657,1.0007846138853203,-0.0007846138853202511,-177.0
0.65,0.65,12,0,one,baseline2_matched_0.650,0.65,0.14100000000000001,0.14100000000000001,-0.023499999999999965,1.0012028849320702,-0.001202884932070214,-422.0
0.65,0.65,12,0,one,baseline2_matched_0.800,0.8,0.20550000000000002,0.20550000000000002,-0.03424999999999989,1.0014913354583632,-0.0014913354583632188,-477.0
0.65,0.65,12,0,one,baseline2_matched_0.950,0.95,0.30799999999999994,0.30799999999999994,-0.05133333333333323,1.001031095037872,-0.0010310950378720207,-630.0
0.65,0.65,12,0,two-2g,baseline2_all_hdv_yield,1.0,0.36449999999999994,0.36750000000000005,-0.06074999999999997,1.003916749592367,-0.003916749592367097,-779.0
0.65,0.65,12,0,two-2g,baseline2_matched_0.050,0.05,0.007000000000000006,0.0010000000000000009,-0.0011666666666666492,1.0003294495524138,-0.00032944955241376306,-52.5
0.65,0.65,12,0,two-2g,baseline2_matched_0.200,0.2,0.03499999999999992,0.03049999999999997,-0.005833333333333357,1.0005831185922298,-0.0005831185922298143,-126.5
0.65,0.65,12,0,two-2g,baseline2_matched_0.350,0.35,0.03425,0.02749999999999997,-0.005708333333333315,1.0008115274611848,-0.0008115274611848466,-105.5
0.65,0.65,12,0,two-2g,baseline2_matched_0.500,0.5,0.09449999999999992,0.09750000000000003,-0.015750000000000042,1.0010413594383558,-0.0010413594383558156,-265.5
0.65,0.65,12,0,two-2g,baseline2_matched_0.650,0.65,0.15049999999999997,0.14200000000000002,-0.025083333333333346,1.0022869349059629,-0.0022869349059628785,-411.5
0.65,0.65,12,0,two-2g,baseline2_matched_0.800,0.8,0.1459999999999999,0.133,-0.024333333333333318,1.001878147070405,-0.0018781470704050118,-444.0
0.65,0.65,12,0,two-2g,baseline2_matched_0.950,0.95,0.36624999999999996,0.36850000000000005,-0.06104166666666666,1.0035132984126287,-0.003513298412628707,-721.5
0.65,0.65,12,0,two-g,baseline2_all_hdv_yield,1.0,0.36449999999999994,0.36750000000000005,-0.06074999999999997,1.003916749592367,-0.003916749592367097,-779.0
0.65,0.65,12,0,two-g,baseline2_matched_0.050,0.05,0.0050000000000000044,0.0045000000000000595,-0.0008333333333333526,1.0002266299836793,-0.0002266299836792829,-28.5
0.65,0.65,12,0,two-g,baseline2_matched_0.200,0.2,0.015499999999999958,0.01550000000000007,-0.002583333333333382,1.0006048209925535,-0.0006048209925535453,-67.5
0.65,0.65,12,0,two-g,baseline2_matched_0.350,0.35,0.0635,0.04500000000000004,-0.010583333333333389,1.0009385398696218,-0.0009385398696217795,-196.5
0.65,0.65,12,0,two-g,baseline2_matched_0.500,0.5,0.06174999999999997,0.061000000000000054,-0.010291666666666588,1.0010812064684533,-0.001081206468453333,-211.5
0.65,0.65,12,0,two-g,baseline2_matched_0.650,0.65,0.12574999999999992,0.128,-0.020958333333333412,1.002266655613861,-0.0022666556138610794,-335.5
0.65,0.65,12,0,two-g,baseline2_matched_0.800,0.8,0.20074999999999998,0.15949999999999998,-0.03345833333333337,1.00420030390476,-0.0042003039047600055,-488.0
0.65,0.65,12,0,two-g,baseline2_matched_0.950,0.95,0.29425,0.29600000000000004,-0.04904166666666665,1.0034684705037695,-0.0034684705037695274,-658.0
0.65,0.65,12,1,one,baseline2_all_hdv_yield,1.0,0.379,0.379,-0.0631666666666666,1.0021094622774005,-0.002109462277400498,-719.0
0.65,0.65,12,1,one,baseline2_matched_0.050,0.05,0.017000000000000015,0.017000000000000015,-0.0028333333333332433,0.9998260787297829,0.00017392127021709225,-10.0
0.65,0.65,12,1,one,baseline2_matched_0.200,0.2,0.04349999999999998,0.04349999999999998,-0.007249999999999979,1.0002126889971144,-0.00021268899711435196,-130.0
0.65,0.65,12,1,one,baseline2_matched_0.350,0.35,0.07250000000000001,0.07250000000000001,-0.012083333333333335,1.0006402009946596,-0.0006402009946595566,-182.0
0.65,0.65,12,1,one,baseline2_matched_0.500,0.5,0.09199999999999997,0.09199999999999997,-0.01533333333333331,1.0005096711251915,-0.0005096711251915131,-253.0
0.65,0.65,12,1,one,baseline2_matched_0.650,0.65,0.134,0.134,-0.022333333333333316,1.0006594070244972,-0.0006594070244971828,-333.0
0.65,0.65,12,1,one,baseline2_matched_0.800,0.8,0.20300000000000007,0.20300000000000007,-0.03383333333333327,1.0009631468297442,-0.0009631468297441881,-460.0
0.65,0.65,12,1,one,baseline2_matched_0.950,0.95,0.241,0.241,-0.040166666666666684,1.0018035884688417,-0.0018035884688416548,-585.0
0.65,0.65,12,1,two-2g,baseline2_all_hdv_yield,1.0,0.37850000000000006,0.381,-0.06308333333333338,1.0043299948579527,-0.0043299948579527126,-746.5
0.65,0.65,12,1,two-2g,baseline2_matched_0.050,0.05,0.00725000000000009,0.0020000000000000018,-0.0012083333333333668,1.000507799364095,-0.0005077993640949519,-18.5
0.65,0.65,12,1,two-2g,baseline2_matched_0.200,0.2,0.03375000000000006,0.03200000000000003,-0.005624999999999991,1.0007736200543385,-0.000773620054338453,-95.0
0.65,0.65,12,1,two-2g,baseline2_matched_0.350,0.35,0.04125000000000001,0.04500000000000004,-0.0068749999999999645,1.0017340618789274,-0.0017340618789274398,-148.0
0.65,0.65,12,1,two-2g,baseline2_matched_0.500,0.5,0.1050000000000001,0.10999999999999999,-0.01750000000000007,1.001228753471771,-0.0012287534717709825,-291.0
0.65,0.65,12,1,two-2g,baseline2_matched_0.650,0.65,0.11250000000000004,0.11650000000000005,-0.018750000000000044,1.0023546660071556,-0.0023546660071556147,-359.5
0.65,0.65,12,1,two-2g,baseline2_matched_0.800,0.8,0.15500000000000003,0.14500000000000002,-0.025833333333333375,1.0019977474632307,-0.00199774746323067,-424.5
0.65,0.65,12,1,two-2g,baseline2_matched_0.950,0.95,0.267,0.25750000000000006,-0.044499999999999984,1.0029734908804289,-0.002973490880428864,-606.0
0.65,0.65,12,1,two-g,baseline2_all_hdv_yield,1.0,0.37850000000000006,0.381,-0.06308333333333338,1.0043299948579527,-0.0043299948579527126,-746.5
0.65,0.65,12,1,two-g,baseline2_matched_0.050,0.05,0.008750000000000036,0.011500000000000066,-0.0014583333333333393,0.9999558744771235,4.412552287647031e-05,-11.0
0.65,0.65,12,1,two-g,baseline2_matched_0.200,0.2,0.010250000000000092,0.0015000000000000568,-0.0017083333333334227,1.0004544217154507,-0.00045442171545073684,-38.5
0.65,0.65,12,1,two-g,baseline2_matched_0.350,0.35,0.038000000000000034,0.04200000000000004,-0.006333333333333302,1.001309887497711,-0.0013098874977111041,-122.0
0.65,0.65,12,1,two-g,baseline2_matched_0.500,0.5,0.05800000000000005,0.056499999999999995,-0.009666666666666712,1.0017575480443326,-0.0017575480443325908,-202.0
0.65,0.65,12,1,two-g,baseline2_matched_0.650,0.65,0.12375000000000003,0.12450000000000006,-0.020625000000000115,1.0019201719472,-0.0019201719471999557,-330.0
0.65,0.65,12,1,two-g,baseline2_matched_0.800,0.8,0.1967500000000001,0.1965,-0.03279166666666666,1.0026905893426201,-0.00269058934262012,-482.5
0.65,0.65,12,1,two-g,baseline2_matched_0.950,0.95,0.2815000000000001,0.273,-0.04691666666666672,1.0030941243663627,-0.003094124366362694,-618.0
0.65,0.65,12,2,one,baseline2_all_hdv_yield,1.0,0.361,0.361,-0.0601666666666667,1.0035250037063155,-0.003525003706315477,-787.0
0.65,0.65,12,2,one,baseline2_matched_0.050,0.05,0.0010000000000000009,0.0010000000000000009,-0.0001666666666666483,0.9999953782099635,4.621790036463125e-06,-3.0
0.65,0.65,12,2,one,baseline2_matched_0.200,0.2,0.024499999999999966,0.024499999999999966,-0.004083333333333328,1.0005627918171547,-0.0005627918171546842,-97.0
0.65,0.65,12,2,one,baseline2_matched_0.350,0.35,0.052999999999999936,0.052999999999999936,-0.008833333333333249,1.0004518688563506,-0.00045186885635062346,-180.0
0.65,0.65,12,2,one,baseline2_matched_0.500,0.5,0.10449999999999993,0.10449999999999993,-0.017416666666666636,1.0012119755557072,-0.0012119755557071787,-315.0
0.65,0.65,12,2,one,baseline2_matched_0.650,0.65,0.1875,0.1875,-0.03125,1.0011326940805152,-0.0011326940805151953,-426.0
0.65,0.65,12,2,one,baseline2_matched_0.800,0.8,0.20799999999999996,0.20799999999999996,-0.03466666666666662,1.002251522790932,-0.0022515227909321034,-475.0
0.65,0.65,12,2,one,baseline2_matched_0.950,0.95,0.3244999999999999,0.3244999999999999,-0.05408333333333326,1.0024740797571612,-0.002474079757161185,-680.0
0.65,0.65,12,2,two-2g,baseline2_all_hdv_yield,1.0,0.346,0.354,-0.05766666666666653,1.0033591621904523,-0.0033591621904522917,-737.5
0.65,0.65,12,2,two-2g,baseline2_matched_0.050,0.05,0.014249999999999985,0.023499999999999965,-0.002374999999999905,1.0001436846506018,-0.00014368465060177193,-39.5
0.65,0.65,12,2,two-2g,baseline2_matched_0.200,0.2,0.03199999999999992,0.03949999999999998,-0.00533333333333319,1.000454882841884,-0.00045488284188399675,-114.5
0.65,0.65,12,2,two-2g,baseline2_matched_0.350,0.35,0.05599999999999994,0.06499999999999995,-0.009333333333333194,1.000594655286653,-0.0005946552866529231,-197.0
0.65,0.65,12,2,two-2g,baseline2_matched_0.500,0.5,0.09824999999999995,0.10549999999999993,-0.016374999999999917,1.0017789866888984,-0.0017789866888984207,-303.5
0.65,0.65,12,2,two-2g,baseline2_matched_0.650,0.65,0.11449999999999994,0.12449999999999994,-0.01908333333333323,1.0017843215150353,-0.0017843215150352698,-409.0
0.65,0.65,12,2,two-2g,baseline2_matched_0.800,0.8,0.18874999999999997,0.19199999999999995,-0.031458333333333255,1.003745403602718,-0.0037454036027180226,-508.5
0.65,0.65,12,2,two-2g,baseline2_matched_0.950,0.95,0.27149999999999996,0.2825,-0.0452499999999999,1.0019461445745006,-0.0019461445745005967,-614.0
0.65,0.65,12,2,two-g,baseline2_all_hdv_yield,1.0,0.346,0.354,-0.05766666666666653,1.0033591621904523,-0.0033591621904522917,-737.5
0.65,0.65,12,2,two-g,baseline2_matched_0.050,0.05,0.015499999999999958,0.021499999999999964,-0.002583333333333271,1.0003133321217361,-0.0003133321217361207,-61.0
0.65,0.65,12,2,two-g,baseline2_matched_0.200,0.2,0.04149999999999998,0.050999999999999934,-0.006916666666666571,1.0009876541453546,-0.0009876541453546217,-128.0
0.65,0.65,12,2,two-g,baseline2_matched_0.350,0.35,0.06899999999999995,0.061999999999999944,-0.011499999999999955,1.0006255972782443,-0.0006255972782442942,-236.5
0.65,0.65,12,2,two-g,baseline2_matched_0.500,0.5,0.09449999999999992,0.09999999999999998,-0.01574999999999993,1.0018618543215474,-0.001861854321547396,-310.5
0.65,0.65,12,2,two-g,baseline2_matched_0.650,0.65,0.10975000000000001,0.11699999999999999,-0.018291666666666595,1.001993802354651,-0.0019938023546510752,-337.5
0.65,0.65,12,2,two-g,baseline2_matched_0.800,0.8,0.1885,0.18699999999999994,-0.03141666666666654,1.0020919631555578,-0.002091963155557819,-467.0
0.65,0.65,12,2,two-g,baseline2_matched_0.950,0.95,0.29274999999999995,0.3015,-0.04879166666666657,1.0027108029873597,-0.002710802987359706,-701.5
0.65,0.65,12,3,one,baseline2_all_hdv_yield,1.0,0.4195,0.4195,-0.06991666666666674,1.0034632855848225,-0.003463285584822451,-817.0
0.65,0.65,12,3,one,baseline2_matched_0.050,0.05,0.023499999999999965,0.023499999999999965,-0.003916666666666679,0.9995374707322352,0.00046252926776479963,-74.0
0.65,0.65,12,3,one,baseline2_matched_0.200,0.2,0.05449999999999999,0.05449999999999999,-0.009083333333333332,0.9993346257154196,0.0006653742845803556,-141.0
0.65,0.65,12,3,one,baseline2_matched_0.350,0.35,0.0685,0.0685,-0.011416666666666742,0.9994110034362882,0.0005889965637118078,-227.0
0.65,0.65,12,3,one,baseline2_matched_0.500,0.5,0.09949999999999992,0.09949999999999992,-0.016583333333333394,0.999992539850522,7.460149477944711e-06,-299.0
0.65,0.65,12,3,one,baseline2_matched_0.650,0.65,0.14300000000000002,0.14300000000000002,-0.023833333333333373,1.0004049795432046,-0.00040497954320461993,-401.0
0.65,0.65,12,3,one,baseline2_matched_0.800,0.8,0.20599999999999996,0.20599999999999996,-0.03433333333333333,1.0017289784533117,-0.0017289784533116581,-469.0
0.65,0.65,12,3,one,baseline2_matched_0.950,0.95,0.3225,0.3225,-0.053750000000000075,1.0016202734180322,-0.0016202734180321698,-703.0
0.65,0.65,12,3,two-2g,baseline2_all_hdv_yield,1.0,0.3105,0.30899999999999994,-0.05174999999999996,1.002556982142707,-0.002556982142706943,-661.5
0.65,0.65,12,3,two-2g,baseline2_matched_0.050,0.05,-0.009499999999999953,-0.01200000000000001,0.00158333333333327,0.9993190857838198,0.0006809142161802173,57.0
0.65,0.65,12,3,two-2g,baseline2_matched_0.200,0.2,0.037250000000000005,0.02300000000000002,-0.006208333333333371,1.000065035126076,-6.503512607602957e-05,-113.0
0.65,0.65,12,3,two-2g,baseline2_matched_0.350,0.35,0.03225,0.030999999999999917,-0.005374999999999908,1.0001176318400617,-0.00011763184006174932,-92.5
0.65,0.65,12,3,two-2g,baseline2_matched_0.500,0.5,0.09200000000000008,0.08899999999999997,-0.01533333333333331,1.000723204817293,-0.0007232048172929328,-238.0
0.65,0.65,12,3,two-2g,baseline2_matched_0.650,0.65,0.1412500000000001,0.119,-0.023541666666666683,1.0013188270648496,-0.001318827064849648,-375.0
0.65,0.65,12,3,two-2g,baseline2_matched_0.800,0.8,0.20750000000000002,0.19999999999999996,-0.0345833333333333,1.002315321564939,-0.002315321564938966,-494.5
0.65,0.65,12,3,two-2g,baseline2_matched_0.950,0.95,0.26050000000000006,0.26,-0.04341666666666666,1.0035900811126655,-0.0035900811126654553,-647.0
0.65,0.65,12,3,two-g,baseline2_all_hdv_yield,1.0,0.3105,0.30899999999999994,-0.05174999999999996,1.002556982142707,-0.002556982142706943,-661.5
0.65,0.65,12,3,two-g,baseline2_matched_0.050,0.05,-0.0004999999999999449,-0.00550000000000006,8.333333333343518e-05,0.9996478152462244,0.00035218475377563063,19.0
0.65,0.65,12,3,two-g,baseline2_matched_0.200,0.2,0.02400000000000002,0.022499999999999964,-0.0040000000000000036,0.999587755484986,0.00041224451501398196,-79.0
0.65,0.65,12,3,two-g,baseline2_matched_0.350,0.35,0.05075000000000007,0.04949999999999999,-0.008458333333333234,1.000050819797973,-5.0819797972945224e-05,-144.0
0.65,0.65,12,3,two-g,baseline2_matched_0.500,0.5,0.0737500000000001,0.07250000000000001,-0.01229166666666659,1.0003436555569172,-0.0003436555569171773,-189.0
0.65,0.65,12,3,two-g,baseline2_matched_0.650,0.65,0.13150000000000006,0.13,-0.021916666666666695,1.0016400934799985,-0.0016400934799984945,-355.5
0.65,0.65,12,3,two-g,baseline2_matched_0.800,0.8,0.2005,0.2015,-0.03341666666666665,1.003147629025427,-0.00314762902542709,-515.0
0.65,0.65,12,3,two-g,baseline2_matched_0.950,0.95,0.24475000000000002,0.24249999999999994,-0.04079166666666667,1.0031110245555588,-0.0031110245555587834,-556.0
0.65,0.65,12,4,one,baseline2_all_hdv_yield,1.0,0.35849999999999993,0.35849999999999993,-0.05974999999999997,1.0015568183595778,-0.0015568183595777718,-835.0
0.65,0.65,12,4,one,baseline2_matched_0.050,0.05,0.021499999999999964,0.021499999999999964,-0.0035833333333332718,1.0005311456106887,-0.0005311456106886769,-109.0
0.65,0.65,12,4,one,baseline2_matched_0.200,0.2,0.0655,0.0655,-0.010916666666666686,1.0010917993108608,-0.001091799310860786,-229.0
0.65,0.65,12,4,one,baseline2_matched_0.350,0.35,0.09599999999999997,0.09599999999999997,-0.016000000000000014,1.0007192152412483,-0.0007192152412482944,-323.0
0.65,0.65,12,4,one,baseline2_matched_0.500,0.5,0.10999999999999999,0.10999999999999999,-0.018333333333333313,1.0003146344481009,-0.00031463444810087005,-344.0
0.65,0.65,12,4,one,baseline2_matched_0.650,0.65,0.14200000000000002,0.14200000000000002,-0.023666666666666614,1.0014298980228862,-0.001429898022886178,-443.0
0.65,0.65,12,4,one,baseline2_matched_0.800,0.8,0.20499999999999996,0.20499999999999996,-0.03416666666666668,1.0016215228449505,-0.0016215228449505403,-543.0
0.65,0.65,12,4,one,baseline2_matched_0.950,0.95,0.3385,0.3385,-0.05641666666666667,1.0026646160322075,-0.0026646160322074675,-751.0
0.65,0.65,12,4,two-2g,baseline2_all_hdv_yield,1.0,0.346,0.353,-0.05766666666666653,1.0029132204583409,-0.0029132204583408594,-713.5
0.65,0.65,12,4,two-2g,baseline2_matched_0.050,0.05,-0.008750000000000036,0.0004999999999999449,0.0014583333333333393,0.999938826282648,6.117371735203658e-05,-3.5
0.65,0.65,12,4,two-2g,baseline2_matched_0.200,0.2,0.004750000000000032,0.00649999999999995,-0.000791666666666524,1.0005085954407829,-0.0005085954407828552,-30.0
0.65,0.65,12,4,two-2g,baseline2_matched_0.350,0.35,0.05125000000000002,0.0625,-0.008541666666666559,1.0014891532241594,-0.001489153224159434,-166.5
0.65,0.65,12,4,two-2g,baseline2_matched_0.500,0.5,0.0685,0.07450000000000001,-0.01141666666666663,1.0015958515683772,-0.0015958515683771601,-222.0
0.65,0.65,12,4,two-2g,baseline2_matched_0.650,0.65,0.10175000000000001,0.11299999999999999,-0.016958333333333298,1.0016161242537813,-0.0016161242537813258,-305.0
0.65,0.65,12,4,two-2g,baseline2_matched_0.800,0.8,0.21050000000000002,0.18899999999999995,-0.035083333333333244,1.0033403694963672,-0.0033403694963671793,-509.0
0.65,0.65,12,4,two-2g,baseline2_matched_0.950,0.95,0.29925,0.3065,-0.04987499999999989,1.0038066412606066,-0.0038066412606065914,-703.5
0.65,0.65,12,4,two-g,baseline2_all_hdv_yield,1.0,0.346,0.353,-0.05766666666666653,1.0029132204583409,-0.0029132204583408594,-713.5
0.65,0.65,12,4,two-g,baseline2_matched_0.050,0.05,0.0044999999999999485,0.014000000000000012,-0.0007499999999999174,1.0001824541686195,-0.0001824541686195058,-33.5
0.65,0.65,12,4,two-g,baseline2_matched_0.200,0.2,0.02574999999999994,0.02400000000000002,-0.004291666666666583,1.000169650367309,-0.0001696503673089822,-85.5
0.65,0.65,12,4,two-g,baseline2_matched_0.350,0.35,0.046499999999999986,0.056499999999999995,-0.007749999999999924,1.0016765866488366,-0.001676586648836631,-190.0
0.65,0.65,12,4,two-g,baseline2_matched_0.500,0.5,0.08550000000000002,0.07750000000000001,-0.014249999999999874,1.0013020754606266,-0.0013020754606265506,-266.0
0.65,0.65,12,4,two-g,baseline2_matched_0.650,0.65,0.11924999999999997,0.13,-0.019874999999999976,1.0022371086171387,-0.002237108617138661,-366.0
0.65,0.65,12,4,two-g,baseline2_matched_0.800,0.8,0.20899999999999996,0.21450000000000002,-0.03483333333333327,1.0028751647155694,-0.002875164715569367,-534.5
0.65,0.65,12,4,two-g,baseline2_matched_0.950,0.95,0.263,0.266,-0.04383333333333328,1.0031383539646443,-0.003138353964644347,-622.0
0.65,0.65,12,5,one,baseline2_all_hdv_yield,1.0,0.377,0.377,-0.0628333333333333,1.0021069105172444,-0.0021069105172444313,-779.0
0.65,0.65,12,5,one,baseline2_matched_0.050,0.05,0.03200000000000003,0.03200000000000003,-0.005333333333333301,0.9994921951207412,0.000507804879258833,-78.0
0.65,0.65,12,5,one,baseline2_matched_0.200,0.2,0.05049999999999999,0.05049999999999999,-0.008416666666666628,1.0006151226354103,-0.0006151226354103034,-140.0
0.65,0.65,12,5,one,baseline2_matched_0.350,0.35,0.07250000000000001,0.07250000000000001,-0.012083333333333335,1.0001943801742144,-0.00019438017421435916,-181.0
0.65,0.65,12,5,one,baseline2_matched_0.500,0.5,0.10549999999999993,0.10549999999999993,-0.017583333333333284,0.9999314161359697,6.85838640303027e-05,-259.0
0.65,0.65,12,5,one,baseline2_matched_0.650,0.65,0.15949999999999998,0.15949999999999998,-0.026583333333333292,1.0016783502062647,-0.0016783502062647226,-431.0
0.65,0.65,12,5,one,baseline2_matched_0.800,0.8,0.1895,0.1895,-0.0315833333333333,1.0004847066867129,-0.00048470668671285466,-515.0
0.65,0.65,12,5,one,baseline2_matched_0.950,0.95,0.30299999999999994,0.30299999999999994,-0.05049999999999999,1.0017607929858239,-0.001760792985823878,-687.0
0.65,0.65,12,5,two-2g,baseline2_all_hdv_yield,1.0,0.37625,0.36949999999999994,-0.06270833333333337,1.0030039467238465,-0.003003946723846518,-769.5
0.65,0.65,12,5,two-2g,baseline2_matched_0.050,0.05,0.01375000000000004,0.0024999999999999467,-0.002291666666666692,0.9999424095420942,5.759045790576511e-05,-34.5
0.65,0.65,12,5,two-2g,baseline2_matched_0.200,0.2,0.01924999999999999,0.014499999999999957,-0.0032083333333333686,1.0000924291299635,-9.242912996354491e-05,-55.5
0.65,0.65,12,5,two-2g,baseline2_matched_0.350,0.35,0.05300000000000005,0.03299999999999992,-0.00883333333333336,1.000931401232719,-0.0009314012327190646,-163.0
0.65,0.65,12,5,two-2g,baseline2_matched_0.500,0.5,0.07950000000000002,0.07299999999999995,-0.013249999999999984,1.0011734944538933,-0.0011734944538932535,-192.5
0.65,0.65,12,5,two-2g,baseline2_matched_0.650,0.65,0.15949999999999998,0.15049999999999997,-0.026583333333333403,1.0020629470814761,-0.002062947081476141,-450.0
0.65,0.65,12,5,two-2g,baseline2_matched_0.800,0.8,0.17374999999999996,0.17399999999999993,-0.02895833333333342,1.0010387612221359,-0.0010387612221358644,-494.5
0.65,0.65,12,5,two-2g,baseline2_matched_0.950,0.95,0.29574999999999996,0.27849999999999997,-0.049291666666666734,1.0021816829638153,-0.002181682963815268,-682.5
0.65,0.65,12,5,two-g,baseline2_all_hdv_yield,1.0,0.37625,0.36949999999999994,-0.06270833333333337,1.0030039467238465,-0.003003946723846518,-769.5
0.65,0.65,12,5,two-g,baseline2_matched_0.050,0.05,0.0024999999999999467,-0.0015000000000000568,-0.0004166666666667318,1.0001272678020268,-0.0001272678020267648,1.0
0.65,0.65,12,5,two-g,baseline2_matched_0.200,0.2,0.01924999999999999,0.020499999999999963,-0.0032083333333333686,1.0016470159966344,-0.0016470159966344156,-51.0
0.65,0.65,12,5,two-g,baseline2_matched_0.350,0.35,0.04849999999999999,0.04949999999999999,-0.008083333333333442,1.0009239358029915,-0.000923935802991549,-162.5
0.65,0.65,12,5,two-g,baseline2_matched_0.500,0.5,0.10099999999999998,0.10149999999999992,-0.016833333333333478,1.0015606303097857,-0.0015606303097857044,-286.5
0.65,0.65,12,5,two-g,baseline2_matched_0.650,0.65,0.12924999999999998,0.126,-0.021541666666666792,1.0019939807306564,-0.001993980730656375,-346.5
0.65,0.65,12,5,two-g,baseline2_matched_0.800,0.8,0.18074999999999997,0.17999999999999994,-0.03012500000000007,1.0019850933143162,-0.0019850933143161775,-481.5
0.65,0.65,12,5,two-g,baseline2_matched_0.950,0.95,0.26825,0.262,-0.04470833333333335,1.0037643540661347,-0.003764354066134734,-656.0
0.65,0.65,12,6,one,baseline2_all_hdv_yield,1.0,0.36650000000000005,0.36650000000000005,-0.06108333333333338,1.0024490794091772,-0.0024490794091771573,-777.0
0.65,0.65,12,6,one,baseline2_matched_0.050,0.05,-0.007000000000000006,-0.007000000000000006,0.0011666666666666492,1.0002545052042042,-0.00025450520420422507,11.0
0.65,0.65,12,6,one,baseline2_matched_0.200,0.2,0.033499999999999974,0.033499999999999974,-0.0055833333333333846,1.000410905050365,-0.0004109050503648959,-98.0
0.65,0.65,12,6,one,baseline2_matched_0.350,0.35,0.04600000000000004,0.04600000000000004,-0.0076666666666667105,0.9998457328790131,0.0001542671209868729,-143.0
0.65,0.65,12,6,one,baseline2_matched_0.500,0.5,0.09099999999999997,0.09099999999999997,-0.015166666666666773,1.0007407665440842,-0.0007407665440841704,-289.0
0.65,0.65,12,6,one,baseline2_matched_0.650,0.65,0.132,0.132,-0.02200000000000002,1.0012870996430547,-0.0012870996430547343,-392.0
0.65,0.65,12,6,one,baseline2_matched_0.800,0.8,0.22550000000000003,0.22550000000000003,-0.03758333333333341,1.0022610441395912,-0.002261044139591162,-566.0
0.65,0.65,12,6,one,baseline2_matched_0.950,0.95,0.3115,0.3115,-0.05191666666666672,1.0028262163109425,-0.0028262163109424865,-701.0
0.65,0.65,12,6,two-2g,baseline2_all_hdv_yield,1.0,0.3742500000000001,0.376,-0.06237499999999996,1.003791275727657,-0.0037912757276570286,-734.0
0.65,0.65,12,6,two-2g,baseline2_matched_0.050,0.05,0.012250000000000094,0.0004999999999999449,-0.0020416666666666083,0.9997141075140644,0.00028589248593557937,-49.5
0.65,0.65,12,6,two-2g,baseline2_matched_0.200,0.2,0.044500000000000095,0.035499999999999976,-0.007416666666666738,1.0007495788064054,-0.0007495788064053599,-155.5
0.65,0.65,12,6,two-2g,baseline2_matched_0.350,0.35,0.0767500000000001,0.07299999999999995,-0.012791666666666646,1.000791538151355,-0.0007915381513550201,-264.5
0.65,0.65,12,6,two-2g,baseline2_matched_0.500,0.5,0.09675,0.09250000000000003,-0.016125000000000056,1.0011446367067454,-0.0011446367067453611,-311.5
0.65,0.65,12,6,two-2g,baseline2_matched_0.650,0.65,0.134,0.11399999999999999,-0.022333333333333427,1.0019219513513393,-0.0019219513513393238,-382.5
0.65,0.65,12,6,two-2g,baseline2_matched_0.800,0.8,0.21100000000000008,0.2025,-0.03516666666666668,1.0027984749556016,-0.002798474955601593,-479.5
0.65,0.65,12,6,two-2g,baseline2_matched_0.950,0.95,0.30325,0.3045,-0.050541666666666596,1.0036426400819836,-0.0036426400819835614,-651.0
0.65,0.65,12,6,two-g,baseline2_all_hdv_yield,1.0,0.3742500000000001,0.376,-0.06237499999999996,1.003791275727657,-0.0037912757276570286,-734.0
0.65,0.65,12,6,two-g,baseline2_matched_0.050,0.05,0.014500000000000068,0.01100000000000001,-0.0024166666666666226,0.999985065317897,1.493468210300719e-05,-45.5
0.65,0.65,12,6,two-g,baseline2_matched_0.200,0.2,0.038000000000000034,0.03699999999999992,-0.006333333333333302,1.0002741580928525,-0.0002741580928524723,-114.0
0.65,0.65,12,6,two-g,baseline2_matched_0.350,0.35,0.061000000000000054,0.06399999999999995,-0.010166666666666657,1.0015485842988114,-0.0015485842988114396,-207.5
0.65,0.65,12,6,two-g,baseline2_matched_0.500,0.5,0.07550000000000001,0.07599999999999996,-0.01258333333333328,1.0022202894056884,-0.0022202894056884137,-279.5
0.65,0.65,12,6,two-g,baseline2_matched_0.650,0.65,0.1282500000000001,0.12649999999999995,-0.021375000000000033,1.0016296582873623,-0.001629658287362279,-372.5
0.65,0.65,12,6,two-g,baseline2_matched_0.800,0.8,0.2087500000000001,0.18599999999999994,-0.034791666666666665,1.0026338378648225,-0.002633837864822519,-485.0
0.65,0.65,12,6,two-g,baseline2_matched_0.950,0.95,0.31400000000000006,0.31699999999999995,-0.05233333333333334,1.0036323280395814,-0.003632328039581356,-706.0
0.65,0.65,12,7,one,baseline2_all_hdv_yield,1.0,0.37549999999999994,0.37549999999999994,-0.06258333333333321,1.0037187380035,-0.0037187380034999773,-735.0
0.65,0.65,12,7,one,baseline2_matched_0.050,0.05,0.0010000000000000009,0.0010000000000000009,-0.0001666666666666483,1.0005200261612626,-0.0005200261612625656,-4.0
0.65,0.65,12,7,one,baseline2_matched_0.200,0.2,0.019000000000000017,0.019000000000000017,-0.003166666666666651,1.0001763041531015,-0.00017630415310154746,-57.0
0.65,0.65,12,7,one,baseline2_matched_0.350,0.35,0.052999999999999936,0.052999999999999936,-0.008833333333333249,1.000020971663374,-2.0971663373892113e-05,-181.0
0.65,0.65,12,7,one,baseline2_matched_0.500,0.5,0.09799999999999998,0.09799999999999998,-0.01633333333333331,1.000902492428875,-0.0009024924288749681,-256.0
0.65,0.65,12,7,one,baseline2_matched_0.650,0.65,0.16649999999999998,0.16649999999999998,-0.02774999999999994,1.0012202664467642,-0.0012202664467642066,-421.0
0.65,0.65,12,7,one,baseline2_matched_0.800,0.8,0.18999999999999995,0.18999999999999995,-0.03166666666666662,1.0020843700681064,-0.002084370068106356,-454.0
0.65,0.65,12,7,one,baseline2_matched_0.950,0.95,0.29999999999999993,0.29999999999999993,-0.04999999999999993,1.001477613637981,-0.0014776136379810456,-688.0
0.65,0.65,12,7,two-2g,baseline2_all_hdv_yield,1.0,0.347,0.3484999999999999,-0.05783333333333329,1.00319144699318,-0.0031914469931799694,-749.5
0.65,0.65,12,7,two-2g,baseline2_matched_0.050,0.05,-0.0050000000000000044,-0.0045000000000000595,0.0008333333333333526,0.9996003134907739,0.0003996865092260604,30.5
0.65,0.65,12,7,two-2g,baseline2_matched_0.200,0.2,0.018750000000000044,0.016999999999999904,-0.0031250000000000444,1.000516321006585,-0.0005163210065850521,-77.5
0.65,0.65,12,7,two-2g,baseline2_matched_0.350,0.35,0.04800000000000004,0.034499999999999975,-0.008000000000000007,1.0011745236120866,-0.0011745236120865865,-144.5
0.65,0.65,12,7,two-2g,baseline2_matched_0.500,0.5,0.09399999999999997,0.07899999999999996,-0.015666666666666718,1.0011567439630988,-0.0011567439630988385,-280.0
0.65,0.65,12,7,two-2g,baseline2_matched_0.650,0.65,0.11550000000000005,0.10149999999999992,-0.01924999999999999,1.002341224178618,-0.00234122417861804,-285.5
0.65,0.65,12,7,two-2g,baseline2_matched_0.800,0.8,0.16400000000000003,0.16599999999999993,-0.02733333333333332,1.0017971669196122,-0.0017971669196121809,-476.5
0.65,0.65,12,7,two-2g,baseline2_matched_0.950,0.95,0.26875000000000004,0.2659999999999999,-0.04479166666666656,1.003097570446528,-0.0030975704465279197,-663.5
0.65,0.65,12,7,two-g,baseline2_all_hdv_yield,1.0,0.347,0.3484999999999999,-0.05783333333333329,1.00319144699318,-0.0031914469931799694,-749.5
0.65,0.65,12,7,two-g,baseline2_matched_0.050,0.05,-0.007249999999999979,-0.014500000000000068,0.0012083333333333668,1.0004014644741315,-0.00040146447413147435,34.5
0.65,0.65,12,7,two-g,baseline2_matched_0.200,0.2,0.015249999999999986,0.015000000000000013,-0.0025416666666666643,1.0002375361104692,-0.000237536110469172,-41.0
0.65,0.65,12,7,two-g,baseline2_matched_0.350,0.35,0.03249999999999997,0.03299999999999992,-0.005416666666666625,1.0003136330081357,-0.00031363300813569417,-112.0
0.65,0.65,12,7,two-g,baseline2_matched_0.500,0.5,0.061000000000000054,0.0625,-0.010166666666666657,1.0016318161840345,-0.001631816184034518,-162.0
0.65,0.65,12,7,two-g,baseline2_matched_0.650,0.65,0.12575000000000003,0.11199999999999999,-0.0209583333333333,1.0019874091637773,-0.001987409163777265,-357.5
0.65,0.65,12,7,two-g,baseline2_matched_0.800,0.8,0.13849999999999996,0.13649999999999995,-0.023083333333333345,1.0016648863311515,-0.0016648863311514717,-357.0
0.65,0.65,12,7,two-g,baseline2_matched_0.950,0.95,0.25450000000000006,0.24049999999999994,-0.04241666666666666,1.0037237696838526,-0.0037237696838525736,-595.0
0.65,0.65,12,8,one,baseline2_all_hdv_yield,1.0,0.397,0.397,-0.0661666666666666,1.0038861918235658,-0.0038861918235657544,-814.0
0.65,0.65,12,8,one,baseline2_matched_0.050,0.05,0.03199999999999992,0.03199999999999992,-0.005333333333333301,1.00024959804759,-0.00024959804759006055,-114.0
0.65,0.65,12,8,one,baseline2_matched_0.200,0.2,0.0645,0.0645,-0.010749999999999926,1.0004419520985082,-0.0004419520985081693,-192.0
0.65,0.65,12,8,one,baseline2_matched_0.350,0.35,0.07150000000000001,0.07150000000000001,-0.011916666666666687,1.0006623948186013,-0.0006623948186013084,-212.0
0.65,0.65,12,8,one,baseline2_matched_0.500,0.5,0.09249999999999992,0.09249999999999992,-0.015416666666666634,1.0016725202505086,-0.001672520250508569,-311.0
0.65,0.65,12,8,one,baseline2_matched_0.650,0.65,0.14249999999999996,0.14249999999999996,-0.023749999999999938,1.00057492883611,-0.0005749288361101001,-386.0
0.65,0.65,12,8,one,baseline2_matched_0.800,0.8,0.19599999999999995,0.19599999999999995,-0.03266666666666662,1.001447810897125,-0.0014478108971249792,-540.0
0.65,0.65,12,8,one,baseline2_matched_0.950,0.95,0.33399999999999996,0.33399999999999996,-0.05566666666666664,1.0026076240470292,-0.002607624047029189,-744.0
0.65,0.65,12,8,two-2g,baseline2_all_hdv_yield,1.0,0.35175,0.35749999999999993,-0.05862500000000004,1.0033527088080287,-0.003352708808028737,-749.5
0.65,0.65,12,8,two-2g,baseline2_matched_0.050,0.05,0.019749999999999934,0.019000000000000017,-0.0032916666666666927,1.000036635795378,-3.6635795378048286e-05,-72.0
0.65,0.65,12,8,two-2g,baseline2_matched_0.200,0.2,0.03425,0.040999999999999925,-0.005708333333333426,1.001075598497294,-0.0010755984972941057,-112.0
0.65,0.65,12,8,two-2g,baseline2_matched_0.350,0.35,0.07050000000000001,0.07799999999999996,-0.011750000000000038,1.0010037496558728,-0.0010037496558727987,-205.5
0.65,0.65,12,8,two-2g,baseline2_matched_0.500,0.5,0.10624999999999996,0.118,-0.017708333333333437,1.000972449170506,-0.0009724491705060956,-346.0
0.65,0.65,12,8,two-2g,baseline2_matched_0.650,0.65,0.14949999999999997,0.15800000000000003,-0.024916666666666698,1.0018367693915393,-0.0018367693915393168,-472.0
0.65,0.65,12,8,two-2g,baseline2_matched_0.800,0.8,0.21699999999999997,0.21650000000000003,-0.03616666666666668,1.0018716267502497,-0.0018716267502496553,-551.0
0.65,0.65,12,8,two-2g,baseline2_matched_0.950,0.95,0.27474999999999994,0.28,-0.045791666666666675,1.0037923383525587,-0.003792338352558655,-687.0
0.65,0.65,12,8,two-g,baseline2_all_hdv_yield,1.0,0.35175,0.35749999999999993,-0.05862500000000004,1.0033527088080287,-0.003352708808028737,-749.5
0.65,0.65,12,8,two-g,baseline2_matched_0.050,0.05,0.0040000000000000036,0.012499999999999956,-0.0006666666666665932,1.0003226084117218,-0.0003226084117218253,-27.5
0.65,0.65,12,8,two-g,baseline2_matched_0.200,0.2,0.036250000000000004,0.03500000000000003,-0.006041666666666723,1.0000430381673853,-4.3038167385267556e-05,-108.5
0.65,0.65,12,8,two-g,baseline2_matched_0.350,0.35,0.07750000000000001,0.08099999999999996,-0.012916666666666687,1.001167721516737,-0.0011677215167369415,-230.5
0.65,0.65,12,8,two-g,baseline2_matched_0.500,0.5,0.08799999999999997,0.09399999999999997,-0.014666666666666717,1.0015689368292169,-0.0015689368292168826,-288.5
0.65,0.65,12,8,two-g,baseline2_matched_0.650,0.65,0.10675000000000001,0.11849999999999994,-0.01779166666666665,1.0010592368799403,-0.0010592368799402507,-319.5
0.65,0.65,12,8,two-g,baseline2_matched_0.800,0.8,0.19899999999999995,0.20199999999999996,-0.03316666666666679,1.0032950874599602,-0.003295087459960211,-542.0
0.65,0.65,12,8,two-g,baseline2_matched_0.950,0.95,0.2965,0.30799999999999994,-0.049416666666666664,1.004128107195628,-0.004128107195628061,-689.5
0.65,0.65,12,9,one,baseline2_all_hdv_yield,1.0,0.39249999999999996,0.39249999999999996,-0.06541666666666668,1.0030123937980224,-0.003012393798022428,-842.0
0.65,0.65,12,9,one,baseline2_matched_0.050,0.05,0.0044999999999999485,0.0044999999999999485,-0.0007500000000000284,1.0003864958080497,-0.00038649580804972494,-26.0
0.65,0.65,12,9,one,baseline2_matched_0.200,0.2,0.035499999999999976,0.035499999999999976,-0.005916666666666681,0.9994930794870583,0.0005069205129416554,-144.0
0.65,0.65,12,9,one,baseline2_matched_0.350,0.35,0.04699999999999993,0.04699999999999993,-0.007833333333333359,0.9992248769731998,0.0007751230268001619,-167.0
0.65,0.65,12,9,one,baseline2_matched_0.500,0.5,0.07050000000000001,0.07050000000000001,-0.011750000000000038,1.0001253979965432,-0.00012539799654320838,-267.0
0.65,0.65,12,9,one,baseline2_matched_0.650,0.65,0.1479999999999999,0.1479999999999999,-0.024666666666666726,1.0001271741721325,-0.0001271741721324826,-427.0
0.65,0.65,12,9,one,baseline2_matched_0.800,0.8,0.16299999999999992,0.16299999999999992,-0.027166666666666672,1.0017772412938108,-0.0017772412938108495,-452.0
0.65,0.65,12,9,one,baseline2_matched_0.950,0.95,0.31099999999999994,0.31099999999999994,-0.0518333333333334,1.0015861248004925,-0.0015861248004924722,-743.0
0.65,0.65,12,9,two-2g,baseline2_all_hdv_yield,1.0,0.33275,0.3255,-0.055458333333333276,1.0031951027852841,-0.0031951027852841207,-700.5
0.65,0.65,12,9,two-2g,baseline2_matched_0.050,0.05,-0.0030000000000000027,-0.008000000000000007,0.0004999999999999449,0.9992525805164123,0.0007474194835876968,9.0
0.65,0.65,12,9,two-2g,baseline2_matched_0.200,0.2,0.021499999999999964,0.01100000000000001,-0.0035833333333333828,1.0007026382877091,-0.000702638287709112,-58.5
0.65,0.65,12,9,two-2g,baseline2_matched_0.350,0.35,0.03925000000000001,0.024499999999999966,-0.006541666666666668,1.000658923310779,-0.0006589233107789916,-117.0
0.65,0.65,12,9,two-2g,baseline2_matched_0.500,0.5,0.062249999999999917,0.052999999999999936,-0.010375000000000023,1.0003433225017324,-0.00034332250173241263,-185.5
0.65,0.65,12,9,two-2g,baseline2_matched_0.650,0.65,0.11624999999999996,0.11499999999999999,-0.01937500000000003,1.0012670235183023,-0.0012670235183023237,-335.0
0.65,0.65,12,9,two-2g,baseline2_matched_0.800,0.8,0.16199999999999992,0.15749999999999997,-0.027000000000000024,1.0018015546183079,-0.0018015546183078879,-419.5
0.65,0.65,12,9,two-2g,baseline2_matched_0.950,0.95,0.2875,0.2875,-0.04791666666666672,1.0027209907590817,-0.0027209907590817206,-608.0
0.65,0.65,12,9,two-g,baseline2_all_hdv_yield,1.0,0.3374999999999999,0.3375,-0.05625000000000002,1.001129114631257,-0.0011291146312570888,-710.5
0.65,0.65,12,9,two-g,baseline2_matched_0.050,0.05,-0.008750000000000036,-0.012499999999999956,0.0014583333333333393,0.9996527714841893,0.0003472285158107047,59.5
0.65,0.65,12,9,two-g,baseline2_matched_0.200,0.2,0.040999999999999925,0.038000000000000034,-0.006833333333333247,1.0000110174861723,-1.1017486172271163e-05,-100.0
0.65,0.65,12,9,two-g,baseline2_matched_0.350,0.35,0.07424999999999993,0.0665,-0.012375000000000025,1.0007214676428882,-0.0007214676428881628,-198.0
0.65,0.65,12,9,two-g,baseline2_matched_0.500,0.5,0.07550000000000001,0.07550000000000001,-0.01258333333333328,1.0000664603198104,-6.64603198103908e-05,-175.0
0.65,0.65,12,9,two-g,baseline2_matched_0.650,0.65,0.10824999999999996,0.10850000000000004,-0.018041666666666734,1.0013757641604015,-0.001375764160401527,-275.5
0.65,0.65,12,9,two-g,baseline2_matched_0.800,0.8,0.19474999999999998,0.19200000000000006,-0.032458333333333256,1.0014230327301084,-0.0014230327301083534,-508.5
0.65,0.65,12,9,two-g,baseline2_matched_0.950,0.95,0.27574999999999994,0.27449999999999997,-0.04595833333333332,1.0026086564033474,-0.002608656403347398,-612.0
0.7,0.7,13,0,one,baseline2_all_hdv_yield,1.0,0.37799999999999995,0.37799999999999995,-0.06299999999999994,1.0029068622104174,-0.0029068622104173603,
0.7,0.7,13,0,one,baseline2_matched_0.050,0.05,-0.0015000000000000013,-0.0015000000000000013,0.00024999999999997247,0.9999070998523146,9.29001476853708e-05,
0.7,0.7,13,0,one,baseline2_matched_0.200,0.2,0.04349999999999998,0.04349999999999998,-0.007249999999999979,1.0004537176855754,-0.0004537176855754499,
0.7,0.7,13,0,one,baseline2_matched_0.350,0.35,0.056499999999999995,0.056499999999999995,-0.009416666666666629,1.0006250023328693,-0.0006250023328693288,
0.7,0.7,13,0,one,baseline2_matched_0.500,0.5,0.07849999999999996,0.07849999999999996,-0.013083333333333336,1.0007344917926455,-0.0007344917926455086,
0.7,0.7,13,0,one,baseline2_matched_0.650,0.65,0.1405,0.1405,-0.02341666666666664,1.0002869950991036,-0.0002869950991035708,
0.7,0.7,13,0,one,baseline2_matched_0.800,0.8,0.14499999999999996,0.14499999999999996,-0.02416666666666667,1.0008220004139041,-0.0008220004139041226,
0.7,0.7,13,0,one,baseline2_matched_0.950,0.95,0.28750000000000003,0.28750000000000003,-0.04791666666666661,1.0019604419558645,-0.0019604419558645336,
0.7,0.7,13,0,two-2g,baseline2_all_hdv_yield,1.0,0.35124999999999995,0.342,-0.058541666666666714,1.0039040151613534,-0.0039040151613534135,
0.7,0.7,13,0,two-2g,baseline2_matched_0.050,0.05,0.00874999999999998,0.009500000000000008,-0.0014583333333333393,1.0002787989573252,-0.0002787989573251881,
0.7,0.7,13,0,two-2g,baseline2_matched_0.200,0.2,0.019500000000000017,0.026500000000000024,-0.003249999999999975,1.0000045636734085,-4.563673408508606e-06,
0.7,0.7,13,0,two-2g,baseline2_matched_0.350,0.35,0.03450000000000003,0.03600000000000003,-0.005750000000000033,1.0005426622562217,-0.0005426622562216821,
0.7,0.7,13,0,two-2g,baseline2_matched_0.500,0.5,0.08975,0.09149999999999997,-0.014958333333333407,1.0012898600570288,-0.0012898600570288021,
0.7,0.7,13,0,two-2g,baseline2_matched_0.650,0.65,0.123,0.1205,-0.020499999999999963,1.0023034104331388,-0.002303410433138753,
0.7,0.7,13,0,two-2g,baseline2_matched_0.800,0.8,0.18000000000000005,0.18750000000000006,-0.030000000000000027,1.0037517544212684,-0.003751754421268405,
0.7,0.7,13,0,two-2g,baseline2_matched_0.950,0.95,0.27325,0.2765,-0.04554166666666659,1.003981182729901,-0.0039811827299010005,
0.7,0.7,13,0,two-g,baseline2_all_hdv_yield,1.0,0.35124999999999995,0.342,-0.058541666666666714,1.0039040151613534,-0.0039040151613534135,
0.7,0.7,13,0,two-g,baseline2_matched_0.050,0.05,0.01150000000000001,0.018500000000000016,-0.0019166666666666776,1.0001763237453296,-0.0001763237453296096,
0.7,0.7,13,0,two-g,baseline2_matched_0.200,0.2,0.03475,0.03150000000000003,-0.005791666666666639,1.0002563954696815,-0.00025639546968148075,
0.7,0.7,13,0,two-g,baseline2_matched_0.350,0.35,0.056499999999999995,0.059,-0.00941666666666674,1.0003032768419728,-0.00030327684197284377,
0.7,0.7,13,0,two-g,baseline2_matched_0.500,0.5,0.09625000000000006,0.10400000000000004,-0.016041666666666732,1.0009343084105586,-0.0009343084105586374,
0.7,0.7,13,0,two-g,baseline2_matched_0.650,0.65,0.11399999999999999,0.12100000000000005,-0.019000000000000017,1.0011570986487799,-0.0011570986487798862,
0.7,0.7,13,0,two-g,baseline2_matched_0.800,0.8,0.19774999999999998,0.20150000000000007,-0.03295833333333342,1.001719260236839,-0.001719260236838993,
0.7,0.7,13,0,two-g,baseline2_matched_0.950,0.95,0.28200000000000003,0.2755,-0.04699999999999993,1.0031464453755286,-0.0031464453755285504,
0.7,0.7,13,1,one,baseline2_all_hdv_yield,1.0,0.3905,0.3905,-0.06508333333333327,1.0024856367218458,-0.002485636721845763,
0.7,0.7,13,1,one,baseline2_matched_0.050,0.05,0.02300000000000002,0.02300000000000002,-0.0038333333333333552,1.0009288453804457,-0.0009288453804456864,
0.7,0.7,13,1,one,baseline2_matched_0.200,0.2,0.04149999999999998,0.04149999999999998,-0.006916666666666682,1.0005835373569718,-0.0005835373569718083,
0.7,0.7,13,1,one,baseline2_matched_0.350,0.35,0.044499999999999984,0.044499999999999984,-0.007416666666666627,1.00138164712757,-0.0013816471275700515,
0.7,0.7,13,1,one,baseline2_matched_0.500,0.5,0.09249999999999997,0.09249999999999997,-0.015416666666666634,1.0006017988389824,-0.0006017988389823703,
0.7,0.7,13,1,one,baseline2_matched_0.650,0.65,0.13499999999999995,0.13499999999999995,-0.022499999999999964,1.0012778887070568,-0.0012778887070568068,
0.7,0.7,13,1,one,baseline2_matched_0.800,0.8,0.21649999999999997,0.21649999999999997,-0.036083333333333356,1.001741896363598,-0.0017418963635980056,
0.7,0.7,13,1,one,baseline2_matched_0.950,0.95,0.299,0.299,-0.049833333333333285,1.0024553392630569,-0.002455339263056855,
0.7,0.7,13,1,two-2g,baseline2_all_hdv_yield,1.0,0.36450000000000005,0.3645,-0.06074999999999986,1.0024412531932474,-0.0024412531932473946,
0.7,0.7,13,1,two-2g,baseline2_matched_0.050,0.05,0.015749999999999986,0.006000000000000005,-0.0026249999999998774,1.0006040856115963,-0.0006040856115963056,
0.7,0.7,13,1,two-2g,baseline2_matched_0.200,0.2,0.02350000000000002,0.014000000000000012,-0.003916666666666568,1.0007792911979139,-0.0007792911979138673,
0.7,0.7,13,1,two-2g,baseline2_matched_0.350,0.35,0.06275000000000003,0.05099999999999999,-0.010458333333333236,1.001713444205533,-0.001713444205533099,
0.7,0.7,13,1,two-2g,baseline2_matched_0.500,0.5,0.09525000000000006,0.08649999999999997,-0.01587499999999986,1.0004454871898583,-0.0004454871898582624,
0.7,0.7,13,1,two-2g,baseline2_matched_0.650,0.65,0.14700000000000002,0.12300000000000005,-0.024499999999999966,1.0029448654591355,-0.002944865459135526,
0.7,0.7,13,1,two-2g,baseline2_matched_0.800,0.8,0.20299999999999996,0.20150000000000007,-0.03383333333333327,1.0036560672822699,-0.0036560672822698592,
0.7,0.7,13,1,two-2g,baseline2_matched_0.950,0.95,0.26425,0.26200000000000007,-0.044041666666666535,1.003045753983956,-0.003045753983955901,
0.7,0.7,13,1,two-g,baseline2_all_hdv_yield,1.0,0.36450000000000005,0.3645,-0.06074999999999986,1.0024412531932474,-0.0024412531932473946,
0.7,0.7,13,1,two-g,baseline2_matched_0.050,0.05,0.011750000000000038,0.01150000000000001,-0.001958333333333284,1.0010068093526598,-0.0010068093526598432,
0.7,0.7,13,1,two-g,baseline2_matched_0.200,0.2,0.03350000000000003,0.03250000000000003,-0.0055833333333332735,1.0007697420782797,-0.0007697420782797337,
0.7,0.7,13,1,two-g,baseline2_matched_0.350,0.35,0.059250000000000025,0.058499999999999996,-0.009874999999999967,1.00077140279474,-0.0007714027947400837,
0.7,0.7,13,1,two-g,baseline2_matched_0.500,0.5,0.07350000000000001,0.062,-0.012249999999999872,1.0009831441431294,-0.0009831441431293886,
0.7,0.7,13,1,two-g,baseline2_matched_0.650,0.65,0.17474999999999996,0.17150000000000004,-0.029124999999999845,1.0023341369817065,-0.0023341369817064805,
0.7,0.7,13,1,two-g,baseline2_matched_0.800,0.8,0.19000000000000006,0.16750000000000004,-0.03166666666666662,1.003399071410392,-0.003399071410391974,
0.7,0.7,13,1,two-g,baseline2_matched_0.950,0.95,0.26675000000000004,0.2655,-0.044458333333333266,1.0030710799099412,-0.0030710799099411545,
0.7,0.7,13,2,one,baseline2_all_hdv_yield,1.0,0.34099999999999997,0.34099999999999997,-0.05683333333333329,1.0022173712472717,-0.0022173712472717266,
0.7,0.7,13,2,one,baseline2_matched_0.050,0.05,0.010000000000000009,0.010000000000000009,-0.0016666666666665941,0.9996921815780233,0.00030781842197669107,
0.7,0.7,13,2,one,baseline2_matched_0.200,0.2,0.04199999999999998,0.04199999999999998,-0.006999999999999895,1.000571662783672,-0.0005716627836720445,
0.7,0.7,13,2,one,baseline2_matched_0.350,0.35,0.043999999999999984,0.043999999999999984,-0.007333333333333303,1.0005061165428757,-0.0005061165428756897,
0.7,0.7,13,2,one,baseline2_matched_0.500,0.5,0.09150000000000003,0.09150000000000003,-0.015249999999999986,1.000873258461271,-0.0008732584612709537,
0.7,0.7,13,2,one,baseline2_matched_0.650,0.65,0.118,0.118,-0.01966666666666661,1.0013992877861633,-0.0013992877861632724,
0.7,0.7,13,2,one,baseline2_matched_0.800,0.8,0.1725,0.1725,-0.028749999999999942,1.0019203389155502,-0.0019203389155502126,
0.7,0.7,13,2,one,baseline2_matched_0.950,0.95,0.2975,0.2975,-0.04958333333333331,1.0029458471893122,-0.002945847189312234,
0.7,0.7,13,2,two-2g,baseline2_all_hdv_yield,1.0,0.37024999999999997,0.36600000000000005,-0.061708333333333476,1.0041586641811242,-0.004158664181124205,
0.7,0.7,13,2,two-2g,baseline2_matched_0.050,0.05,-0.0032500000000000306,-0.010000000000000009,0.0005416666666666625,1.0003191311002184,-0.0003191311002184172,
0.7,0.7,13,2,two-2g,baseline2_matched_0.200,0.2,0.025249999999999995,0.016000000000000014,-0.0042083333333333695,1.0014259225752271,-0.001425922575227112,
0.7,0.7,13,2,two-2g,baseline2_matched_0.350,0.35,0.03924999999999995,0.03899999999999998,-0.006541666666666779,1.0007644206587818,-0.0007644206587817948,
0.7,0.7,13,2,two-2g,baseline2_matched_0.500,0.5,0.07074999999999998,0.0695,-0.011791666666666756,1.0020363801154388,-0.0020363801154388295,
0.7,0.7,13,2,two-2g,baseline2_matched_0.650,0.65,0.10699999999999998,0.10600000000000004,-0.017833333333333368,1.0018674771794283,-0.0018674771794282563,
0.7,0.7,13,2,two-2g,baseline2_matched_0.800,0.8,0.17774999999999996,0.17750000000000005,-0.029625000000000123,1.0026783772702301,-0.0026783772702301256,
0.7,0.7,13,2,two-2g,baseline2_matched_0.950,0.95,0.271,0.2555,-0.04516666666666669,1.0034996522342519,-0.00349965223425186,
0.7,0.7,13,2,two-g,baseline2_all_hdv_yield,1.0,0.37024999999999997,0.36600000000000005,-0.061708333333333476,1.0041586641811242,-0.004158664181124205,
0.7,0.7,13,2,two-g,baseline2_matched_0.050,0.05,0.012249999999999983,0.01050000000000001,-0.0020416666666667194,1.0008038451770134,-0.0008038451770133737,
0.7,0.7,13,2,two-g,baseline2_matched_0.200,0.2,0.03974999999999995,0.03750000000000003,-0.006625000000000103,1.0002842715262026,-0.0002842715262025841,
0.7,0.7,13,2,two-g,baseline2_matched_0.350,0.35,0.03799999999999998,0.03700000000000003,-0.006333333333333413,1.0002888364704208,-0.00028883647042077243,
0.7,0.7,13,2,two-g,baseline2_matched_0.500,0.5,0.08150000000000002,0.0695,-0.013583333333333503,1.0018724571185753,-0.0018724571185753103,
0.7,0.7,13,2,two-g,baseline2_matched_0.650,0.65,0.11875000000000002,0.10400000000000004,-0.019791666666666652,1.002868859942533,-0.002868859942533053,
0.7,0.7,13,2,two-g,baseline2_matched_0.800,0.8,0.1735,0.15950000000000003,-0.0289166666666667,1.0026837722043063,-0.0026837722043062673,
0.7,0.7,13,2,two-g,baseline2_matched_0.950,0.95,0.27225,0.26699999999999996,-0.045375000000000054,1.004303497411262,-0.004303497411261903,
0.7,0.7,13,3,one,baseline2_all_hdv_yield,1.0,0.3185,0.3185,-0.05308333333333337,1.0022407094584085,-0.0022407094584084852,
0.7,0.7,13,3,one,baseline2_matched_0.050,0.05,0.0,0.0,0.0,1.00019212008875,-0.00019212008875002518,
0.7,0.7,13,3,one,baseline2_matched_0.200,0.2,0.04899999999999999,0.04899999999999999,-0.008166666666666655,1.0001414966528404,-0.00014149665284035606,
0.7,0.7,13,3,one,baseline2_matched_0.350,0.35,0.05199999999999999,0.05199999999999999,-0.008666666666666711,1.0007589365924847,-0.0007589365924847158,
0.7,0.7,13,3,one,baseline2_matched_0.500,0.5,0.0675,0.0675,-0.011249999999999982,1.0005995972532227,-0.0005995972532226723,
0.7,0.7,13,3,one,baseline2_matched_0.650,0.65,0.08599999999999997,0.08599999999999997,-0.014333333333333309,1.001058527746002,-0.0010585277460020137,
0.7,0.7,13,3,one,baseline2_matched_0.800,0.8,0.1775,0.1775,-0.029583333333333295,1.0014079124430346,-0.0014079124430346202,
0.7,0.7,13,3,one,baseline2_matched_0.950,0.95,0.30600000000000005,0.30600000000000005,-0.051000000000000045,1.0019875922788473,-0.001987592278847261,
0.7,0.7,13,3,two-2g,baseline2_all_hdv_yield,1.0,0.34750000000000003,0.34850000000000003,-0.05791666666666673,1.0045157417953743,-0.004515741795374284,
0.7,0.7,13,3,two-2g,baseline2_matched_0.050,0.05,0.003750000000000031,0.006000000000000005,-0.0006249999999999867,1.0008359871289536,-0.000835987128953608,
0.7,0.7,13,3,two-2g,baseline2_matched_0.200,0.2,0.025249999999999995,0.026500000000000024,-0.0042083333333333695,1.000985003702589,-0.0009850037025889158,
0.7,0.7,13,3,two-2g,baseline2_matched_0.350,0.35,0.03700000000000003,0.030500000000000027,-0.006166666666666765,1.000676178268653,-0.0006761782686530715,
0.7,0.7,13,3,two-2g,baseline2_matched_0.500,0.5,0.08299999999999996,0.08299999999999996,-0.013833333333333253,1.001472316954519,-0.001472316954518993,
0.7,0.7,13,3,two-2g,baseline2_matched_0.650,0.65,0.11950000000000005,0.11599999999999999,-0.019916666666666694,1.003349344659151,-0.0033493446591510434,
0.7,0.7,13,3,two-2g,baseline2_matched_0.800,0.8,0.15449999999999997,0.15549999999999997,-0.02575000000000005,1.0031837245675639,-0.0031837245675638837,
0.7,0.7,13,3,two-2g,baseline2_matched_0.950,0.95,0.3005,0.28700000000000003,-0.05008333333333337,1.0032609309260476,-0.0032609309260476227,
0.7,0.7,13,3,two-g,baseline2_all_hdv_yield,1.0,0.34750000000000003,0.34850000000000003,-0.05791666666666673,1.0045157417953743,-0.004515741795374284,
0.7,0.7,13,3,two-g,baseline2_matched_0.050,0.05,0.009500000000000008,-0.0010000000000000009,-0.001583333333333381,1.0001344884954217,-0.00013448849542174734,
0.7,0.7,13,3,two-g,baseline2_matched_0.200,0.2,0.029500000000000026,0.029000000000000026,-0.004916666666666569,1.001072587259789,-0.0010725872597889818,
0.7,0.7,13,3,two-g,baseline2_matched_0.350,0.35,0.04350000000000004,0.038000000000000034,-0.00725000000000009,1.0009650794810434,-0.0009650794810434071,
0.7,0.7,13,3,two-g,baseline2_matched_0.500,0.5,0.07275000000000004,0.056999999999999995,-0.012125000000000052,1.0019231024669526,-0.0019231024669525976,
0.7,0.7,13,3,two-g,baseline2_matched_0.650,0.65,0.121,0.12,-0.020166666666666666,1.001626729671484,-0.0016267296714840285,
0.7,0.7,13,3,two-g,baseline2_matched_0.800,0.8,0.1785,0.1805,-0.029750000000000054,1.0028869366841464,-0.002886936684146413,
0.7,0.7,13,3,two-g,baseline2_matched_0.950,0.95,0.25950000000000006,0.259,-0.0432499999999999,1.0019641961738879,-0.0019641961738878777,
0.7,0.7,13,4,one,baseline2_all_hdv_yield,1.0,0.36900000000000005,0.36900000000000005,-0.0615,1.0031050811739135,-0.0031050811739135042,
0.7,0.7,13,4,one,baseline2_matched_0.050,0.05,-0.0025000000000000022,-0.0025000000000000022,0.0004166666666667318,0.9999116389726075,8.836102739251395e-05,
0.7,0.7,13,4,one,baseline2_matched_0.200,0.2,0.007500000000000007,0.007500000000000007,-0.0012499999999999734,1.00024309653546,-0.00024309653546006338,
0.7,0.7,13,4,one,baseline2_matched_0.350,0.35,0.05049999999999999,0.05049999999999999,-0.008416666666666628,1.0007255560418413,-0.0007255560418413243,
0.7,0.7,13,4,one,baseline2_matched_0.500,0.5,0.08100000000000002,0.08100000000000002,-0.013499999999999956,1.0009433473065446,-0.0009433473065445508,
0.7,0.7,13,4,one,baseline2_matched_0.650,0.65,0.10600000000000004,0.10600000000000004,-0.01766666666666661,1.0006828274699087,-0.0006828274699086645,
0.7,0.7,13,4,one,baseline2_matched_0.800,0.8,0.15699999999999997,0.15699999999999997,-0.02616666666666667,1.0009516441166288,-0.000951644116628847,
0.7,0.7,13,4,one,baseline2_matched_0.950,0.95,0.28350000000000003,0.28350000000000003,-0.047250000000000014,1.0018937469016582,-0.001893746901658222,
0.7,0.7,13,4,two-2g,baseline2_all_hdv_yield,1.0,0.30024999999999996,0.3075,-0.05004166666666665,1.0030173830478781,-0.0030173830478781305,
0.7,0.7,13,4,two-2g,baseline2_matched_0.050,0.05,0.016749999999999987,0.009500000000000008,-0.002791666666666748,1.0001020872273116,-0.00010208722731164244,
0.7,0.7,13,4,two-2g,baseline2_matched_0.200,0.2,0.04049999999999998,0.04749999999999999,-0.006750000000000034,1.0011125847821993,-0.0011125847821993329,
0.7,0.7,13,4,two-2g,baseline2_matched_0.350,0.35,0.05249999999999999,0.039500000000000035,-0.008750000000000036,1.0013495433464021,-0.0013495433464021378,
0.7,0.7,13,4,two-2g,baseline2_matched_0.500,0.5,0.08874999999999994,0.09350000000000003,-0.014791666666666647,1.0014018319262457,-0.0014018319262456558,
0.7,0.7,13,4,two-2g,baseline2_matched_0.650,0.65,0.09400000000000003,0.09650000000000003,-0.015666666666666718,1.0023131471749245,-0.002313147174924479,
0.7,0.7,13,4,two-2g,baseline2_matched_0.800,0.8,0.19549999999999995,0.19600000000000006,-0.03258333333333341,1.0033062152031977,-0.0033062152031977377,
0.7,0.7,13,4,two-2g,baseline2_matched_0.950,0.95,0.26299999999999996,0.26749999999999996,-0.04383333333333328,1.0033908729038934,-0.003390872903893394,
0.7,0.7,13,4,two-g,baseline2_all_hdv_yield,1.0,0.30024999999999996,0.3075,-0.05004166666666665,1.0030173830478781,-0.0030173830478781305,
0.7,0.7,13,4,two-g,baseline2_matched_0.050,0.05,0.009749999999999981,0.01100000000000001,-0.0016249999999999876,0.9997543266724904,0.0002456733275095768,
0.7,0.7,13,4,two-g,baseline2_matched_0.200,0.2,0.028749999999999998,0.028500000000000025,-0.0047916666666666385,1.0009503241891968,-0.0009503241891968273,
0.7,0.7,13,4,two-g,baseline2_matched_0.350,0.35,0.043249999999999955,0.046999999999999986,-0.007208333333333261,1.0009706586369143,-0.0009706586369142567,
0.7,0.7,13,4,two-g,baseline2_matched_0.500,0.5,0.08849999999999997,0.08399999999999996,-0.01475000000000004,1.001751667424713,-0.0017516674247131103,
0.7,0.7,13,4,two-g,baseline2_matched_0.650,0.65,0.10299999999999992,0.10599999999999998,-0.017166666666666663,1.0015350433082235,-0.001535043308223516,
0.7,0.7,13,4,two-g,baseline2_matched_0.800,0.8,0.15299999999999997,0.16000000000000003,-0.025500000000000078,1.0034684757961994,-0.003468475796199355,
0.7,0.7,13,4,two-g,baseline2_matched_0.950,0.95,0.23149999999999998,0.22050000000000003,-0.038583333333333414,1.0029389501781152,-0.002938950178115185,
0.7,0.7,13,5,one,baseline2_all_hdv_yield,1.0,0.358,0.358,-0.059666666666666646,1.001126078502101,-0.0011260785021010022,
0.7,0.7,13,5,one,baseline2_matched_0.050,0.05,0.0040000000000000036,0.0040000000000000036,-0.0006666666666665932,0.99948712845836,0.0005128715416400365,
0.7,0.7,13,5,one,baseline2_matched_0.200,0.2,0.027500000000000024,0.027500000000000024,-0.004583333333333273,0.9994091819346521,0.0005908180653478867,
0.7,0.7,13,5,one,baseline2_matched_0.350,0.35,0.04949999999999999,0.04949999999999999,-0.00824999999999998,0.9999033960637005,9.66039362995108e-05,
0.7,0.7,13,5,one,baseline2_matched_0.500,0.5,0.07450000000000001,0.07450000000000001,-0.012416666666666631,1.0003573931033931,-0.00035739310339311103,
0.7,0.7,13,5,one,baseline2_matched_0.650,0.65,0.13649999999999995,0.13649999999999995,-0.022749999999999937,1.0001223097047565,-0.00012230970475646252,
0.7,0.7,13,5,one,baseline2_matched_0.800,0.8,0.1895,0.1895,-0.0315833333333333,1.0005377480917632,-0.0005377480917632127,
0.7,0.7,13,5,one,baseline2_matched_0.950,0.95,0.29900000000000004,0.29900000000000004,-0.049833333333333285,1.0017658204493516,-0.001765820449351585,
0.7,0.7,13,5,two-2g,baseline2_all_hdv_yield,1.0,0.33524999999999994,0.3425,-0.05587500000000012,1.0024279958623687,-0.002427995862368748,
0.7,0.7,13,5,two-2g,baseline2_matched_0.050,0.05,0.011249999999999982,0.017500000000000016,-0.001875000000000071,0.9995479133088537,0.00045208669114626954,
0.7,0.7,13,5,two-2g,baseline2_matched_0.200,0.2,0.02699999999999997,0.03350000000000003,-0.0045000000000000595,1.0002048906655303,-0.00020489066553031066,
0.7,0.7,13,5,two-2g,baseline2_matched_0.350,0.35,0.03849999999999998,0.03750000000000003,-0.006416666666666737,1.0004773869555175,-0.000477386955517467,
0.7,0.7,13,5,two-2g,baseline2_matched_0.500,0.5,0.057999999999999996,0.065,-0.009666666666666712,1.0008481809939416,-0.0008481809939415719,
0.7,0.7,13,5,two-2g,baseline2_matched_0.650,0.65,0.12875000000000003,0.136,-0.021458333333333357,1.0016370515320765,-0.0016370515320764945,
0.7,0.7,13,5,two-2g,baseline2_matched_0.800,0.8,0.18225000000000002,0.1785,-0.03037500000000004,1.0019775682049499,-0.0019775682049498755,
0.7,0.7,13,5,two-2g,baseline2_matched_0.950,0.95,0.28674999999999995,0.2955,-0.04779166666666668,1.0032313829456307,-0.0032313829456307452,
0.7,0.7,13,5,two-g,baseline2_all_hdv_yield,1.0,0.33524999999999994,0.3425,-0.05587500000000012,1.0024279958623687,-0.002427995862368748,
0.7,0.7,13,5,two-g,baseline2_matched_0.050,0.05,0.0027499999999999747,0.009500000000000008,-0.0004583333333334494,1.0000315216408517,-3.152164085173936e-05,
0.7,0.7,13,5,two-g,baseline2_matched_0.200,0.2,0.028249999999999997,0.038000000000000034,-0.004708333333333425,1.000239315615406,-0.00023931561540591062,
0.7,0.7,13,5,two-g,baseline2_matched_0.350,0.35,0.07499999999999996,0.08199999999999996,-0.012500000000000067,1.0007378552509667,-0.0007378552509667013,
0.7,0.7,13,5,two-g,baseline2_matched_0.500,0.5,0.067,0.07450000000000001,-0.011166666666666769,1.0015590769468137,-0.0015590769468136756,
0.7,0.7,13,5,two-g,baseline2_matched_0.650,0.65,0.09275,0.08250000000000002,-0.015458333333333352,1.0011575907844004,-0.0011575907844003641,
0.7,0.7,13,5,two-g,baseline2_matched_0.800,0.8,0.15900000000000003,0.16449999999999998,-0.02650000000000008,1.0013757537197614,-0.0013757537197613967,
0.7,0.7,13,5,two-g,baseline2_matched_0.950,0.95,0.3105,0.31800000000000006,-0.051750000000000074,1.0042168489806496,-0.004216848980649557,
0.7,0.7,13,6,one,baseline2_all_hdv_yield,1.0,0.39299999999999996,0.39299999999999996,-0.0655,1.0033381263703296,-0.003338126370329597,
0.7,0.7,13,6,one,baseline2_matched_0.050,0.05,0.013000000000000012,0.013000000000000012,-0.00216666666666665,0.9994817217783001,0.0005182782216999193,
0.7,0.7,13,6,one,baseline2_matched_0.200,0.2,0.019500000000000017,0.019500000000000017,-0.003250000000000086,0.9998963443556629,0.00010365564433711949,
0.7,0.7,13,6,one,baseline2_matched_0.350,0.35,0.0655,0.0655,-0.010916666666666686,0.9997864693726604,0.000213530627339642,
0.7,0.7,13,6,one,baseline2_matched_0.500,0.5,0.07449999999999996,0.07449999999999996,-0.012416666666666631,1.0004154518225152,-0.0004154518225152337,
0.7,0.7,13,6,one,baseline2_matched_0.650,0.65,0.17050000000000004,0.17050000000000004,-0.028416666666666646,1.000562642837481,-0.0005626428374809755,
0.7,0.7,13,6,one,baseline2_matched_0.800,0.8,0.21500000000000002,0.21500000000000002,-0.035833333333333384,1.0015270549524171,-0.0015270549524171173,
0.7,0.7,13,6,one,baseline2_matched_0.950,0.95,0.25699999999999995,0.25699999999999995,-0.04283333333333339,1.001804852079251,-0.0018048520792510736,
0.7,0.7,13,6,two-2g,baseline2_all_hdv_yield,1.0,0.34950000000000003,0.354,-0.05824999999999991,1.0040946141224376,-0.004094614122437612,
0.7,0.7,13,6,two-2g,baseline2_matched_0.050,0.05,0.004750000000000032,-0.0005000000000000004,-0.000791666666666746,0.9994155884016905,0.0005844115983094644,
0.7,0.7,13,6,two-2g,baseline2_matched_0.200,0.2,0.016500000000000015,0.02400000000000002,-0.00275000000000003,1.000022812376088,-2.281237608792175e-05,
0.7,0.7,13,6,two-2g,baseline2_matched_0.350,0.35,0.06125000000000003,0.057999999999999996,-0.010208333333333375,1.0010228239896592,-0.0010228239896592495,
0.7,0.7,13,6,two-2g,baseline2_matched_0.500,0.5,0.0685,0.07350000000000001,-0.01141666666666663,1.0010199205963421,-0.0010199205963421498,
0.7,0.7,13,6,two-2g,baseline2_matched_0.650,0.65,0.11199999999999999,0.118,-0.01866666666666661,1.0014359353820768,-0.0014359353820767584,
0.7,0.7,13,6,two-2g,baseline2_matched_0.800,0.8,0.1745,0.17100000000000004,-0.02908333333333335,1.0022683797240268,-0.0022683797240268255,
0.7,0.7,13,6,two-2g,baseline2_matched_0.950,0.95,0.30500000000000005,0.31300000000000006,-0.0508333333333334,1.0039295354736573,-0.003929535473657264,
0.7,0.7,13,6,two-g,baseline2_all_hdv_yield,1.0,0.34950000000000003,0.354,-0.05824999999999991,1.0040946141224376,-0.004094614122437612,
0.7,0.7,13,6,two-g,baseline2_matched_0.050,0.05,0.005500000000000005,0.009000000000000008,-0.0009166666666666767,0.9997710466981801,0.00022895330181993412,
0.7,0.7,13,6,two-g,baseline2_matched_0.200,0.2,0.025500000000000023,0.030500000000000027,-0.004250000000000087,1.0006387465304423,-0.000638746530442269,
0.7,0.7,13,6,two-g,baseline2_matched_0.350,0.35,0.05349999999999999,0.059,-0.008916666666666684,1.00082373416199,-0.0008237341619901084,
0.7,0.7,13,6,two-g,baseline2_matched_0.500,0.5,0.0635,0.069,-0.010583333333333389,1.0006623884474797,-0.0006623884474796782,
0.7,0.7,13,6,two-g,baseline2_matched_0.650,0.65,0.12724999999999997,0.10950000000000004,-0.021208333333333385,1.0016653034543754,-0.001665303454375433,
0.7,0.7,13,6,two-g,baseline2_matched_0.800,0.8,0.16849999999999998,0.16649999999999998,-0.02808333333333335,1.0024139641605123,-0.0024139641605123163,
0.7,0.7,13,6,two-g,baseline2_matched_0.950,0.95,0.29325,0.2985,-0.048875,1.0028266607824572,-0.002826660782457191,
0.7,0.7,13,7,one,baseline2_all_hdv_yield,1.0,0.41750000000000004,0.41750000000000004,-0.06958333333333333,1.0040848510251523,-0.004084851025152325,
0.7,0.7,13,7,one,baseline2_matched_0.050,0.05,0.015500000000000014,0.015500000000000014,-0.002583333333333271,1.0008291712230246,-0.0008291712230246162,
0.7,0.7,13,7,one,baseline2_matched_0.200,0.2,0.02300000000000002,0.02300000000000002,-0.0038333333333332442,1.0006772809989868,-0.0006772809989867845,
0.7,0.7,13,7,one,baseline2_matched_0.350,0.35,0.05499999999999999,0.05499999999999999,-0.009166666666666656,1.0013636920114435,-0.0013636920114434847,
0.7,0.7,13,7,one,baseline2_matched_0.500,0.5,0.09449999999999997,0.09449999999999997,-0.01574999999999993,1.0012649218657568,-0.001264921865756774,
0.7,0.7,13,7,one,baseline2_matched_0.650,0.65,0.14150000000000001,0.14150000000000001,-0.02358333333333329,1.001974157911881,-0.001974157911881047,
0.7,0.7,13,7,one,baseline2_matched_0.800,0.8,0.16950000000000004,0.16950000000000004,-0.028249999999999997,1.0013607870071584,-0.0013607870071583594,
0.7,0.7,13,7,one,baseline2_matched_0.950,0.95,0.31550000000000006,0.31550000000000006,-0.052583333333333315,1.002966839376086,-0.0029668393760859946,
0.7,0.7,13,7,two-2g,baseline2_all_hdv_yield,1.0,0.3935,0.395,-0.06558333333333344,1.0039721336227736,-0.003972133622773599,
0.7,0.7,13,7,two-2g,baseline2_matched_0.050,0.05,0.015500000000000014,0.017500000000000016,-0.002583333333333382,1.0008369378536286,-0.0008369378536285943,
0.7,0.7,13,7,two-2g,baseline2_matched_0.200,0.2,0.04225000000000001,0.030000000000000027,-0.007041666666666724,1.0008585255363627,-0.0008585255363626754,
0.7,0.7,13,7,two-2g,baseline2_matched_0.350,0.35,0.059750000000000025,0.065,-0.009958333333333402,1.0015812977601544,-0.0015812977601543654,
0.7,0.7,13,7,two-2g,baseline2_matched_0.500,0.5,0.08449999999999996,0.08050000000000002,-0.014083333333333448,1.001444714152096,-0.001444714152095905,
0.7,0.7,13,7,two-2g,baseline2_matched_0.650,0.65,0.13374999999999998,0.14100000000000001,-0.02229166666666682,1.0025357224255746,-0.002535722425574649,
0.7,0.7,13,7,two-2g,baseline2_matched_0.800,0.8,0.20224999999999999,0.20650000000000002,-0.03370833333333345,1.0033066517877727,-0.003306651787772674,
0.7,0.7,13,7,two-2g,baseline2_matched_0.950,0.95,0.27725000000000005,0.28049999999999997,-0.04620833333333341,1.0033772269043961,-0.0033772269043961245,
0.7,0.7,13,7,two-g,baseline2_all_hdv_yield,1.0,0.35500000000000004,0.338,-0.05916666666666681,1.0033315482046985,-0.003331548204698498,
0.7,0.7,13,7,two-g,baseline2_matched_0.050,0.05,0.019499999999999962,0.014500000000000013,-0.003250000000000086,0.9999879607603815,1.2039239618455433e-05,
0.7,0.7,13,7,two-g,baseline2_matched_0.200,0.2,0.04175000000000001,0.04250000000000004,-0.0069583333333334,1.0010005023268953,-0.0010005023268953028,
0.7,0.7,13,7,two-g,baseline2_matched_0.350,0.35,0.07024999999999998,0.0595,-0.011708333333333432,1.0016551878744104,-0.0016551878744104354,
0.7,0.7,13,7,two-g,baseline2_matched_0.500,0.5,0.08649999999999997,0.08000000000000002,-0.014416666666666744,1.0016713785759628,-0.0016713785759627786,
0.7,0.7,13,7,two-g,baseline2_matched_0.650,0.65,0.13525000000000004,0.1355,-0.022541666666666793,1.0030874422427862,-0.0030874422427862314,
0.7,0.7,13,7,two-g,baseline2_matched_0.800,0.8,0.183,0.18250000000000005,-0.030500000000000083,1.0030820453422669,-0.0030820453422668592,
0.7,0.7,13,7,two-g,baseline2_matched_0.950,0.95,0.27499999999999997,0.2745,-0.04583333333333339,1.0026872413120276,-0.0026872413120275773,
0.7,0.7,13,8,one,baseline2_all_hdv_yield,1.0,0.40800000000000003,0.40800000000000003,-0.06799999999999995,1.0031118363944538,-0.003111836394453782,
0.7,0.7,13,8,one,baseline2_matched_0.050,0.05,0.02150000000000002,0.02150000000000002,-0.0035833333333333828,1.0006978384443799,-0.0006978384443798724,
0.7,0.7,13,8,one,baseline2_matched_0.200,0.2,0.029500000000000026,0.029500000000000026,-0.00491666666666668,1.0008032822069435,-0.0008032822069434786,
0.7,0.7,13,8,one,baseline2_matched_0.350,0.35,0.065,0.065,-0.010833333333333361,1.0007733926364528,-0.0007733926364528187,
0.7,0.7,13,8,one,baseline2_matched_0.500,0.5,0.11150000000000004,0.11150000000000004,-0.018583333333333285,1.0019789386462559,-0.001978938646255868,
0.7,0.7,13,8,one,baseline2_matched_0.650,0.65,0.123,0.123,-0.020499999999999963,1.002103893656227,-0.002103893656226985,
0.7,0.7,13,8,one,baseline2_matched_0.800,0.8,0.1875,0.1875,-0.03125,1.0012292085864414,-0.001229208586441377,
0.7,0.7,13,8,one,baseline2_matched_0.950,0.95,0.3265,0.3265,-0.05441666666666667,1.0032832862918517,-0.003283286291851706,
0.7,0.7,13,8,two-2g,baseline2_all_hdv_yield,1.0,0.37100000000000005,0.357,-0.061833333333333296,1.004671107984487,-0.004671107984487,
0.7,0.7,13,8,two-2g,baseline2_matched_0.050,0.05,-0.003500000000000003,-0.0005000000000000004,0.0005833333333332691,1.0008990886189892,-0.0008990886189892411,
0.7,0.7,13,8,two-2g,baseline2_matched_0.200,0.2,0.03700000000000003,0.038000000000000034,-0.006166666666666765,1.0015307347111322,-0.0015307347111321867,
0.7,0.7,13,8,two-2g,baseline2_matched_0.350,0.35,0.0625,0.063,-0.01041666666666663,1.001679406177919,-0.0016794061779190628,
0.7,0.7,13,8,two-2g,baseline2_matched_0.500,0.5,0.08500000000000002,0.08850000000000002,-0.01416666666666666,1.0013052358103869,-0.0013052358103868844,
0.7,0.7,13,8,two-2g,baseline2_matched_0.650,0.65,0.09500000000000003,0.09899999999999998,-0.015833333333333366,1.001895768843276,-0.0018957688432759134,
0.7,0.7,13,8,two-2g,baseline2_matched_0.800,0.8,0.16724999999999995,0.16649999999999998,-0.027874999999999983,1.0032691111356569,-0.003269111135656866,
0.7,0.7,13,8,two-2g,baseline2_matched_0.950,0.95,0.24925000000000003,0.25050000000000006,-0.0415416666666667,1.002900339452671,-0.002900339452670986,
0.7,0.7,13,8,two-g,baseline2_all_hdv_yield,1.0,0.37100000000000005,0.357,-0.061833333333333296,1.004671107984487,-0.004671107984487,
0.7,0.7,13,8,two-g,baseline2_matched_0.050,0.05,0.005750000000000033,0.0005000000000000004,-0.0009583333333332833,1.001188541167459,-0.001188541167459034,
0.7,0.7,13,8,two-g,baseline2_matched_0.200,0.2,0.025749999999999995,0.029000000000000026,-0.004291666666666694,1.001240866879234,-0.0012408668792340816,
0.7,0.7,13,8,two-g,baseline2_matched_0.350,0.35,0.04375000000000001,0.04250000000000004,-0.007291666666666585,1.0014414487743741,-0.0014414487743741322,
0.7,0.7,13,8,two-g,baseline2_matched_0.500,0.5,0.07624999999999998,0.0695,-0.012708333333333321,1.002632066358967,-0.0026320663589669557,
0.7,0.7,13,8,two-g,baseline2_matched_0.650,0.65,0.14175,0.14200000000000002,-0.023625000000000007,1.002448926367754,-0.0024489263677540674,
0.7,0.7,13,8,two-g,baseline2_matched_0.800,0.8,0.16999999999999998,0.1725,-0.028333333333333433,1.00244311239978,-0.002443112399779901,
0.7,0.7,13,8,two-g,baseline2_matched_0.950,0.95,0.294,0.29600000000000004,-0.049000000000000044,1.0050099792607412,-0.005009979260741204,
0.7,0.7,13,9,one,baseline2_all_hdv_yield,1.0,0.37450000000000006,0.37450000000000006,-0.062416666666666676,1.0007620322907562,-0.0007620322907562205,
0.7,0.7,13,9,one,baseline2_matched_0.050,0.05,0.007000000000000006,0.007000000000000006,-0.0011666666666666492,0.9997743355655043,0.00022566443449567597,
0.7,0.7,13,9,one,baseline2_matched_0.200,0.2,0.03750000000000003,0.03750000000000003,-0.006249999999999978,1.0001704927988584,-0.00017049279885839042,
0.7,0.7,13,9,one,baseline2_matched_0.350,0.35,0.07550000000000001,0.07550000000000001,-0.01258333333333339,1.0001090987982968,-0.0001090987982967917,
0.7,0.7,13,9,one,baseline2_matched_0.500,0.5,0.09250000000000003,0.09250000000000003,-0.015416666666666634,1.0008997539676934,-0.000899753967693373,
0.7,0.7,13,9,one,baseline2_matched_0.650,0.65,0.14900000000000002,0.14900000000000002,-0.024833333333333374,1.0016016367308722,-0.0016016367308722135,
0.7,0.7,13,9,one,baseline2_matched_0.800,0.8,0.1985,0.1985,-0.03308333333333335,1.0017049279885724,-0.0017049279885723578,
0.7,0.7,13,9,one,baseline2_matched_0.950,0.95,0.30500000000000005,0.30500000000000005,-0.050833333333333286,1.002483138428123,-0.0024831384281229774,
0.7,0.7,13,9,two-2g,baseline2_all_hdv_yield,1.0,0.34024999999999994,0.34400000000000003,-0.05670833333333336,1.003956725416537,-0.00395672541653691,
0.7,0.7,13,9,two-2g,baseline2_matched_0.050,0.05,0.003500000000000003,0.0020000000000000018,-0.0005833333333333801,1.0003269952415565,-0.00032699524155654913,
0.7,0.7,13,9,two-2g,baseline2_matched_0.200,0.2,0.03325,0.03250000000000003,-0.005541666666666667,1.0000261430205826,-2.6143020582569676e-05,
0.7,0.7,13,9,two-2g,baseline2_matched_0.350,0.35,0.058499999999999996,0.049500000000000044,-0.009749999999999925,1.000970611510153,-0.0009706115101530965,
0.7,0.7,13,9,two-2g,baseline2_matched_0.500,0.5,0.08499999999999996,0.055999999999999994,-0.01416666666666666,1.0008220527582776,-0.0008220527582776249,
0.7,0.7,13,9,two-2g,baseline2_matched_0.650,0.65,0.10350000000000004,0.08700000000000002,-0.017249999999999988,1.0015569621146154,-0.0015569621146154233,
0.7,0.7,13,9,two-2g,baseline2_matched_0.800,0.8,0.14549999999999996,0.14499999999999996,-0.024249999999999883,1.0024665732434084,-0.0024665732434083765,
0.7,0.7,13,9,two-2g,baseline2_matched_0.950,0.95,0.26925,0.27199999999999996,-0.044875,1.0031014751718093,-0.0031014751718092537,
0.7,0.7,13,9,two-g,baseline2_all_hdv_yield,1.0,0.34024999999999994,0.34400000000000003,-0.05670833333333336,1.003956725416537,-0.00395672541653691,
0.7,0.7,13,9,two-g,baseline2_matched_0.050,0.05,0.01150000000000001,0.015000000000000013,-0.0019166666666665666,1.000562697395368,-0.0005626973953680725,
0.7,0.7,13,9,two-g,baseline2_matched_0.200,0.2,0.030999999999999972,0.03500000000000003,-0.005166666666666542,1.0001722119609715,-0.00017221196097150226,
0.7,0.7,13,9,two-g,baseline2_matched_0.350,0.35,0.04049999999999998,0.040500000000000036,-0.006750000000000034,1.0006232828081418,-0.000623282808141834,
0.7,0.7,13,9,two-g,baseline2_matched_0.500,0.5,0.08675,0.07850000000000001,-0.01445833333333324,1.000788440303244,-0.0007884403032440979,
0.7,0.7,13,9,two-g,baseline2_matched_0.650,0.65,0.13375000000000004,0.13200000000000006,-0.0222916666666666,1.0027553913755414,-0.0027553913755413717,
0.7,0.7,13,9,two-g,baseline2_matched_0.800,0.8,0.15374999999999994,0.15499999999999997,-0.02562500000000001,1.002273197884824,-0.002273197884824052,
0.7,0.7,13,9,two-g,baseline2_matched_0.950,0.95,0.25575000000000003,0.25600000000000006,-0.04262499999999991,1.0022682182618554,-0.0022682182618554148,
0.75,0.75,14,0,one,baseline2_all_hdv_yield,1.0,0.36050000000000004,0.36050000000000004,-0.06008333333333338,1.0019886493706571,-0.001988649370657125,
0.75,0.75,14,0,one,baseline2_matched_0.050,0.05,0.01100000000000001,0.01100000000000001,-0.0018333333333333535,1.0000303572601625,-3.0357260162539035e-05,
0.75,0.75,14,0,one,baseline2_matched_0.200,0.2,0.02899999999999997,0.02899999999999997,-0.004833333333333356,0.9997103618784469,0.0002896381215531374,
0.75,0.75,14,0,one,baseline2_matched_0.350,0.35,0.045999999999999985,0.045999999999999985,-0.0076666666666667105,1.0008176553843804,-0.0008176553843803891,
0.75,0.75,14,0,one,baseline2_matched_0.500,0.5,0.08500000000000002,0.08500000000000002,-0.01416666666666666,1.0004966646826625,-0.0004966646826625176,
0.75,0.75,14,0,one,baseline2_matched_0.650,0.65,0.1225,0.1225,-0.02041666666666664,1.0010102498054128,-0.0010102498054127551,
0.75,0.75,14,0,one,baseline2_matched_0.800,0.8,0.1835,0.1835,-0.030583333333333296,1.0011461109861415,-0.0011461109861414798,
0.75,0.75,14,0,one,baseline2_matched_0.950,0.95,0.26049999999999995,0.26049999999999995,-0.04341666666666666,1.0014332608076808,-0.0014332608076808029,
0.75,0.75,14,0,two-2g,baseline2_all_hdv_yield,1.0,0.29300000000000004,0.281,-0.048833333333333284,1.0020440725132973,-0.0020440725132973014,
0.75,0.75,14,0,two-2g,baseline2_matched_0.050,0.05,0.017249999999999988,0.025000000000000022,-0.002874999999999961,1.0002090868133442,-0.00020908681334419477,
0.75,0.75,14,0,two-2g,baseline2_matched_0.200,0.2,0.027249999999999996,0.03699999999999998,-0.004541666666666555,1.000012445643649,-1.244564364899503e-05,
0.75,0.75,14,0,two-2g,baseline2_matched_0.350,0.35,0.056999999999999995,0.07050000000000001,-0.009499999999999953,1.0006879951810443,-0.000687995181044343,
0.75,0.75,14,0,two-2g,baseline2_matched_0.500,0.5,0.05924999999999997,0.057999999999999996,-0.009874999999999856,1.000778101641082,-0.0007781016410819408,
0.75,0.75,14,0,two-2g,baseline2_matched_0.650,0.65,0.13374999999999998,0.11299999999999999,-0.0222916666666666,1.0019176247737995,-0.0019176247737995311,
0.75,0.75,14,0,two-2g,baseline2_matched_0.800,0.8,0.15249999999999997,0.1385,-0.025416666666666643,1.0026424590600556,-0.0026424590600555575,
0.75,0.75,14,0,two-2g,baseline2_matched_0.950,0.95,0.26925,0.27649999999999997,-0.044875,1.0030053740289253,-0.0030053740289253117,
0.75,0.75,14,0,two-g,baseline2_all_hdv_yield,1.0,0.29300000000000004,0.281,-0.048833333333333284,1.0020440725132973,-0.0020440725132973014,
0.75,0.75,14,0,two-g,baseline2_matched_0.050,0.05,0.0050000000000000044,0.014000000000000012,-0.0008333333333332416,1.0004525236031603,-0.00045252360316028195,
0.75,0.75,14,0,two-g,baseline2_matched_0.200,0.2,0.02699999999999997,0.03949999999999998,-0.0044999999999999485,1.0005904213348176,-0.0005904213348175702,
0.75,0.75,14,0,two-g,baseline2_matched_0.350,0.35,0.03125,0.044499999999999984,-0.005208333333333259,1.0010160623476945,-0.0010160623476944686,
0.75,0.75,14,0,two-g,baseline2_matched_0.500,0.5,0.07574999999999998,0.08700000000000002,-0.012624999999999886,1.001319238227042,-0.0013192382270419412,
0.75,0.75,14,0,two-g,baseline2_matched_0.650,0.65,0.10799999999999998,0.119,-0.017999999999999905,1.001270949129673,-0.0012709491296729603,
0.75,0.75,14,0,two-g,baseline2_matched_0.800,0.8,0.14925,0.15949999999999998,-0.02487499999999987,1.0017677792242379,-0.0017677792242378754,
0.75,0.75,14,0,two-g,baseline2_matched_0.950,0.95,0.245,0.25749999999999995,-0.04083333333333328,1.0014422011863173,-0.0014422011863173267,
0.75,0.75,14,1,one,baseline2_all_hdv_yield,1.0,0.28850000000000003,0.28850000000000003,-0.04808333333333337,1.0010771528123417,-0.001077152812341664,
0.75,0.75,14,1,one,baseline2_matched_0.050,0.05,0.01699999999999996,0.01699999999999996,-0.0028333333333333544,1.0004962667994013,-0.0004962667994012904,
0.75,0.75,14,1,one,baseline2_matched_0.200,0.2,0.03849999999999998,0.03849999999999998,-0.006416666666666626,1.0000433051269275,-4.3305126927517534e-05,
0.75,0.75,14,1,one,baseline2_matched_0.350,0.35,0.05349999999999999,0.05349999999999999,-0.008916666666666684,1.0001045296167241,-0.00010452961672413608,
0.75,0.75,14,1,one,baseline2_matched_0.500,0.5,0.08249999999999996,0.08249999999999996,-0.01375000000000004,1.0006565455450456,-0.0006565455450455726,
0.75,0.75,14,1,one,baseline2_matched_0.650,0.65,0.129,0.129,-0.021499999999999964,1.0014713787954197,-0.0014713787954196977,
0.75,0.75,14,1,one,baseline2_matched_0.800,0.8,0.128,0.128,-0.021333333333333315,1.0009328023892472,-0.0009328023892472004,
0.75,0.75,14,1,one,baseline2_matched_0.950,0.95,0.28250000000000003,0.28250000000000003,-0.047083333333333366,1.0022205077152804,-0.002220507715280373,
0.75,0.75,14,1,two-2g,baseline2_all_hdv_yield,1.0,0.285,0.282,-0.04749999999999999,1.00238957252096,-0.0023895725209599483,
0.75,0.75,14,1,two-2g,baseline2_matched_0.050,0.05,0.004500000000000004,0.01100000000000001,-0.0007500000000000284,1.0000069710388158,-6.971038815750674e-06,
0.75,0.75,14,1,two-2g,baseline2_matched_0.200,0.2,0.028749999999999998,0.034499999999999975,-0.0047916666666666385,1.0004760223650815,-0.00047602236508148543,
0.75,0.75,14,1,two-2g,baseline2_matched_0.350,0.35,0.04525000000000001,0.05249999999999999,-0.007541666666666669,1.0009799288854424,-0.0009799288854424049,
0.75,0.75,14,1,two-2g,baseline2_matched_0.500,0.5,0.07324999999999998,0.0615,-0.012208333333333377,1.0010581041064859,-0.0010581041064858798,
0.75,0.75,14,1,two-2g,baseline2_matched_0.650,0.65,0.11925000000000002,0.1225,-0.019874999999999976,1.0023776221686975,-0.002377622168697524,
0.75,0.75,14,1,two-2g,baseline2_matched_0.800,0.8,0.14750000000000002,0.15449999999999997,-0.02458333333333329,1.0022043420609055,-0.002204342060905473,
0.75,0.75,14,1,two-2g,baseline2_matched_0.950,0.95,0.30750000000000005,0.294,-0.05125000000000002,1.002859619709914,-0.0028596197099139964,
0.75,0.75,14,1,two-g,baseline2_all_hdv_yield,1.0,0.285,0.282,-0.04749999999999999,1.00238957252096,-0.0023895725209599483,
0.75,0.75,14,1,two-g,baseline2_matched_0.050,0.05,0.0020000000000000018,0.006500000000000006,-0.0003333333333332966,1.0000836524658288,-8.365246582875407e-05,
0.75,0.75,14,1,two-g,baseline2_matched_0.200,0.2,0.007250000000000034,0.0030000000000000027,-0.0012083333333333668,1.0000776772896995,-7.767728969954035e-05,
0.75,0.75,14,1,two-g,baseline2_matched_0.350,0.35,0.03350000000000003,0.02949999999999997,-0.0055833333333333846,1.0006921245684786,-0.0006921245684785582,
0.75,0.75,14,1,two-g,baseline2_matched_0.500,0.5,0.07100000000000001,0.07749999999999996,-0.011833333333333251,1.0010351992646527,-0.0010351992646526753,
0.75,0.75,14,1,two-g,baseline2_matched_0.650,0.65,0.11599999999999999,0.09349999999999997,-0.019333333333333313,1.0013608463637789,-0.001360846363778867,
0.75,0.75,14,1,two-g,baseline2_matched_0.800,0.8,0.15975,0.15199999999999997,-0.02662500000000001,1.0020878261263548,-0.0020878261263548303,
0.75,0.75,14,1,two-g,baseline2_matched_0.950,0.95,0.25300000000000006,0.25699999999999995,-0.042166666666666686,1.0022680772729688,-0.002268077272968849,
0.75,0.75,14,2,one,baseline2_all_hdv_yield,1.0,0.2715000000000001,0.2715000000000001,-0.04525000000000001,1.001964011039851,-0.00196401103985111,
0.75,0.75,14,2,one,baseline2_matched_0.050,0.05,0.0,0.0,0.0,1.0003477314379103,-0.0003477314379103369,
0.75,0.75,14,2,one,baseline2_matched_0.200,0.2,0.014500000000000013,0.014500000000000013,-0.0024166666666666226,0.9997930525348091,0.00020694746519089868,
0.75,0.75,14,2,one,baseline2_matched_0.350,0.35,0.064,0.064,-0.010666666666666602,1.0004929926394373,-0.0004929926394372508,
0.75,0.75,14,2,one,baseline2_matched_0.500,0.5,0.0685,0.0685,-0.01141666666666663,1.0007322756460626,-0.0007322756460625968,
0.75,0.75,14,2,one,baseline2_matched_0.650,0.65,0.08250000000000002,0.08250000000000002,-0.01375000000000004,1.0006611374549053,-0.0006611374549052584,
0.75,0.75,14,2,one,baseline2_matched_0.800,0.8,0.1295,0.1295,-0.021583333333333288,1.0004258342072225,-0.00042583420722253074,
0.75,0.75,14,2,one,baseline2_matched_0.950,0.95,0.21700000000000008,0.21700000000000008,-0.03616666666666668,1.0011342312996108,-0.0011342312996107662,
0.75,0.75,14,2,two-2g,baseline2_all_hdv_yield,1.0,0.3515,0.35100000000000003,-0.05858333333333332,1.003762019428146,-0.003762019428146024,
0.75,0.75,14,2,two-2g,baseline2_matched_0.050,0.05,0.026500000000000024,0.025999999999999968,-0.004416666666666735,0.9998203585960896,0.00017964140391035777,
0.75,0.75,14,2,two-2g,baseline2_matched_0.200,0.2,0.028249999999999997,0.025999999999999968,-0.004708333333333425,0.9997078961105412,0.0002921038894587724,
0.75,0.75,14,2,two-2g,baseline2_matched_0.350,0.35,0.05325000000000002,0.04299999999999998,-0.008875000000000077,1.0009196047491011,-0.0009196047491011328,
0.75,0.75,14,2,two-2g,baseline2_matched_0.500,0.5,0.07275000000000004,0.07300000000000001,-0.012125000000000052,1.0002194511333087,-0.00021945113330867905,
0.75,0.75,14,2,two-2g,baseline2_matched_0.650,0.65,0.12775000000000003,0.1295,-0.02129166666666671,1.001264456530014,-0.0012644565300139465,
0.75,0.75,14,2,two-2g,baseline2_matched_0.800,0.8,0.19950000000000007,0.195,-0.03325000000000011,1.0016909182561955,-0.001690918256195495,
0.75,0.75,14,2,two-2g,baseline2_matched_0.950,0.95,0.24500000000000005,0.2445,-0.04083333333333339,1.0022268567382182,-0.002226856738218208,
0.75,0.75,14,2,two-g,baseline2_all_hdv_yield,1.0,0.3515,0.35100000000000003,-0.05858333333333332,1.003762019428146,-0.003762019428146024,
0.75,0.75,14,2,two-g,baseline2_matched_0.050,0.05,0.006500000000000006,0.0025000000000000022,-0.001083333333333436,0.9999860665947098,1.3933405290211809e-05,
0.75,0.75,14,2,two-g,baseline2_matched_0.200,0.2,0.026500000000000024,0.023999999999999966,-0.004416666666666624,1.000143315025833,-0.00014331502583297961,
0.75,0.75,14,2,two-g,baseline2_matched_0.350,0.35,0.049750000000000016,0.04749999999999999,-0.008291666666666697,1.0002891181597555,-0.00028911815975551924,
0.75,0.75,14,2,two-g,baseline2_matched_0.500,0.5,0.07400000000000001,0.07450000000000001,-0.012333333333333418,1.0013256639889623,-0.0013256639889622779,
0.75,0.75,14,2,two-g,baseline2_matched_0.650,0.65,0.09925,0.09999999999999998,-0.016541666666666677,1.001213699125033,-0.0012136991250331075,
0.75,0.75,14,2,two-g,baseline2_matched_0.800,0.8,0.18675000000000003,0.18549999999999994,-0.031124999999999958,1.002439838790501,-0.0024398387905009145,
0.75,0.75,14,2,two-g,baseline2_matched_0.950,0.95,0.26025000000000004,0.26199999999999996,-0.04337500000000005,1.0023104571699575,-0.0023104571699574805,
0.75,0.75,14,3,one,baseline2_all_hdv_yield,1.0,0.3955,0.3955,-0.06591666666666662,1.0029879709910594,-0.0029879709910594077,
0.75,0.75,14,3,one,baseline2_matched_0.050,0.05,0.018500000000000016,0.018500000000000016,-0.003083333333333327,0.999396434835613,0.0006035651643869766,
0.75,0.75,14,3,one,baseline2_matched_0.200,0.2,0.02999999999999997,0.02999999999999997,-0.0050000000000000044,0.9996651283135763,0.0003348716864236545,
0.75,0.75,14,3,one,baseline2_matched_0.350,0.35,0.08550000000000002,0.08550000000000002,-0.014249999999999985,1.000430904725773,-0.00043090472577289596,
0.75,0.75,14,3,one,baseline2_matched_0.500,0.5,0.09849999999999998,0.09849999999999998,-0.016416666666666635,1.000847379616617,-0.0008473796166170722,
0.75,0.75,14,3,one,baseline2_matched_0.650,0.65,0.1285,0.1285,-0.02141666666666664,1.0009672965206706,-0.0009672965206706241,
0.75,0.75,14,3,one,baseline2_matched_0.800,0.8,0.16749999999999998,0.16749999999999998,-0.0279166666666667,1.0008419062309548,-0.0008419062309548142,
0.75,0.75,14,3,one,baseline2_matched_0.950,0.95,0.30749999999999994,0.30749999999999994,-0.05125000000000002,1.0024640187090297,-0.0024640187090296806,
0.75,0.75,14,3,two-2g,baseline2_all_hdv_yield,1.0,0.35699999999999993,0.356,-0.059499999999999886,1.003593292454383,-0.0035932924543828904,
0.75,0.75,14,3,two-2g,baseline2_matched_0.050,0.05,0.015749999999999986,0.010499999999999954,-0.0026249999999998774,0.9997257370629771,0.0002742629370229288,
0.75,0.75,14,3,two-2g,baseline2_matched_0.200,0.2,0.023499999999999965,0.025999999999999968,-0.003916666666666568,1.0005878485092994,-0.0005878485092993824,
0.75,0.75,14,3,two-2g,baseline2_matched_0.350,0.35,0.04849999999999999,0.04349999999999998,-0.00808333333333322,1.0002125413323215,-0.00021254133232151418,
0.75,0.75,14,3,two-2g,baseline2_matched_0.500,0.5,0.05499999999999999,0.045999999999999985,-0.009166666666666656,1.0005644540300993,-0.000564454030099304,
0.75,0.75,14,3,two-2g,baseline2_matched_0.650,0.65,0.10924999999999996,0.10749999999999998,-0.01820833333333327,1.002051745601464,-0.002051745601463928,
0.75,0.75,14,3,two-2g,baseline2_matched_0.800,0.8,0.14225,0.14399999999999996,-0.02370833333333322,1.0008551428780479,-0.0008551428780478876,
0.75,0.75,14,3,two-2g,baseline2_matched_0.950,0.95,0.23325,0.23449999999999993,-0.03887499999999999,1.002723714684915,-0.0027237146849150573,
0.75,0.75,14,3,two-g,baseline2_all_hdv_yield,1.0,0.27725,0.284,-0.046208333333333185,1.0027148023928514,-0.0027148023928513787,
0.75,0.75,14,3,two-g,baseline2_matched_0.050,0.05,-0.003500000000000003,0.0020000000000000018,0.0005833333333333801,0.9996630140777493,0.0003369859222507321,
0.75,0.75,14,3,two-g,baseline2_matched_0.200,0.2,0.01974999999999999,0.02749999999999997,-0.0032916666666666927,1.0001841725129001,-0.00018417251290014924,
0.75,0.75,14,3,two-g,baseline2_matched_0.350,0.35,0.035750000000000004,0.032999999999999974,-0.005958333333333288,1.0009064274215964,-0.0009064274215964119,
0.75,0.75,14,3,two-g,baseline2_matched_0.500,0.5,0.063,0.0625,-0.010499999999999954,1.0007610804654703,-0.0007610804654702985,
0.75,0.75,14,3,two-g,baseline2_matched_0.650,0.65,0.09499999999999997,0.09849999999999998,-0.015833333333333366,1.0023320222241476,-0.002332022224147634,
0.75,0.75,14,3,two-g,baseline2_matched_0.800,0.8,0.20125000000000004,0.20549999999999996,-0.03354166666666658,1.003120479684777,-0.003120479684777022,
0.75,0.75,14,3,two-g,baseline2_matched_0.950,0.95,0.24650000000000005,0.2375,-0.04108333333333336,1.0028253059005898,-0.002825305900589825,
0.75,0.75,14,4,one,baseline2_all_hdv_yield,1.0,0.31099999999999994,0.31099999999999994,-0.05183333333333329,1.0015885801448892,-0.0015885801448891623,
0.75,0.75,14,4,one,baseline2_matched_0.050,0.05,0.00649999999999995,0.00649999999999995,-0.001083333333333325,1.000274305126867,-0.0002743051268669916,
0.75,0.75,14,4,one,baseline2_matched_0.200,0.2,0.025499999999999967,0.025499999999999967,-0.004249999999999976,1.000060237604994,-6.023760499407338e-05,
0.75,0.75,14,4,one,baseline2_matched_0.350,0.35,0.03999999999999998,0.03999999999999998,-0.006666666666666599,1.000209587038859,-0.00020958703885898267,
0.75,0.75,14,4,one,baseline2_matched_0.500,0.5,0.056999999999999995,0.056999999999999995,-0.009499999999999953,1.000126449187338,-0.00012644918733806243,
0.75,0.75,14,4,one,baseline2_matched_0.650,0.65,0.122,0.122,-0.020333333333333314,1.0019813691559567,-0.0019813691559567026,
0.75,0.75,14,4,one,baseline2_matched_0.800,0.8,0.16299999999999992,0.16299999999999992,-0.027166666666666672,1.0015343165172514,-0.001534316517251444,
0.75,0.75,14,4,one,baseline2_matched_0.950,0.95,0.267,0.267,-0.044499999999999984,1.0012171978860096,-0.0012171978860096022,
0.75,0.75,14,4,two-2g,baseline2_all_hdv_yield,1.0,0.30725,0.28049999999999997,-0.0512083333333333,1.0024645714738183,-0.002464571473818289,
0.75,0.75,14,4,two-2g,baseline2_matched_0.050,0.05,0.006500000000000006,0.008000000000000007,-0.001083333333333325,1.0000154378087893,-1.543780878932033e-05,
0.75,0.75,14,4,two-2g,baseline2_matched_0.200,0.2,0.02124999999999999,0.010000000000000009,-0.003541666666666665,1.0004272787077266,-0.00042727870772663046,
0.75,0.75,14,4,two-2g,baseline2_matched_0.350,0.35,0.04099999999999998,0.04849999999999999,-0.006833333333333358,1.0004969978441869,-0.0004969978441868861,
0.75,0.75,14,4,two-2g,baseline2_matched_0.500,0.5,0.08274999999999999,0.08949999999999997,-0.013791666666666647,1.0012942859689762,-0.0012942859689761832,
0.75,0.75,14,4,two-2g,baseline2_matched_0.650,0.65,0.09249999999999997,0.10099999999999998,-0.015416666666666634,1.0009446942990154,-0.0009446942990154472,
0.75,0.75,14,4,two-2g,baseline2_matched_0.800,0.8,0.12574999999999997,0.1335,-0.020958333333333412,1.001063714824827,-0.0010637148248269224,
0.75,0.75,14,4,two-2g,baseline2_matched_0.950,0.95,0.24,0.241,-0.040000000000000036,1.0032160441660771,-0.0032160441660771255,
0.75,0.75,14,4,two-g,baseline2_all_hdv_yield,1.0,0.32149999999999995,0.26149999999999995,-0.05358333333333343,1.0038340583300778,-0.003834058330077772,
0.75,0.75,14,4,two-g,baseline2_matched_0.050,0.05,0.009500000000000008,0.014500000000000013,-0.001583333333333381,1.000420307212701,-0.0004203072127009211,
0.75,0.75,14,4,two-g,baseline2_matched_0.200,0.2,0.03475,0.04349999999999998,-0.0057916666666667505,1.0003680178082766,-0.00036801780827655506,
0.75,0.75,14,4,two-g,baseline2_matched_0.350,0.35,0.052749999999999964,0.061,-0.008791666666666642,1.001210624210991,-0.0012106242109910514,
0.75,0.75,14,4,two-g,baseline2_matched_0.500,0.5,0.05874999999999997,0.056999999999999995,-0.009791666666666754,1.0014103199364541,-0.0014103199364541297,
0.75,0.75,14,4,two-g,baseline2_matched_0.650,0.65,0.09699999999999998,0.10299999999999998,-0.016166666666666774,1.0017275423232928,-0.0017275423232927523,
0.75,0.75,14,4,two-g,baseline2_matched_0.800,0.8,0.15875,0.16749999999999998,-0.02645833333333336,1.0021204598479643,-0.0021204598479642733,
0.75,0.75,14,4,two-g,baseline2_matched_0.950,0.95,0.23825000000000002,0.24549999999999994,-0.039708333333333345,1.0026289120566925,-0.0026289120566924673,
0.75,0.75,14,5,one,baseline2_all_hdv_yield,1.0,0.2725,0.2725,-0.04541666666666666,1.0014864573579367,-0.0014864573579367324,
0.75,0.75,14,5,one,baseline2_matched_0.050,0.05,-0.011999999999999955,-0.011999999999999955,0.0020000000000000018,1.0007039017763315,-0.0007039017763315059,
0.75,0.75,14,5,one,baseline2_matched_0.200,0.2,0.0005000000000000004,0.0005000000000000004,-8.333333333332416e-05,1.0005391270323665,-0.000539127032366471,
0.75,0.75,14,5,one,baseline2_matched_0.350,0.35,0.03700000000000003,0.03700000000000003,-0.006166666666666654,1.0009348851032194,-0.0009348851032193739,
0.75,0.75,14,5,one,baseline2_matched_0.500,0.5,0.0595,0.0595,-0.009916666666666685,1.0004559929470433,-0.0004559929470433488,
0.75,0.75,14,5,one,baseline2_matched_0.650,0.65,0.08050000000000002,0.08050000000000002,-0.013416666666666632,1.0008806239337569,-0.0008806239337568744,
0.75,0.75,14,5,one,baseline2_matched_0.800,0.8,0.12,0.12,-0.020000000000000018,1.0011803048880348,-0.0011803048880347777,
0.75,0.75,14,5,one,baseline2_matched_0.950,0.95,0.2565,0.2565,-0.042749999999999955,1.0017244100093436,-0.0017244100093436465,
0.75,0.75,14,5,two-2g,baseline2_all_hdv_yield,1.0,0.34,0.33999999999999997,-0.056666666666666754,1.0036491443334197,-0.003649144333419674,
0.75,0.75,14,5,two-2g,baseline2_matched_0.050,0.05,0.01924999999999999,0.014999999999999958,-0.0032083333333333686,0.99989791558565,0.00010208441435000104,
0.75,0.75,14,5,two-2g,baseline2_matched_0.200,0.2,0.02849999999999997,0.026499999999999968,-0.004750000000000032,1.0005114180172527,-0.0005114180172527405,
0.75,0.75,14,5,two-2g,baseline2_matched_0.350,0.35,0.03325,0.03149999999999997,-0.005541666666666778,1.001288255511813,-0.0012882555118129968,
0.75,0.75,14,5,two-2g,baseline2_matched_0.500,0.5,0.06574999999999998,0.059,-0.010958333333333403,1.001147827195488,-0.0011478271954878938,
0.75,0.75,14,5,two-2g,baseline2_matched_0.650,0.65,0.09049999999999997,0.08099999999999996,-0.015083333333333337,1.002034716668442,-0.002034716668442016,
0.75,0.75,14,5,two-2g,baseline2_matched_0.800,0.8,0.14375,0.14399999999999996,-0.023958333333333304,1.0027856595798514,-0.0027856595798514405,
0.75,0.75,14,5,two-2g,baseline2_matched_0.950,0.95,0.23474999999999996,0.23199999999999998,-0.039125000000000076,1.0021029389355955,-0.002102938935595544,
0.75,0.75,14,5,two-g,baseline2_all_hdv_yield,1.0,0.34,0.33999999999999997,-0.056666666666666754,1.0036491443334197,-0.003649144333419674,
0.75,0.75,14,5,two-g,baseline2_matched_0.050,0.05,0.00024999999999997247,-0.003500000000000003,-4.166666666671759e-05,1.000605036894802,-0.000605036894802069,
0.75,0.75,14,5,two-g,baseline2_matched_0.200,0.2,0.015249999999999986,0.014499999999999957,-0.0025416666666666643,1.0009356908027438,-0.0009356908027438049,
0.75,0.75,14,5,two-g,baseline2_matched_0.350,0.35,0.05124999999999996,0.03699999999999998,-0.00854166666666667,1.0013076764491766,-0.0013076764491766202,
0.75,0.75,14,5,two-g,baseline2_matched_0.500,0.5,0.09299999999999997,0.09199999999999997,-0.01550000000000007,1.0014127487000444,-0.001412748700044375,
0.75,0.75,14,5,two-g,baseline2_matched_0.650,0.65,0.10374999999999995,0.10299999999999998,-0.017291666666666705,1.0023235408651383,-0.002323540865138307,
0.75,0.75,14,5,two-g,baseline2_matched_0.800,0.8,0.16099999999999998,0.15949999999999998,-0.026833333333333376,1.0028050805172184,-0.0028050805172183946,
0.75,0.75,14,5,two-g,baseline2_matched_0.950,0.95,0.20900000000000002,0.20950000000000002,-0.03483333333333338,1.0029494926155633,-0.0029494926155633205,
0.75,0.75,14,6,one,baseline2_all_hdv_yield,1.0,0.34,0.34,-0.05666666666666664,1.0025624902370658,-0.0025624902370657843,
0.75,0.75,14,6,one,baseline2_matched_0.050,0.05,0.04049999999999998,0.04049999999999998,-0.006749999999999923,0.9996079902335838,0.00039200976641617924,
0.75,0.75,14,6,one,baseline2_matched_0.200,0.2,0.024499999999999966,0.024499999999999966,-0.004083333333333328,0.999670174523942,0.00032982547605797663,
0.75,0.75,14,6,one,baseline2_matched_0.350,0.35,0.05399999999999999,0.05399999999999999,-0.009000000000000008,0.999848270331527,0.00015172966847298852,
0.75,0.75,14,6,one,baseline2_matched_0.500,0.5,0.067,0.067,-0.011166666666666658,1.0006203504806117,-0.0006203504806117088,
0.75,0.75,14,6,one,baseline2_matched_0.650,0.65,0.1235,0.1235,-0.020583333333333287,1.000408923893393,-0.0004089238933930872,
0.75,0.75,14,6,one,baseline2_matched_0.800,0.8,0.21849999999999997,0.21849999999999997,-0.03641666666666665,1.0011004132021744,-0.0011004132021743551,
0.75,0.75,14,6,one,baseline2_matched_0.950,0.95,0.292,0.292,-0.048666666666666636,1.0029176869035905,-0.0029176869035905106,
0.75,0.75,14,6,two-2g,baseline2_all_hdv_yield,1.0,0.32225000000000004,0.32149999999999995,-0.05370833333333336,1.0014939009825288,-0.001493900982528773,
0.75,0.75,14,6,two-2g,baseline2_matched_0.050,0.05,0.01649999999999996,0.01150000000000001,-0.00275000000000003,0.9995819864006219,0.00041801359937809757,
0.75,0.75,14,6,two-2g,baseline2_matched_0.200,0.2,0.02899999999999997,0.022999999999999965,-0.004833333333333356,1.0007250545408193,-0.000725054540819281,
0.75,0.75,14,6,two-2g,baseline2_matched_0.350,0.35,0.05774999999999997,0.05249999999999999,-0.009625000000000106,1.0001602385464254,-0.00016023854642543967,
0.75,0.75,14,6,two-2g,baseline2_matched_0.500,0.5,0.08049999999999996,0.07,-0.013416666666666743,1.0012878799942666,-0.0012878799942666053,
0.75,0.75,14,6,two-2g,baseline2_matched_0.650,0.65,0.123,0.11349999999999999,-0.020500000000000074,1.0015073371339374,-0.0015073371339373587,
0.75,0.75,14,6,two-2g,baseline2_matched_0.800,0.8,0.18225000000000002,0.17549999999999993,-0.03037500000000004,1.0026638414255435,-0.002663841425543545,
0.75,0.75,14,6,two-2g,baseline2_matched_0.950,0.95,0.29500000000000004,0.29350000000000004,-0.04916666666666669,1.0031231587496192,-0.003123158749619215,
0.75,0.75,14,6,two-g,baseline2_all_hdv_yield,1.0,0.3405,0.33899999999999997,-0.05675000000000008,1.00285642768386,-0.0028564276838600744,
0.75,0.75,14,6,two-g,baseline2_matched_0.050,0.05,0.012750000000000039,0.008000000000000007,-0.0021250000000000435,0.9996735511218431,0.00032644887815691526,
0.75,0.75,14,6,two-g,baseline2_matched_0.200,0.2,0.02174999999999999,0.019999999999999962,-0.0036249999999999893,0.9998168701415195,0.00018312985848045749,
0.75,0.75,14,6,two-g,baseline2_matched_0.350,0.35,0.0695,0.059,-0.01158333333333339,1.0007374957887598,-0.0007374957887598121,
0.75,0.75,14,6,two-g,baseline2_matched_0.500,0.5,0.0605,0.06,-0.010083333333333444,1.000913658750446,-0.0009136587504459115,
0.75,0.75,14,6,two-g,baseline2_matched_0.650,0.65,0.08574999999999999,0.069,-0.014291666666666814,1.0010529966862431,-0.0010529966862431461,
0.75,0.75,14,6,two-g,baseline2_matched_0.800,0.8,0.18525000000000003,0.1825,-0.030874999999999986,1.0029469973421252,-0.002946997342125224,
0.75,0.75,14,6,two-g,baseline2_matched_0.950,0.95,0.272,0.27,-0.04533333333333345,1.003581980220977,-0.00358198022097711,
0.75,0.75,14,7,one,baseline2_all_hdv_yield,1.0,0.38500000000000006,0.38500000000000006,-0.0641666666666667,1.0024018920621176,-0.0024018920621176054,
0.75,0.75,14,7,one,baseline2_matched_0.050,0.05,0.0005000000000000004,0.0005000000000000004,-8.333333333332416e-05,0.9997801084731893,0.00021989152681067825,
0.75,0.75,14,7,one,baseline2_matched_0.200,0.2,0.01100000000000001,0.01100000000000001,-0.0018333333333333535,1.0000562166120612,-5.621661206123285e-05,
0.75,0.75,14,7,one,baseline2_matched_0.350,0.35,0.031000000000000028,0.031000000000000028,-0.005166666666666653,1.0006651469940047,-0.0006651469940046617,
0.75,0.75,14,7,one,baseline2_matched_0.500,0.5,0.07650000000000001,0.07650000000000001,-0.012750000000000039,1.0004974921421115,-0.0004974921421114775,
0.75,0.75,14,7,one,baseline2_matched_0.650,0.65,0.10400000000000004,0.10400000000000004,-0.01733333333333331,1.000672609376138,-0.0006726093761380003,
0.75,0.75,14,7,one,baseline2_matched_0.800,0.8,0.15650000000000003,0.15650000000000003,-0.026083333333333347,1.001047220959144,-0.0010472209591438908,
0.75,0.75,14,7,one,baseline2_matched_0.950,0.95,0.2690000000000001,0.2690000000000001,-0.04483333333333339,1.001387505584347,-0.0013875055843470818,
0.75,0.75,14,7,two-2g,baseline2_all_hdv_yield,1.0,0.3207499999999999,0.321,-0.053458333333333385,1.0020349023829114,-0.0020349023829113744,
0.75,0.75,14,7,two-2g,baseline2_matched_0.050,0.05,-0.0017500000000000293,-0.003500000000000003,0.00029166666666669006,0.9997760562307885,0.00022394376921153203,
0.75,0.75,14,7,two-2g,baseline2_matched_0.200,0.2,0.014749999999999985,0.014499999999999957,-0.002458333333333229,1.0002169766297255,-0.00021697662972552934,
0.75,0.75,14,7,two-2g,baseline2_matched_0.350,0.35,0.04774999999999996,0.03649999999999998,-0.00795833333333329,1.0008076905276284,-0.000807690527628413,
0.75,0.75,14,7,two-2g,baseline2_matched_0.500,0.5,0.07324999999999998,0.067,-0.012208333333333377,1.0010002821691515,-0.0010002821691514896,
0.75,0.75,14,7,two-2g,baseline2_matched_0.650,0.65,0.10974999999999996,0.10099999999999998,-0.018291666666666595,1.0008957750768512,-0.0008957750768512351,
0.75,0.75,14,7,two-2g,baseline2_matched_0.800,0.8,0.175,0.17249999999999993,-0.029166666666666563,1.003178508564356,-0.003178508564356086,
0.75,0.75,14,7,two-2g,baseline2_matched_0.950,0.95,0.22625,0.22549999999999998,-0.037708333333333344,1.0017208834531939,-0.0017208834531938777,
0.75,0.75,14,7,two-g,baseline2_all_hdv_yield,1.0,0.3207499999999999,0.321,-0.053458333333333385,1.0020349023829114,-0.0020349023829113744,
0.75,0.75,14,7,two-g,baseline2_matched_0.050,0.05,0.0037499999999999756,0.0015000000000000013,-0.0006249999999999867,0.9998855398512904,0.00011446014870963861,
0.75,0.75,14,7,two-g,baseline2_matched_0.200,0.2,0.028249999999999997,0.02749999999999997,-0.004708333333333314,1.0003130236240778,-0.0003130236240778128,
0.75,0.75,14,7,two-g,baseline2_matched_0.350,0.35,0.04299999999999998,0.04299999999999998,-0.0071666666666666545,1.0003518405440752,-0.0003518405440752215,
0.75,0.75,14,7,two-g,baseline2_matched_0.500,0.5,0.0665,0.0615,-0.011083333333333334,1.0005917092035428,-0.0005917092035427896,
0.75,0.75,14,7,two-g,baseline2_matched_0.650,0.65,0.09399999999999997,0.07549999999999996,-0.015666666666666718,1.001670122865507,-0.00167012286550694,
0.75,0.75,14,7,two-g,baseline2_matched_0.800,0.8,0.15849999999999997,0.14749999999999996,-0.026416666666666644,1.0017059538685784,-0.0017059538685784137,
0.75,0.75,14,7,two-g,baseline2_matched_0.950,0.95,0.20949999999999996,0.20949999999999996,-0.03491666666666671,1.001497934989623,-0.0014979349896229177,
0.75,0.75,14,8,one,baseline2_all_hdv_yield,1.0,0.3905,0.3905,-0.06508333333333338,1.0023216136458717,-0.0023216136458716896,
0.75,0.75,14,8,one,baseline2_matched_0.050,0.05,-0.006000000000000005,-0.006000000000000005,0.0010000000000000009,0.9995959815086916,0.00040401849130844436,
0.75,0.75,14,8,one,baseline2_matched_0.200,0.2,0.006999999999999951,0.006999999999999951,-0.0011666666666666492,0.9992252995185101,0.000774700481489865,
0.75,0.75,14,8,one,baseline2_matched_0.350,0.35,0.019499999999999962,0.019499999999999962,-0.003249999999999975,0.9995820498365766,0.0004179501634233862,
0.75,0.75,14,8,one,baseline2_matched_0.500,0.5,0.057999999999999996,0.057999999999999996,-0.009666666666666712,1.0000930436673363,-9.30436673363122e-05,
0.75,0.75,14,8,one,baseline2_matched_0.650,0.65,0.09099999999999997,0.09099999999999997,-0.015166666666666662,1.0005776668330166,-0.0005776668330166324,
0.75,0.75,14,8,one,baseline2_matched_0.800,0.8,0.13199999999999995,0.13199999999999995,-0.02200000000000002,1.0004905938823037,-0.0004905938823036582,
0.75,0.75,14,8,one,baseline2_matched_0.950,0.95,0.2655,0.2655,-0.04425000000000001,1.0014956645133932,-0.0014956645133932245,
0.75,0.75,14,8,two-2g,baseline2_all_hdv_yield,1.0,0.31050000000000005,0.31399999999999995,-0.05174999999999996,1.0019660211812649,-0.0019660211812648765,
0.75,0.75,14,8,two-2g,baseline2_matched_0.050,0.05,0.010000000000000009,0.014499999999999957,-0.0016666666666665941,0.9994584731531094,0.0005415268468905721,
0.75,0.75,14,8,two-2g,baseline2_matched_0.200,0.2,0.014749999999999985,0.015499999999999958,-0.002458333333333229,0.9994315959015165,0.000568404098483466,
0.75,0.75,14,8,two-2g,baseline2_matched_0.350,0.35,0.0595,0.064,-0.009916666666666574,1.0001383680730116,-0.0001383680730115966,
0.75,0.75,14,8,two-2g,baseline2_matched_0.500,0.5,0.05499999999999999,0.0605,-0.009166666666666545,1.0008207516273169,-0.0008207516273168736,
0.75,0.75,14,8,two-2g,baseline2_matched_0.650,0.65,0.1215,0.1195,-0.02024999999999988,1.001025317375544,-0.0010253173755438993,
0.75,0.75,14,8,two-2g,baseline2_matched_0.800,0.8,0.14675,0.15049999999999997,-0.02445833333333325,1.0011387991044889,-0.0011387991044888857,
0.75,0.75,14,8,two-2g,baseline2_matched_0.950,0.95,0.26725000000000004,0.27249999999999996,-0.04454166666666659,1.0017863417771016,-0.0017863417771015744,
0.75,0.75,14,8,two-g,baseline2_all_hdv_yield,1.0,0.31050000000000005,0.31399999999999995,-0.05174999999999996,1.0019660211812649,-0.0019660211812648765,
0.75,0.75,14,8,two-g,baseline2_matched_0.050,0.05,0.004500000000000004,0.009500000000000008,-0.0007500000000000284,0.9997187843120465,0.0002812156879534733,
0.75,0.75,14,8,two-g,baseline2_matched_0.200,0.2,0.019000000000000017,0.022999999999999965,-0.00316666666666654,1.0000487772343702,-4.877723437024528e-05,
0.75,0.75,14,8,two-g,baseline2_matched_0.350,0.35,0.044999999999999984,0.04949999999999999,-0.007499999999999951,1.0003917110556064,-0.00039171105560642516,
0.75,0.75,14,8,two-g,baseline2_matched_0.500,0.5,0.057499999999999996,0.0615,-0.009583333333333277,1.0011457672808284,-0.0011457672808283803,
0.75,0.75,14,8,two-g,baseline2_matched_0.650,0.65,0.12025000000000002,0.10749999999999998,-0.020041666666666624,1.001521053349353,-0.001521053349353041,
0.75,0.75,14,8,two-g,baseline2_matched_0.800,0.8,0.15275,0.13949999999999996,-0.02545833333333325,1.0011671695367237,-0.001167169536723689,
0.75,0.75,14,8,two-g,baseline2_matched_0.950,0.95,0.24725000000000003,0.23649999999999993,-0.04120833333333329,1.0019535780092301,-0.001953578009230128,
0.75,0.75,14,9,one,baseline2_all_hdv_yield,1.0,0.3575,0.3575,-0.05958333333333332,1.0022782195343518,-0.002278219534351811,
0.75,0.75,14,9,one,baseline2_matched_0.050,0.05,0.003999999999999948,0.003999999999999948,-0.0006666666666665932,1.0002055723547492,-0.0002055723547491617,
0.75,0.75,14,9,one,baseline2_matched_0.200,0.2,0.033499999999999974,0.033499999999999974,-0.0055833333333332735,1.0002802354375866,-0.00028023543758659564,
0.75,0.75,14,9,one,baseline2_matched_0.350,0.35,0.02849999999999997,0.02849999999999997,-0.004749999999999921,1.0004653998830277,-0.0004653998830277395,
0.75,0.75,14,9,one,baseline2_matched_0.500,0.5,0.043999999999999984,0.043999999999999984,-0.007333333333333303,1.0005077089633028,-0.0005077089633027665,
0.75,0.75,14,9,one,baseline2_matched_0.650,0.65,0.13349999999999995,0.13349999999999995,-0.022249999999999992,1.0015813640945208,-0.0015813640945208096,
0.75,0.75,14,9,one,baseline2_matched_0.800,0.8,0.16399999999999998,0.16399999999999998,-0.02733333333333332,1.0013051106880215,-0.0013051106880215269,
0.75,0.75,14,9,one,baseline2_matched_0.950,0.95,0.25699999999999995,0.25699999999999995,-0.04283333333333328,1.0016326327447385,-0.0016326327447384603,
0.75,0.75,14,9,two-2g,baseline2_all_hdv_yield,1.0,0.30724999999999997,0.30849999999999994,-0.0512083333333333,1.0026638504539247,-0.0026638504539246988,
0.75,0.75,14,9,two-2g,baseline2_matched_0.050,0.05,0.012249999999999983,0.014999999999999958,-0.0020416666666666083,1.0006816469666218,-0.0006816469666217628,
0.75,0.75,14,9,two-2g,baseline2_matched_0.200,0.2,0.029249999999999998,0.025999999999999968,-0.004874999999999963,1.0009081987341986,-0.000908198734198562,
0.75,0.75,14,9,two-2g,baseline2_matched_0.350,0.35,0.03925000000000001,0.04349999999999998,-0.006541666666666668,1.000987865289831,-0.0009878652898309692,
0.75,0.75,14,9,two-2g,baseline2_matched_0.500,0.5,0.06724999999999998,0.07150000000000001,-0.011208333333333265,1.0011462025691464,-0.0011462025691464373,
0.75,0.75,14,9,two-2g,baseline2_matched_0.650,0.65,0.11174999999999996,0.11199999999999999,-0.01862499999999989,1.0018597161580207,-0.0018597161580207189,
0.75,0.75,14,9,two-2g,baseline2_matched_0.800,0.8,0.15125,0.127,-0.025208333333333277,1.001285619041502,-0.0012856190415020397,
0.75,0.75,14,9,two-2g,baseline2_matched_0.950,0.95,0.2725,0.27699999999999997,-0.04541666666666655,1.0038449071411624,-0.003844907141162368,
0.75,0.75,14,9,two-g,baseline2_all_hdv_yield,1.0,0.30724999999999997,0.30849999999999994,-0.0512083333333333,1.0026638504539247,-0.0026638504539246988,
0.75,0.75,14,9,two-g,baseline2_matched_0.050,0.05,0.011249999999999982,0.014999999999999958,-0.001874999999999849,1.0004864639053237,-0.00048646390532369743,
0.75,0.75,14,9,two-g,baseline2_matched_0.200,0.2,0.02699999999999997,0.02899999999999997,-0.0044999999999999485,1.0005332680067602,-0.0005332680067602347,
0.75,0.75,14,9,two-g,baseline2_matched_0.350,0.35,0.044249999999999956,0.046999999999999986,-0.007374999999999909,1.0010008111051196,-0.0010008111051196256,
0.75,0.75,14,9,two-g,baseline2_matched_0.500,0.5,0.06974999999999998,0.05349999999999999,-0.011624999999999885,1.0012368232761775,-0.0012368232761774678,
0.75,0.75,14,9,two-g,baseline2_matched_0.650,0.65,0.11249999999999999,0.11449999999999999,-0.018749999999999933,1.0019951493025925,-0.0019951493025924805,
0.75,0.75,14,9,two-g,baseline2_matched_0.800,0.8,0.1215,0.1265,-0.02024999999999988,1.0023890008369958,-0.0023890008369957805,
0.75,0.75,14,9,two-g,baseline2_matched_0.950,0.95,0.26299999999999996,0.26399999999999996,-0.04383333333333328,1.002806752338088,-0.0028067523380879145,
0.7999999999999999,0.79975,15,0,one,baseline2_all_hdv_yield,1.0,0.29999999999999993,0.29999999999999993,-0.050000000000000044,1.002615492739815,-0.002615492739814984,
0.7999999999999999,0.79975,15,0,one,baseline2_matched_0.050,0.05,-0.006500000000000006,-0.006500000000000006,0.001083333333333325,0.9999794936420932,2.0506357906846517e-05,
0.7999999999999999,0.79975,15,0,one,baseline2_matched_0.200,0.2,-0.010000000000000009,-0.010000000000000009,0.0016666666666667052,1.000062761883275,-6.276188327491994e-05,
0.7999999999999999,0.79975,15,0,one,baseline2_matched_0.350,0.35,0.019999999999999962,0.019999999999999962,-0.0033333333333332993,1.0001938782928979,-0.0001938782928978533,
0.7999999999999999,0.79975,15,0,one,baseline2_matched_0.500,0.5,0.01599999999999996,0.01599999999999996,-0.002666666666666706,0.9999676869511813,3.231304881867736e-05,
0.7999999999999999,0.79975,15,0,one,baseline2_matched_0.650,0.65,0.09649999999999997,0.09649999999999997,-0.01608333333333334,1.0007885626720883,-0.0007885626720882666,
0.7999999999999999,0.79975,15,0,one,baseline2_matched_0.800,0.8,0.11199999999999999,0.11199999999999999,-0.01866666666666672,1.0009898978224079,-0.0009898978224078814,
0.7999999999999999,0.79975,15,0,one,baseline2_matched_0.950,0.95,0.1915,0.1915,-0.031916666666666704,1.0014143172905239,-0.001414317290523881,
0.7999999999999999,0.79975,15,0,two-2g,baseline2_all_hdv_yield,1.0,0.3067500000000001,0.31350000000000006,-0.05112500000000009,1.002540418575451,-0.0025404185754509534,
0.7999999999999999,0.79975,15,0,two-2g,baseline2_matched_0.050,0.05,0.010750000000000037,0.012500000000000011,-0.001791666666666747,1.0001317760552977,-0.00013177605529768321,
0.7999999999999999,0.79975,15,0,two-2g,baseline2_matched_0.200,0.2,0.015250000000000041,0.019000000000000017,-0.0025416666666666643,1.0002330944374356,-0.000233094437435577,
0.7999999999999999,0.79975,15,0,two-2g,baseline2_matched_0.350,0.35,0.046750000000000014,0.04049999999999998,-0.007791666666666752,1.000896325810081,-0.0008963258100809224,
0.7999999999999999,0.79975,15,0,two-2g,baseline2_matched_0.500,0.5,0.05550000000000005,0.05499999999999999,-0.009250000000000091,1.0014706705039198,-0.001470670503919802,
0.7999999999999999,0.79975,15,0,two-2g,baseline2_matched_0.650,0.65,0.09175000000000005,0.08900000000000002,-0.015291666666666703,1.0017951379608276,-0.0017951379608276419,
0.7999999999999999,0.79975,15,0,two-2g,baseline2_matched_0.800,0.8,0.14650000000000002,0.15000000000000002,-0.024416666666666753,1.0023707258249994,-0.00237072582499942,
0.7999999999999999,0.79975,15,0,two-2g,baseline2_matched_0.950,0.95,0.201,0.20750000000000002,-0.033500000000000085,1.0019722897332755,-0.0019722897332754563,
0.7999999999999999,0.79975,15,0,two-g,baseline2_all_hdv_yield,1.0,0.3067500000000001,0.31350000000000006,-0.05112500000000009,1.002540418575451,-0.0025404185754509534,
0.7999999999999999,0.79975,15,0,two-g,baseline2_matched_0.050,0.05,0.015500000000000014,0.018000000000000016,-0.002583333333333382,1.0002119605417752,-0.0002119605417751913,
0.7999999999999999,0.79975,15,0,two-g,baseline2_matched_0.200,0.2,0.03650000000000003,0.04149999999999998,-0.0060833333333334405,1.0002386887039327,-0.00023868870393273234,
0.7999999999999999,0.79975,15,0,two-g,baseline2_matched_0.350,0.35,0.050500000000000045,0.04749999999999999,-0.008416666666666739,1.0014644546522529,-0.0014644546522528668,
0.7999999999999999,0.79975,15,0,two-g,baseline2_matched_0.500,0.5,0.05950000000000005,0.058499999999999996,-0.009916666666666796,1.0009752671262246,-0.0009752671262246437,
0.7999999999999999,0.79975,15,0,two-g,baseline2_matched_0.650,0.65,0.10125,0.10249999999999998,-0.016875000000000084,1.0015825558338862,-0.0015825558338862233,
0.7999999999999999,0.79975,15,0,two-g,baseline2_matched_0.800,0.8,0.12925000000000003,0.1345,-0.021541666666666792,1.001521640487574,-0.001521640487573972,
0.7999999999999999,0.79975,15,0,two-g,baseline2_matched_0.950,0.95,0.22350000000000003,0.20800000000000002,-0.037250000000000116,1.0026871126747425,-0.002687112674742531,
0.7999999999999999,0.79975,15,1,one,baseline2_all_hdv_yield,1.0,0.36400000000000005,0.36400000000000005,-0.06066666666666665,1.002539865136826,-0.002539865136826025,
0.7999999999999999,0.79975,15,1,one,baseline2_matched_0.050,0.05,0.015500000000000014,0.015500000000000014,-0.002583333333333271,0.9995447001356579,0.000455299864342118,
0.7999999999999999,0.79975,15,1,one,baseline2_matched_0.200,0.2,0.02350000000000002,0.02350000000000002,-0.003916666666666679,0.9996310394005201,0.0003689605994798839,
0.7999999999999999,0.79975,15,1,one,baseline2_matched_0.350,0.35,0.04049999999999998,0.04049999999999998,-0.006749999999999923,1.0002938019588474,-0.0002938019588474283,
0.7999999999999999,0.79975,15,1,one,baseline2_matched_0.500,0.5,0.05399999999999999,0.05399999999999999,-0.009000000000000008,1.0006025114166606,-0.0006025114166605672,
0.7999999999999999,0.79975,15,1,one,baseline2_matched_0.650,0.65,0.062,0.062,-0.010333333333333306,1.0001242291580752,-0.0001242291580751953,
0.7999999999999999,0.79975,15,1,one,baseline2_matched_0.800,0.8,0.16999999999999998,0.16999999999999998,-0.02833333333333332,1.001260304808662,-0.001260304808661905,
0.7999999999999999,0.79975,15,1,one,baseline2_matched_0.950,0.95,0.22749999999999998,0.22749999999999998,-0.0379166666666666,1.0011410448169105,-0.0011410448169104637,
0.7999999999999999,0.79975,15,1,two-2g,baseline2_all_hdv_yield,1.0,0.29975,0.2915,-0.04995833333333333,1.0027736717411724,-0.002773671741172379,
0.7999999999999999,0.79975,15,1,two-2g,baseline2_matched_0.050,0.05,0.007500000000000007,0.009500000000000008,-0.0012500000000000844,1.0002839534018213,-0.0002839534018213019,
0.7999999999999999,0.79975,15,1,two-2g,baseline2_matched_0.200,0.2,0.02250000000000002,0.026500000000000024,-0.003750000000000142,1.0000260963739103,-2.609637391026709e-05,
0.7999999999999999,0.79975,15,1,two-2g,baseline2_matched_0.350,0.35,0.045999999999999985,0.05049999999999999,-0.0076666666666667105,1.0002578570279084,-0.0002578570279083703,
0.7999999999999999,0.79975,15,1,two-2g,baseline2_matched_0.500,0.5,0.06424999999999997,0.067,-0.01070833333333332,1.0005306262694822,-0.0005306262694821928,
0.7999999999999999,0.79975,15,1,two-2g,baseline2_matched_0.650,0.65,0.07500000000000001,0.07900000000000001,-0.012499999999999956,1.0013750303681035,-0.0013750303681034914,
0.7999999999999999,0.79975,15,1,two-2g,baseline2_matched_0.800,0.8,0.11575000000000002,0.11649999999999999,-0.019291666666666707,1.0012619460811654,-0.001261946081165366,
0.7999999999999999,0.79975,15,1,two-2g,baseline2_matched_0.950,0.95,0.25899999999999995,0.26449999999999996,-0.0431666666666668,1.0018801816059093,-0.0018801816059093035,
0.7999999999999999,0.79975,15,1,two-g,baseline2_all_hdv_yield,1.0,0.29975,0.2915,-0.04995833333333333,1.0027736717411724,-0.002773671741172379,
0.7999999999999999,0.79975,15,1,two-g,baseline2_matched_0.050,0.05,0.010249999999999981,0.014500000000000013,-0.0017083333333334227,0.9997993064577992,0.0002006935422007583,
0.7999999999999999,0.79975,15,1,two-g,baseline2_matched_0.200,0.2,0.015500000000000014,0.020500000000000018,-0.002583333333333382,0.9998173253826405,0.00018267461735954615,
0.7999999999999999,0.79975,15,1,two-g,baseline2_matched_0.350,0.35,0.03875000000000001,0.04299999999999998,-0.006458333333333344,1.0001901307241943,-0.00019013072419427068,
0.7999999999999999,0.79975,15,1,two-g,baseline2_matched_0.500,0.5,0.07450000000000001,0.059,-0.012416666666666742,1.0012383350762017,-0.0012383350762017464,
0.7999999999999999,0.79975,15,1,two-g,baseline2_matched_0.650,0.65,0.08050000000000002,0.07450000000000001,-0.013416666666666743,1.0010320494538723,-0.0010320494538722524,
0.7999999999999999,0.79975,15,1,two-g,baseline2_matched_0.800,0.8,0.1405,0.1335,-0.02341666666666664,1.0013296723848828,-0.0013296723848827963,
0.7999999999999999,0.79975,15,1,two-g,baseline2_matched_0.950,0.95,0.1895,0.1965,-0.03158333333333341,1.001185520986146,-0.0011855209861459937,
0.7999999999999999,0.79975,15,2,one,baseline2_all_hdv_yield,1.0,0.30899999999999994,0.30899999999999994,-0.05149999999999999,1.001843985643257,-0.0018439856432570512,
0.7999999999999999,0.79975,15,2,one,baseline2_matched_0.050,0.05,-0.012500000000000011,-0.012500000000000011,0.002083333333333326,1.0001839015331555,-0.00018390153315550606,
0.7999999999999999,0.79975,15,2,one,baseline2_matched_0.200,0.2,0.019999999999999962,0.019999999999999962,-0.0033333333333334103,1.0002578349197955,-0.00025783491979547435,
0.7999999999999999,0.79975,15,2,one,baseline2_matched_0.350,0.35,0.034499999999999975,0.034499999999999975,-0.005750000000000033,1.000159671263586,-0.00015967126358606976,
0.7999999999999999,0.79975,15,2,one,baseline2_matched_0.500,0.5,0.056999999999999995,0.056999999999999995,-0.009500000000000064,1.0009474656691282,-0.000947465669128178,
0.7999999999999999,0.79975,15,2,one,baseline2_matched_0.650,0.65,0.09599999999999997,0.09599999999999997,-0.016000000000000014,1.0008642129480367,-0.0008642129480367355,
0.7999999999999999,0.79975,15,2,one,baseline2_matched_0.800,0.8,0.11399999999999999,0.11399999999999999,-0.019000000000000017,1.0012438205046523,-0.0012438205046523265,
0.7999999999999999,0.79975,15,2,one,baseline2_matched_0.950,0.95,0.26349999999999996,0.26349999999999996,-0.043916666666666715,1.0025653021297167,-0.002565302129716729,
0.7999999999999999,0.79975,15,2,two-2g,baseline2_all_hdv_yield,1.0,0.28125,0.28550000000000003,-0.04687500000000011,1.0026393947849737,-0.0026393947849736588,
0.7999999999999999,0.79975,15,2,two-2g,baseline2_matched_0.050,0.05,0.0015000000000000013,0.0020000000000000018,-0.00024999999999997247,1.0002249731368411,-0.0002249731368411112,
0.7999999999999999,0.79975,15,2,two-2g,baseline2_matched_0.200,0.2,0.024749999999999994,0.027500000000000024,-0.004125000000000045,1.0007575752867641,-0.0007575752867641228,
0.7999999999999999,0.79975,15,2,two-2g,baseline2_matched_0.350,0.35,0.03925000000000001,0.029500000000000026,-0.006541666666666668,1.0007215298670513,-0.0007215298670513182,
0.7999999999999999,0.79975,15,2,two-2g,baseline2_matched_0.500,0.5,0.04849999999999999,0.03849999999999998,-0.008083333333333331,1.000757575286765,-0.000757575286765011,
0.7999999999999999,0.79975,15,2,two-2g,baseline2_matched_0.650,0.65,0.10375000000000001,0.09200000000000003,-0.017291666666666705,1.0018998422080703,-0.0018998422080702682,
0.7999999999999999,0.79975,15,2,two-2g,baseline2_matched_0.800,0.8,0.11325000000000002,0.11499999999999999,-0.018875000000000086,1.0012435669801607,-0.001243566980160704,
0.7999999999999999,0.79975,15,2,two-2g,baseline2_matched_0.950,0.95,0.198,0.2,-0.03300000000000003,1.0022385448588382,-0.0022385448588382317,
0.7999999999999999,0.79975,15,2,two-g,baseline2_all_hdv_yield,1.0,0.23125,0.1915,-0.038541666666666585,1.0023150234143658,-0.0023150234143658466,
0.7999999999999999,0.79975,15,2,two-g,baseline2_matched_0.050,0.05,0.009000000000000008,0.007500000000000007,-0.0014999999999999458,0.9998452507838462,0.00015474921615377113,
0.7999999999999999,0.79975,15,2,two-g,baseline2_matched_0.200,0.2,0.016249999999999987,0.016500000000000015,-0.0027083333333333126,1.0006693369710822,-0.0006693369710821795,
0.7999999999999999,0.79975,15,2,two-g,baseline2_matched_0.350,0.35,0.02250000000000002,0.02100000000000002,-0.00374999999999992,1.0008172498764816,-0.0008172498764815739,
0.7999999999999999,0.79975,15,2,two-g,baseline2_matched_0.500,0.5,0.045999999999999985,0.04799999999999999,-0.0076666666666665995,1.001163415793744,-0.001163415793743905,
0.7999999999999999,0.79975,15,2,two-g,baseline2_matched_0.650,0.65,0.0685,0.069,-0.01141666666666663,1.0013163005615127,-0.0013163005615126622,
0.7999999999999999,0.79975,15,2,two-g,baseline2_matched_0.800,0.8,0.1255,0.11099999999999999,-0.020916666666666583,1.0017718474508361,-0.0017718474508361393,
0.7999999999999999,0.79975,15,2,two-g,baseline2_matched_0.950,0.95,0.20950000000000002,0.20450000000000002,-0.034916666666666596,1.001952077461618,-0.0019520774616179626,
0.7999999999999999,0.79975,15,3,one,baseline2_all_hdv_yield,1.0,0.33749999999999997,0.33749999999999997,-0.05625000000000002,1.0022516351381814,-0.002251635138181385,
0.7999999999999999,0.79975,15,3,one,baseline2_matched_0.050,0.05,0.01150000000000001,0.01150000000000001,-0.0019166666666666776,1.0000869836973905,-8.698369739046363e-05,
0.7999999999999999,0.79975,15,3,one,baseline2_matched_0.200,0.2,0.016000000000000014,0.016000000000000014,-0.002666666666666706,1.0002578445315538,-0.00025784453155375253,
0.7999999999999999,0.79975,15,3,one,baseline2_matched_0.350,0.35,0.043999999999999984,0.043999999999999984,-0.007333333333333414,1.000476546399279,-0.0004765463992790764,
0.7999999999999999,0.79975,15,3,one,baseline2_matched_0.500,0.5,0.067,0.067,-0.011166666666666769,1.0003908053261361,-0.0003908053261361122,
0.7999999999999999,0.79975,15,3,one,baseline2_matched_0.650,0.65,0.1275,0.1275,-0.02124999999999999,1.0016595246837998,-0.0016595246837998179,
0.7999999999999999,0.79975,15,3,one,baseline2_matched_0.800,0.8,0.10999999999999999,0.10999999999999999,-0.018333333333333424,1.0005424054844456,-0.0005424054844456183,
0.7999999999999999,0.79975,15,3,one,baseline2_matched_0.950,0.95,0.242,0.242,-0.04033333333333333,1.0014700244859114,-0.001470024485911381,
0.7999999999999999,0.79975,15,3,two-2g,baseline2_all_hdv_yield,1.0,0.21325,0.1805,-0.035541666666666694,1.0024438131191507,-0.0024438131191506507,
0.7999999999999999,0.79975,15,3,two-2g,baseline2_matched_0.050,0.05,0.0040000000000000036,0.006000000000000005,-0.0006666666666667043,0.9999465493570087,5.345064299133728e-05,
0.7999999999999999,0.79975,15,3,two-2g,baseline2_matched_0.200,0.2,0.022749999999999992,0.02150000000000002,-0.0037916666666666377,1.000076446849864,-7.644684986396477e-05,
0.7999999999999999,0.79975,15,3,two-2g,baseline2_matched_0.350,0.35,0.04700000000000004,0.04299999999999998,-0.007833333333333359,1.0012467673237577,-0.0012467673237577248,
0.7999999999999999,0.79975,15,3,two-2g,baseline2_matched_0.500,0.5,0.060250000000000026,0.03949999999999998,-0.010041666666666726,1.0009372508096845,-0.0009372508096845422,
0.7999999999999999,0.79975,15,3,two-2g,baseline2_matched_0.650,0.65,0.07500000000000001,0.04949999999999999,-0.012500000000000067,1.001368585068253,-0.001368585068252992,
0.7999999999999999,0.79975,15,3,two-2g,baseline2_matched_0.800,0.8,0.128,0.128,-0.021333333333333426,1.002014343417896,-0.0020143434178960806,
0.7999999999999999,0.79975,15,3,two-2g,baseline2_matched_0.950,0.95,0.18775000000000003,0.14500000000000002,-0.03129166666666672,1.0023381548713717,-0.002338154871371678,
0.7999999999999999,0.79975,15,3,two-g,baseline2_all_hdv_yield,1.0,0.21325,0.1805,-0.035541666666666694,1.0024438131191507,-0.0024438131191506507,
0.7999999999999999,0.79975,15,3,two-g,baseline2_matched_0.050,0.05,-0.0030000000000000027,-0.0025000000000000022,0.0004999999999999449,0.9997370974187708,0.0002629025812291852,
0.7999999999999999,0.79975,15,3,two-g,baseline2_matched_0.200,0.2,0.01200000000000001,0.012500000000000011,-0.0020000000000000018,1.000499079840966,-0.0004990798409660879,
0.7999999999999999,0.79975,15,3,two-g,baseline2_matched_0.350,0.35,0.037250000000000005,0.034999999999999976,-0.006208333333333371,1.000806110278623,-0.0008061102786229846,
0.7999999999999999,0.79975,15,3,two-g,baseline2_matched_0.500,0.5,0.0605,0.04899999999999999,-0.010083333333333333,1.0008869077622138,-0.0008869077622137844,
0.7999999999999999,0.79975,15,3,two-g,baseline2_matched_0.650,0.65,0.09050000000000002,0.09299999999999997,-0.015083333333333337,1.0018129712280166,-0.0018129712280166022,
0.7999999999999999,0.79975,15,3,two-g,baseline2_matched_0.800,0.8,0.119,0.09999999999999998,-0.01983333333333337,1.002197070034639,-0.0021970700346389815,
0.7999999999999999,0.79975,15,3,two-g,baseline2_matched_0.950,0.95,0.24350000000000005,0.23299999999999998,-0.040583333333333416,1.0023673662692882,-0.0023673662692882402,
0.7999999999999999,0.79975,15,4,one,baseline2_all_hdv_yield,1.0,0.3535,0.3535,-0.05891666666666673,1.0013562664914628,-0.0013562664914628098,
0.7999999999999999,0.79975,15,4,one,baseline2_matched_0.050,0.05,-0.0010000000000000009,-0.0010000000000000009,0.0001666666666666483,0.9998875987935196,0.00011240120648037255,
0.7999999999999999,0.79975,15,4,one,baseline2_matched_0.200,0.2,0.035999999999999976,0.035999999999999976,-0.006000000000000005,0.9999459729007534,5.402709924662297e-05,
0.7999999999999999,0.79975,15,4,one,baseline2_matched_0.350,0.35,0.027000000000000024,0.027000000000000024,-0.0045000000000000595,0.9999496989075951,5.030109240489189e-05,
0.7999999999999999,0.79975,15,4,one,baseline2_matched_0.500,0.5,0.08750000000000002,0.08750000000000002,-0.014583333333333393,1.0000869401597077,-8.694015970767133e-05,
0.7999999999999999,0.79975,15,4,one,baseline2_matched_0.650,0.65,0.10699999999999998,0.10699999999999998,-0.017833333333333368,1.0004017877380853,-0.0004017877380853019,
0.7999999999999999,0.79975,15,4,one,baseline2_matched_0.800,0.8,0.124,0.124,-0.020666666666666722,1.0000689311266258,-6.893112662575973e-05,
0.7999999999999999,0.79975,15,4,one,baseline2_matched_0.950,0.95,0.172,0.172,-0.028666666666666618,1.0005967820962867,-0.0005967820962866632,
0.7999999999999999,0.79975,15,4,two-2g,baseline2_all_hdv_yield,1.0,0.28600000000000003,0.2455,-0.047666666666666635,1.0022530861129861,-0.0022530861129861357,
0.7999999999999999,0.79975,15,4,two-2g,baseline2_matched_0.050,0.05,0.004249999999999976,0.0025000000000000022,-0.0007083333333333108,0.9995272681191084,0.0004727318808915859,
0.7999999999999999,0.79975,15,4,two-2g,baseline2_matched_0.200,0.2,0.01200000000000001,0.01200000000000001,-0.0020000000000000018,0.9999117898461408,8.821015385918063e-05,
0.7999999999999999,0.79975,15,4,two-2g,baseline2_matched_0.350,0.35,0.012749999999999984,0.01050000000000001,-0.0021249999999999325,0.9999310469924052,6.895300759479639e-05,
0.7999999999999999,0.79975,15,4,two-2g,baseline2_matched_0.500,0.5,0.05175000000000002,0.03799999999999998,-0.008624999999999994,1.000645424999007,-0.0006454249990071048,
0.7999999999999999,0.79975,15,4,two-2g,baseline2_matched_0.650,0.65,0.10199999999999998,0.09100000000000003,-0.016999999999999904,1.0012045034389545,-0.0012045034389545073,
0.7999999999999999,0.79975,15,4,two-2g,baseline2_matched_0.800,0.8,0.11049999999999999,0.10799999999999998,-0.018416666666666637,1.001141762414025,-0.0011417624140250826,
0.7999999999999999,0.79975,15,4,two-2g,baseline2_matched_0.950,0.95,0.24175000000000002,0.2405,-0.040291666666666615,1.0022226473979252,-0.002222647397925215,
0.7999999999999999,0.79975,15,4,two-g,baseline2_all_hdv_yield,1.0,0.29850000000000004,0.29950000000000004,-0.04974999999999996,1.0017095408155983,-0.001709540815598265,
0.7999999999999999,0.79975,15,4,two-g,baseline2_matched_0.050,0.05,-0.004499999999999976,-0.0030000000000000027,0.0007500000000000284,0.9997390962418066,0.0002609037581934315,
0.7999999999999999,0.79975,15,4,two-g,baseline2_matched_0.200,0.2,0.014500000000000013,0.008000000000000007,-0.0024166666666667336,1.0001118158963693,-0.0001118158963693272,
0.7999999999999999,0.79975,15,4,two-g,baseline2_matched_0.350,0.35,0.047750000000000015,0.04949999999999999,-0.0079583333333334,1.000402537226929,-0.0004025372269289562,
0.7999999999999999,0.79975,15,4,two-g,baseline2_matched_0.500,0.5,0.06275000000000003,0.057499999999999996,-0.010458333333333347,1.0005857910570914,-0.0005857910570914449,
0.7999999999999999,0.79975,15,4,two-g,baseline2_matched_0.650,0.65,0.09125,0.07350000000000001,-0.01520833333333338,1.000939874728923,-0.0009398747289230958,
0.7999999999999999,0.79975,15,4,two-g,baseline2_matched_0.800,0.8,0.14725000000000005,0.14350000000000002,-0.024541666666666684,1.0012374292531512,-0.0012374292531511788,
0.7999999999999999,0.79975,15,4,two-g,baseline2_matched_0.950,0.95,0.17350000000000004,0.138,-0.0289166666666667,1.0008181196417647,-0.000818119641764703,
0.7999999999999999,0.79975,15,5,one,baseline2_all_hdv_yield,1.0,0.29000000000000004,0.29000000000000004,-0.04833333333333334,1.0013877669122835,-0.0013877669122834835,
0.7999999999999999,0.79975,15,5,one,baseline2_matched_0.050,0.05,0.020500000000000018,0.020500000000000018,-0.0034166666666666234,0.999798199442286,0.00020180055771401584,
0.7999999999999999,0.79975,15,5,one,baseline2_matched_0.200,0.2,0.03250000000000003,0.03250000000000003,-0.005416666666666625,0.9998559454480306,0.0001440545519694192,
0.7999999999999999,0.79975,15,5,one,baseline2_matched_0.350,0.35,0.04749999999999999,0.04749999999999999,-0.007916666666666683,0.9997721206009803,0.00022787939901969256,
0.7999999999999999,0.79975,15,5,one,baseline2_matched_0.500,0.5,0.08150000000000002,0.08150000000000002,-0.01358333333333328,1.0002334677221567,-0.00023346772215671052,
0.7999999999999999,0.79975,15,5,one,baseline2_matched_0.650,0.65,0.09650000000000003,0.09650000000000003,-0.01608333333333334,1.000655075656582,-0.0006550756565819604,
0.7999999999999999,0.79975,15,5,one,baseline2_matched_0.800,0.8,0.14250000000000002,0.14250000000000002,-0.02375000000000005,1.0007910581862414,-0.0007910581862413668,
0.7999999999999999,0.79975,15,5,one,baseline2_matched_0.950,0.95,0.30200000000000005,0.30200000000000005,-0.05033333333333334,1.0014107411296216,-0.0014107411296215844,
0.7999999999999999,0.79975,15,5,two-2g,baseline2_all_hdv_yield,1.0,0.2785000000000001,0.2845,-0.04641666666666666,1.0016466083966449,-0.0016466083966448775,
0.7999999999999999,0.79975,15,5,two-2g,baseline2_matched_0.050,0.05,0.004750000000000032,0.0025000000000000022,-0.000791666666666635,0.9996509264734352,0.0003490735265647693,
0.7999999999999999,0.79975,15,5,two-2g,baseline2_matched_0.200,0.2,0.01475000000000004,0.020000000000000018,-0.00245833333333334,0.9994242150193526,0.0005757849806473647,
0.7999999999999999,0.79975,15,5,two-2g,baseline2_matched_0.350,0.35,0.01475000000000004,0.020000000000000018,-0.00245833333333334,1.0001018648725162,-0.00010186487251617748,
0.7999999999999999,0.79975,15,5,two-2g,baseline2_matched_0.500,0.5,0.05525000000000002,0.05399999999999999,-0.009208333333333374,1.0008006330529142,-0.0008006330529142236,
0.7999999999999999,0.79975,15,5,two-2g,baseline2_matched_0.650,0.65,0.061,0.058499999999999996,-0.010166666666666657,1.0006608794168357,-0.0006608794168356802,
0.7999999999999999,0.79975,15,5,two-2g,baseline2_matched_0.800,0.8,0.09050000000000002,0.09700000000000003,-0.015083333333333449,1.0004614975626929,-0.0004614975626928697,
0.7999999999999999,0.79975,15,5,two-2g,baseline2_matched_0.950,0.95,0.18825000000000003,0.1935,-0.03137500000000004,1.0011341783976881,-0.0011341783976881459,
0.7999999999999999,0.79975,15,5,two-g,baseline2_all_hdv_yield,1.0,0.2785000000000001,0.2845,-0.04641666666666666,1.0016466083966449,-0.0016466083966448775,
0.7999999999999999,0.79975,15,5,two-g,baseline2_matched_0.050,0.05,0.0012500000000000289,0.005500000000000005,-0.00020833333333325488,0.9992819768741903,0.0007180231258097081,
0.7999999999999999,0.79975,15,5,two-g,baseline2_matched_0.200,0.2,0.015750000000000042,0.016000000000000014,-0.0026249999999999885,0.9999142844365352,8.571556346481657e-05,
0.7999999999999999,0.79975,15,5,two-g,baseline2_matched_0.350,0.35,0.040500000000000036,0.03849999999999998,-0.006750000000000034,1.0008434908346446,-0.0008434908346446335,
0.7999999999999999,0.79975,15,5,two-g,baseline2_matched_0.500,0.5,0.06000000000000005,0.0655,-0.010000000000000009,1.0010521895978557,-0.0010521895978556906,
0.7999999999999999,0.79975,15,5,two-g,baseline2_matched_0.650,0.65,0.09675,0.10349999999999998,-0.016125000000000056,1.001137284034044,-0.001137284034044006,
0.7999999999999999,0.79975,15,5,two-g,baseline2_matched_0.800,0.8,0.10875000000000001,0.10949999999999999,-0.018125000000000058,1.0015167927969106,-0.0015167927969106376,
0.7999999999999999,0.79975,15,5,two-g,baseline2_matched_0.950,0.95,0.1935,0.1865,-0.03225,1.0020801552321255,-0.002080155232125458,
0.7999999999999999,0.79975,15,6,one,baseline2_all_hdv_yield,1.0,0.29800000000000004,0.29800000000000004,-0.04966666666666664,1.0012662370527432,-0.001266237052743202,
0.7999999999999999,0.79975,15,6,one,baseline2_matched_0.050,0.05,-0.009000000000000008,-0.009000000000000008,0.0015000000000000568,0.9995814400325941,0.00041855996740591817,
0.7999999999999999,0.79975,15,6,one,baseline2_matched_0.200,0.2,0.03199999999999997,0.03199999999999997,-0.005333333333333301,0.9996590661393054,0.0003409338606945589,
0.7999999999999999,0.79975,15,6,one,baseline2_matched_0.350,0.35,0.044499999999999984,0.044499999999999984,-0.007416666666666627,0.9999882008317796,1.179916822036109e-05,
0.7999999999999999,0.79975,15,6,one,baseline2_matched_0.500,0.5,0.067,0.067,-0.011166666666666658,1.0002397094175404,-0.000239709417540368,
0.7999999999999999,0.79975,15,6,one,baseline2_matched_0.650,0.65,0.122,0.122,-0.020333333333333314,1.00055331888867,-0.0005533188886699403,
0.7999999999999999,0.79975,15,6,one,baseline2_matched_0.800,0.8,0.1355,0.1355,-0.02258333333333329,1.0007818501468377,-0.000781850146837737,
0.7999999999999999,0.79975,15,6,one,baseline2_matched_0.950,0.95,0.16399999999999998,0.16399999999999998,-0.02733333333333332,1.0006290819688253,-0.0006290819688252736,
0.7999999999999999,0.79975,15,6,two-2g,baseline2_all_hdv_yield,1.0,0.24875000000000003,0.24699999999999994,-0.041458333333333375,1.0016132759503233,-0.0016132759503233451,
0.7999999999999999,0.79975,15,6,two-2g,baseline2_matched_0.050,0.05,0.0007500000000000284,-0.0020000000000000018,-0.00012500000000004174,1.0000043484526966,-4.3484526965897885e-06,
0.7999999999999999,0.79975,15,6,two-2g,baseline2_matched_0.200,0.2,0.010750000000000037,0.010000000000000009,-0.0017916666666666359,1.0001441201465069,-0.00014412014650688754,
0.7999999999999999,0.79975,15,6,two-2g,baseline2_matched_0.350,0.35,0.031000000000000028,0.032999999999999974,-0.005166666666666764,1.0011150675128346,-0.0011150675128346332,
0.7999999999999999,0.79975,15,6,two-2g,baseline2_matched_0.500,0.5,0.03925000000000001,0.03799999999999998,-0.006541666666666668,1.0010268560438524,-0.0010268560438524421,
0.7999999999999999,0.79975,15,6,two-2g,baseline2_matched_0.650,0.65,0.09700000000000003,0.09299999999999997,-0.016166666666666663,1.001141779436542,-0.0011417794365420342,
0.7999999999999999,0.79975,15,6,two-2g,baseline2_matched_0.800,0.8,0.11375000000000002,0.11449999999999999,-0.01895833333333341,1.001162279284965,-0.0011622792849650398,
0.7999999999999999,0.79975,15,6,two-2g,baseline2_matched_0.950,0.95,0.15775,0.124,-0.026291666666666713,1.0008746601994822,-0.0008746601994822356,
0.7999999999999999,0.79975,15,6,two-g,baseline2_all_hdv_yield,1.0,0.24875000000000003,0.24699999999999994,-0.041458333333333375,1.0016132759503233,-0.0016132759503233451,
0.7999999999999999,0.79975,15,6,two-g,baseline2_matched_0.050,0.05,-0.006749999999999978,-0.009500000000000008,0.0011250000000000426,0.9997353655930545,0.00026463440694546314,
0.7999999999999999,0.79975,15,6,two-g,baseline2_matched_0.200,0.2,0.023749999999999993,0.025999999999999968,-0.003958333333333397,1.0005932531892805,-0.000593253189280496,
0.7999999999999999,0.79975,15,6,two-g,baseline2_matched_0.350,0.35,0.024749999999999994,0.02250000000000002,-0.004125000000000045,1.000325512744695,-0.00032551274469505564,
0.7999999999999999,0.79975,15,6,two-g,baseline2_matched_0.500,0.5,0.04125000000000001,0.03849999999999998,-0.0068749999999999645,1.0007032069217436,-0.0007032069217436376,
0.7999999999999999,0.79975,15,6,two-g,baseline2_matched_0.650,0.65,0.07800000000000001,0.07700000000000001,-0.013000000000000012,1.0003919819501947,-0.0003919819501947419,
0.7999999999999999,0.79975,15,6,two-g,baseline2_matched_0.800,0.8,0.125,0.09749999999999998,-0.02083333333333326,1.001147991511821,-0.0011479915118211004,
0.7999999999999999,0.79975,15,6,two-g,baseline2_matched_0.950,0.95,0.15050000000000002,0.11699999999999999,-0.025083333333333346,1.0009610080458817,-0.0009610080458817283,
0.7999999999999999,0.79975,15,7,one,baseline2_all_hdv_yield,1.0,0.3925,0.3925,-0.06541666666666668,1.0027767165792323,-0.0027767165792322857,
0.7999999999999999,0.79975,15,7,one,baseline2_matched_0.050,0.05,0.0,0.0,0.0,1.0001559185372222,-0.0001559185372221883,
0.7999999999999999,0.79975,15,7,one,baseline2_matched_0.200,0.2,0.012500000000000011,0.012500000000000011,-0.002083333333333326,1.000368986498445,-0.0003689864984450786,
0.7999999999999999,0.79975,15,7,one,baseline2_matched_0.350,0.35,-0.0010000000000000009,-0.0010000000000000009,0.0001666666666666483,1.0002099620142673,-0.00020996201426726202,
0.7999999999999999,0.79975,15,7,one,baseline2_matched_0.500,0.5,0.0625,0.0625,-0.01041666666666663,1.000452225876885,-0.00045222587688509286,
0.7999999999999999,0.79975,15,7,one,baseline2_matched_0.650,0.65,0.0605,0.0605,-0.010083333333333333,1.0004056366725378,-0.00040563667253779023,
0.7999999999999999,0.79975,15,7,one,baseline2_matched_0.800,0.8,0.13,0.13,-0.021666666666666723,1.0008553777918587,-0.0008553777918587357,
0.7999999999999999,0.79975,15,7,one,baseline2_matched_0.950,0.95,0.25199999999999995,0.25199999999999995,-0.04200000000000004,1.0017256641291101,-0.0017256641291101271,
0.7999999999999999,0.79975,15,7,two-2g,baseline2_all_hdv_yield,1.0,0.243,0.25049999999999994,-0.04050000000000009,1.0019169980245894,-0.0019169980245894447,
0.7999999999999999,0.79975,15,7,two-2g,baseline2_matched_0.050,0.05,-0.0007499999999999729,0.007500000000000007,0.00012499999999993072,0.999829738262965,0.000170261737035049,
0.7999999999999999,0.79975,15,7,two-2g,baseline2_matched_0.200,0.2,0.017500000000000016,0.019500000000000017,-0.0029166666666667895,1.000391477716528,-0.0003914777165279215,
0.7999999999999999,0.79975,15,7,two-2g,baseline2_matched_0.350,0.35,0.035750000000000004,0.043999999999999984,-0.005958333333333399,1.0009122052188315,-0.0009122052188315077,
0.7999999999999999,0.79975,15,7,two-2g,baseline2_matched_0.500,0.5,0.055499999999999994,0.064,-0.009250000000000091,1.0008202390251066,-0.0008202390251066394,
0.7999999999999999,0.79975,15,7,two-2g,baseline2_matched_0.650,0.65,0.06775000000000003,0.058499999999999996,-0.0112916666666667,1.001499421793625,-0.0014994217936250553,
0.7999999999999999,0.79975,15,7,two-2g,baseline2_matched_0.800,0.8,0.11925000000000002,0.12,-0.019874999999999976,1.0016957820450891,-0.0016957820450891337,
0.7999999999999999,0.79975,15,7,two-2g,baseline2_matched_0.950,0.95,0.15275,0.16149999999999998,-0.02545833333333336,1.00141429092511,-0.0014142909251100289,
0.7999999999999999,0.79975,15,7,two-g,baseline2_all_hdv_yield,1.0,0.28225,0.23299999999999998,-0.04704166666666665,1.0023624591447402,-0.0023624591447402032,
0.7999999999999999,0.79975,15,7,two-g,baseline2_matched_0.050,0.05,0.005249999999999977,-0.0050000000000000044,-0.0008749999999999591,0.999747101296179,0.00025289870382094737,
0.7999999999999999,0.79975,15,7,two-g,baseline2_matched_0.200,0.2,0.01974999999999999,0.025000000000000022,-0.0032916666666666927,1.0005033119166848,-0.0005033119166848454,
0.7999999999999999,0.79975,15,7,two-g,baseline2_matched_0.350,0.35,0.04149999999999998,0.03350000000000003,-0.006916666666666682,1.0002000820211994,-0.0002000820211993659,
0.7999999999999999,0.79975,15,7,two-g,baseline2_matched_0.500,0.5,0.055999999999999994,0.04999999999999999,-0.009333333333333305,1.0015646165508831,-0.0015646165508831356,
0.7999999999999999,0.79975,15,7,two-g,baseline2_matched_0.650,0.65,0.11625000000000002,0.10949999999999999,-0.01937499999999992,1.001895186846779,-0.001895186846778918,
0.7999999999999999,0.79975,15,7,two-g,baseline2_matched_0.800,0.8,0.14675,0.1395,-0.02445833333333325,1.002967054817501,-0.002967054817500925,
0.7999999999999999,0.79975,15,7,two-g,baseline2_matched_0.950,0.95,0.2435,0.235,-0.040583333333333194,1.002061093367466,-0.0020610933674660714,
0.7999999999999999,0.79975,15,8,one,baseline2_all_hdv_yield,1.0,0.2705,0.2705,-0.04508333333333325,1.0019649599739577,-0.001964959973957736,
0.7999999999999999,0.79975,15,8,one,baseline2_matched_0.050,0.05,0.0,0.0,0.0,1.000137292492649,-0.00013729249264904375,
0.7999999999999999,0.79975,15,8,one,baseline2_matched_0.200,0.2,0.023999999999999966,0.023999999999999966,-0.0040000000000000036,1.0008380433148483,-0.0008380433148482691,
0.7999999999999999,0.79975,15,8,one,baseline2_matched_0.350,0.35,0.015000000000000013,0.015000000000000013,-0.0024999999999999467,1.0003317384211494,-0.000331738421149419,
0.7999999999999999,0.79975,15,8,one,baseline2_matched_0.500,0.5,0.04099999999999998,0.04099999999999998,-0.006833333333333247,1.0005118959906876,-0.000511895990687572,
0.7999999999999999,0.79975,15,8,one,baseline2_matched_0.650,0.65,0.08150000000000002,0.08150000000000002,-0.01358333333333328,1.0012145105118841,-0.0012145105118841482,
0.7999999999999999,0.79975,15,8,one,baseline2_matched_0.800,0.8,0.16299999999999998,0.16299999999999998,-0.02716666666666656,1.0017406948615366,-0.001740694861536607,
0.7999999999999999,0.79975,15,8,one,baseline2_matched_0.950,0.95,0.235,0.235,-0.03916666666666657,1.0024694011686646,-0.0024694011686645645,
0.7999999999999999,0.79975,15,8,two-2g,baseline2_all_hdv_yield,1.0,0.33725000000000005,0.2665,-0.056208333333333305,1.0028330918048531,-0.0028330918048531384,
0.7999999999999999,0.79975,15,8,two-2g,baseline2_matched_0.050,0.05,-0.00874999999999998,-0.006000000000000005,0.0014583333333333393,0.9996457858458534,0.00035421415414660373,
0.7999999999999999,0.79975,15,8,two-2g,baseline2_matched_0.200,0.2,0.016000000000000014,0.016500000000000015,-0.002666666666666595,1.0003281141638445,-0.000328114163844484,
0.7999999999999999,0.79975,15,8,two-2g,baseline2_matched_0.350,0.35,0.035250000000000004,0.028500000000000025,-0.005874999999999964,1.0010172781935838,-0.0010172781935837705,
0.7999999999999999,0.79975,15,8,two-2g,baseline2_matched_0.500,0.5,0.047750000000000015,0.05249999999999999,-0.00795833333333329,1.0008233925513133,-0.0008233925513132512,
0.7999999999999999,0.79975,15,8,two-2g,baseline2_matched_0.650,0.65,0.08425000000000005,0.08550000000000002,-0.01404166666666673,1.0014628423138026,-0.0014628423138025592,
0.7999999999999999,0.79975,15,8,two-2g,baseline2_matched_0.800,0.8,0.14800000000000002,0.14800000000000002,-0.024666666666666615,1.0017524279205272,-0.0017524279205272109,
0.7999999999999999,0.79975,15,8,two-2g,baseline2_matched_0.950,0.95,0.23000000000000004,0.23249999999999998,-0.03833333333333333,1.002497520500922,-0.0024975205009218904,
0.7999999999999999,0.79975,15,8,two-g,baseline2_all_hdv_yield,1.0,0.33725000000000005,0.2665,-0.056208333333333305,1.0028330918048531,-0.0028330918048531384,
0.7999999999999999,0.79975,15,8,two-g,baseline2_matched_0.050,0.05,0.00275000000000003,0.0050000000000000044,-0.00045833333333322734,0.9999496643044128,5.0335695587211404e-05,
0.7999999999999999,0.79975,15,8,two-g,baseline2_matched_0.200,0.2,0.02350000000000002,0.02200000000000002,-0.003916666666666568,1.000422571271617,-0.0004225712716170449,
0.7999999999999999,0.79975,15,8,two-g,baseline2_matched_0.350,0.35,0.037750000000000006,0.02350000000000002,-0.006291666666666584,1.0004741498238876,-0.00047414982388760407,
0.7999999999999999,0.79975,15,8,two-g,baseline2_matched_0.500,0.5,0.049250000000000016,0.034999999999999976,-0.008208333333333262,1.0010837710260323,-0.0010837710260322986,
0.7999999999999999,0.79975,15,8,two-g,baseline2_matched_0.650,0.65,0.09175,0.09250000000000003,-0.015291666666666703,1.0015635137049812,-0.001563513704981201,
0.7999999999999999,0.79975,15,8,two-g,baseline2_matched_0.800,0.8,0.11075000000000002,0.10549999999999998,-0.018458333333333243,1.0015001280142408,-0.0015001280142408202,
0.7999999999999999,0.79975,15,8,two-g,baseline2_matched_0.950,0.95,0.1855,0.187,-0.030916666666666592,1.0018071136145024,-0.0018071136145023647,
0.7999999999999999,0.79975,15,9,one,baseline2_all_hdv_yield,1.0,0.3205,0.3205,-0.05341666666666667,1.0028743775807245,-0.0028743775807245076,
0.7999999999999999,0.79975,15,9,one,baseline2_matched_0.050,0.05,0.0030000000000000027,0.0030000000000000027,-0.000500000000000056,1.0003337385428843,-0.0003337385428843209,
0.7999999999999999,0.79975,15,9,one,baseline2_matched_0.200,0.2,0.02150000000000002,0.02150000000000002,-0.0035833333333333828,1.0004232326772933,-0.00042323267729327263,
0.7999999999999999,0.79975,15,9,one,baseline2_matched_0.350,0.35,0.05099999999999999,0.05099999999999999,-0.008500000000000063,1.0006003564849675,-0.0006003564849674792,
0.7999999999999999,0.79975,15,9,one,baseline2_matched_0.500,0.5,0.064,0.064,-0.010666666666666713,1.0009129644683425,-0.0009129644683425475,
0.7999999999999999,0.79975,15,9,one,baseline2_matched_0.650,0.65,0.1325,0.1325,-0.022083333333333344,1.0013138236120336,-0.0013138236120335822,
0.7999999999999999,0.79975,15,9,one,baseline2_matched_0.800,0.8,0.11699999999999999,0.11699999999999999,-0.019500000000000073,1.0012019559440246,-0.001201955944024613,
0.7999999999999999,0.79975,15,9,one,baseline2_matched_0.950,0.95,0.2395,0.2395,-0.03991666666666671,1.0017513504913453,-0.0017513504913453382,
0.7999999999999999,0.79975,15,9,two-2g,baseline2_all_hdv_yield,1.0,0.24074999999999996,0.24449999999999994,-0.040124999999999966,1.0026689727718785,-0.0026689727718784972,
0.7999999999999999,0.79975,15,9,two-2g,baseline2_matched_0.050,0.05,0.00024999999999997247,0.0030000000000000027,-4.166666666671759e-05,1.000144235192892,-0.00014423519289197273,
0.7999999999999999,0.79975,15,9,two-2g,baseline2_matched_0.200,0.2,0.006249999999999978,0.006500000000000006,-0.0010416666666667185,1.0007193108541979,-0.0007193108541978521,
0.7999999999999999,0.79975,15,9,two-2g,baseline2_matched_0.350,0.35,0.01974999999999999,0.015000000000000013,-0.0032916666666666927,1.0004917674033447,-0.0004917674033446673,
0.7999999999999999,0.79975,15,9,two-2g,baseline2_matched_0.500,0.5,0.054249999999999965,0.056999999999999995,-0.009041666666666726,1.0016419187259555,-0.001641918725955538,
0.7999999999999999,0.79975,15,9,two-2g,baseline2_matched_0.650,0.65,0.06774999999999998,0.0635,-0.0112916666666667,1.0015741530534352,-0.0015741530534352233,
0.7999999999999999,0.79975,15,9,two-2g,baseline2_matched_0.800,0.8,0.07900000000000001,0.067,-0.013166666666666771,1.0021604193762579,-0.0021604193762578827,
0.7999999999999999,0.79975,15,9,two-2g,baseline2_matched_0.950,0.95,0.17824999999999996,0.179,-0.029708333333333337,1.002374285351922,-0.0023742853519219675,
0.7999999999999999,0.79975,15,9,two-g,baseline2_all_hdv_yield,1.0,0.24074999999999996,0.24449999999999994,-0.040124999999999966,1.0026689727718785,-0.0026689727718784972,
0.7999999999999999,0.79975,15,9,two-g,baseline2_matched_0.050,0.05,0.0010000000000000009,0.003500000000000003,-0.0001666666666666483,1.0003139602259012,-0.00031396022590124417,
0.7999999999999999,0.79975,15,9,two-g,baseline2_matched_0.200,0.2,0.010249999999999981,0.009500000000000008,-0.0017083333333334227,1.001113470820972,-0.0011134708209719069,
0.7999999999999999,0.79975,15,9,two-g,baseline2_matched_0.350,0.35,0.01824999999999999,0.019500000000000017,-0.0030416666666667203,1.0008598158265776,-0.0008598158265775702,
0.7999999999999999,0.79975,15,9,two-g,baseline2_matched_0.500,0.5,0.046499999999999986,0.04049999999999998,-0.007750000000000035,1.0008392996138002,-0.0008392996138002484,
0.7999999999999999,0.79975,15,9,two-g,baseline2_matched_0.650,0.65,0.08349999999999996,0.07800000000000001,-0.0139166666666668,1.0017880190291002,-0.0017880190291001963,
0.7999999999999999,0.79975,15,9,two-g,baseline2_matched_0.800,0.8,0.123,0.09699999999999998,-0.020500000000000074,1.0021336861293002,-0.002133686129300205,
0.7999999999999999,0.79975,15,9,two-g,baseline2_matched_0.950,0.95,0.21999999999999997,0.15999999999999998,-0.036666666666666625,1.003618935594013,-0.0036189355940130508,
0.85,0.85,16,0,one,baseline2_all_hdv_yield,1.0,0.20600000000000002,0.20600000000000002,-0.03433333333333333,1.0004933476832583,-0.0004933476832582606,
0.85,0.85,16,0,one,baseline2_matched_0.050,0.05,0.016000000000000014,0.016000000000000014,-0.002666666666666595,0.9997678363843508,0.00023216361564915022,
0.85,0.85,16,0,one,baseline2_matched_0.200,0.2,0.025500000000000023,0.025500000000000023,-0.004249999999999976,0.9994245658954991,0.0005754341045008937,
0.85,0.85,16,0,one,baseline2_matched_0.350,0.35,0.02200000000000002,0.02200000000000002,-0.003666666666666596,0.9997404742439373,0.0002595257560626951,
0.85,0.85,16,0,one,baseline2_matched_0.500,0.5,0.04600000000000001,0.04600000000000001,-0.0076666666666665995,1.00017992680213,-0.0001799268021300815,
0.85,0.85,16,0,one,baseline2_matched_0.650,0.65,0.09100000000000003,0.09100000000000003,-0.015166666666666662,1.0003399538657742,-0.00033995386577423403,
0.85,0.85,16,0,one,baseline2_matched_0.800,0.8,0.07650000000000001,0.07650000000000001,-0.012749999999999928,0.9995365019244727,0.00046349807552725775,
0.85,0.85,16,0,one,baseline2_matched_0.950,0.95,0.1815,0.1815,-0.030249999999999888,1.0005016392409594,-0.0005016392409593617,
0.85,0.85,16,0,two-2g,baseline2_all_hdv_yield,1.0,0.23099999999999998,0.179,-0.03849999999999998,1.0014100079043389,-0.0014100079043388725,
0.85,0.85,16,0,two-2g,baseline2_matched_0.050,0.05,0.0072500000000000064,0.013000000000000012,-0.0012083333333332558,0.9996159802001711,0.0003840197998289385,
0.85,0.85,16,0,two-2g,baseline2_matched_0.200,0.2,0.007750000000000007,0.013000000000000012,-0.001291666666666691,0.9996450097746703,0.0003549902253296988,
0.85,0.85,16,0,two-2g,baseline2_matched_0.350,0.35,0.026249999999999996,0.031,-0.004375000000000018,0.9997826928994507,0.00021730710054934654,
0.85,0.85,16,0,two-2g,baseline2_matched_0.500,0.5,0.04175000000000001,0.029500000000000026,-0.006958333333333289,1.0006129387301799,-0.0006129387301798683,
0.85,0.85,16,0,two-2g,baseline2_matched_0.650,0.65,0.05499999999999999,0.062,-0.009166666666666656,1.0004677908576751,-0.0004677908576751211,
0.85,0.85,16,0,two-2g,baseline2_matched_0.800,0.8,0.121,0.1235,-0.020166666666666666,1.0017873923728517,-0.0017873923728517482,
0.85,0.85,16,0,two-2g,baseline2_matched_0.950,0.95,0.1775,0.184,-0.029583333333333295,1.000994470280766,-0.0009944702807660466,
0.85,0.85,16,0,two-g,baseline2_all_hdv_yield,1.0,0.23099999999999998,0.179,-0.03849999999999998,1.0014100079043389,-0.0014100079043388725,
0.85,0.85,16,0,two-g,baseline2_matched_0.050,0.05,0.0062500000000000056,0.013000000000000012,-0.0010416666666666075,0.9995222561453527,0.0004777438546472723,
0.85,0.85,16,0,two-g,baseline2_matched_0.200,0.2,0.023499999999999993,0.02350000000000002,-0.003916666666666679,0.9995048384006538,0.00049516159934615,
0.85,0.85,16,0,two-g,baseline2_matched_0.350,0.35,0.02075000000000002,0.026500000000000024,-0.003458333333333341,0.9999278407719551,7.215922804493236e-05,
0.85,0.85,16,0,two-g,baseline2_matched_0.500,0.5,0.04475000000000001,0.04350000000000001,-0.007458333333333345,1.0001857892768076,-0.00018578927680756863,
0.85,0.85,16,0,two-g,baseline2_matched_0.650,0.65,0.06475,0.0685,-0.010791666666666644,1.0006369918061944,-0.0006369918061943647,
0.85,0.85,16,0,two-g,baseline2_matched_0.800,0.8,0.10000000000000003,0.10800000000000004,-0.016666666666666607,1.0011130768280125,-0.001113076828012538,
0.85,0.85,16,0,two-g,baseline2_matched_0.950,0.95,0.1925,0.1955,-0.03208333333333335,1.0016248267556451,-0.0016248267556451257,
0.85,0.85,16,1,one,baseline2_all_hdv_yield,1.0,0.248,0.248,-0.04133333333333333,1.0024551167487266,-0.00245511674872656,
0.85,0.85,16,1,one,baseline2_matched_0.050,0.05,-0.0005000000000000004,-0.0005000000000000004,8.333333333332416e-05,1.0006231134431542,-0.000623113443154244,
0.85,0.85,16,1,one,baseline2_matched_0.200,0.2,0.015000000000000013,0.015000000000000013,-0.0024999999999999467,1.0003103121541144,-0.0003103121541143672,
0.85,0.85,16,1,one,baseline2_matched_0.350,0.35,0.02100000000000002,0.02100000000000002,-0.0034999999999999476,1.0004969972735704,-0.0004969972735704431,
0.85,0.85,16,1,one,baseline2_matched_0.500,0.5,0.04300000000000001,0.04300000000000001,-0.0071666666666666545,1.0009433821369762,-0.0009433821369762008,
0.85,0.85,16,1,one,baseline2_matched_0.650,0.65,0.03950000000000001,0.03950000000000001,-0.006583333333333274,1.0006280917130088,-0.0006280917130088159,
0.85,0.85,16,1,one,baseline2_matched_0.800,0.8,0.0635,0.0635,-0.010583333333333278,1.0004588305380366,-0.0004588305380366364,
0.85,0.85,16,1,one,baseline2_matched_0.950,0.95,0.1845,0.1845,-0.030749999999999944,1.0017631372392866,-0.0017631372392865607,
0.85,0.85,16,1,two-2g,baseline2_all_hdv_yield,1.0,0.26975,0.27149999999999996,-0.04495833333333332,1.0019686362712126,-0.001968636271212576,
0.85,0.85,16,1,two-2g,baseline2_matched_0.050,0.05,-0.0020000000000000018,0.0004999999999999727,0.0003333333333332966,1.0004830296415894,-0.0004830296415894164,
0.85,0.85,16,1,two-2g,baseline2_matched_0.200,0.2,0.018500000000000016,0.021999999999999992,-0.003083333333333327,1.0010714626585737,-0.0010714626585737186,
0.85,0.85,16,1,two-2g,baseline2_matched_0.350,0.35,0.029249999999999998,0.03249999999999997,-0.004874999999999963,1.000907132986694,-0.0009071329866940925,
0.85,0.85,16,1,two-2g,baseline2_matched_0.500,0.5,0.04500000000000001,0.044499999999999984,-0.007500000000000062,1.0008340975769712,-0.0008340975769711712,
0.85,0.85,16,1,two-2g,baseline2_matched_0.650,0.65,0.05975,0.059,-0.009958333333333291,1.0012772897223432,-0.0012772897223432,
0.85,0.85,16,1,two-2g,baseline2_matched_0.800,0.8,0.10775000000000001,0.10650000000000001,-0.0179583333333333,1.0021794430220075,-0.0021794430220074545,
0.85,0.85,16,1,two-2g,baseline2_matched_0.950,0.95,0.22025,0.2235,-0.03670833333333334,1.002300615406323,-0.002300615406322981,
0.85,0.85,16,1,two-g,baseline2_all_hdv_yield,1.0,0.26975,0.27149999999999996,-0.04495833333333332,1.0019686362712126,-0.001968636271212576,
0.85,0.85,16,1,two-g,baseline2_matched_0.050,0.05,0.005750000000000005,0.005999999999999978,-0.0009583333333333943,1.0000912942621598,-9.12942621598134e-05,
0.85,0.85,16,1,two-g,baseline2_matched_0.200,0.2,0.004500000000000004,-0.007000000000000006,-0.0007500000000000284,1.000458131206456,-0.0004581312064559917,
0.85,0.85,16,1,two-g,baseline2_matched_0.350,0.35,0.03425,0.035999999999999976,-0.005708333333333315,1.000567684321042,-0.000567684321042039,
0.85,0.85,16,1,two-g,baseline2_matched_0.500,0.5,0.05600000000000002,0.04799999999999999,-0.009333333333333305,1.0016067790139405,-0.0016067790139404625,
0.85,0.85,16,1,two-g,baseline2_matched_0.650,0.65,0.08350000000000002,0.08249999999999999,-0.013916666666666688,1.0012465816523455,-0.0012465816523454798,
0.85,0.85,16,1,two-g,baseline2_matched_0.800,0.8,0.09600000000000003,0.0975,-0.016000000000000014,1.0019420779404038,-0.0019420779404037969,
0.85,0.85,16,1,two-g,baseline2_matched_0.950,0.95,0.17175,0.1655,-0.02862500000000001,1.0020632503247215,-0.002063250324721544,
0.85,0.85,16,2,one,baseline2_all_hdv_yield,1.0,0.138,0.138,-0.02299999999999991,1.0011530791360728,-0.0011530791360727655,
0.85,0.85,16,2,one,baseline2_matched_0.050,0.05,0.01050000000000001,0.01050000000000001,-0.0017499999999999183,1.000403992474294,-0.00040399247429401264,
0.85,0.85,16,2,one,baseline2_matched_0.200,0.2,0.024500000000000022,0.024500000000000022,-0.004083333333333328,1.0001128192536046,-0.00011281925360462353,
0.85,0.85,16,2,one,baseline2_matched_0.350,0.35,0.048000000000000015,0.048000000000000015,-0.007999999999999896,1.0002936618807001,-0.00029366188070012456,
0.85,0.85,16,2,one,baseline2_matched_0.500,0.5,0.049000000000000016,0.049000000000000016,-0.008166666666666655,1.0009390543755692,-0.0009390543755691816,
0.85,0.85,16,2,one,baseline2_matched_0.650,0.65,0.11399999999999999,0.11399999999999999,-0.018999999999999906,1.0014425932500925,-0.0014425932500925498,
0.85,0.85,16,2,one,baseline2_matched_0.800,0.8,0.133,0.133,-0.022166666666666668,1.0016167994505079,-0.0016167994505078553,
0.85,0.85,16,2,one,baseline2_matched_0.950,0.95,0.16900000000000004,0.16900000000000004,-0.028166666666666673,1.0011655224361005,-0.0011655224361004635,
0.85,0.85,16,2,two-2g,baseline2_all_hdv_yield,1.0,0.20650000000000002,0.20550000000000002,-0.03441666666666665,1.0013833026163275,-0.0013833026163274642,
0.85,0.85,16,2,two-2g,baseline2_matched_0.050,0.05,0.007000000000000006,0.003500000000000003,-0.0011666666666666492,1.0006829382442939,-0.0006829382442938847,
0.85,0.85,16,2,two-2g,baseline2_matched_0.200,0.2,0.0062500000000000056,0.0015000000000000013,-0.0010416666666667185,1.0009244145858376,-0.0009244145858375852,
0.85,0.85,16,2,two-2g,baseline2_matched_0.350,0.35,0.03375,0.0295,-0.005624999999999991,1.0011468051684287,-0.0011468051684286884,
0.85,0.85,16,2,two-2g,baseline2_matched_0.500,0.5,0.047000000000000014,0.047500000000000014,-0.007833333333333359,1.0007825161170953,-0.0007825161170953443,
0.85,0.85,16,2,two-2g,baseline2_matched_0.650,0.65,0.057999999999999996,0.055499999999999994,-0.009666666666666601,1.0016430349012193,-0.001643034901219309,
0.85,0.85,16,2,two-2g,baseline2_matched_0.800,0.8,0.07250000000000001,0.07100000000000001,-0.012083333333333335,1.0015434570284183,-0.0015434570284182936,
0.85,0.85,16,2,two-2g,baseline2_matched_0.950,0.95,0.14350000000000002,0.128,-0.023916666666666697,1.00224133195363,-0.002241331953630077,
0.85,0.85,16,2,two-g,baseline2_all_hdv_yield,1.0,0.20650000000000002,0.20550000000000002,-0.03441666666666665,1.0013833026163275,-0.0013833026163274642,
0.85,0.85,16,2,two-g,baseline2_matched_0.050,0.05,-0.003500000000000003,-0.011499999999999982,0.0005833333333332691,0.9998514630064073,0.00014853699359274053,
0.85,0.85,16,2,two-g,baseline2_matched_0.200,0.2,0.005500000000000005,0.0040000000000000036,-0.0009166666666666767,1.0003493523704121,-0.00034935237041211487,
0.85,0.85,16,2,two-g,baseline2_matched_0.350,0.35,0.024499999999999994,0.020000000000000018,-0.004083333333333328,1.0008862430679306,-0.0008862430679306144,
0.85,0.85,16,2,two-g,baseline2_matched_0.500,0.5,0.05424999999999999,0.05399999999999999,-0.009041666666666726,1.0019650033566068,-0.001965003356606765,
0.85,0.85,16,2,two-g,baseline2_matched_0.650,0.65,0.07424999999999998,0.066,-0.012375000000000025,1.000929393479478,-0.0009293934794780689,
0.85,0.85,16,2,two-g,baseline2_matched_0.800,0.8,0.06974999999999998,0.07,-0.011625000000000107,1.0014903488295888,-0.0014903488295887612,
0.85,0.85,16,2,two-g,baseline2_matched_0.950,0.95,0.20800000000000002,0.1985,-0.034666666666666734,1.0017243568306722,-0.0017243568306721802,
0.85,0.85,16,3,one,baseline2_all_hdv_yield,1.0,0.21050000000000002,0.21050000000000002,-0.035083333333333355,1.0014972282613672,-0.0014972282613672228,
0.85,0.85,16,3,one,baseline2_matched_0.050,0.05,0.006000000000000005,0.006000000000000005,-0.0010000000000000009,1.000482762796739,-0.00048276279673897804,
0.85,0.85,16,3,one,baseline2_matched_0.200,0.2,-0.0010000000000000009,-0.0010000000000000009,0.0001666666666666483,1.0004031318199598,-0.00040313181995976777,
0.85,0.85,16,3,one,baseline2_matched_0.350,0.35,0.032,0.032,-0.005333333333333301,1.0006901351321094,-0.0006901351321093596,
0.85,0.85,16,3,one,baseline2_matched_0.500,0.5,0.05150000000000002,0.05150000000000002,-0.008583333333333276,1.000914926743651,-0.0009149267436510122,
0.85,0.85,16,3,one,baseline2_matched_0.650,0.65,0.0665,0.0665,-0.011083333333333334,1.0007996277251843,-0.0007996277251842709,
0.85,0.85,16,3,one,baseline2_matched_0.800,0.8,0.10299999999999998,0.10299999999999998,-0.017166666666666663,1.000794650789136,-0.0007946507891360977,
0.85,0.85,16,3,one,baseline2_matched_0.950,0.95,0.09950000000000003,0.09950000000000003,-0.016583333333333283,1.0004047907986435,-0.0004047907986435284,
0.85,0.85,16,3,two-2g,baseline2_all_hdv_yield,1.0,0.19674999999999998,0.19699999999999998,-0.032791666666666774,1.0007849033058853,-0.0007849033058853205,
0.85,0.85,16,3,two-2g,baseline2_matched_0.050,0.05,0.003249999999999975,0.0,-0.0005416666666666625,1.0000348477154841,-3.484771548412091e-05,
0.85,0.85,16,3,two-2g,baseline2_matched_0.200,0.2,0.012249999999999983,0.00949999999999998,-0.0020416666666667194,1.0001485176445597,-0.00014851764455969807,
0.85,0.85,16,3,two-2g,baseline2_matched_0.350,0.35,0.033999999999999975,0.0335,-0.005666666666666709,1.0003219265144667,-0.0003219265144667194,
0.85,0.85,16,3,two-2g,baseline2_matched_0.500,0.5,0.032,0.027999999999999997,-0.005333333333333412,1.000505291874512,-0.0005052918745120927,
0.85,0.85,16,3,two-2g,baseline2_matched_0.650,0.65,0.06774999999999998,0.06649999999999998,-0.0112916666666667,1.0006280885862129,-0.0006280885862128827,
0.85,0.85,16,3,two-2g,baseline2_matched_0.800,0.8,0.11474999999999996,0.11150000000000002,-0.01912500000000006,1.0011856520339457,-0.0011856520339457166,
0.85,0.85,16,3,two-2g,baseline2_matched_0.950,0.95,0.14699999999999996,0.12549999999999997,-0.024500000000000077,1.001862693363338,-0.0018626933633381082,
0.85,0.85,16,3,two-g,baseline2_all_hdv_yield,1.0,0.19674999999999998,0.19699999999999998,-0.032791666666666774,1.0007849033058853,-0.0007849033058853205,
0.85,0.85,16,3,two-g,baseline2_matched_0.050,0.05,0.010499999999999982,0.006499999999999978,-0.0017500000000001403,1.0003741980876903,-0.00037419808769034724,
0.85,0.85,16,3,two-g,baseline2_matched_0.200,0.2,0.016999999999999987,0.016999999999999987,-0.0028333333333334654,1.0009541636382357,-0.0009541636382357499,
0.85,0.85,16,3,two-g,baseline2_matched_0.350,0.35,0.03325,0.028499999999999998,-0.005541666666666778,1.0005666902303612,-0.0005666902303611554,
0.85,0.85,16,3,two-g,baseline2_matched_0.500,0.5,0.04799999999999999,0.04849999999999999,-0.008000000000000007,1.0009325912429345,-0.000932591242934544,
0.85,0.85,16,3,two-g,baseline2_matched_0.650,0.65,0.09099999999999997,0.086,-0.015166666666666773,1.0013101081606706,-0.0013101081606705645,
0.85,0.85,16,3,two-g,baseline2_matched_0.800,0.8,0.10675000000000001,0.10800000000000001,-0.01779166666666676,1.0018311644778986,-0.0018311644778985503,
0.85,0.85,16,3,two-g,baseline2_matched_0.950,0.95,0.16575,0.13199999999999998,-0.02762500000000001,1.0019323887943035,-0.0019323887943034634,
0.85,0.85,16,4,one,baseline2_all_hdv_yield,1.0,0.2525,0.2525,-0.04208333333333336,1.00162721844391,-0.0016272184439098947,
0.85,0.85,16,4,one,baseline2_matched_0.050,0.05,-0.0040000000000000036,-0.0040000000000000036,0.0006666666666667043,1.0001875325692628,-0.00018753256926284934,
0.85,0.85,16,4,one,baseline2_matched_0.200,0.2,0.007000000000000006,0.007000000000000006,-0.0011666666666666492,1.000265532841435,-0.0002655328414349345,
0.85,0.85,16,4,one,baseline2_matched_0.350,0.35,0.012500000000000011,0.012500000000000011,-0.002083333333333326,1.0005285763124778,-0.0005285763124778242,
0.85,0.85,16,4,one,baseline2_matched_0.500,0.5,0.056999999999999995,0.056999999999999995,-0.009500000000000064,1.0007849814624863,-0.0007849814624862894,
0.85,0.85,16,4,one,baseline2_matched_0.650,0.65,0.07400000000000001,0.07400000000000001,-0.012333333333333307,1.000808215586115,-0.0008082155861151019,
0.85,0.85,16,4,one,baseline2_matched_0.800,0.8,0.09100000000000003,0.09100000000000003,-0.015166666666666662,1.0011094294031149,-0.00110942940311487,
0.85,0.85,16,4,one,baseline2_matched_0.950,0.95,0.127,0.127,-0.021166666666666667,1.0013318131578162,-0.001331813157816164,
0.85,0.85,16,4,two-2g,baseline2_all_hdv_yield,1.0,0.23275,0.23450000000000001,-0.03879166666666667,1.0012790642661318,-0.0012790642661317797,
0.85,0.85,16,4,two-2g,baseline2_matched_0.050,0.05,0.0,0.003999999999999976,0.0,1.0005088036308503,-0.000508803630850263,
0.85,0.85,16,4,two-2g,baseline2_matched_0.200,0.2,0.008500000000000008,0.011499999999999982,-0.0014166666666666217,1.0006980487007244,-0.0006980487007244296,
0.85,0.85,16,4,two-2g,baseline2_matched_0.350,0.35,0.026750000000000024,0.022999999999999993,-0.004458333333333342,1.0007171392121617,-0.0007171392121616549,
0.85,0.85,16,4,two-2g,baseline2_matched_0.500,0.5,0.034,0.027999999999999997,-0.005666666666666709,1.001051638173387,-0.0010516381733869373,
0.85,0.85,16,4,two-2g,baseline2_matched_0.650,0.65,0.0665,0.057999999999999996,-0.011083333333333334,1.0015139605590042,-0.0015139605590042127,
0.85,0.85,16,4,two-2g,baseline2_matched_0.800,0.8,0.10475000000000001,0.10250000000000001,-0.017458333333333353,1.0020576251237776,-0.0020576251237776066,
0.85,0.85,16,4,two-2g,baseline2_matched_0.950,0.95,0.15475,0.156,-0.025791666666666657,1.001933121788331,-0.0019331217883309382,
0.85,0.85,16,4,two-g,baseline2_all_hdv_yield,1.0,0.23275,0.23450000000000001,-0.03879166666666667,1.0012790642661318,-0.0012790642661317797,
0.85,0.85,16,4,two-g,baseline2_matched_0.050,0.05,-0.0010000000000000009,0.0,0.0001666666666666483,1.0000224106003808,-2.241060038077336e-05,
0.85,0.85,16,4,two-g,baseline2_matched_0.200,0.2,0.005750000000000005,0.004999999999999977,-0.0009583333333333943,1.0004739426969242,-0.0004739426969242455,
0.85,0.85,16,4,two-g,baseline2_matched_0.350,0.35,0.02175000000000002,0.025999999999999995,-0.0036249999999999893,1.0000854922903382,-8.549229033816275e-05,
0.85,0.85,16,4,two-g,baseline2_matched_0.500,0.5,0.05350000000000002,0.057999999999999996,-0.008916666666666684,1.0011404505526724,-0.001140450552672423,
0.85,0.85,16,4,two-g,baseline2_matched_0.650,0.65,0.05925,0.05399999999999999,-0.009874999999999967,1.0016816250507354,-0.0016816250507354358,
0.85,0.85,16,4,two-g,baseline2_matched_0.800,0.8,0.09400000000000003,0.07699999999999999,-0.015666666666666718,1.001495700069805,-0.0014957000698050393,
0.85,0.85,16,4,two-g,baseline2_matched_0.950,0.95,0.1735,0.162,-0.0289166666666667,1.0018202387641981,-0.0018202387641981232,
0.85,0.85,16,5,one,baseline2_all_hdv_yield,1.0,0.2955,0.2955,-0.049250000000000016,1.0013325461332907,-0.0013325461332907018,
0.85,0.85,16,5,one,baseline2_matched_0.050,0.05,-0.0040000000000000036,-0.0040000000000000036,0.0006666666666667043,0.9997487483021855,0.00025125169781448076,
0.85,0.85,16,5,one,baseline2_matched_0.200,0.2,0.007000000000000006,0.007000000000000006,-0.0011666666666666492,0.9998980067365295,0.00010199326347049009,
0.85,0.85,16,5,one,baseline2_matched_0.350,0.35,0.025999999999999995,0.025999999999999995,-0.0043333333333333,1.000349928107187,-0.0003499281071870364,
0.85,0.85,16,5,one,baseline2_matched_0.500,0.5,0.04600000000000001,0.04600000000000001,-0.0076666666666667105,1.0002694943953447,-0.0002694943953447382,
0.85,0.85,16,5,one,baseline2_matched_0.650,0.65,0.057499999999999996,0.057499999999999996,-0.009583333333333388,1.000647615762353,-0.0006476157623529488,
0.85,0.85,16,5,one,baseline2_matched_0.800,0.8,0.09300000000000003,0.09300000000000003,-0.01550000000000007,1.000428703391982,-0.0004287033919820882,
0.85,0.85,16,5,one,baseline2_matched_0.950,0.95,0.16299999999999998,0.16299999999999998,-0.027166666666666672,1.0011293888198787,-0.001129388819878674,
0.85,0.85,16,5,two-2g,baseline2_all_hdv_yield,1.0,0.149,0.1535,-0.024833333333333263,1.0007970929745478,-0.0007970929745477751,
0.85,0.85,16,5,two-2g,baseline2_matched_0.050,0.05,0.0010000000000000009,-0.0050000000000000044,-0.0001666666666666483,0.9999925350293755,7.46497062453777e-06,
0.85,0.85,16,5,two-2g,baseline2_matched_0.200,0.2,0.019000000000000017,0.02099999999999999,-0.00316666666666654,1.0000323482060425,-3.2348206042476235e-05,
0.85,0.85,16,5,two-2g,baseline2_matched_0.350,0.35,0.029250000000000026,0.036000000000000004,-0.004874999999999963,0.9998623127640207,0.0001376872359792891,
0.85,0.85,16,5,two-2g,baseline2_matched_0.500,0.5,0.03275,0.03999999999999998,-0.005458333333333232,1.0005175712966896,-0.0005175712966896118,
0.85,0.85,16,5,two-2g,baseline2_matched_0.650,0.65,0.06375,0.064,-0.010624999999999885,1.0009928410931712,-0.000992841093171215,
0.85,0.85,16,5,two-2g,baseline2_matched_0.800,0.8,0.10300000000000001,0.0885,-0.017166666666666552,1.0018728781857815,-0.0018728781857815235,
0.85,0.85,16,5,two-2g,baseline2_matched_0.950,0.95,0.11975,0.11250000000000002,-0.0199583333333333,1.0009563456812236,-0.0009563456812236026,
0.85,0.85,16,5,two-g,baseline2_all_hdv_yield,1.0,0.149,0.1535,-0.024833333333333263,1.0007970929745478,-0.0007970929745477751,
0.85,0.85,16,5,two-g,baseline2_matched_0.050,0.05,0.0072500000000000064,0.011499999999999982,-0.0012083333333332558,1.000355000825296,-0.0003550008252959369,
0.85,0.85,16,5,two-g,baseline2_matched_0.200,0.2,0.024500000000000022,0.0315,-0.004083333333333217,1.0003608069135597,-0.00036080691355966366,
0.85,0.85,16,5,two-g,baseline2_matched_0.350,0.35,0.04175000000000001,0.046499999999999986,-0.006958333333333178,1.0004354566198135,-0.00043545661981347905,
0.85,0.85,16,5,two-g,baseline2_matched_0.500,0.5,0.05100000000000002,0.04849999999999999,-0.008499999999999952,1.0008734015631677,-0.0008734015631677305,
0.85,0.85,16,5,two-g,baseline2_matched_0.650,0.65,0.06925,0.07449999999999998,-0.011541666666666561,1.000721613827115,-0.0007216138271151085,
0.85,0.85,16,5,two-g,baseline2_matched_0.800,0.8,0.09125000000000003,0.095,-0.015208333333333268,1.001073296887689,-0.0010732968876889792,
0.85,0.85,16,5,two-g,baseline2_matched_0.950,0.95,0.151,0.158,-0.02516666666666656,1.0007962635333705,-0.0007962635333704782,
0.85,0.85,16,6,one,baseline2_all_hdv_yield,1.0,0.3205,0.3205,-0.05341666666666667,1.0024902406126521,-0.002490240612652128,
0.85,0.85,16,6,one,baseline2_matched_0.050,0.05,0.0040000000000000036,0.0040000000000000036,-0.0006666666666667043,1.0002662782267344,-0.0002662782267344177,
0.85,0.85,16,6,one,baseline2_matched_0.200,0.2,0.01150000000000001,0.01150000000000001,-0.0019166666666666776,1.000034840141815,-3.484014181509565e-05,
0.85,0.85,16,6,one,baseline2_matched_0.350,0.35,0.013000000000000012,0.013000000000000012,-0.00216666666666665,1.000435501772698,-0.0004355017726980215,
0.85,0.85,16,6,one,baseline2_matched_0.500,0.5,0.05350000000000002,0.05350000000000002,-0.008916666666666684,1.0007872212996012,-0.0007872212996011818,
0.85,0.85,16,6,one,baseline2_matched_0.650,0.65,0.07,0.07,-0.011666666666666714,1.0004471151533052,-0.0004471151533051998,
0.85,0.85,16,6,one,baseline2_matched_0.800,0.8,0.08200000000000002,0.08200000000000002,-0.013666666666666716,1.000283698297641,-0.00028369829764107735,
0.85,0.85,16,6,one,baseline2_matched_0.950,0.95,0.15700000000000003,0.15700000000000003,-0.02616666666666667,1.0006312701886164,-0.0006312701886164174,
0.85,0.85,16,6,two-2g,baseline2_all_hdv_yield,1.0,0.23025,0.21900000000000003,-0.03837499999999994,1.0013068966804803,-0.0013068966804803406,
0.85,0.85,16,6,two-2g,baseline2_matched_0.050,0.05,-0.0005000000000000004,0.0010000000000000009,8.333333333343518e-05,0.9999634898705123,3.651012948768795e-05,
0.85,0.85,16,6,two-2g,baseline2_matched_0.200,0.2,0.015500000000000014,0.015500000000000014,-0.002583333333333271,1.0005011845047698,-0.0005011845047697694,
0.85,0.85,16,6,two-2g,baseline2_matched_0.350,0.35,0.02100000000000002,0.018500000000000016,-0.0034999999999999476,1.0003252720626963,-0.0003252720626962802,
0.85,0.85,16,6,two-2g,baseline2_matched_0.500,0.5,0.037000000000000005,0.03900000000000001,-0.006166666666666654,1.0011658348165564,-0.0011658348165564103,
0.85,0.85,16,6,two-2g,baseline2_matched_0.650,0.65,0.057999999999999996,0.04100000000000001,-0.009666666666666601,1.0013218326425424,-0.0013218326425423754,
0.85,0.85,16,6,two-2g,baseline2_matched_0.800,0.8,0.08050000000000002,0.066,-0.013416666666666632,1.0021026515481526,-0.00210265154815259,
0.85,0.85,16,6,two-2g,baseline2_matched_0.950,0.95,0.15225,0.14600000000000002,-0.025374999999999925,1.002306776363011,-0.0023067763630109095,
0.85,0.85,16,6,two-g,baseline2_all_hdv_yield,1.0,0.23025,0.21900000000000003,-0.03837499999999994,1.0013068966804803,-0.0013068966804803406,
0.85,0.85,16,6,two-g,baseline2_matched_0.050,0.05,0.01175000000000001,0.012500000000000011,-0.001958333333333284,1.000095424202066,-9.54242020660967e-05,
0.85,0.85,16,6,two-g,baseline2_matched_0.200,0.2,0.016500000000000015,0.013500000000000012,-0.002749999999999919,1.0007335216924087,-0.0007335216924087007,
0.85,0.85,16,6,two-g,baseline2_matched_0.350,0.35,0.018750000000000017,0.018500000000000016,-0.0031249999999999334,1.001064602184797,-0.0010646021847970921,
0.85,0.85,16,6,two-g,baseline2_matched_0.500,0.5,0.04175000000000001,0.0325,-0.006958333333333178,1.0013301303992443,-0.0013301303992443447,
0.85,0.85,16,6,two-g,baseline2_matched_0.650,0.65,0.0695,0.058500000000000024,-0.011583333333333279,1.0009874330474733,-0.000987433047473285,
0.85,0.85,16,6,two-g,baseline2_matched_0.800,0.8,0.09150000000000003,0.09150000000000003,-0.015249999999999986,1.0013674703044018,-0.0013674703044017633,
0.85,0.85,16,6,two-g,baseline2_matched_0.950,0.95,0.12975000000000003,0.132,-0.021625000000000005,1.0015732546705969,-0.0015732546705968797,
0.85,0.85,16,7,one,baseline2_all_hdv_yield,1.0,0.197,0.197,-0.03283333333333327,1.0006492946487517,-0.0006492946487517415,
0.85,0.85,16,7,one,baseline2_matched_0.050,0.05,-0.009500000000000008,-0.009500000000000008,0.001583333333333381,0.9996575240230738,0.00034247597692615983,
0.85,0.85,16,7,one,baseline2_matched_0.200,0.2,0.012499999999999983,0.012499999999999983,-0.002083333333333326,0.9995903556111371,0.00040964438886292864,
0.85,0.85,16,7,one,baseline2_matched_0.350,0.35,0.02049999999999999,0.02049999999999999,-0.0034166666666666234,1.0005738338402785,-0.000573833840278537,
0.85,0.85,16,7,one,baseline2_matched_0.500,0.5,0.05099999999999999,0.05099999999999999,-0.008499999999999952,1.000197359037553,-0.0001973590375530243,
0.85,0.85,16,7,one,baseline2_matched_0.650,0.65,0.024999999999999994,0.024999999999999994,-0.004166666666666652,0.999718058517785,0.00028194148221505344,
0.85,0.85,16,7,one,baseline2_matched_0.800,0.8,0.09399999999999997,0.09399999999999997,-0.015666666666666607,1.0005398350144799,-0.0005398350144798503,
0.85,0.85,16,7,one,baseline2_matched_0.950,0.95,0.14350000000000002,0.14350000000000002,-0.023916666666666697,1.0007678759192145,-0.0007678759192144557,
0.85,0.85,16,7,two-2g,baseline2_all_hdv_yield,1.0,0.11350000000000002,0.11249999999999996,-0.018916666666666693,1.0005101122495783,-0.0005101122495783095,
0.85,0.85,16,7,two-2g,baseline2_matched_0.050,0.05,0.013250000000000012,0.014499999999999985,-0.0022083333333333677,0.9995404842499751,0.000459515750024897,
0.85,0.85,16,7,two-2g,baseline2_matched_0.200,0.2,0.006000000000000005,0.005999999999999978,-0.0010000000000000009,0.999602693060897,0.00039730693910300374,
0.85,0.85,16,7,two-2g,baseline2_matched_0.350,0.35,0.026750000000000024,0.024999999999999994,-0.004458333333333453,0.9997835133379841,0.00021648666201590228,
0.85,0.85,16,7,two-2g,baseline2_matched_0.500,0.5,0.0645,0.057499999999999996,-0.010750000000000037,1.000618770305995,-0.0006187703059949978,
0.85,0.85,16,7,two-2g,baseline2_matched_0.650,0.65,0.07475000000000001,0.06499999999999997,-0.012458333333333349,1.0008916596232487,-0.000891659623248664,
0.85,0.85,16,7,two-2g,baseline2_matched_0.800,0.8,0.07225000000000001,0.07399999999999998,-0.012041666666666728,1.000593057330813,-0.0005930573308130516,
0.85,0.85,16,7,two-2g,baseline2_matched_0.950,0.95,0.13300000000000003,0.12299999999999997,-0.022166666666666668,1.0012922843656,-0.0012922843656000271,
0.85,0.85,16,7,two-g,baseline2_all_hdv_yield,1.0,0.16025,0.1545,-0.026708333333333334,1.0004105778115453,-0.0004105778115452985,
0.85,0.85,16,7,two-g,baseline2_matched_0.050,0.05,0.0010000000000000009,-0.0030000000000000027,-0.00016666666666675933,0.9994509040176922,0.0005490959823077901,
0.85,0.85,16,7,two-g,baseline2_matched_0.200,0.2,0.016000000000000014,0.012999999999999984,-0.002666666666666706,1.0000588909588293,-5.889095882927187e-05,
0.85,0.85,16,7,two-g,baseline2_matched_0.350,0.35,0.025250000000000022,0.014999999999999986,-0.0042083333333333695,1.0010807735120093,-0.0010807735120093032,
0.85,0.85,16,7,two-g,baseline2_matched_0.500,0.5,0.05200000000000002,0.04099999999999998,-0.008666666666666711,1.000402283310303,-0.0004022833103030088,
0.85,0.85,16,7,two-g,baseline2_matched_0.650,0.65,0.05725000000000002,0.055499999999999994,-0.009541666666666782,1.0002289282343158,-0.0002289282343157506,
0.85,0.85,16,7,two-g,baseline2_matched_0.800,0.8,0.09825,0.0985,-0.01637500000000003,1.000745675661777,-0.0007456756617769678,
0.85,0.85,16,7,two-g,baseline2_matched_0.950,0.95,0.13375000000000004,0.11749999999999997,-0.02229166666666682,1.001220121132896,-0.001220121132895935,
0.85,0.85,16,8,one,baseline2_all_hdv_yield,1.0,0.1395,0.1395,-0.023249999999999993,1.0007017078208098,-0.0007017078208098049,
0.85,0.85,16,8,one,baseline2_matched_0.050,0.05,0.008000000000000007,0.008000000000000007,-0.0013333333333332975,0.9996433399965164,0.0003566600034835554,
0.85,0.85,16,8,one,baseline2_matched_0.200,0.2,0.020500000000000018,0.020500000000000018,-0.0034166666666666234,1.000241367583756,-0.00024136758375603584,
0.85,0.85,16,8,one,baseline2_matched_0.350,0.35,0.02400000000000002,0.02400000000000002,-0.0040000000000000036,1.0004445808415527,-0.00044458084155274413,
0.85,0.85,16,8,one,baseline2_matched_0.500,0.5,0.02350000000000002,0.02350000000000002,-0.003916666666666568,1.0004951767955352,-0.0004951767955352349,
0.85,0.85,16,8,one,baseline2_matched_0.650,0.65,0.028499999999999998,0.028499999999999998,-0.004749999999999921,1.0000223949304519,-2.239493045186336e-05,
0.85,0.85,16,8,one,baseline2_matched_0.800,0.8,0.09450000000000003,0.09450000000000003,-0.01574999999999993,1.0012026907094238,-0.0012026907094238037,
0.85,0.85,16,8,one,baseline2_matched_0.950,0.95,0.1225,0.1225,-0.02041666666666664,1.000894138334313,-0.000894138334313066,
0.85,0.85,16,8,two-2g,baseline2_all_hdv_yield,1.0,0.14150000000000001,0.1445,-0.02358333333333329,1.000755007525182,-0.0007550075251820942,
0.85,0.85,16,8,two-2g,baseline2_matched_0.050,0.05,0.005500000000000005,0.004499999999999976,-0.0009166666666666767,0.9999917032140077,8.296785992345512e-06,
0.85,0.85,16,8,two-2g,baseline2_matched_0.200,0.2,0.014250000000000013,0.017999999999999988,-0.002375000000000016,0.9997046344187179,0.0002953655812820699,
0.85,0.85,16,8,two-2g,baseline2_matched_0.350,0.35,0.026500000000000024,0.022499999999999992,-0.004416666666666735,1.000717671988223,-0.0007176719882229232,
0.85,0.85,16,8,two-2g,baseline2_matched_0.500,0.5,0.035,0.03949999999999998,-0.005833333333333357,1.0007682823827706,-0.000768282382770602,
0.85,0.85,16,8,two-2g,baseline2_matched_0.650,0.65,0.07574999999999998,0.07549999999999998,-0.012624999999999997,1.0016245106970454,-0.0016245106970453893,
0.85,0.85,16,8,two-2g,baseline2_matched_0.800,0.8,0.07250000000000001,0.06599999999999998,-0.012083333333333335,1.001204693325898,-0.0012046933258980097,
0.85,0.85,16,8,two-2g,baseline2_matched_0.950,0.95,0.15400000000000003,0.13049999999999998,-0.025666666666666726,1.0020269048176136,-0.002026904817613584,
0.85,0.85,16,8,two-g,baseline2_all_hdv_yield,1.0,0.14150000000000001,0.1445,-0.02358333333333329,1.000755007525182,-0.0007550075251820942,
0.85,0.85,16,8,two-g,baseline2_matched_0.050,0.05,0.008500000000000008,0.005499999999999977,-0.0014166666666666217,1.0002090790069746,-0.000209079006974644,
0.85,0.85,16,8,two-g,baseline2_matched_0.200,0.2,0.016250000000000014,0.011999999999999983,-0.0027083333333333126,1.000196633827988,-0.0001966338279879576,
0.85,0.85,16,8,two-g,baseline2_matched_0.350,0.35,0.0305,0.0305,-0.005083333333333329,1.0001543202194325,-0.00015432021943251328,
0.85,0.85,16,8,two-g,baseline2_matched_0.500,0.5,0.05300000000000002,0.05199999999999999,-0.00883333333333336,1.0009093277446197,-0.0009093277446197146,
0.85,0.85,16,8,two-g,baseline2_matched_0.650,0.65,0.05125000000000002,0.044999999999999984,-0.00854166666666667,1.0006786770940654,-0.0006786770940654385,
0.85,0.85,16,8,two-g,baseline2_matched_0.800,0.8,0.08675,0.0905,-0.01445833333333335,1.0018676065265852,-0.0018676065265852415,
0.85,0.85,16,8,two-g,baseline2_matched_0.950,0.95,0.09475,0.099,-0.01579166666666665,1.000940855531385,-0.0009408555313850098,
0.85,0.85,16,9,one,baseline2_all_hdv_yield,1.0,0.17650000000000002,0.17650000000000002,-0.029416666666666647,1.001622148890684,-0.0016221488906840165,
0.85,0.85,16,9,one,baseline2_matched_0.050,0.05,0.025999999999999995,0.025999999999999995,-0.0043333333333333,1.0011398210987288,-0.0011398210987287882,
0.85,0.85,16,9,one,baseline2_matched_0.200,0.2,0.04349999999999998,0.04349999999999998,-0.007249999999999979,1.0007786978809963,-0.0007786978809962708,
0.85,0.85,16,9,one,baseline2_matched_0.350,0.35,0.04799999999999999,0.04799999999999999,-0.008000000000000007,1.0008749974057218,-0.0008749974057218335,
0.85,0.85,16,9,one,baseline2_matched_0.500,0.5,0.04299999999999998,0.04299999999999998,-0.0071666666666666545,1.0005329680592725,-0.0005329680592724984,
0.85,0.85,16,9,one,baseline2_matched_0.650,0.65,0.07050000000000001,0.07050000000000001,-0.011750000000000038,1.001317477118487,-0.0013174771184869538,
0.85,0.85,16,9,one,baseline2_matched_0.800,0.8,0.09,0.09,-0.015000000000000013,1.0015158873461574,-0.001515887346157374,
0.85,0.85,16,9,one,baseline2_matched_0.950,0.95,0.1435,0.1435,-0.023916666666666697,1.0012851005541383,-0.0012851005541383298,
0.85,0.85,16,9,two-2g,baseline2_all_hdv_yield,1.0,0.1265,0.12799999999999997,-0.021083333333333343,1.001317023062849,-0.0013170230628489765,
0.85,0.85,16,9,two-2g,baseline2_matched_0.050,0.05,0.006249999999999978,0.0040000000000000036,-0.0010416666666667185,1.0004683486806132,-0.00046834868061318424,
0.85,0.85,16,9,two-2g,baseline2_matched_0.200,0.2,0.02124999999999999,0.01949999999999999,-0.003541666666666776,1.0009408493885321,-0.0009408493885321167,
0.85,0.85,16,9,two-2g,baseline2_matched_0.350,0.35,0.032,0.028999999999999998,-0.005333333333333412,1.00120907035278,-0.0012090703527800617,
0.85,0.85,16,9,two-2g,baseline2_matched_0.500,0.5,0.04274999999999998,0.036000000000000004,-0.007125000000000048,1.0012921108989905,-0.0012921108989905061,
0.85,0.85,16,9,two-2g,baseline2_matched_0.650,0.65,0.08049999999999999,0.08199999999999999,-0.013416666666666632,1.001618460245584,-0.0016184602455839858,
0.85,0.85,16,9,two-2g,baseline2_matched_0.800,0.8,0.08849999999999997,0.0905,-0.01475000000000004,1.002208048123659,-0.0022080481236590455,
0.85,0.85,16,9,two-2g,baseline2_matched_0.950,0.95,0.11175000000000002,0.11300000000000002,-0.018625000000000003,1.0012173744073996,-0.0012173744073995518,
0.85,0.85,16,9,two-g,baseline2_all_hdv_yield,1.0,0.1265,0.12799999999999997,-0.021083333333333343,1.001317023062849,-0.0013170230628489765,
0.85,0.85,16,9,two-g,baseline2_matched_0.050,0.05,0.01974999999999999,0.01849999999999999,-0.0032916666666666927,1.0005140209810268,-0.0005140209810268193,
0.85,0.85,16,9,two-g,baseline2_matched_0.200,0.2,0.03375,0.023499999999999993,-0.005624999999999991,1.0011941230544634,-0.0011941230544634251,
0.85,0.85,16,9,two-g,baseline2_matched_0.350,0.35,0.04074999999999998,0.04249999999999998,-0.006791666666666751,1.001322835901086,-0.0013228359010859503,
0.85,0.85,16,9,two-g,baseline2_matched_0.500,0.5,0.03749999999999998,0.0315,-0.006250000000000089,1.0011002872372503,-0.001100287237250308,
0.85,0.85,16,9,two-g,baseline2_matched_0.650,0.65,0.059,0.061,-0.00983333333333336,1.0006576811259655,-0.0006576811259655369,
0.85,0.85,16,9,two-g,baseline2_matched_0.800,0.8,0.11199999999999999,0.08199999999999999,-0.01866666666666672,1.0023766204324602,-0.0023766204324602302,
0.85,0.85,16,9,two-g,baseline2_matched_0.950,0.95,0.15725,0.149,-0.02620833333333339,1.0016691149787733,-0.0016691149787733117,
0.9,0.9,17,0,one,baseline2_all_hdv_yield,1.0,0.09250000000000001,0.09250000000000001,-0.015416666666666634,1.0010277492291888,-0.0010277492291888013,
0.9,0.9,17,0,one,baseline2_matched_0.050,0.05,-0.0010000000000000009,-0.0010000000000000009,0.0001666666666666483,0.9992164190725333,0.000783580927466665,
0.9,0.9,17,0,one,baseline2_matched_0.200,0.2,-0.004500000000000004,-0.004500000000000004,0.0007500000000000284,0.9999476782210567,5.2321778943320574e-05,
0.9,0.9,17,0,one,baseline2_matched_0.350,0.35,0.019500000000000003,0.019500000000000003,-0.003249999999999975,0.9998530007163083,0.00014699928369166226,
0.9,0.9,17,0,one,baseline2_matched_0.500,0.5,0.030999999999999986,0.030999999999999986,-0.005166666666666653,1.000298981593943,-0.00029898159394292634,
0.9,0.9,17,0,one,baseline2_matched_0.650,0.65,0.030999999999999986,0.030999999999999986,-0.005166666666666653,1.0000647793453543,-6.477934535431551e-05,
0.9,0.9,17,0,one,baseline2_matched_0.800,0.8,0.053000000000000005,0.053000000000000005,-0.00883333333333336,1.0004821078202368,-0.0004821078202368323,
0.9,0.9,17,0,one,baseline2_matched_0.950,0.95,0.11800000000000001,0.11800000000000001,-0.01966666666666672,1.000967952910398,-0.0009679529103980844,
0.9,0.9,17,0,two-2g,baseline2_all_hdv_yield,1.0,0.03899999999999999,0.03949999999999999,-0.00649999999999995,1.0001507761858337,-0.0001507761858337009,
0.9,0.9,17,0,two-2g,baseline2_matched_0.050,0.05,0.003250000000000003,-0.0015000000000000013,-0.0005416666666666625,0.9993769579097656,0.0006230420902344491,
0.9,0.9,17,0,two-2g,baseline2_matched_0.200,0.2,0.008000000000000007,0.007500000000000007,-0.0013333333333334085,1.0001146397446017,-0.00011463974460168558,
0.9,0.9,17,0,two-2g,baseline2_matched_0.350,0.35,0.017,0.015,-0.0028333333333333544,1.0002380020784656,-0.0002380020784655823,
0.9,0.9,17,0,two-2g,baseline2_matched_0.500,0.5,0.024000000000000007,0.023500000000000007,-0.0040000000000000036,1.0006342568478575,-0.0006342568478574506,
0.9,0.9,17,0,two-2g,baseline2_matched_0.650,0.65,0.05650000000000001,0.053000000000000005,-0.009416666666666629,1.0011364287725792,-0.0011364287725792455,
0.9,0.9,17,0,two-2g,baseline2_matched_0.800,0.8,0.03324999999999999,0.032500000000000015,-0.005541666666666778,1.0003775635066792,-0.00037756350667916827,
0.9,0.9,17,0,two-2g,baseline2_matched_0.950,0.95,0.06300000000000001,0.06350000000000001,-0.010499999999999954,1.0009507622296911,-0.0009507622296911489,
0.9,0.9,17,0,two-g,baseline2_all_hdv_yield,1.0,0.0725,0.0705,-0.012083333333333224,1.0003339509764946,-0.00033395097649457917,
0.9,0.9,17,0,two-g,baseline2_matched_0.050,0.05,0.006750000000000006,0.004500000000000004,-0.0011250000000000426,0.9993906640764683,0.0006093359235317397,
0.9,0.9,17,0,two-g,baseline2_matched_0.200,0.2,0.011999999999999997,0.010999999999999996,-0.0020000000000000018,1.0004062239490197,-0.0004062239490196795,
0.9,0.9,17,0,two-g,baseline2_matched_0.350,0.35,0.019000000000000003,0.014499999999999999,-0.003166666666666651,1.000318997947695,-0.0003189979476949656,
0.9,0.9,17,0,two-g,baseline2_matched_0.500,0.5,0.02550000000000001,0.023500000000000007,-0.004249999999999976,0.9998355166832158,0.00016448331678420303,
0.9,0.9,17,0,two-g,baseline2_matched_0.650,0.65,0.0475,0.03649999999999999,-0.007916666666666683,1.0002367562893044,-0.0002367562893044184,
0.9,0.9,17,0,two-g,baseline2_matched_0.800,0.8,0.05775000000000001,0.05500000000000001,-0.009624999999999995,1.0009993607580163,-0.000999360758016321,
0.9,0.9,17,0,two-g,baseline2_matched_0.950,0.95,0.10975,0.1085,-0.018291666666666595,1.0004149465491505,-0.00041494654915053,
0.9,0.9,17,1,one,baseline2_all_hdv_yield,1.0,0.15200000000000002,0.15200000000000002,-0.02533333333333332,1.0010756427370444,-0.0010756427370444133,
0.9,0.9,17,1,one,baseline2_matched_0.050,0.05,0.0,0.0,0.0,0.9998342288713479,0.00016577112865212573,
0.9,0.9,17,1,one,baseline2_matched_0.200,0.2,0.005500000000000005,0.005500000000000005,-0.0009166666666666767,1.0001520607345538,-0.00015206073455376057,
0.9,0.9,17,1,one,baseline2_matched_0.350,0.35,0.010499999999999995,0.010499999999999995,-0.0017500000000000293,1.0002629902868094,-0.00026299028680942804,
0.9,0.9,17,1,one,baseline2_matched_0.500,0.5,0.018000000000000002,0.018000000000000002,-0.0030000000000000027,0.9998417072681313,0.0001582927318687366,
0.9,0.9,17,1,one,baseline2_matched_0.650,0.65,0.029000000000000012,0.029000000000000012,-0.004833333333333356,1.000739114881886,-0.0007391148818860493,
0.9,0.9,17,1,one,baseline2_matched_0.800,0.8,0.06349999999999999,0.06349999999999999,-0.010583333333333389,1.0005920397451864,-0.0005920397451864012,
0.9,0.9,17,1,one,baseline2_matched_0.950,0.95,0.12399999999999999,0.12399999999999999,-0.020666666666666722,1.0013149514340483,-0.0013149514340482504,
0.9,0.9,17,1,two-2g,baseline2_all_hdv_yield,1.0,0.05575000000000001,0.05800000000000001,-0.009291666666666698,1.00023313714074,-0.00023313714074002512,
0.9,0.9,17,1,two-2g,baseline2_matched_0.050,0.05,0.0020000000000000018,0.0040000000000000036,-0.00033333333333340764,0.999937663866113,6.233613388695325e-05,
0.9,0.9,17,1,two-2g,baseline2_matched_0.200,0.2,0.0072500000000000064,0.008500000000000008,-0.0012083333333333668,1.0001795280655985,-0.00017952806559851098,
0.9,0.9,17,1,two-2g,baseline2_matched_0.350,0.35,0.01525,0.012500000000000011,-0.0025416666666666643,1.000497442348428,-0.0004974423484280788,
0.9,0.9,17,1,two-2g,baseline2_matched_0.500,0.5,0.024750000000000008,0.02500000000000001,-0.004125000000000045,1.0001608272254308,-0.00016082722543075967,
0.9,0.9,17,1,two-2g,baseline2_matched_0.650,0.65,0.024250000000000008,0.023000000000000007,-0.00404166666666661,1.000445079995961,-0.00044507999596099523,
0.9,0.9,17,1,two-2g,baseline2_matched_0.800,0.8,0.07275,0.06949999999999999,-0.012125000000000052,1.0006495425151136,-0.0006495425151136214,
0.9,0.9,17,1,two-2g,baseline2_matched_0.950,0.95,0.05550000000000001,0.05650000000000001,-0.009250000000000091,1.0006557761285018,-0.0006557761285017616,
0.9,0.9,17,1,two-g,baseline2_all_hdv_yield,1.0,0.07975,0.082,-0.01329166666666648,1.001074687006763,-0.0010746870067630532,
0.9,0.9,17,1,two-g,baseline2_matched_0.050,0.05,0.0030000000000000027,0.006000000000000005,-0.0004999999999999449,1.000258074490026,-0.0002580744900260168,
0.9,0.9,17,1,two-g,baseline2_matched_0.200,0.2,0.01525,0.017,-0.0025416666666665533,0.9998965208566607,0.0001034791433393023,
0.9,0.9,17,1,two-g,baseline2_matched_0.350,0.35,0.0155,0.014499999999999999,-0.00258333333333316,1.0001708029233511,-0.00017080292335114322,
0.9,0.9,17,1,two-g,baseline2_matched_0.500,0.5,0.03274999999999999,0.031000000000000014,-0.005458333333333232,1.0012242954067772,-0.0012242954067771539,
0.9,0.9,17,1,two-g,baseline2_matched_0.650,0.65,0.03274999999999999,0.03499999999999999,-0.005458333333333232,1.0007443017900655,-0.0007443017900654603,
0.9,0.9,17,1,two-g,baseline2_matched_0.800,0.8,0.0435,0.0445,-0.007249999999999979,1.0003565666867,-0.0003565666867000328,
0.9,0.9,17,1,two-g,baseline2_matched_0.950,0.95,0.12075000000000001,0.12350000000000001,-0.02012499999999995,1.0010447653267611,-0.0010447653267611212,
0.9,0.9,17,2,one,baseline2_all_hdv_yield,1.0,0.126,0.126,-0.02100000000000002,1.0012167603754987,-0.0012167603754986711,
0.9,0.9,17,2,one,baseline2_matched_0.050,0.05,-0.007999999999999993,-0.007999999999999993,0.0013333333333332975,1.0002081956790017,-0.0002081956790016548,
0.9,0.9,17,2,one,baseline2_matched_0.200,0.2,-0.0010000000000000009,-0.0010000000000000009,0.0001666666666666483,1.000311670178149,-0.00031167017814892617,
0.9,0.9,17,2,one,baseline2_matched_0.350,0.35,-0.0030000000000000027,-0.0030000000000000027,0.0004999999999999449,1.000726814855447,-0.0007268148554469001,
0.9,0.9,17,2,one,baseline2_matched_0.500,0.5,0.005500000000000005,0.005500000000000005,-0.0009166666666666767,1.0007642152768252,-0.0007642152768252419,
0.9,0.9,17,2,one,baseline2_matched_0.650,0.65,0.022999999999999993,0.022999999999999993,-0.0038333333333333552,1.0008452495231426,-0.0008452495231425772,
0.9,0.9,17,2,one,baseline2_matched_0.800,0.8,0.037000000000000005,0.037000000000000005,-0.006166666666666765,1.001575804420731,-0.0015758044207310196,
0.9,0.9,17,2,one,baseline2_matched_0.950,0.95,0.095,0.095,-0.015833333333333366,1.000883896625232,-0.0008838966252320279,
0.9,0.9,17,2,two-2g,baseline2_all_hdv_yield,1.0,0.040999999999999995,0.040999999999999995,-0.006833333333333247,1.0006446681455377,-0.0006446681455376524,
0.9,0.9,17,2,two-2g,baseline2_matched_0.050,0.05,0.009250000000000008,0.007500000000000007,-0.0015416666666665524,1.00007356947889,-7.356947889003429e-05,
0.9,0.9,17,2,two-2g,baseline2_matched_0.200,0.2,0.013250000000000012,0.014000000000000012,-0.0022083333333332567,1.000709509042186,-0.0007095090421860295,
0.9,0.9,17,2,two-2g,baseline2_matched_0.350,0.35,0.030750000000000013,0.02700000000000001,-0.005125000000000046,1.0009027847918157,-0.0009027847918157139,
0.9,0.9,17,2,two-2g,baseline2_matched_0.500,0.5,0.029500000000000012,0.030000000000000013,-0.00491666666666668,1.000638433443936,-0.0006384334439359929,
0.9,0.9,17,2,two-2g,baseline2_matched_0.650,0.65,0.03924999999999999,0.034000000000000016,-0.006541666666666668,1.000867870462851,-0.0008678704628510836,
0.9,0.9,17,2,two-2g,baseline2_matched_0.800,0.8,0.042249999999999996,0.043,-0.007041666666666613,1.0008167459097235,-0.0008167459097234708,
0.9,0.9,17,2,two-2g,baseline2_matched_0.950,0.95,0.05825000000000001,0.05800000000000001,-0.009708333333333319,1.0006484089664998,-0.0006484089664997583,
0.9,0.9,17,2,two-g,baseline2_all_hdv_yield,1.0,0.03849999999999999,0.040499999999999994,-0.006416666666666626,1.0007020484101639,-0.000702048410163858,
0.9,0.9,17,2,two-g,baseline2_matched_0.050,0.05,-0.0002500000000000002,0.0,4.1666666666606567e-05,1.0002144801537245,-0.00021448015372449447,
0.9,0.9,17,2,two-g,baseline2_matched_0.200,0.2,0.0030000000000000027,0.0050000000000000044,-0.000500000000000056,1.0004189844863474,-0.0004189844863473624,
0.9,0.9,17,2,two-g,baseline2_matched_0.350,0.35,0.0165,0.019000000000000003,-0.002749999999999919,1.0003927979559524,-0.0003927979559523731,
0.9,0.9,17,2,two-g,baseline2_matched_0.500,0.5,0.011249999999999996,0.013499999999999998,-0.00187499999999996,1.0003616235150021,-0.00036162351500212964,
0.9,0.9,17,2,two-g,baseline2_matched_0.650,0.65,0.021250000000000005,0.023500000000000007,-0.003541666666666665,1.0000673367924477,-6.733679244774748e-05,
0.9,0.9,17,2,two-g,baseline2_matched_0.800,0.8,0.03274999999999999,0.03549999999999999,-0.005458333333333343,1.0005686218029044,-0.000568621802904401,
0.9,0.9,17,2,two-g,baseline2_matched_0.950,0.95,0.039749999999999994,0.042499999999999996,-0.006624999999999992,1.000516248742109,-0.0005162487421090933,
0.9,0.9,17,3,one,baseline2_all_hdv_yield,1.0,0.13,0.13,-0.021666666666666612,1.0014189172339814,-0.0014189172339813538,
0.9,0.9,17,3,one,baseline2_matched_0.050,0.05,-0.0015000000000000013,-0.0015000000000000013,0.00024999999999997247,1.0004251764295131,-0.00042517642951311885,
0.9,0.9,17,3,one,baseline2_matched_0.200,0.2,0.009499999999999995,0.009499999999999995,-0.00158333333333327,0.9999364105633234,6.358943667661432e-05,
0.9,0.9,17,3,one,baseline2_matched_0.350,0.35,0.010499999999999995,0.010499999999999995,-0.0017500000000000293,1.000423929577815,-0.0004239295778150076,
0.9,0.9,17,3,one,baseline2_matched_0.500,0.5,0.020000000000000004,0.020000000000000004,-0.0033333333333332993,1.0006271664048265,-0.000627166404826518,
0.9,0.9,17,3,one,baseline2_matched_0.650,0.65,0.030999999999999986,0.030999999999999986,-0.005166666666666653,1.0004002393955247,-0.000400239395524693,
0.9,0.9,17,3,one,baseline2_matched_0.800,0.8,0.05650000000000001,0.05650000000000001,-0.009416666666666629,1.001137128749905,-0.0011371287499049032,
0.9,0.9,17,3,one,baseline2_matched_0.950,0.95,0.106,0.106,-0.01766666666666661,1.0011234133812101,-0.0011234133812101366,
0.9,0.9,17,3,two-2g,baseline2_all_hdv_yield,1.0,0.10425,0.105,-0.01737500000000003,1.0014916419410809,-0.001491641941080868,
0.9,0.9,17,3,two-2g,baseline2_matched_0.050,0.05,-0.0007500000000000007,0.0005000000000000004,0.00012500000000004174,1.0000074831535501,-7.483153550147392e-06,
0.9,0.9,17,3,two-2g,baseline2_matched_0.200,0.2,0.005499999999999991,0.006500000000000006,-0.0009166666666666767,1.0004901465575629,-0.0004901465575628539,
0.9,0.9,17,3,two-2g,baseline2_matched_0.350,0.35,0.009749999999999995,0.008499999999999994,-0.0016250000000000986,1.0003991015226967,-0.00039910152269673205,
0.9,0.9,17,3,two-2g,baseline2_matched_0.500,0.5,0.018000000000000002,0.018000000000000002,-0.0030000000000000027,1.0008356188131489,-0.000835618813148864,
0.9,0.9,17,3,two-2g,baseline2_matched_0.650,0.65,0.019250000000000003,0.018000000000000002,-0.0032083333333333686,1.0007508097395756,-0.0007508097395756419,
0.9,0.9,17,3,two-2g,baseline2_matched_0.800,0.8,0.07925,0.0715,-0.013208333333333377,1.001003989768035,-0.0010039897680349519,
0.9,0.9,17,3,two-2g,baseline2_matched_0.950,0.95,0.12624999999999997,0.1265,-0.021041666666666736,1.0018458445424756,-0.0018458445424756054,
0.9,0.9,17,3,two-g,baseline2_all_hdv_yield,1.0,0.112,0.10099999999999999,-0.01866666666666672,1.0023522045993964,-0.0023522045993964458,
0.9,0.9,17,3,two-g,baseline2_matched_0.050,0.05,-0.008750000000000008,-0.008999999999999994,0.0014583333333333393,1.000209528299415,-0.00020952829941500717,
0.9,0.9,17,3,two-g,baseline2_matched_0.200,0.2,0.004750000000000004,0.0005000000000000004,-0.000791666666666635,1.0005437758246727,-0.0005437758246726876,
0.9,0.9,17,3,two-g,baseline2_matched_0.350,0.35,0.0072499999999999926,0.007499999999999993,-0.0012083333333333668,1.0004751802504586,-0.00047518025045856227,
0.9,0.9,17,3,two-g,baseline2_matched_0.500,0.5,0.017750000000000002,0.010999999999999996,-0.002958333333333285,1.0002993261420194,-0.0002993261420194404,
0.9,0.9,17,3,two-g,baseline2_matched_0.650,0.65,0.02850000000000001,0.02800000000000001,-0.004750000000000032,1.0005163375949904,-0.0005163375949903681,
0.9,0.9,17,3,two-g,baseline2_matched_0.800,0.8,0.040499999999999994,0.03949999999999999,-0.006750000000000034,1.0009615852312468,-0.0009615852312467865,
0.9,0.9,17,3,two-g,baseline2_matched_0.950,0.95,0.06749999999999999,0.062499999999999986,-0.011250000000000093,1.001176102299697,-0.0011761022996970016,
0.9,0.9,17,4,one,baseline2_all_hdv_yield,1.0,0.15600000000000003,0.15600000000000003,-0.026000000000000023,1.0015713015489796,-0.0015713015489795534,
0.9,0.9,17,4,one,baseline2_matched_0.050,0.05,0.000999999999999987,0.000999999999999987,-0.0001666666666666483,1.0003816018047513,-0.0003816018047513303,
0.9,0.9,17,4,one,baseline2_matched_0.200,0.2,0.0014999999999999875,0.0014999999999999875,-0.0002500000000000835,1.0005724027071243,-0.0005724027071243309,
0.9,0.9,17,4,one,baseline2_matched_0.350,0.35,0.005499999999999991,0.005499999999999991,-0.0009166666666666767,1.000768191868389,-0.0007681918683890565,
0.9,0.9,17,4,one,baseline2_matched_0.500,0.5,0.027499999999999983,0.027499999999999983,-0.004583333333333384,1.000536237830208,-0.0005362378302080639,
0.9,0.9,17,4,one,baseline2_matched_0.650,0.65,0.03299999999999999,0.03299999999999999,-0.00550000000000006,1.0011597701909147,-0.0011597701909147329,
0.9,0.9,17,4,one,baseline2_matched_0.800,0.8,0.044,0.044,-0.007333333333333414,1.0012757472100062,-0.0012757472100062284,
0.9,0.9,17,4,one,baseline2_matched_0.950,0.95,0.113,0.113,-0.01883333333333337,1.0018269498168706,-0.0018269498168705933,
0.9,0.9,17,4,two-2g,baseline2_all_hdv_yield,1.0,0.03924999999999999,0.033000000000000015,-0.006541666666666668,1.0007771025426075,-0.000777102542607544,
0.9,0.9,17,4,two-2g,baseline2_matched_0.050,0.05,0.0,0.0,0.0,1.0,0.0,
0.9,0.9,17,4,two-2g,baseline2_matched_0.200,0.2,0.0040000000000000036,0.004500000000000004,-0.0006666666666665932,1.0001733824292498,-0.00017338242924980207,
0.9,0.9,17,4,two-2g,baseline2_matched_0.350,0.35,0.007750000000000007,0.0050000000000000044,-0.00129166666666658,1.0003405280804698,-0.0003405280804698041,
0.9,0.9,17,4,two-2g,baseline2_matched_0.500,0.5,0.022000000000000006,0.014499999999999999,-0.003666666666666596,1.0004877160419887,-0.0004877160419887172,
0.9,0.9,17,4,two-2g,baseline2_matched_0.650,0.65,0.039999999999999994,0.03949999999999999,-0.006666666666666599,1.0009043328144325,-0.0009043328144324736,
0.9,0.9,17,4,two-2g,baseline2_matched_0.800,0.8,0.02875000000000001,0.024000000000000007,-0.0047916666666665275,1.0009891529956478,-0.000989152995647835,
0.9,0.9,17,4,two-2g,baseline2_matched_0.950,0.95,0.0725,0.073,-0.012083333333333224,1.0015504630184007,-0.0015504630184006718,
0.9,0.9,17,4,two-g,baseline2_all_hdv_yield,1.0,0.03924999999999999,0.033000000000000015,-0.006541666666666668,1.0007771025426075,-0.000777102542607544,
0.9,0.9,17,4,two-g,baseline2_matched_0.050,0.05,0.0002500000000000002,0.0005000000000000004,-4.1666666666606567e-05,1.000256955254858,-0.0002569552548579157,
0.9,0.9,17,4,two-g,baseline2_matched_0.200,0.2,-0.0007500000000000007,-0.00399999999999999,0.00012500000000004174,1.0001746297848566,-0.00017462978485660585,
0.9,0.9,17,4,two-g,baseline2_matched_0.350,0.35,0.009750000000000009,0.010000000000000009,-0.0016249999999999876,1.0005550732447213,-0.0005550732447212603,
0.9,0.9,17,4,two-g,baseline2_matched_0.500,0.5,0.029750000000000013,0.02550000000000001,-0.004958333333333176,1.000362980481378,-0.00036298048137806127,
0.9,0.9,17,4,two-g,baseline2_matched_0.650,0.65,0.020750000000000005,0.020500000000000004,-0.003458333333333341,1.0005850097792672,-0.0005850097792672315,
0.9,0.9,17,4,two-g,baseline2_matched_0.800,0.8,0.032000000000000015,0.033000000000000015,-0.005333333333333301,1.0009542270386775,-0.0009542270386775353,
0.9,0.9,17,4,two-g,baseline2_matched_0.950,0.95,0.08900000000000001,0.081,-0.014833333333333254,1.001297249830359,-0.0012972498303589486,
0.9,0.9,17,5,one,baseline2_all_hdv_yield,1.0,0.14100000000000001,0.14100000000000001,-0.023499999999999965,1.0013951052874401,-0.0013951052874401348,
0.9,0.9,17,5,one,baseline2_matched_0.050,0.05,0.004500000000000004,0.004500000000000004,-0.0007500000000000284,1.0002019723472455,-0.00020197234724550484,
0.9,0.9,17,5,one,baseline2_matched_0.200,0.2,0.013499999999999998,0.013499999999999998,-0.0022499999999999742,0.9998516375967826,0.00014836240321736138,
0.9,0.9,17,5,one,baseline2_matched_0.350,0.35,0.030500000000000013,0.030500000000000013,-0.005083333333333329,1.0001084666309277,-0.00010846663092767272,
0.9,0.9,17,5,one,baseline2_matched_0.500,0.5,0.02550000000000001,0.02550000000000001,-0.004249999999999976,0.9998715854829264,0.00012841451707357177,
0.9,0.9,17,5,one,baseline2_matched_0.650,0.65,0.022000000000000006,0.022000000000000006,-0.003666666666666707,1.0003565684648865,-0.0003565684648865197,
0.9,0.9,17,5,one,baseline2_matched_0.800,0.8,0.06849999999999999,0.06849999999999999,-0.01141666666666663,1.0011108479098363,-0.0011108479098362878,
0.9,0.9,17,5,one,baseline2_matched_0.950,0.95,0.06749999999999999,0.06749999999999999,-0.011249999999999982,1.000548566869057,-0.0005485668690570211,
0.9,0.9,17,5,two-2g,baseline2_all_hdv_yield,1.0,0.13924999999999998,0.139,-0.023208333333333386,1.001394273998539,-0.0013942739985390862,
0.9,0.9,17,5,two-2g,baseline2_matched_0.050,0.05,-0.005500000000000005,-0.009000000000000008,0.0009166666666666767,0.9998802770090733,0.00011972299092666283,
0.9,0.9,17,5,two-2g,baseline2_matched_0.200,0.2,-0.0020000000000000018,-0.0030000000000000027,0.00033333333333340764,1.0004639265898556,-0.0004639265898556122,
0.9,0.9,17,5,two-2g,baseline2_matched_0.350,0.35,0.00424999999999999,0.0030000000000000027,-0.0007083333333333108,1.0009453127825505,-0.0009453127825505003,
0.9,0.9,17,5,two-2g,baseline2_matched_0.500,0.5,0.019750000000000004,0.008499999999999994,-0.0032916666666665817,1.0006859129688723,-0.0006859129688723264,
0.9,0.9,17,5,two-2g,baseline2_matched_0.650,0.65,0.020250000000000004,0.013999999999999999,-0.003375000000000017,1.0006609706790919,-0.0006609706790918768,
0.9,0.9,17,5,two-2g,baseline2_matched_0.800,0.8,0.04925,0.049,-0.008208333333333262,1.0018095631233264,-0.0018095631233263632,
0.9,0.9,17,5,two-2g,baseline2_matched_0.950,0.95,0.1035,0.1025,-0.017249999999999988,1.0010525646285906,-0.001052564628590602,
0.9,0.9,17,5,two-g,baseline2_all_hdv_yield,1.0,0.061499999999999985,0.06449999999999999,-0.010249999999999981,1.0009029041337827,-0.0009029041337826893,
0.9,0.9,17,5,two-g,baseline2_matched_0.050,0.05,0.0010000000000000009,0.005500000000000005,-0.0001666666666666483,1.0002244789282895,-0.00022447892828947325,
0.9,0.9,17,5,two-g,baseline2_matched_0.200,0.2,0.011749999999999997,0.015,-0.001958333333333284,1.0005113131144348,-0.0005113131144347527,
0.9,0.9,17,5,two-g,baseline2_matched_0.350,0.35,0.010749999999999996,0.012499999999999997,-0.0017916666666666359,1.0004676644339359,-0.000467664433935866,
0.9,0.9,17,5,two-g,baseline2_matched_0.500,0.5,0.028999999999999984,0.02550000000000001,-0.004833333333333245,1.0002718689242627,-0.00027186892426267484,
0.9,0.9,17,5,two-g,baseline2_matched_0.650,0.65,0.043,0.041999999999999996,-0.0071666666666666545,1.0008417959810783,-0.0008417959810782527,
0.9,0.9,17,5,two-g,baseline2_matched_0.800,0.8,0.0455,0.047,-0.007583333333333275,1.000967753601954,-0.0009677536019538913,
0.9,0.9,17,5,two-g,baseline2_matched_0.950,0.95,0.11475,0.1135,-0.01912500000000006,1.0010026725463526,-0.0010026725463525565,
0.9,0.9,17,6,one,baseline2_all_hdv_yield,1.0,0.06150000000000001,0.06150000000000001,-0.010249999999999981,1.000679374078323,-0.0006793740783230806,
0.9,0.9,17,6,one,baseline2_matched_0.050,0.05,0.0030000000000000027,0.0030000000000000027,-0.000500000000000056,1.000443774627309,-0.0004437746273089349,
0.9,0.9,17,6,one,baseline2_matched_0.200,0.2,0.010499999999999995,0.010499999999999995,-0.0017500000000000293,1.0002829686528065,-0.0002829686528065256,
0.9,0.9,17,6,one,baseline2_matched_0.350,0.35,0.018500000000000003,0.018500000000000003,-0.003083333333333327,0.9999975068841146,2.493115885404684e-06,
0.9,0.9,17,6,one,baseline2_matched_0.500,0.5,0.012999999999999998,0.012999999999999998,-0.00216666666666665,1.0000934918456394,-9.349184563944846e-05,
0.9,0.9,17,6,one,baseline2_matched_0.650,0.65,0.03599999999999999,0.03599999999999999,-0.006000000000000005,1.000547238936485,-0.0005472389364848951,
0.9,0.9,17,6,one,baseline2_matched_0.800,0.8,0.02500000000000001,0.02500000000000001,-0.004166666666666652,1.0004325556058318,-0.00043255560583177477,
0.9,0.9,17,6,one,baseline2_matched_0.950,0.95,0.06549999999999999,0.06549999999999999,-0.010916666666666686,1.000570923537381,-0.000570923537380974,
0.9,0.9,17,6,two-2g,baseline2_all_hdv_yield,1.0,0.15025,0.14950000000000002,-0.02504166666666663,1.0012431808971585,-0.001243180897158469,
0.9,0.9,17,6,two-2g,baseline2_matched_0.050,0.05,0.0,-0.0025000000000000022,0.0,0.9997967517690673,0.0002032482309326511,
0.9,0.9,17,6,two-2g,baseline2_matched_0.200,0.2,0.008249999999999993,0.008999999999999994,-0.001374999999999904,1.0000822968297012,-8.229682970117835e-05,
0.9,0.9,17,6,two-2g,baseline2_matched_0.350,0.35,0.015,0.013499999999999998,-0.0024999999999999467,1.000591040867855,-0.0005910408678551082,
0.9,0.9,17,6,two-2g,baseline2_matched_0.500,0.5,0.0155,0.0165,-0.002583333333333271,1.000870351320174,-0.0008703513201739899,
0.9,0.9,17,6,two-2g,baseline2_matched_0.650,0.65,0.039999999999999994,0.03299999999999999,-0.006666666666666599,1.0007693506655415,-0.0007693506655415128,
0.9,0.9,17,6,two-2g,baseline2_matched_0.800,0.8,0.051250000000000004,0.051000000000000004,-0.00854166666666667,1.0005025094298428,-0.0005025094298427568,
0.9,0.9,17,6,two-2g,baseline2_matched_0.950,0.95,0.1025,0.103,-0.01708333333333334,1.0011671186757682,-0.0011671186757682417,
0.9,0.9,17,6,two-g,baseline2_all_hdv_yield,1.0,0.15025,0.14950000000000002,-0.02504166666666663,1.0012431808971585,-0.001243180897158469,
0.9,0.9,17,6,two-g,baseline2_matched_0.050,0.05,-0.0005000000000000004,-0.0015000000000000013,8.333333333343518e-05,0.9999226908569459,7.730914305414949e-05,
0.9,0.9,17,6,two-g,baseline2_matched_0.200,0.2,0.013749999999999998,0.014499999999999999,-0.002291666666666581,1.000312977337199,-0.00031297733719903853,
0.9,0.9,17,6,two-g,baseline2_matched_0.350,0.35,0.012249999999999997,0.012999999999999998,-0.0020416666666667194,1.000360360360359,-0.0003603603603590244,
0.9,0.9,17,6,two-g,baseline2_matched_0.500,0.5,0.01725,0.018000000000000002,-0.002874999999999961,1.0005149786464635,-0.0005149786464635486,
0.9,0.9,17,6,two-g,baseline2_matched_0.650,0.65,0.03749999999999999,0.03849999999999999,-0.006249999999999978,1.0007331899373404,-0.000733189937340395,
0.9,0.9,17,6,two-g,baseline2_matched_0.800,0.8,0.049,0.03299999999999999,-0.008166666666666655,1.0012743539387112,-0.0012743539387112257,
0.9,0.9,17,6,two-g,baseline2_matched_0.950,0.95,0.07375,0.041499999999999995,-0.01229166666666659,1.0008653636335283,-0.0008653636335282933,
0.9,0.9,17,7,one,baseline2_all_hdv_yield,1.0,0.06649999999999999,0.06649999999999999,-0.011083333333333334,0.9999825619921163,1.7438007883674445e-05,
0.9,0.9,17,7,one,baseline2_matched_0.050,0.05,0.011499999999999996,0.011499999999999996,-0.0019166666666665666,0.999278813816882,0.0007211861831180055,
0.9,0.9,17,7,one,baseline2_matched_0.200,0.2,0.018000000000000002,0.018000000000000002,-0.0030000000000000027,0.9995553307990084,0.0004446692009916209,
0.9,0.9,17,7,one,baseline2_matched_0.350,0.35,0.02600000000000001,0.02600000000000001,-0.0043333333333333,0.9993286366965433,0.0006713633034567401,
0.9,0.9,17,7,one,baseline2_matched_0.500,0.5,0.02700000000000001,0.02700000000000001,-0.0044999999999999485,0.9996761512821902,0.00032384871780977154,
0.9,0.9,17,7,one,baseline2_matched_0.650,0.65,0.029999999999999985,0.029999999999999985,-0.0050000000000000044,0.9997558678896485,0.0002441321103514582,
0.9,0.9,17,7,one,baseline2_matched_0.800,0.8,0.0725,0.0725,-0.012083333333333335,1.000485773076712,-0.0004857730767120483,
0.9,0.9,17,7,one,baseline2_matched_0.950,0.95,0.0825,0.0825,-0.013749999999999929,1.0008968118339294,-0.0008968118339294229,
0.9,0.9,17,7,two-2g,baseline2_all_hdv_yield,1.0,0.13924999999999998,0.14,-0.023208333333333275,1.0003451154330127,-0.0003451154330127437,
0.9,0.9,17,7,two-2g,baseline2_matched_0.050,0.05,0.0,0.0020000000000000018,1.1102230246251565e-16,0.9995938352665612,0.00040616473343879633,
0.9,0.9,17,7,two-2g,baseline2_matched_0.200,0.2,0.0040000000000000036,0.0040000000000000036,-0.0006666666666665932,0.9995514745274912,0.0004485254725088428,
0.9,0.9,17,7,two-2g,baseline2_matched_0.350,0.35,0.014499999999999999,0.014499999999999999,-0.0024166666666666226,0.9999401966036658,5.98033963341571e-05,
0.9,0.9,17,7,two-2g,baseline2_matched_0.500,0.5,0.018250000000000002,0.020500000000000004,-0.0030416666666666092,0.9995452450070395,0.0004547549929605488,
0.9,0.9,17,7,two-2g,baseline2_matched_0.650,0.65,0.0445,0.042499999999999996,-0.007416666666666627,1.0006042634837968,-0.0006042634837968297,
0.9,0.9,17,7,two-2g,baseline2_matched_0.800,0.8,0.053500000000000006,0.054000000000000006,-0.008916666666666573,1.0007238702764645,-0.0007238702764644778,
0.9,0.9,17,7,two-2g,baseline2_matched_0.950,0.95,0.10325,0.1045,-0.01720833333333327,1.0007961327137012,-0.0007961327137011587,
0.9,0.9,17,7,two-g,baseline2_all_hdv_yield,1.0,0.13924999999999998,0.14,-0.023208333333333275,1.0003451154330127,-0.0003451154330127437,
0.9,0.9,17,7,two-g,baseline2_matched_0.050,0.05,0.0020000000000000018,0.003500000000000003,-0.0003333333333332966,0.9997184256755903,0.00028157432440967245,
0.9,0.9,17,7,two-g,baseline2_matched_0.200,0.2,0.009499999999999995,0.007500000000000007,-0.00158333333333327,0.9995589499520313,0.00044105004796868297,
0.9,0.9,17,7,two-g,baseline2_matched_0.350,0.35,0.015,0.014499999999999999,-0.0024999999999999467,1.0000859673822293,-8.596738222932387e-05,
0.9,0.9,17,7,two-g,baseline2_matched_0.500,0.5,0.024250000000000008,0.02650000000000001,-0.00404166666666661,1.0001681970521905,-0.00016819705219051073,
0.9,0.9,17,7,two-g,baseline2_matched_0.650,0.65,0.030750000000000013,0.029500000000000012,-0.005124999999999935,1.0003152137348466,-0.00031521373484655335,
0.9,0.9,17,7,two-g,baseline2_matched_0.800,0.8,0.04775,0.048,-0.00795833333333329,1.0007039358110228,-0.0007039358110227933,
0.9,0.9,17,7,two-g,baseline2_matched_0.950,0.95,0.1115,0.1125,-0.018583333333333285,1.0003874761720846,-0.00038747617208456653,
0.9,0.9,17,8,one,baseline2_all_hdv_yield,1.0,0.08650000000000001,0.08650000000000001,-0.014416666666666633,1.0009663522385082,-0.0009663522385081613,
0.9,0.9,17,8,one,baseline2_matched_0.050,0.05,-0.0015000000000000013,-0.0015000000000000013,0.00024999999999997247,1.0007244524523515,-0.0007244524523515317,
0.9,0.9,17,8,one,baseline2_matched_0.200,0.2,0.013999999999999999,0.013999999999999999,-0.0023333333333332984,1.0005486386902473,-0.0005486386902473495,
0.9,0.9,17,8,one,baseline2_matched_0.350,0.35,0.008999999999999994,0.008999999999999994,-0.0015000000000000568,1.0007468967624096,-0.0007468967624095768,
0.9,0.9,17,8,one,baseline2_matched_0.500,0.5,0.009999999999999995,0.009999999999999995,-0.0016666666666667052,1.0002867884062692,-0.00028678840626916724,
0.9,0.9,17,8,one,baseline2_matched_0.650,0.65,0.023000000000000007,0.023000000000000007,-0.0038333333333333552,1.0001970111660436,-0.000197011166043648,
0.9,0.9,17,8,one,baseline2_matched_0.800,0.8,0.031499999999999986,0.031499999999999986,-0.005249999999999977,1.0002144678516423,-0.00021446785164225268,
0.9,0.9,17,8,one,baseline2_matched_0.950,0.95,0.09699999999999999,0.09699999999999999,-0.016166666666666663,1.0013616214767114,-0.0013616214767113721,
0.9,0.9,17,8,two-2g,baseline2_all_hdv_yield,1.0,0.08775000000000001,0.0805,-0.01462500000000011,1.0019681282950246,-0.0019681282950245738,
0.9,0.9,17,8,two-2g,baseline2_matched_0.050,0.05,0.006500000000000006,0.005500000000000005,-0.001083333333333325,1.0002581765253933,-0.0002581765253932833,
0.9,0.9,17,8,two-2g,baseline2_matched_0.200,0.2,0.012749999999999997,0.009499999999999995,-0.0021250000000001545,1.000268154362127,-0.0002681543621270155,
0.9,0.9,17,8,two-2g,baseline2_matched_0.350,0.35,0.01725,0.015,-0.002875000000000072,0.9999812915561311,1.87084438688645e-05,
0.9,0.9,17,8,two-2g,baseline2_matched_0.500,0.5,0.031249999999999986,0.031000000000000014,-0.00520833333333337,1.001045178397485,-0.0010451783974849693,
0.9,0.9,17,8,two-2g,baseline2_matched_0.650,0.65,0.031249999999999986,0.029500000000000012,-0.005208333333333481,1.0012996132341048,-0.0012996132341047684,
0.9,0.9,17,8,two-2g,baseline2_matched_0.800,0.8,0.0465,0.03299999999999999,-0.007750000000000146,1.001131237239284,-0.0011312372392839887,
0.9,0.9,17,8,two-2g,baseline2_matched_0.950,0.95,0.0835,0.06699999999999999,-0.0139166666666668,1.002594237549842,-0.0025942375498420045,
0.9,0.9,17,8,two-g,baseline2_all_hdv_yield,1.0,0.08775000000000001,0.0805,-0.01462500000000011,1.0019681282950246,-0.0019681282950245738,
0.9,0.9,17,8,two-g,baseline2_matched_0.050,0.05,-0.003500000000000003,-0.008499999999999994,0.0005833333333332691,0.9998677936633257,0.00013220633667432313,
0.9,0.9,17,8,two-g,baseline2_matched_0.200,0.2,0.013249999999999998,0.010999999999999996,-0.0022083333333333677,1.0002469514590704,-0.00024695145907038807,
0.9,0.9,17,8,two-g,baseline2_matched_0.350,0.35,0.01475,0.012999999999999998,-0.002458333333333451,1.0007695406578128,-0.0007695406578127617,
0.9,0.9,17,8,two-g,baseline2_matched_0.500,0.5,0.024500000000000008,0.023500000000000007,-0.004083333333333439,1.0005899395966695,-0.0005899395966695309,
0.9,0.9,17,8,two-g,baseline2_matched_0.650,0.65,0.03599999999999999,0.03449999999999999,-0.006000000000000005,1.0009241971271314,-0.000924197127131432,
0.9,0.9,17,8,two-g,baseline2_matched_0.800,0.8,0.0475,0.046,-0.007916666666666794,1.0016301290757896,-0.0016301290757896325,
0.9,0.9,17,8,two-g,baseline2_matched_0.950,0.95,0.05550000000000001,0.053500000000000006,-0.009250000000000091,1.0006460649282791,-0.000646064928279122,
0.9,0.9,17,9,one,baseline2_all_hdv_yield,1.0,0.12449999999999999,0.12449999999999999,-0.020750000000000046,1.0006767763509676,-0.0006767763509676339,
0.9,0.9,17,9,one,baseline2_matched_0.050,0.05,0.00399999999999999,0.00399999999999999,-0.0006666666666667043,1.000014956383447,-1.4956383447062294e-05,
0.9,0.9,17,9,one,baseline2_matched_0.200,0.2,0.006999999999999992,0.006999999999999992,-0.0011666666666666492,1.0001557956609017,-0.00015579566090173635,
0.9,0.9,17,9,one,baseline2_matched_0.350,0.35,0.0175,0.0175,-0.0029166666666666785,1.0002604903450292,-0.000260490345029174,
0.9,0.9,17,9,one,baseline2_matched_0.500,0.5,0.027499999999999983,0.027499999999999983,-0.004583333333333273,1.0002393021351468,-0.00023930213514677945,
0.9,0.9,17,9,one,baseline2_matched_0.650,0.65,0.03199999999999999,0.03199999999999999,-0.005333333333333301,1.0000348982280405,-3.4898228040480817e-05,
0.9,0.9,17,9,one,baseline2_matched_0.800,0.8,0.060999999999999985,0.060999999999999985,-0.010166666666666657,0.999988782712415,1.1217287585019164e-05,
0.9,0.9,17,9,one,baseline2_matched_0.950,0.95,0.1255,0.1255,-0.020916666666666694,1.0008325720118696,-0.0008325720118695923,
0.9,0.9,17,9,two-2g,baseline2_all_hdv_yield,1.0,0.06999999999999999,0.06599999999999999,-0.011666666666666714,1.0003415973290573,-0.0003415973290572527,
0.9,0.9,17,9,two-2g,baseline2_matched_0.050,0.05,0.008249999999999993,0.007999999999999993,-0.0013750000000001261,0.9996559092597804,0.0003440907402195714,
0.9,0.9,17,9,two-2g,baseline2_matched_0.200,0.2,0.0012500000000000011,0.0015000000000000013,-0.0002083333333333659,1.0000174538781275,-1.7453878127460243e-05,
0.9,0.9,17,9,two-2g,baseline2_matched_0.350,0.35,0.008999999999999994,0.008999999999999994,-0.0015000000000000568,1.0002555746439994,-0.00025557464399939,
0.9,0.9,17,9,two-2g,baseline2_matched_0.500,0.5,0.023000000000000007,0.023000000000000007,-0.0038333333333333552,1.0003715182629893,-0.0003715182629893121,
0.9,0.9,17,9,two-2g,baseline2_matched_0.650,0.65,0.02700000000000001,0.02600000000000001,-0.0044999999999999485,1.0007779442822324,-0.0007779442822324345,
0.9,0.9,17,9,two-2g,baseline2_matched_0.800,0.8,0.03649999999999999,0.023500000000000007,-0.0060833333333334405,1.0007492700538818,-0.000749270053881812,
0.9,0.9,17,9,two-2g,baseline2_matched_0.950,0.95,0.079,0.029000000000000012,-0.013166666666666771,1.001952340939069,-0.0019523409390689306,
0.9,0.9,17,9,two-g,baseline2_all_hdv_yield,1.0,0.06999999999999999,0.06599999999999999,-0.011666666666666714,1.0003415973290573,-0.0003415973290572527,
0.9,0.9,17,9,two-g,baseline2_matched_0.050,0.05,0.0017500000000000016,0.0030000000000000027,-0.0002916666666668011,1.0001146969134034,-0.00011469691340337818,
0.9,0.9,17,9,two-g,baseline2_matched_0.200,0.2,0.0040000000000000036,0.0030000000000000027,-0.0006666666666668153,0.9998204743964065,0.0001795256035934667,
0.9,0.9,17,9,two-g,baseline2_matched_0.350,0.35,0.013999999999999999,0.012999999999999998,-0.0023333333333332984,0.9999513784823598,4.862151764017941e-05,
0.9,0.9,17,9,two-g,baseline2_matched_0.500,0.5,0.018500000000000003,0.020000000000000004,-0.003083333333333438,1.000104723268759,-0.0001047232687589883,
0.9,0.9,17,9,two-g,baseline2_matched_0.650,0.65,0.02675000000000001,0.02700000000000001,-0.004458333333333453,1.0001296573803709,-0.00012965738037085117,
0.9,0.9,17,9,two-g,baseline2_matched_0.800,0.8,0.05575000000000001,0.05600000000000001,-0.009291666666666698,1.0010833871494553,-0.0010833871494553282,
0.9,0.9,17,9,two-g,baseline2_matched_0.950,0.95,0.078,0.08,-0.013000000000000012,1.0011482158396432,-0.0011482158396431963,
