requested_density,effective_density_mean,priority_scenario,mode,runs,controller_fraction,flow_all_mean,flow_all_std,flow_all_sem,flow_background_mean,flow_background_std,flow_background_sem,mean_speed_all_mean,mean_speed_all_std,mean_speed_all_sem,mean_speed_background_mean,mean_speed_background_std,mean_speed_background_sem,mean_speed_priority_mean,mean_speed_priority_std,mean_speed_priority_sem,worst_priority_mean_speed_mean,worst_priority_mean_speed_std,worst_priority_mean_speed_sem,mean_priority_time_loss_mean,mean_priority_time_loss_std,mean_priority_time_loss_sem,stopped_fraction_all_mean,stopped_fraction_all_std,stopped_fraction_all_sem,stopped_fraction_priority_mean,stopped_fraction_priority_std,stopped_fraction_priority_sem,lane_change_rate_all_mean,lane_change_rate_all_std,lane_change_rate_all_sem,lane_change_rate_priority_mean,lane_change_rate_priority_std,lane_change_rate_priority_sem,rule_requests_mean,rule_requests_std,rule_requests_sem,rule_applied_mean,rule_applied_std,rule_applied_sem
0.05,0.05,one,baseline1_hdv,10,0.0,0.24970982500000088,0.0006277751892155702,0.00019851994564643749,0.24836976249999113,0.0006398882320178933,0.00020235042611148246,4.994196499999982,0.012555503784312257,0.003970398912929019,4.992357035175872,0.012862075015512625,0.004067345248496543,5.36025,0.10021650174608082,0.03169124046518568,5.36025,0.10021650174608082,0.03169124046518568,0.10662500000000001,0.01670275029101348,0.005281873410864282,1.1e-05,7.3786478737262175e-06,2.3333333333333327e-06,0.00205,0.0014615440845595837,0.0004621808207954016,0.00015475,4.162414496952994e-05,1.3162710376075453e-05,0.0304,0.0081574778237176,0.0025796209885261137,0.0,0.0,0.0,0.0,0.0,0.0
0.05,0.05,one,baseline2_all_hdv_yield,10,1.0,0.24427466250000088,0.0021774822840607416,0.00068858035822977,0.24280266250000015,0.0022297282898812425,0.0007051019959336897,4.885493249999998,0.04354964568117802,0.01377160716458376,4.880455527638182,0.04481865909310393,0.014172904440882495,5.888,0.22974273051006902,0.07265103042780756,5.888,0.22974273051006902,0.07265103042780756,0.01866666666666663,0.038290455085011506,0.01210850507130126,5.5e-06,8.06225774829855e-06,2.5495097567963924e-06,0.00075,0.0014766704288891124,0.0004669641908707299,0.00025825,9.015457405047301e-05,2.8509379548180666e-05,0.0002,0.00048304589153964797,0.00015275252316519465,70.1,14.533103973725334,4.595771002901592,70.1,14.533103973725334,4.595771002901592
0.05,0.05,one,baseline2_matched_0.050,10,0.05,0.249556950000001,0.0009508630294081298,0.00030068929157773573,0.24821101249999167,0.0009519910940878993,0.0003010460169513417,4.9911389999999916,0.01901726058815292,0.006013785831551655,4.989166080402003,0.0191354993787215,0.006051176220149689,5.38375,0.09906205967304874,0.03132617382743489,5.38375,0.09906205967304874,0.03132617382743489,0.10270833333333332,0.016510343278841457,0.005221028971239149,1.225e-05,8.287373260301213e-06,2.620697532252731e-06,0.0023,0.001735255344642716,0.0005487359211051443,0.0001805,6.0343921722812226e-05,1.9082423559099847e-05,0.03005,0.008213978600193968,0.002597488102849452,8.9,6.100091074001364,1.9290181728307048,8.9,6.100091074001364,1.9290181728307048
0.05,0.05,one,baseline2_matched_0.200,10,0.2,0.24951817500000167,0.0009009808085427386,0.0002849151483095146,0.248185249999992,0.0008905874387764577,0.00028162847620693664,4.990363499999984,0.018019616170842107,0.005698302966186286,4.988648241206034,0.017901255050832763,0.005660873893622481,5.3317,0.11834112650394286,0.03742275006225786,5.3317,0.11834112650394286,0.03742275006225786,0.11138333333333332,0.019723521083990486,0.006237125010376312,1.625e-05,7.927623996016852e-06,2.5069348260818865e-06,0.0031,0.001449137674618944,0.000458257569495584,0.00014324999999999999,5.46205343966697e-05,1.7272529570904713e-05,0.01905,0.007484984969924789,0.002366960075708925,17.2,7.29992389610254,2.308438625757438,17.2,7.29992389610254,2.308438625757438
0.05,0.05,one,baseline2_matched_0.350,10,0.35,0.24972092500000254,0.00016022716295916432,5.0668277797792375e-05,0.2483454499999922,0.0001595478224194345,5.045345145654894e-05,4.99441849999998,0.003204543259186408,0.0010133655559568346,4.991868341708537,0.003206991405426773,0.0010141397277733078,5.5019,0.08464757002484549,0.026767911967710743,5.5019,0.08464757002484549,0.026767911967710743,0.08301666666666667,0.014107928337474254,0.004461318661285125,1.0500000000000001e-05,5.244044240850758e-06,1.6583123951777e-06,0.0019,0.0010488088481701515,0.00033166247903553995,0.0002535,4.5478932851742833e-05,1.4381701336536416e-05,0.02395,0.002832843094843059,0.0008958236433584459,48.5,11.918706119187416,3.7690258098818523,48.5,11.918706119187416,3.7690258098818523
0.05,0.05,one,baseline2_matched_0.500,10,0.5,0.24936835000000235,0.0008012045332918399,0.0002533631196854418,0.24801196249999383,0.0007964392960256154,0.00025185621935020343,4.98736699999998,0.016024090665816455,0.005067262393702403,4.985165075376869,0.01600883007091806,0.005062436569869595,5.425549999999999,0.18032724111705614,0.057024480610426344,5.425549999999999,0.18032724111705614,0.057024480610426344,0.09574166666666667,0.03005454018617603,0.009504080101737726,1.55e-05,9.189365834726814e-06,2.9059326290271153e-06,0.00295,0.001862644476126468,0.0005890199015690763,0.00021124999999999998,6.829521294432803e-05,2.1596842619029084e-05,0.01585,0.005270726283497897,0.0016667499979167706,48.3,17.776701356300926,5.621486557051535,48.3,17.776701356300926,5.621486557051535
0.05,0.05,one,baseline2_matched_0.650,10,0.65,0.24904267500000202,0.0005632003454971462,0.00017809958707647384,0.24763174999999732,0.0005849810004009056,0.00018498723491907333,4.9808534999999665,0.011264006909907483,0.0035619917415182687,4.9775226130653145,0.011758412068410296,0.003718336380298814,5.6437,0.13206000319719988,0.041761039791226987,5.6437,0.13206000319719988,0.041761039791226987,0.05938333333333336,0.022010000532866652,0.006960173298537833,8.25e-06,6.876893678592586e-06,2.1746647251166482e-06,0.0014500000000000001,0.0013834337312964755,0.0004374801582802229,0.000303,6.409411482777148e-05,2.026833874681286e-05,0.015,0.0024152294576982396,0.0007637626158259732,82.2,17.376868404737245,5.4950482759986325,82.2,17.376868404737245,5.4950482759986325
0.05,0.05,one,baseline2_matched_0.800,10,0.8,0.24861817500000072,0.0008347431599332478,0.000263968964663527,0.2471997875000001,0.0008436492615782704,0.0002667853212906514,4.972363499999966,0.016694863198650305,0.005279379293265907,4.968839949748725,0.01695777410208805,0.005362519020921494,5.6735500000000005,0.11087591913686422,0.03506204421371414,5.6735500000000005,0.11087591913686422,0.03506204421371414,0.05440833333333332,0.01847931985614403,0.005843674035619022,1.1e-05,5.552777082985894e-06,1.7559422921421231e-06,0.0017500000000000003,0.0012304019216861166,0.000389087250997625,0.000303,6.998809422561335e-05,2.2132178684741663e-05,0.008,0.002260776661041756,0.0007149203529842405,90.4,18.780604652436278,5.938948653685356,90.4,18.780604652436278,5.938948653685356
0.05,0.05,one,baseline2_matched_0.950,10,0.95,0.2461949875000012,0.0017255451105800887,0.000545665275480019,0.24474101250000008,0.0017767204831294953,0.0005618483492163972,4.923899749999991,0.03451090221157821,0.010913305509592928,4.919417336683411,0.0357129745352753,0.011293434155106327,5.8159,0.24125180482917288,0.07629051928865953,5.8159,0.24125180482917288,0.07629051928865953,0.03068333333333333,0.04020863413819548,0.012715086548109922,6.75e-06,8.901466795484389e-06,2.8148909590090894e-06,0.001,0.0015811388300841897,0.0005,0.00029575,7.171558408044936e-05,2.2678458942353205e-05,0.0023,0.0009775252199076788,0.00030912061651652346,91.3,25.311613496136072,8.004234990164754,91.3,25.311613496136072,8.004234990164754
0.05,0.05,two-2g,baseline1_hdv,10,0.0,0.24961587499999963,0.0011255470182434466,0.0003559292191260382,0.24692557500000398,0.001135881475503171,0.00035919726145827735,4.9923174999999835,0.022510940364864482,0.007118584382519357,4.988395454545449,0.022947100515196325,0.007256510332484364,5.380599999999999,0.12690100034628943,0.04012961984480908,5.34295,0.12270820175431539,0.038803740512710586,0.10323333333333333,0.021150166724381525,0.006688269974134832,2.4000000000000004e-05,1.955050439815358e-05,6.182412330330471e-06,0.00235,0.001955050439815357,0.0006182412330330468,0.00031375,0.0001051206317628572,3.3242062544646984e-05,0.0306,0.010234201917535577,0.0032363388093475144,0.0,0.0,0.0,0.0,0.0,0.0
0.05,0.05,two-2g,baseline2_all_hdv_yield,10,1.0,0.2438794500000001,0.001212508233362464,0.0003834287699132348,0.2409024250000001,0.001231180236603172,0.000389333375785103,4.877588999999999,0.02425016466724415,0.007668575398263073,4.866715656565657,0.024872328012178025,0.007865320722929076,5.9540500000000005,0.0463631199218614,0.014661305838460984,5.94835,0.04958497196171876,0.015680144911461868,0.007658333333333328,0.00772718665364354,0.0024435509730768223,2.75e-06,3.987828704668467e-06,1.2610621625351296e-06,0.00022500000000000002,0.00039878287046684664,0.00012610621625351297,0.000348,0.00030923920981804504,9.77900244855726e-05,0.00030000000000000003,0.00034960294939005053,0.00011055415967851333,111.7,112.89134402404622,35.69937752336244,111.7,112.89134402404622,35.69937752336244
0.05,0.05,two-2g,baseline2_matched_0.050,10,0.05,0.2496820500000001,0.0008048723440880064,0.00025452298329968595,0.24699487500000433,0.0008157417445195708,0.00025796018951610203,4.993640999999995,0.016097446881754685,0.005090459665991997,4.98979545454545,0.016479631202395827,0.005211316959915009,5.37435,0.1377179686492974,0.04355024556634424,5.33905,0.13175280937337838,0.041663896574585746,0.104275,0.02295299477488291,0.007258374261057376,2.5750000000000002e-05,2.1345374206136567e-05,6.7500000000000014e-06,0.0025,0.002192157739660984,0.0006932211447695139,0.00031675000000000003,0.00011696420392581654,3.6987328911398826e-05,0.027899999999999998,0.010974212196478312,0.003470350606687072,11.5,6.867799259345505,2.171788817234923,11.5,6.867799259345505,2.171788817234923
0.05,0.05,two-2g,baseline2_matched_0.200,10,0.2,0.24960602500000104,0.0006539423336149807,0.00020679472326290307,0.2468860125000047,0.0006394640373282687,0.00020221628397242627,4.992120499999985,0.013078846672306875,0.004135894465260357,4.987596212121198,0.012918465400575053,0.004085177453989664,5.440025,0.08295283549503693,0.026231989853357784,5.37695,0.08958684489241575,0.0283298478248256,0.09332916666666669,0.013825472582506158,0.004371998308892965,2.05e-05,1.0979779394667069e-05,3.4721111093332763e-06,0.00195,0.001165475582469806,0.0003685557397915997,0.0004125,7.649437161575282e-05,2.418964424891133e-05,0.025525,0.004780530537735558,0.0015117364923233885,56.8,13.298287274850264,4.2052876767760425,56.8,13.298287274850264,4.2052876767760425
0.05,0.05,two-2g,baseline2_matched_0.350,10,0.35,0.24966001250000178,0.00020790422850186884,6.574508972460019e-05,0.24691822500000554,0.00024536579693493676,7.759147782167614e-05,4.993200249999979,0.004158084570050223,0.0013149017944960662,4.988246969696954,0.004956884786568192,0.0015675046024593096,5.483575,0.1500555013060908,0.0474517159565618,5.44835,0.16500926741651006,0.052180512007197984,0.08607083333333332,0.025009250217681803,0.007908619326093633,2.15e-05,1.5284342024147168e-05,4.833333333333333e-06,0.00205,0.0015581327856693658,0.000492724849969816,0.00044425000000000004,0.0001456739605343995,4.606615110661817e-05,0.020874999999999998,0.0064606178755079865,0.00204302675786034,87.5,32.20852199168551,10.185228956134903,87.5,32.20852199168551,10.185228956134903
0.05,0.05,two-2g,baseline2_matched_0.500,10,0.5,0.24946938750000255,0.0002786209557431107,8.810768240012016e-05,0.2467077125000045,0.0002960047393711861,9.360491746174653e-05,4.989387749999972,0.005572419114863245,0.0017621536480027294,4.983994191919171,0.00597989372464066,0.001891008433561224,5.52335,0.11841629720796207,0.03744652112605976,5.46195,0.15651898180944915,0.049495647956832194,0.07944166666666667,0.019736049534660374,0.006241086854343303,2.375e-05,1.70884138786749e-05,5.403830945624492e-06,0.002175,0.0016031652718571747,0.000506965372475171,0.0005102500000000001,0.00016387855428809335,5.1822949120592855e-05,0.017300000000000003,0.005140795442125448,0.0016256622582128731,120.0,41.128524840499146,13.00598152987907,120.0,41.128524840499146,13.00598152987907
0.05,0.05,two-2g,baseline2_matched_0.650,10,0.65,0.24869665000000046,0.0008599911171220362,0.0002719530697618263,0.24590428750000073,0.000895343344776432,0.00028313242573669455,4.97393299999998,0.017199822342409167,0.005439061395226547,4.967763383838354,0.0180877443389077,0.005719846984576489,5.584725000000001,0.14043110459897726,0.04440821448661147,5.53655,0.20043334303453605,0.06338258830309787,0.0692125,0.02340518409982954,0.0074013690811019104,1.975e-05,1.3460332668829385e-05,4.256530929707378e-06,0.00155,0.0013059692016106489,0.0004129837231121289,0.0005255,0.0001229769626122443,3.8888730158406215e-05,0.0115,0.0021634591642911948,0.0006841458583924596,148.2,36.550725786987535,11.558354361913098,148.2,36.550725786987535,11.558354361913098
0.05,0.05,two-2g,baseline2_matched_0.800,10,0.8,0.2482819125000005,0.0008799635725774031,0.0002782689147323478,0.245417162500001,0.0009225811900629558,0.0002917457887027643,4.965638249999978,0.017599271451522295,0.0055653782946388074,4.957922474747462,0.018638003839632412,0.005893854317220205,5.7295,0.16396235170848758,0.0518494481916421,5.70645,0.1585103308936047,0.05012536782907438,0.045083333333333336,0.027327058618081296,0.008641574698607025,1.225e-05,1.3094209916345979e-05,4.140752749601615e-06,0.001,0.0013228756555322952,0.0004183300132670377,0.0006137499999999999,0.00010105863259624197,3.1957545622626e-05,0.008575,0.002245520231730525,0.0007100958464257561,185.3,33.11277027908652,10.471177371984277,185.3,33.11277027908652,10.471177371984277
0.05,0.05,two-2g,baseline2_matched_0.950,10,0.95,0.24663375000000057,0.0011320640640607932,0.00035799008996588715,0.2436929125000007,0.0011431788586887164,0.0003615048966408112,4.932674999999997,0.0226412812812234,0.007159801799320126,4.923089141414152,0.02309452239773706,0.007303129225062218,5.8816749999999995,0.06021651328516296,0.019042133473490326,5.869,0.06015258376273904,0.019021917183431686,0.019720833333333337,0.01003608554752719,0.003173688912248397,4.75e-06,6.174544517614235e-06,1.9525624189766637e-06,0.00032500000000000004,0.0004571955574781734,0.0001445779297741456,0.0005887500000000001,0.00020837749531932558,6.589474983301442e-05,0.003125,0.000987772465927475,0.00031236108023318857,189.5,67.53640993321059,21.356888037976567,189.5,67.53640993321059,21.356888037976567
0.05,0.05,two-g,baseline1_hdv,10,0.0,0.2497829249999996,0.0006160967050709771,0.00019482688469492975,0.24709867500000385,0.0006191478019799172,0.00019579172625434473,4.995658499999999,0.012321934101432928,0.003896537693902828,4.991892424242417,0.012508036403606175,0.003955388409169664,5.3685,0.09019985525980016,0.02852369872384873,5.33835,0.09484843172135217,0.02999370767344378,0.10525,0.015033309209966678,0.004753949787308117,2.1249999999999998e-05,8.18620112682854e-06,2.58870409450151e-06,0.00205,0.0008482007099999649,0.0002682246156571847,0.00032074999999999996,8.127499615502913e-05,2.5701410467131953e-05,0.031525,0.00817044980401936,0.0025837230888777533,0.0,0.0,0.0,0.0,0.0,0.0
0.05,0.05,two-g,baseline2_all_hdv_yield,10,1.0,0.2437402125000001,0.0013139898317532967,0.0004155200690641857,0.24076376249999973,0.001324387310453702,0.00041880804052582256,4.874804249999993,0.026279796635062455,0.008310401381282615,4.8639143939393925,0.026755299201083223,0.008460768495470635,5.9529000000000005,0.04183054439574554,0.01322797960553477,5.9464500000000005,0.04938592354552486,0.015617200275479682,0.00784999999999999,0.006971757399290912,0.002204663267589125,4.5e-06,5.3748384988657e-06,1.699673171197595e-06,0.0002,0.00040483192671637066,0.00012801909579781014,0.00045275000000000003,0.0003064955364909722,9.692239879867237e-05,0.0005,0.0006346477588219923,0.00020069324297987157,142.1,112.09663489844624,35.44806843194076,142.1,112.09663489844624,35.44806843194076
0.05,0.05,two-g,baseline2_matched_0.050,10,0.05,0.24972022499999968,0.0007922440916116732,0.0002505295792303985,0.24702645000000417,0.0007981051174335287,0.00025238299833261086,4.99440449999999,0.0158448818322415,0.005010591584610511,4.990433333333324,0.01612333570572051,0.005098646430959513,5.38755,0.12342698021277375,0.0390310382188899,5.35665,0.12667851918230738,0.040059265123342215,0.102075,0.02057116336879561,0.0065051730364816445,1.65e-05,1.0082988974836115e-05,3.1885210782848314e-06,0.0016,0.0010287532908007308,0.0003253203549323855,0.0003375,0.00011366373407751676,3.594362870446506e-05,0.029199999999999997,0.00941541289588513,0.002977414986191881,16.0,7.972173828734265,2.521022720158538,16.0,7.972173828734265,2.521022720158538
0.05,0.05,two-g,baseline2_matched_0.200,10,0.2,0.24967886250000104,0.0005652227389432405,0.00017873912403793931,0.2469422125000052,0.0005726160030776607,0.00018107707943873944,4.993577249999986,0.011304454778852046,0.0035747824807547497,4.9887315656565505,0.011568000062156896,0.0036581228169385175,5.4733,0.13147342359241684,0.041575547033215414,5.43755,0.13978245995514274,0.04420309503995289,0.08778333333333331,0.021912237265402833,0.0069292578388692435,1.55e-05,1.206464071390257e-05,3.815174380753199e-06,0.001475,0.001249722191351164,0.00039519685671264587,0.000441,0.00010620472891752252,3.3584884166012014e-05,0.027125,0.006150033875245458,0.0019448114732967476,66.5,25.557125555638425,8.081872720271377,63.7,21.61301048494222,6.834634022551772
0.05,0.05,two-g,baseline2_matched_0.350,10,0.35,0.24941098750000168,0.0009851699029477154,0.0003115380775561811,0.24667691250000473,0.0010093906423810077,0.00031919734787844704,4.988219749999975,0.019703398058940877,0.006230761551119374,4.983371969696949,0.020391730149086344,0.006448431270263776,5.46815,0.11299423534951794,0.035731914617358876,5.4575499999999995,0.11121461984229701,0.03516915078114148,0.08864166666666666,0.01883237255825296,0.0059553191028931364,1.55e-05,1.284523257866513e-05,4.06201920231798e-06,0.001375,0.001286953767623375,0.0004069705149024926,0.00047975,0.00010169705829898258,3.215943355637139e-05,0.021875,0.004958508400270747,0.0015680180341933428,96.7,20.160742931637106,6.375386698511358,96.7,20.160742931637106,6.375386698511358
0.05,0.05,two-g,baseline2_matched_0.500,10,0.5,0.24934122500000186,0.00045829252015224697,0.00014492481982997173,0.24655123750000332,0.0004921839279421373,0.0001556422240025344,4.986824499999979,0.009165850403054718,0.002898496396602527,4.980833080808052,0.009943109655383071,0.00314428735358224,5.579975,0.13039845186964452,0.041235611126791846,5.55535,0.12711959591922356,0.040198745834499214,0.07000416666666667,0.021733075311607414,0.0068726018544653066,1.4750000000000001e-05,1.4115102235234118e-05,4.46358724694736e-06,0.001225,0.0013816757136816793,0.0004369242242972776,0.000557,0.0001372487603667961,4.340186887937226e-05,0.018349999999999998,0.0038643671323171833,0.0012220201853215572,138.1,36.876520684275214,11.661379754462066,138.1,36.876520684275214,11.661379754462066
0.05,0.05,two-g,baseline2_matched_0.650,10,0.65,0.24893005000000096,0.0006013538233307049,0.00019016477613755303,0.2461000375000016,0.0006072177643724915,0.00019201911711325164,4.978600999999967,0.012027076466582584,0.003803295522741095,4.971717929292899,0.012267025542844923,0.003879174083085338,5.660025,0.09324329362241321,0.0294861184382678,5.6325,0.08760929681768313,0.027704492214962004,0.05666250000000002,0.015540548937068863,0.004914353073044632,1.375e-05,1.276116069259463e-05,4.035433337601084e-06,0.0010999999999999998,0.0012703892666773003,0.0004017323597731316,0.0005955,9.202052911050761e-05,2.909944634830322e-05,0.013750000000000002,0.002867441755680876,0.000906764700582363,167.9,24.342235814412046,7.697690851446584,167.9,24.342235814412046,7.697690851446584
0.05,0.05,two-g,baseline2_matched_0.800,10,0.8,0.24820121250000002,0.0008193404106389341,0.00025909818766366876,0.2453225625000004,0.000833722540880987,0.00026364621658067633,4.964024249999985,0.016386808212772094,0.005181963753271292,4.9560113636363585,0.016842879613759704,0.0053261861935497735,5.7573,0.047631659639361716,0.01506245331942974,5.72275,0.06776439986371077,0.021428984784372974,0.04044999999999999,0.007938609939893605,0.0025104088865716186,8.75e-06,7.0955776524693335e-06,2.2438186696393763e-06,0.0005499999999999999,0.0003689323936863109,0.00011666666666666665,0.00067325,0.00010453634402552167,3.305729453875834e-05,0.009325,0.0015094609045027377,0.00047733344972065626,205.0,37.92975964419847,11.994443157840495,205.0,37.92975964419847,11.994443157840495
0.05,0.05,two-g,baseline2_matched_0.950,10,0.95,0.24564597500000113,0.001993090096990886,0.0006302704288417107,0.2426913625,0.002014298647974635,0.0006369771615397559,4.912919499999994,0.03986180193980247,0.01260540857682939,4.902855808080817,0.04069290197927769,0.012868225485649146,5.909225,0.05146134606565288,0.016273506502560802,5.90135,0.0551331972993082,0.017434647815325794,0.015129166666666676,0.008576891010942151,0.002712251083760135,4.25e-06,3.736085295243316e-06,1.181453906563152e-06,0.0002,0.00015811388300841897,4.9999999999999996e-05,0.00052425,0.00024114325502581332,7.625619282684157e-05,0.0026249999999999997,0.0015103807466993215,0.00047762432936356995,169.6,89.04081461142786,28.15717788889125,169.6,89.04081461142786,28.15717788889125
0.1,0.1,one,baseline1_hdv,10,0.0,0.4685147875000003,0.0003375133744778316,0.00010673110041192913,0.4672557874999995,0.0003373489273509017,0.00010667909766435219,4.685147875,0.003375133744779039,0.0010673110041195199,4.684268546365895,0.00338194413384034,0.0010694646382380807,5.036,0.02853944638566066,0.00902496537389479,5.036,0.02853944638566066,0.00902496537389479,0.16066666666666665,0.004756574397610108,0.001504160895649131,1.0375e-05,2.8290408661279915e-06,8.946212730659949e-07,0.0016,0.0009067647005823629,0.00028674417556808754,0.0005297500000000001,5.69685585798576e-05,1.8015040012907734e-05,0.07565,0.006403341141761681,0.002024914264303005,0.0,0.0,0.0,0.0,0.0,0.0
0.1,0.1,one,baseline2_all_hdv_yield,10,1.0,0.4704283500000003,0.00018314484439316126,5.791548499995079e-05,0.4689512125000004,0.00018184085733369328,5.750312808522036e-05,4.704283500000004,0.0018314484439295373,0.0005791548499988516,4.7012652882205614,0.0018229659883172566,0.0005764724620102431,5.90855,0.014950752489423411,0.004727843060001043,5.90855,0.014950752489423411,0.004727843060001043,0.015241666666666653,0.002491792081570586,0.0007879738433335127,1.8625000000000002e-05,7.53349004261785e-06,2.3822987264871357e-06,5e-05,0.00015811388300841897,4.9999999999999996e-05,0.0015575,0.0001993931766357337,6.305365880651883e-05,0.001,0.0014719601443879745,0.0004654746681256313,386.9,44.79446890459183,14.165254831609786,386.9,44.79446890459183,14.165254831609786
0.1,0.1,one,baseline2_matched_0.050,10,0.05,0.46855818750000006,0.0002701350180028075,8.542419326594611e-05,0.46729403749999954,0.00027128040696156177,8.578639705759333e-05,4.685581875000001,0.002701350180028073,0.0008542419326594605,4.684652005012521,0.002719603077316289,0.0008600140055922478,5.0566,0.013196800959155052,0.004173194885882466,5.0566,0.013196800959155052,0.004173194885882466,0.15723333333333334,0.0021994668265258397,0.0006955324809804102,1.175e-05,2.513850521499725e-06,7.94949334514121e-07,0.0014,0.0005163977794943223,0.00016329931618554522,0.0006106250000000001,5.7064321651585034e-05,1.804532295514701e-05,0.0708,0.003544949458972108,0.001121011448053348,28.2,6.713171133426189,2.1228911104120876,28.2,6.713171133426189,2.1228911104120876
0.1,0.1,one,baseline2_matched_0.200,10,0.2,0.46876043749999985,0.000269300664853312,8.516034763341202e-05,0.46747947499999987,0.0002651114925310282,8.383561502847666e-05,4.687604374999999,0.002693006648526812,0.0008516034763321256,4.686511027568928,0.002657759323613611,0.0008404572935167544,5.12385,0.034445649620493124,0.01089267082848728,5.12385,0.034445649620493124,0.01089267082848728,0.146025,0.005740941603415517,0.0018154451380812122,1.3124999999999999e-05,4.497298571858938e-06,1.4221706804896677e-06,0.0014500000000000001,0.00083166499665831,0.00026299556396765835,0.00075325,4.3225828184341615e-05,1.3669207080962018e-05,0.06305000000000001,0.00463351318595776,0.0014652455236049838,122.9,20.102238681301145,6.356886030125127,122.9,20.102238681301145,6.356886030125127
0.1,0.1,one,baseline2_matched_0.350,10,0.35,0.46913085000000043,0.00012478844319712326,3.9461570616945364e-05,0.46781981249999943,0.0001237551801663999,3.913482415703192e-05,4.6913085,0.0012478844319724865,0.00039461570616985015,4.689922932330821,0.0012406534352492496,0.0003923290642299859,5.244149999999999,0.02337977521040104,0.007393334084760967,5.244149999999999,0.02337977521040104,0.007393334084760967,0.125975,0.003896629201733495,0.0012322223474601575,1.3e-05,3.917553091181052e-06,1.2388390622765418e-06,0.0008,0.0005868938953886337,0.0001855921454276674,0.00089075,8.532657850869211e-05,2.698263330366404e-05,0.0513,0.00294580681270476,0.0009315459074988079,206.9,16.89477236701736,5.342596122984904,206.9,16.89477236701736,5.342596122984904
0.1,0.1,one,baseline2_matched_0.500,10,0.5,0.46941153750000064,0.00028959871691779386,9.157915529225659e-05,0.46808178749999974,0.0002917286722784358,9.225270631766799e-05,4.694115374999996,0.0028959871691774963,0.000915791552922426,4.692549248120294,0.0029245982183247208,0.0009248391610776509,5.319,0.023721766844445304,0.007501481335191233,5.319,0.023721766844445304,0.007501481335191233,0.11350000000000002,0.00395362780740756,0.0012502468891985416,1.2874999999999998e-05,3.634804747927398e-06,1.1494261853444768e-06,0.0007,0.000674948557710553,0.00021343747458109496,0.00103575,8.92760232835969e-05,2.8231557401839052e-05,0.0443,0.002616188916046477,0.0008273115763993902,275.5,16.91974520428064,5.350493227523774,275.5,16.91974520428064,5.350493227523774
0.1,0.1,one,baseline2_matched_0.650,10,0.65,0.4697633625,0.0005173330428813783,0.00016359507243707126,0.4684059125,0.000516820232722503,0.0001634329076261394,4.697633625000001,0.0051733304288179216,0.0016359507243720215,4.695798621553891,0.005181155215268544,0.0016384251391108606,5.4298,0.04642209722870255,0.014679956100449051,5.4298,0.04642209722870255,0.014679956100449051,0.09503333333333333,0.0077370162047837605,0.0024466593500748423,1.4625e-05,7.454724452765956e-06,2.357390859969273e-06,0.0008500000000000001,0.0007472170590486632,0.00023629078131263043,0.001131,9.965182442439836e-05,3.151267381722966e-05,0.03295,0.0042846625693668495,0.0013549292724468437,340.3,22.57850501890878,7.139950202129485,340.3,22.57850501890878,7.139950202129485
0.1,0.1,one,baseline2_matched_0.800,10,0.8,0.4702081375000004,0.0002698888624791863,8.534635205461867e-05,0.46881206250000007,0.0002710707244866429,8.572008963697685e-05,4.702081375000005,0.00269888862478869,0.0008534635205451833,4.699870300751892,0.0027175009973692855,0.0008593492695466181,5.584300000000001,0.03995149837267968,0.012633773079417831,5.584300000000001,0.03995149837267968,0.012633773079417831,0.06928333333333332,0.006658583062113279,0.002105628846569638,1.5624999999999997e-05,3.4985115882805553e-06,1.1063265039459793e-06,0.0004,0.0006146362971528592,0.00019436506316151,0.0012171249999999999,7.961724844529608e-05,2.5177184612263542e-05,0.0217,0.002800793538346667,0.0008856886837057613,384.4,34.47769004894486,10.902802901598795,384.4,34.47769004894486,10.902802901598795
0.1,0.1,one,baseline2_matched_0.950,10,0.95,0.4705681500000001,0.00039306393404878,0.0001242977297660354,0.46911495000000014,0.0003940076458651214,0.00012459615764548075,4.7056815000000025,0.003930639340488279,0.0012429772976605055,4.702906766917328,0.003949951336995457,0.0012490842871732955,5.8128,0.014047933814068233,0.004442346727175195,5.8128,0.014047933814068233,0.004442346727175195,0.03120000000000004,0.002341322302344711,0.0007403911211958675,1.4125e-05,3.821085506036792e-06,1.2083333333333333e-06,5e-05,0.00015811388300841897,4.9999999999999996e-05,0.0014382499999999999,0.00010541452566995795,3.333499995833542e-05,0.0075,0.0010540925533894599,0.0003333333333333333,431.1,29.730082034494586,9.40147742526555,431.1,29.730082034494586,9.40147742526555
0.1,0.1,two-2g,baseline1_hdv,10,0.0,0.4688642875000002,0.0003581694879776605,0.00011326313703857026,0.46634888749999986,0.0003538555469258885,0.00011189894909704009,4.688642875000002,0.0035816948797744467,0.0011326313703850202,4.686923492462324,0.003556337155032658,0.0011246125537386544,5.0308,0.017426352968357255,0.005510696669004507,5.0185,0.01740689518552919,0.0055045435778091475,0.16153333333333333,0.002904392161392899,0.0009184494448340919,1.4750000000000001e-05,5.458174297937605e-06,1.7260262647673317e-06,0.001575,0.0009933808713457066,0.0003141346137495127,0.0007765000000000001,3.678390348448022e-05,1.1632091624276159e-05,0.072875,0.0035163309476403557,0.0011119614801481804,0.0,0.0,0.0,0.0,0.0,0.0
0.1,0.1,two-2g,baseline2_all_hdv_yield,10,1.0,0.4705924625,0.0005807877554148194,0.000183661214424762,0.4676391750000005,0.0005820279477349639,0.00018405339767159254,4.705924625000001,0.0058078775541564815,0.0018366121442502407,4.699891206030157,0.005849527112913179,0.0018497828911714581,5.906575,0.02024024113273132,0.006400526237045739,5.90105,0.02429500405890518,0.007682754858917595,0.015570833333333322,0.0033733735221218933,0.0010667543728409585,2.7750000000000007e-05,1.4310543898352257e-05,4.525391327461825e-06,2.5e-05,7.905694150420948e-05,2.4999999999999998e-05,0.0019481249999999998,0.00047038594157115045,0.00014874909546877174,0.0009000000000000001,0.0007283924461137386,0.00023033791601808755,575.9,190.5800794067068,60.26671275809447,575.9,190.5800794067068,60.26671275809447
0.1,0.1,two-2g,baseline2_matched_0.050,10,0.05,0.46907278750000037,0.0002805373071966242,8.871368593916785e-05,0.4665464499999998,0.00027347827838763875,8.648142502865389e-05,4.690727875000001,0.0028053730719673152,0.000887136859392018,4.688909045226142,0.0027485254109334226,0.0008691600505399877,5.052675,0.025001680499074013,0.007906225570888917,5.040850000000001,0.02643550852756802,0.008359641805191904,0.1578875,0.0041669467498456824,0.0013177042618148238,1.4874999999999999e-05,3.143003694274352e-06,9.93905036823047e-07,0.0013,0.0004972144630058765,0.00015723301886761003,0.000879625,8.172415068726966e-05,2.5843445601458713e-05,0.06845,0.0031353716774180935,0.0009914915811823895,54.3,12.1568453510312,3.844332047168778,54.3,12.1568453510312,3.844332047168778
0.1,0.1,two-2g,baseline2_matched_0.200,10,0.2,0.46934670000000017,0.00025204456451205227,7.970348957233308e-05,0.4667875374999997,0.0002480083867450132,7.842713809381549e-05,4.693467000000001,0.002520445645120049,0.0007970348957231809,4.691332035175891,0.002492546600448576,0.000788212443152717,5.1183250000000005,0.02432649732744573,0.007692713904872741,5.10665,0.028106988059515975,0.008888210043522676,0.14694583333333336,0.0040544162212409465,0.0012821189841454542,2e-05,5.621140651346688e-06,1.7775607506417963e-06,0.001275,0.0004479893351905204,0.00014166666666666665,0.001213125,7.412276322276291e-05,2.3439675824929348e-05,0.0598,0.0025679650395681874,0.0008120618476719887,249.3,34.075243538707426,10.77553814072514,248.5,32.877719574879954,10.39684781289235
0.1,0.1,two-2g,baseline2_matched_0.350,10,0.35,0.4696921625,0.0003329808972772082,0.00010529780527225372,0.46709229999999974,0.0003221698256008594,0.00010187904422779404,4.6969216250000025,0.003329808972770968,0.0010529780527221851,4.694394974874379,0.003237887694480273,0.0010239099922389064,5.199725,0.02758533477129537,0.008723248789553335,5.174049999999999,0.03130623828497376,0.009899901795248056,0.13337916666666666,0.004597555795215925,0.0014538747982588986,1.8e-05,7.026734661277601e-06,2.222048604328898e-06,0.0010999999999999998,0.0005916079783099615,0.00018708286933869704,0.0014715,9.781608309021124e-05,3.0932161436134895e-05,0.050525,0.003855821716717607,0.0012193178876368177,413.7,37.60038415879403,11.890285483910336,413.7,37.60038415879403,11.890285483910336
0.1,0.1,two-2g,baseline2_matched_0.500,10,0.5,0.4701716875000005,0.0003556830491094189,0.0001124768560299288,0.46751534999999994,0.00034569880315111015,0.00010931956023517017,4.701716874999997,0.0035568304910918477,0.0011247685602985475,4.698646733668353,0.00347435983066072,0.0010986890475884789,5.3126750000000005,0.025959918357173643,0.008209246988068523,5.29505,0.018415648538976526,0.005823539397231792,0.11455416666666665,0.004326653059528891,0.001368207831344738,2.1125000000000005e-05,8.466642060331703e-06,2.677387304402892e-06,0.000575,0.00040909792362111923,0.0001293681224688335,0.0016296249999999998,8.667678226222599e-05,2.740960522031161e-05,0.0419,0.004069193204227754,0.0012867918764638412,549.6,24.994221554413553,7.903866845482096,549.4,25.069680669862727,7.927729112986195
0.1,0.1,two-2g,baseline2_matched_0.650,10,0.65,0.47054616250000025,0.00025392028392813885,8.029664413295655e-05,0.46784387499999996,0.000250082868210159,7.908314673318187e-05,4.705461625000003,0.002539202839284705,0.0008029664413306142,4.701948492462316,0.002513395660402044,0.0007948054948053534,5.4045749999999995,0.02387410556788827,0.00754965506938346,5.3835,0.025682895302342905,0.008121644606304238,0.09923749999999999,0.003979017594648012,0.0012582758448972328,2.2125000000000002e-05,5.952648803497299e-06,1.882392833012754e-06,0.0007250000000000001,0.00039878287046684664,0.00012610621625351297,0.001845625,9.170879713649188e-05,2.9000868042564206e-05,0.032,0.0013693063937629164,0.0004330127018922197,685.6,43.96008290357161,13.90139881051144,685.0,44.04038550643665,13.926792723220789
0.1,0.1,two-2g,baseline2_matched_0.800,10,0.8,0.4707845375000003,0.000345960669579547,0.00010940236967082956,0.4680164750000003,0.00033029347114841445,0.00010444796651121001,4.707845375000005,0.0034596066957943918,0.0010940236967079547,4.703683165829153,0.003319532373349047,0.001049728306644741,5.536125,0.036443306427015314,0.011524385377682123,5.51795,0.0350154331053546,0.011072852187018313,0.0773125,0.006073884404502566,0.0019207308962803584,2.7625000000000007e-05,7.179494333787651e-06,2.2703554543042147e-06,0.00030000000000000003,0.0003291402943021917,0.00010408329997330664,0.002098875,0.00011046689109311344,3.493269818920059e-05,0.022125,0.002276846015385709,0.0007200019290097618,810.7,41.43281040163433,13.102205073108028,810.5,41.446752989025974,13.106614106371383
0.1,0.1,two-2g,baseline2_matched_0.950,10,0.95,0.47111070000000027,0.00044309688321693706,0.00014011953750871572,0.46822977499999985,0.00043635923019673406,0.00013798890454594034,4.711106999999998,0.004430968832169189,0.0014011953750870999,4.705826884422116,0.004385519901470078,0.001386823161264266,5.76185,0.03192769609254295,0.010096424009409383,5.749750000000001,0.033021247368592584,0.01044223528645942,0.03969166666666667,0.005321282682090479,0.0016827373349015597,2.2750000000000004e-05,7.236097782030808e-06,2.2882550362909983e-06,0.00032500000000000004,0.0003736085295243316,0.00011814539065631521,0.0020851249999999997,0.0001445076050478544,4.569731711672653e-05,0.0087,0.0010593499054713802,0.00033499585403736295,771.1,52.705576344233044,16.666966663966715,770.9,52.701359881252905,16.665633301298012
0.1,0.1,two-g,baseline1_hdv,10,0.0,0.4689069500000003,0.00020066865828209781,6.345700151814404e-05,0.46638607500000007,0.00019627429255157425,6.206738106011962e-05,4.689069500000003,0.002006686582820515,0.0006345700151812939,4.6872972361809175,0.0019726059552987235,0.0006237927744756257,5.04175,0.021458940120870712,0.006785912695512039,5.0289,0.020462431700829536,0.006470789064025449,0.15970833333333334,0.003576490020145122,0.0011309854492520075,1.4625e-05,4.332131243523343e-06,1.3699401852311328e-06,0.0016250000000000001,0.0007288689868556625,0.00023048861143232216,0.0007617500000000001,6.24672136226499e-05,1.975386741318716e-05,0.07355,0.0042291974547319375,0.0013373896631539775,0.0,0.0,0.0,0.0,0.0,0.0
0.1,0.1,two-g,baseline2_all_hdv_yield,10,1.0,0.4704790125000004,0.0002464856560648388,7.794560837257863e-05,0.46753259999999974,0.00024292496269421443,7.681961826251512e-05,4.704790125000001,0.0024648565606504216,0.0007794560837264293,4.698820100502521,0.002441456911501198,0.0007720564649503927,5.892825,0.03238956665004603,0.010242480303997534,5.8911999999999995,0.03426789881053226,0.010836461086945673,0.017862500000000003,0.005398261108341001,0.001707080050666254,1.8750000000000002e-05,4.859126579037754e-06,1.536590742882149e-06,0.0,0.0,0.0,0.001797625,0.000237172617927206,7.50005671274854e-05,0.001325,0.0012021392967908873,0.00038014982426523477,497.2,80.88372999421934,25.577681243181086,497.2,80.88372999421934,25.577681243181086
0.1,0.1,two-g,baseline2_matched_0.050,10,0.05,0.46886323750000003,0.0001716883729196404,5.4292630619443656e-05,0.4663404999999997,0.00017417410271172826,5.50786873985171e-05,4.688632374999998,0.0017168837291986168,0.0005429263061951363,4.686839195979911,0.001750493494597204,0.0005535546472234816,5.045475,0.026223783204479857,0.008292688379262541,5.032349999999999,0.0264134330302679,0.008352660919996976,0.1590875,0.004370630534079968,0.0013821147298770874,1.65e-05,5.974482776311642e-06,1.8892973414591063e-06,0.0014,0.0008755950357709132,0.00027688746209726916,0.000934375,6.574955111802834e-05,2.079183366666399e-05,0.070375,0.004330527938048917,0.0013694331755227124,62.8,11.905180945005974,3.7647487742654664,62.8,11.905180945005974,3.7647487742654664
0.1,0.1,two-g,baseline2_matched_0.200,10,0.2,0.4693019875000003,0.00026585420797097745,8.407048227283802e-05,0.46674544999999956,0.00026778637448740913,8.468148697390175e-05,4.693019875000003,0.0026585420797099746,0.0008407048227284435,4.6909090452261415,0.0026913203466048456,0.0008510702208425122,5.113075,0.026224736520231363,0.008292989844172947,5.0976,0.026320460988870784,0.00832326057904394,0.14782083333333335,0.0043707894200385716,0.001382164974028828,1.775e-05,6.4226162893325666e-06,2.0310096011589907e-06,0.0010999999999999998,0.0005797509043642029,0.0001833333333333333,0.00119325,9.950956123799251e-05,3.14676862476061e-05,0.061024999999999996,0.003950123064187017,0.0012491385920794468,240.1,26.151056915118705,8.269690307247169,240.1,26.151056915118705,8.269690307247169
0.1,0.1,two-g,baseline2_matched_0.350,10,0.35,0.4696691625000004,0.00033822443880782057,0.0001069559586964958,0.46707033749999977,0.0003321823568904237,0.00010504528462966666,4.6966916250000015,0.003382244388081477,0.0010695595869659924,4.694174246231169,0.0033385161496463614,0.0010557315038138041,5.19765,0.02270101564051956,0.007178691462314797,5.168950000000001,0.019908750170046553,0.0062956995904611636,0.133725,0.0037835026067532434,0.0011964485770524608,2.0125e-05,5.219155423373917e-06,1.6504418600281976e-06,0.00115,0.0006368324391514266,0.0002013840995599095,0.001459375,0.00012139560272559757,3.8388660254183276e-05,0.0497,0.0024318488622628023,0.000769018133003955,410.7,25.630060475933334,8.104936767180853,410.7,25.630060475933334,8.104936767180853
0.1,0.1,two-g,baseline2_matched_0.500,10,0.5,0.4699941000000005,0.0003000815039748533,9.489410362494072e-05,0.46734686249999974,0.00028753550777089364,9.092671127290683e-05,4.699940999999999,0.0030008150397502673,0.0009489410362499556,4.696953391959807,0.002889804098203024,0.0009138362942010452,5.294475,0.028139150761093603,0.008898380782791634,5.270149999999999,0.024464316417545262,0.007736296127849389,0.1175875,0.004689858460182252,0.001483063463798601,2.0750000000000003e-05,5.596377796793609e-06,1.769730048466276e-06,0.0009249999999999999,0.0006977145229644826,0.00022063670491456207,0.0016741249999999998,5.806500786953263e-05,1.8361767722332415e-05,0.04055,0.003047767853509991,0.0009637888196533977,546.5,36.0347054934545,11.395174417269795,546.5,36.0347054934545,11.395174417269795
0.1,0.1,two-g,baseline2_matched_0.650,10,0.65,0.4705125625000002,0.00023672189973156409,7.485803751937441e-05,0.46781304999999973,0.00022870561348331628,7.232306522733951e-05,4.705125624999999,0.0023672189973154623,0.0007485803751936876,4.701638693467343,0.0022985488792306203,0.0007268649771596056,5.399025,0.02641639063998787,0.008353596198311471,5.38115,0.027985164720695333,0.00884968612123871,0.10016249999999997,0.004402731773331334,0.001392266033051919,2.6875000000000006e-05,8.544206939337456e-06,2.701915472812248e-06,0.000625,0.00024295632895188752,7.682953714410738e-05,0.0018419999999999999,0.00010544910568083968,3.334593511792538e-05,0.032025000000000005,0.0029661282282913318,0.0009379721033520493,665.2,28.0348988861304,8.865413445268954,664.6,27.833632732920638,8.801767499264628
0.1,0.1,two-g,baseline2_matched_0.800,10,0.8,0.47080762499999984,0.00017844173107434233,5.642822998181664e-05,0.4680378749999997,0.00017463222266948293,5.5223557649325584e-05,4.708076250000002,0.0017844173107476118,0.0005642822998194909,4.703898241206035,0.0017550977152734105,0.0005550106296421668,5.539499999999999,0.039761092093206545,0.012573561327024464,5.533849999999999,0.038405764902912566,0.01214496923741592,0.07675000000000001,0.006626848682201103,0.0020955935545040813,2.4000000000000004e-05,7.402139330400822e-06,2.3407619841980243e-06,0.00035,0.0003374742788552765,0.00010671873729054748,0.002086375,0.00011904779910700668,3.764621956083003e-05,0.02175,0.002857738033247041,0.0009036961141150638,802.2,56.6074200083346,17.900837969212503,802.2,56.6074200083346,17.900837969212503
0.1,0.1,two-g,baseline2_matched_0.950,10,0.95,0.4708694125000001,0.00047144651093527964,0.00014908447694949624,0.4679963125000004,0.0004668706669070627,0.0001476374680148117,4.708694125000003,0.004714465109359806,0.001490844769497179,4.703480527638194,0.0046921675066016804,0.001483793648389446,5.7462,0.032755576285233894,0.010358222713273628,5.73165,0.035402487357685926,0.011195249488560367,0.04230000000000002,0.005459262714205653,0.0017263704522122727,2.8375000000000005e-05,7.023027599736934e-06,2.220876328539406e-06,5e-05,0.00015811388300841897,4.9999999999999996e-05,0.0022935,9.524602645546712e-05,3.011943816799301e-05,0.0087,0.0012292725943057181,0.00038873012632301997,835.6,54.207830512656464,17.142021143636736,835.2,53.92340246435988,17.052077097331377
0.15,0.15,one,baseline1_hdv,10,0.0,0.6841552124999998,0.0007640439197352891,0.0002416119018766387,0.6829692999999996,0.0007643942277493351,0.00024172267899733824,4.561034749999999,0.005093626131569116,0.0016107460125110897,4.560729883138561,0.005104468966606944,0.001614174818012391,4.74365,0.019425141212128048,0.006142769010072864,4.74365,0.019425141212128048,0.006142769010072864,0.2093916666666667,0.0032375235353546724,0.0010237948350121432,0.000259083333333333,2.8055418041467384e-05,8.871902171921721e-06,0.0018000000000000002,0.0008563488385776753,0.00027080128015453204,0.00933075,0.00029758374949409285,9.41042443054313e-05,0.0605,0.00636396103067893,0.0020124611797498115,0.0,0.0,0.0,0.0,0.0,0.0
0.15,0.15,one,baseline2_all_hdv_yield,10,1.0,0.6829234999999992,0.000612494577640057,0.0001936877919845419,0.6814897749999997,0.0006144185140574854,0.00019429619409978374,4.552823333333334,0.004083297184268787,0.0012912519465641632,4.550849916527546,0.004102961696544428,0.0012974704113508995,5.7349000000000006,0.022043895602486593,0.0069708918606827324,5.7349000000000006,0.022043895602486593,0.0069708918606827324,0.04418333333333332,0.0036739826004144245,0.0011618153101137863,0.0003150000000000005,2.3710574814304125e-05,7.497942104502495e-06,0.0,0.0,0.0,0.010961,0.00011202044566468054,3.54239752807525e-05,0.00275,0.0017360555546666382,0.0005489889697333534,896.2,70.29114058289596,22.228010357304683,896.2,70.29114058289596,22.228010357304683
0.15,0.15,one,baseline2_matched_0.050,10,0.05,0.6841956124999997,0.0007342694982135911,0.00023219640307438848,0.6830054249999995,0.0007349071256513515,0.0002323980385745825,4.561304083333329,0.004895129988090157,0.0015479760204957808,4.560971118530882,0.004907560104518394,0.0015519067684452114,4.76075,0.023399014699104152,0.007399418145292859,4.76075,0.023399014699104152,0.007399418145292859,0.20654166666666668,0.003899835783184024,0.0012332363575488093,0.00025508333333333297,2.820080661660528e-05,8.917878076241948e-06,0.00125,0.0007168604389202189,0.00022669117514559071,0.009312166666666667,0.0002912190215602656,9.209154060961215e-05,0.0612,0.007579944297655199,0.002396988851779573,38.2,11.193251935380035,3.539617053988876,38.2,11.193251935380035,3.539617053988876
0.15,0.15,one,baseline2_matched_0.200,10,0.2,0.6841386499999997,0.0007093444004652073,0.00022431439509566575,0.6829353875,0.0007092270598300962,0.00022427728872876154,4.560924333333333,0.004728962669770363,0.0014954293006385034,4.560503422370613,0.004736073855295951,0.0014976780549509914,4.81305,0.022222923600042688,0.007027505484404365,4.81305,0.022222923600042688,0.007027505484404365,0.19782499999999997,0.003703820600007119,0.0011712509140673955,0.000259083333333333,3.240953696706833e-05,1.0248795472736142e-05,0.0015,0.00074535599249993,0.00023570226039551585,0.0095005,0.000285179767865815,9.018176090540709e-05,0.05825,0.00490606200984501,0.0015514330293133654,157.9,24.892881624182355,7.871820345736782,157.9,24.892881624182355,7.871820345736782
0.15,0.15,one,baseline2_matched_0.350,10,0.35,0.6839126500000001,0.0005178908977231686,0.0001637714816274523,0.6826854500000001,0.0005142920167303649,0.0001626334155309375,4.559417666666665,0.003452605984825061,0.0010918098775175935,4.558834390651084,0.0034343373404343703,0.0010860328249137695,4.9088,0.03221041929424558,0.010185828935884933,4.9088,0.03221041929424558,0.010185828935884933,0.18186666666666668,0.005368403215707602,0.0016976381559808238,0.00026574999999999976,3.184998110354731e-05,1.0071848372053268e-05,0.0016,0.0009944289260117533,0.0003144660377352201,0.00983675,0.00022266118104243032,7.041164785971844e-05,0.0491,0.00425440947723653,0.001345362404707371,309.8,21.90788797569395,6.927882472700843,309.8,21.90788797569395,6.927882472700843
0.15,0.15,one,baseline2_matched_0.500,10,0.5,0.6839044375,0.0005964036089402921,0.00018859938089956838,0.6826524374999996,0.0005948326452611514,0.00018810259856482013,4.559362916666662,0.003976024059601203,0.0012573292059968873,4.558613939899834,0.003972171253830306,0.0012561108418350595,5.008,0.023610261422619728,0.007466220224748566,5.008,0.023610261422619728,0.007466220224748566,0.16533333333333333,0.0039350435704366355,0.0012443700374580988,0.0002842499999999999,3.111966648239241e-05,9.840902610916021e-06,0.0015,0.0014719601443879745,0.0004654746681256313,0.009986583333333333,0.00015198097773271672,4.80606050654718e-05,0.04445,0.0029856136536546203,0.0009441339358845698,445.3,29.792057106998616,9.421075663992232,445.3,29.792057106998616,9.421075663992232
0.15,0.15,one,baseline2_matched_0.650,10,0.65,0.6839505499999998,0.0007982026297838905,0.00025241383444532485,0.6826759499999998,0.0007962020114617345,0.00025178118338265706,4.559670333333331,0.005321350865227343,0.0016827588963026102,4.558770951585979,0.005316874867858484,0.0016813434616539586,5.0984,0.04116619432927403,0.013017893668161347,5.0984,0.04116619432927403,0.013017893668161347,0.15026666666666663,0.0068610323882123325,0.002169648944693556,0.00026833333333333304,2.551627415814464e-05,8.06895437410325e-06,0.00115,0.0007472170590486632,0.00023629078131263043,0.010102083333333334,0.00024720138801100593,7.817194268698195e-05,0.036,0.005259911279353167,0.00166332999331662,555.2,29.99185074501257,9.484255959805761,555.2,29.99185074501257,9.484255959805761
0.15,0.15,one,baseline2_matched_0.800,10,0.8,0.6836913249999996,0.00043754735140566487,0.00013836462146159774,0.6823703499999996,0.00043894776248943853,0.00013880747033012471,4.557942166666666,0.0029169823427056475,0.0009224308097443692,4.556730217028379,0.0029312037561927615,0.000926928015561001,5.2839,0.03046929237409007,0.009635236259572378,5.2839,0.03046929237409007,0.009635236259572378,0.11934999999999998,0.00507821539568168,0.0016058727099287301,0.00029241666666666663,2.2112402251527305e-05,6.992555565266176e-06,0.0014,0.0009660917830792959,0.0003055050463303893,0.010425833333333332,0.000219555878879654,6.942966509397642e-05,0.0289,0.0032642848459586917,0.001032257504480135,725.5,37.83957364100887,11.96592383952586,725.5,37.83957364100887,11.96592383952586
0.15,0.15,one,baseline2_matched_0.950,10,0.95,0.6834785000000003,0.0004572460360682894,0.00014459389250592964,0.6820918749999996,0.0004628741842190445,0.00014637366922245473,4.556523333333334,0.003048306907119808,0.0009639592833721935,4.55487061769616,0.0030909795273370497,0.0009774535507335769,5.5465,0.04424050431699679,0.013990075847622168,5.5465,0.04424050431699679,0.013990075847622168,0.07558333333333335,0.007373417386166127,0.0023316793079370267,0.00029358333333333336,1.9404920147373422e-05,6.136374547939026e-06,0.0006000000000000001,0.0005163977794943223,0.00016329931618554522,0.010733,0.0002622690636129148,8.293676008164e-05,0.0126,0.0017763883459298972,0.0005617433182117573,872.9,40.785209737518,12.897415761823503,872.9,40.785209737518,12.897415761823503
0.15,0.15,two-2g,baseline1_hdv,10,0.0,0.6844909999999998,0.0006182819862995334,0.00019551793129595464,0.6821193625000003,0.0006154373852579926,0.00019461838946337903,4.563273333333332,0.004121879908668295,0.001303452875307863,4.562671321070222,0.0041166380284768265,0.001301795247245187,4.743275,0.0233295979152854,0.007377466630821781,4.7284500000000005,0.02872905033817387,0.009084923408226005,0.20945416666666666,0.0038882663192142375,0.0012295777718036316,0.00025283333333333283,1.963871208469854e-05,6.2103060499920965e-06,0.0017500000000000003,0.0006561673228343176,0.00020749832663314552,0.0094905,0.00020183846370823083,6.382692647472445e-05,0.062,0.005372253820428732,0.0016988558241096006,0.0,0.0,0.0,0.0,0.0,0.0
0.15,0.15,two-2g,baseline2_all_hdv_yield,10,1.0,0.6825368374999996,0.0006416351616989741,0.00020290285378191914,0.6796908625000001,0.0006411805096899789,0.00020275908019279953,4.550245583333333,0.004277567744660379,0.0013526856918796354,4.5464271739130355,0.004288832840739068,0.0013562480280465642,5.69195,0.04916790958880942,0.015548258208987066,5.67665,0.051064256905719564,0.016147935884605585,0.051341666666666674,0.008194651598134893,0.002591376368164508,0.0003527500000000011,2.118062386145674e-05,6.697901366551396e-06,0.000125,0.00021245914639969938,6.718548123582124e-05,0.011931166666666666,0.0004361983635293456,0.0001379380340390855,0.003175,0.002263999656458553,0.0007159395536247767,1530.0,294.9387883763153,93.26783415995511,1526.8,292.23156723545264,92.41173566646656
0.15,0.15,two-2g,baseline2_matched_0.050,10,0.05,0.6844284249999995,0.0006869978272037205,0.00021724778815505416,0.6820408999999998,0.0006813730999890558,0.00021546909323350662,4.562856166666664,0.004579985514694153,0.0014483185877012094,4.562146488294303,0.004557679598585672,0.0014412648376812655,4.77505,0.022312428026650188,0.007055809269279072,4.7597499999999995,0.023920295891889598,0.007564261732353993,0.2041583333333333,0.00371873800444168,0.0011759682115465063,0.0002644166666666663,1.870024262072784e-05,5.9135359479256235e-06,0.0018,0.0005868938953886336,0.00018559214542766738,0.009505666666666666,0.00023473842810590198,7.42308087182335e-05,0.060775,0.004656909442490327,0.0014726440695414344,94.3,20.02248735796829,6.331666447310692,94.3,20.02248735796829,6.331666447310692
0.15,0.15,two-2g,baseline2_matched_0.200,10,0.2,0.6839169749999996,0.0008441686611525604,0.0002669495698576992,0.6815071999999996,0.0008415043742043861,0.00026610704834805025,4.5594465,0.005627791074353167,0.0017796637990522021,4.558576588628748,0.005628791800698067,0.0017799802565086442,4.8195500000000004,0.031579221368207,0.00998622662581929,4.7982,0.03134060199379291,0.009910768554119988,0.19674166666666665,0.005263203561367844,0.0016643711043032186,0.00026449999999999965,3.3506955238916254e-05,1.059582960122867e-05,0.002325,0.0008420378719379418,0.0002662757551445076,0.009869583333333333,0.00026713854372443125,8.447662489896827e-05,0.056400000000000006,0.002590581230363393,0.0008192137151629671,347.6,46.956717659279946,14.849017924877499,347.6,46.956717659279946,14.849017924877499
0.15,0.15,two-2g,baseline2_matched_0.350,10,0.35,0.6841761124999998,0.0004830927218986689,0.00015276733222500962,0.6817297374999998,0.0004760476803046313,0.0001505394944602314,4.561174083333331,0.003220618145987566,0.0010184488814989384,4.560065133779248,0.003184265420097291,0.0010069531402020343,4.89275,0.027890659527678486,0.008819800955174003,4.87385,0.026434457731445118,0.008359309514281418,0.18454166666666666,0.004648443254613116,0.001469966825862345,0.0002769166666666665,1.5501144919881586e-05,4.9018924287174095e-06,0.0016,0.0003574601764921202,0.00011303883305208777,0.01024125,0.00023167907307574084,7.326335571159327e-05,0.052700000000000004,0.0035035696082709703,0.0011079259903080169,607.9,42.39876832592611,13.40766778957308,607.5,41.91061917939175,13.253301475481495
0.15,0.15,two-2g,baseline2_matched_0.500,10,0.5,0.6838111374999996,0.0004472091910843752,0.00014141996343880917,0.6813179374999997,0.00044292028945668325,0.00014006369365841814,4.558740916666666,0.0029813946072315732,0.0009427997562594883,4.5573106187290815,0.0029626775214544186,0.0009368808940378332,4.9864,0.028834585714612383,0.009118296624552902,4.959149999999999,0.03576780830734692,0.011310774116350812,0.16893333333333335,0.004805764285768743,0.0015197161040921541,0.00029925000000000015,2.8519134793726585e-05,9.018542284553231e-06,0.0013000000000000002,0.0005627314338711377,0.00017795130420052185,0.010628583333333334,0.0002299691505075959,7.272263071780702e-05,0.0457,0.001707011683875917,0.000539804491356722,862.9,32.719175485400676,10.346711769661145,862.5,32.37368615952708,10.237458451957474
0.15,0.15,two-2g,baseline2_matched_0.650,10,0.65,0.6835613749999998,0.0008524500127898016,0.00026956836318554385,0.6810155124999999,0.0008465495868237887,0.00026770248466376385,4.5570758333333306,0.005683000085263676,0.0017971224212364318,4.555287709030091,0.00566253904229815,0.0017906520713290687,5.091724999999999,0.03326460623211662,0.010519192116212023,5.0754,0.027660441066620627,0.008746999485537843,0.15137916666666668,0.005544101038686129,0.0017531986860353452,0.00030133333333333347,2.652508712358187e-05,8.387969044492288e-06,0.0015,0.0008498365855987975,0.00026874192494328496,0.010894999999999998,0.00034539273584617927,0.00010922277325508108,0.03735,0.0024894220659065084,0.0007872243785746366,1090.7,61.56848039198123,19.469663011407714,1090.1,62.19762410610589,19.668615722628893
0.15,0.15,two-2g,baseline2_matched_0.800,10,0.8,0.6827909874999993,0.0004933705273493021,0.00015601745968221901,0.6801687250000004,0.0004908615257897184,0.0001552240437240991,4.551939916666666,0.0032891368489944817,0.0010401163978811865,4.549623578595309,0.00328335468755409,0.0010382879178861427,5.244525,0.022302357249602178,0.0070526246099511265,5.2156,0.03951146106581671,0.012494621064904487,0.12591249999999998,0.0037170595416004017,0.0011754374349918666,0.0003313333333333339,2.49419078146022e-05,7.887323788409566e-06,0.001025,0.0005706964556087977,0.00018047006523089763,0.011554749999999999,0.0002018880977480981,6.384262213627008e-05,0.027825,0.0030392113377578,0.0009610830117921946,1399.2,71.68108382117124,22.667549002434686,1398.6,71.68015376967634,22.66725489432817
0.15,0.15,two-2g,baseline2_matched_0.950,10,0.95,0.6830220499999995,0.0008552298773169286,0.0002704474335347867,0.6802809249999999,0.0008424760077356503,0.00026641430584902897,4.553480333333333,0.00570153251544453,0.0018029828902313863,4.5503740802675505,0.005635291021644681,0.0017820354906294415,5.48225,0.0608399539776288,0.01923928273091279,5.46365,0.05784656428864219,0.018292689796746715,0.08629166666666666,0.010139992329604821,0.0032065471218188047,0.0003406666666666674,3.2486464417821766e-05,1.0273122068633272e-05,0.0006000000000000001,0.0003763863263545405,0.00011902380714238082,0.011875666666666666,0.0003615257875473455,0.00011432449215357503,0.014374999999999999,0.0018680426476216582,0.0005907269532815761,1660.2,84.59550815498422,26.751448558909853,1658.6,83.18413310241323,26.305132579023432
0.15,0.15,two-g,baseline1_hdv,10,0.0,0.6843881750000003,0.0005102702824100644,0.00016136163147131564,0.6820157000000001,0.0005128855297890266,0.00016218864530754626,4.562587833333334,0.003401801882733659,0.0010757442098087383,4.561977926421395,0.003430672440052788,0.0010848738816534274,4.74495,0.020007915100446375,0.0063270582948687145,4.72645,0.024339553999383062,0.007696842787071098,0.20917500000000003,0.0033346525167410393,0.001054509715811445,0.0002509166666666661,1.6880343232716714e-05,5.338033230079454e-06,0.0017250000000000002,0.0008370749335898456,0.0002647063362378098,0.009475833333333333,0.00023154406561384325,7.32206626035218e-05,0.06225000000000001,0.005413460589637238,0.0017118865486811779,0.0,0.0,0.0,0.0,0.0,0.0
0.15,0.15,two-g,baseline2_all_hdv_yield,10,1.0,0.6824661374999997,0.0006157802199974719,0.0001947268033271575,0.6796230874999998,0.0006197609923776163,0.00019598563408395212,4.5497742500000005,0.004105201466645266,0.001298178688846279,4.545973829431436,0.004145558477443602,0.001310940696214154,5.686100000000001,0.04686152769359724,0.014818916214682438,5.6698,0.04622120725381369,0.014616429112474768,0.05231666666666668,0.007810254615599523,0.002469819369113734,0.00034300000000000086,2.2564037813945307e-05,7.135375270223379e-06,0.00022500000000000002,0.00018446619684315546,5.8333333333333326e-05,0.011985166666666667,0.0002687929695766377,8.499980029025201e-05,0.003675,0.0020751505969447133,0.0006562202374203343,1592.6,194.3788968884111,61.46800432383953,1591.4,193.72729974545834,61.26195121498062
0.15,0.15,two-g,baseline2_matched_0.050,10,0.05,0.6843231125000002,0.0007120483862353835,0.00022516947047510988,0.6819445499999995,0.000707053849806738,0.0002235900593779896,4.56215408333333,0.004746989241566785,0.0015011298031666282,4.561502006688952,0.004729457189345104,0.0014955856814588755,4.757125,0.01772680409248468,0.00560570765678457,4.7447,0.019206769639895357,0.0060737138556241355,0.2071458333333333,0.002954467348747463,0.0009342846094641001,0.0002466666666666661,1.545103776130379e-05,4.8860471538989024e-06,0.0015249999999999999,0.0004779876799899995,0.00015115297622680877,0.0095125,0.00025190569958117556,7.965957662546385e-05,0.059375,0.0021449229460389577,0.0006782841915041541,77.1,25.907742300538484,8.192747470239217,77.1,25.907742300538484,8.192747470239217
0.15,0.15,two-g,baseline2_matched_0.200,10,0.2,0.6837927874999996,0.0007213801684240851,0.0002281204391095987,0.6813886499999996,0.0007187628858749178,0.00022729278169604067,4.558618583333333,0.004809201122826661,0.0015208029273971436,4.557783612040119,0.004807778500831511,0.0015203530548217308,4.808275,0.03157342632658035,0.00998439407275172,4.79115,0.0315647922709957,0.009981663744642521,0.19862083333333333,0.005262237721096721,0.0016640656787919523,0.00027333333333333306,2.8542258036588213e-05,9.02585449598643e-06,0.0019,0.0008514693182963201,0.00026925824035672517,0.009919666666666667,0.000248343959504197,7.853325551778829e-05,0.055425,0.004782854215261473,0.0015124713036763521,324.6,47.96572850599802,15.168095170821916,324.6,47.96572850599802,15.168095170821916
0.15,0.15,two-g,baseline2_matched_0.350,10,0.35,0.6839773124999999,0.0006207153753989116,0.00019628743649470072,0.6815364249999991,0.0006174744405416972,0.00019526256290499774,4.55984875,0.004138102502657935,0.0013085829099642047,4.558772073578586,0.0041302638163328385,0.0013061040996991129,4.881774999999999,0.020894393852046722,0.006607387490108687,4.86485,0.027545971675647332,0.00871080108575305,0.18637083333333332,0.0034823989753411037,0.0011012312483514428,0.0002822499999999999,3.0446902779903665e-05,9.628156048220788e-06,0.0018499999999999999,0.0009143911149563468,0.0002891558595482912,0.010123499999999999,0.00015053751429420018,4.760414184698273e-05,0.0522,0.005243779383443036,0.0016582286399113428,602.6,45.33382352676151,14.335813738869362,602.4,45.483085989311576,14.38301467395174
0.15,0.15,two-g,baseline2_matched_0.500,10,0.5,0.6836600374999998,0.0008468280174546365,0.0002677905321601475,0.6811773750000002,0.0008374178421557844,0.00026481477344756466,4.5577335833333334,0.005645520116363978,0.0017852702144008994,4.556370401337783,0.005601457138164008,0.0017713362772406743,4.965325,0.03682938327235779,0.011646473595995603,4.9399999999999995,0.03828692843372128,0.01210738984624223,0.17244583333333335,0.006138230545392942,0.0019410789326659269,0.00028799999999999995,1.5822120786191957e-05,5.003393909866057e-06,0.001425,0.0004866267106885477,0.00015388487760516155,0.010532333333333333,0.0003132056970139197,9.904433787045844e-05,0.042175000000000004,0.002483417224533789,0.000785325481002056,837.8,50.077273621207986,15.835824365448529,837.8,50.077273621207986,15.835824365448529
0.15,0.15,two-g,baseline2_matched_0.650,10,0.65,0.6838480499999997,0.0004138172117284414,0.00013086049240420184,0.6813049375000004,0.0004135659344264341,0.00013078103154433733,4.558986999999998,0.002758781411522445,0.0008724032826945215,4.557223662207344,0.002766327320575259,0.0008747895086568591,5.086225000000001,0.02823277498464035,0.008927987361848884,5.06565,0.03333004150412461,0.010539884566097812,0.15229583333333332,0.004705462497440064,0.0014879978936414822,0.0003002500000000001,3.110875487109147e-05,9.83745205645068e-06,0.001325,0.0006241661103691334,0.00019737865470545015,0.010905916666666666,0.00017522095839042585,5.5409732231133675e-05,0.034699999999999995,0.0012461050428345807,0.00039405301391789554,1091.1,28.286038959175603,8.944830909525344,1089.7,28.69785125521886,9.075057391921368
0.15,0.15,two-g,baseline2_matched_0.800,10,0.8,0.6831914375,0.0004395915451443164,0.0001390110522808771,0.6805720125000001,0.00044070412193482637,0.00013936287995386227,4.554609583333334,0.002930610300963603,0.0009267403485396532,4.5523211538461466,0.002947853658424813,0.0009321931769482414,5.23885,0.04048151155500242,0.012801377964023225,5.2167,0.046216399205861375,0.014614908674211904,0.12685833333333335,0.006746918592500353,0.002133562994003855,0.0003110000000000004,2.3569571301957196e-05,7.453352878792498e-06,0.000975,0.0005945352993912323,0.00018800856954464127,0.0113045,0.00024783046275953457,7.837087358936676e-05,0.0289,0.0019514951532948607,0.0006171169527191204,1358.4,56.98771797501634,18.021098745637016,1357.6,56.584646523789665,17.89363636107044
0.15,0.15,two-g,baseline2_matched_0.950,10,0.95,0.6825483124999996,0.0005076530223939391,0.00016053398118333115,0.6798036375,0.0005186503634237199,0.00016401164576930404,4.550322083333335,0.0033843534826225995,0.0010702265412210498,4.547181521739127,0.003469233200154006,0.0010970678646761468,5.48935,0.04971728405025092,0.015721985667635417,5.47185,0.04763230113180677,0.015062656177152555,0.08510833333333331,0.00828621400837515,0.0026203309446059015,0.0003541666666666675,2.655648533937182e-05,8.397898032128459e-06,0.000575,0.0004571955574781734,0.0001445779297741456,0.012034333333333333,0.0002764450808317078,8.741961033775515e-05,0.014624999999999999,0.0025610598934382185,0.0008098782487372888,1690.8,93.31761772450997,29.509621783035065,1688.2,93.85307666773636,29.678948768445284
0.2,0.2,one,baseline1_hdv,10,0.0,0.78597735,0.0016342529084415732,0.0005167961463429986,0.7849801125000002,0.0016281882062262152,0.0005148783191098786,3.9298867500000023,0.008171264542209436,0.00258398073171549,3.9298128285356713,0.008151129943561016,0.002577613612565254,3.98895,0.043003520527717005,0.013598907227339179,3.98895,0.043003520527717005,0.013598907227339179,0.335175,0.007167253421286158,0.0022664845378898603,0.0038706250000000186,0.00017729521637652878,5.606567020022159e-05,0.00605,0.002586825596492092,0.0008180260794538684,0.0307486875,0.00019305058571740606,6.10479554496574e-05,0.051000000000000004,0.004636809247747853,0.0014662878298615182,0.0,0.0,0.0,0.0,0.0,0.0
0.2,0.2,one,baseline2_all_hdv_yield,10,1.0,0.7813340999999998,0.0018993473411202096,0.0006006263665724648,0.7800324374999998,0.0018977656134997745,0.0006001261803806076,3.906670499999998,0.009496736705603168,0.0030031318328629947,3.9050434918648333,0.009500703947437447,0.0030043863848854976,5.20665,0.041241867885277214,0.013041823747722784,5.20665,0.041241867885277214,0.013041823747722784,0.13222499999999998,0.006873644647546214,0.0021736372912871346,0.00413118750000002,0.00021745638331820382,6.876574630281677e-05,0.0006000000000000001,0.0005163977794943223,0.00016329931618554522,0.0323,0.00014837897237966069,4.6921550959494194e-05,0.00575,0.00275126233653653,0.0008700255424092126,1546.7,108.44665867502685,34.29384460479428,1546.7,108.44665867502685,34.29384460479428
0.2,0.2,one,baseline2_matched_0.050,10,0.05,0.7861251875,0.0017068491227847813,0.0005397530850260308,0.7851139374999999,0.0017047746208260592,0.0005390970699060266,3.930625937499999,0.008534245613925417,0.0026987654251306318,3.9304827909887394,0.008534541280729939,0.0026988589231837115,4.045,0.03894868418830097,0.012316655390161753,4.045,0.03894868418830097,0.012316655390161753,0.3258333333333333,0.0064914473647168305,0.002052775898360293,0.0038345000000000184,0.00021840623782809428,6.906611667252045e-05,0.00475,0.0019895560643855537,0.0006291528696058958,0.030528687500000002,0.00022322261909047482,7.058919015940841e-05,0.0497,0.006675827039900499,0.0021110818711425347,50.8,14.838388651662207,4.692310494604739,50.8,14.838388651662207,4.692310494604739
0.2,0.2,one,baseline2_matched_0.200,10,0.2,0.7859074249999998,0.001123824980813868,0.00035538466307668523,0.7848784874999997,0.001119135652725347,0.00035390176733113217,3.9295371250000004,0.005619124904065388,0.0017769233153821765,3.929304067584483,0.00560268161564635,0.0017717234910194534,4.11575,0.040683227502252214,0.012865166147391999,4.11575,0.040683227502252214,0.012865166147391999,0.31404166666666666,0.006780537917042026,0.0021441943578986633,0.00380575000000002,0.0001299605308673873,4.109712834655619e-05,0.0041,0.001926424436906652,0.0006091888960832355,0.030854437499999998,0.000248076007967652,7.844852180198588e-05,0.0505,0.004515405728048023,0.00142789666604026,237.4,27.138328778480243,8.58189308304927,237.4,27.138328778480243,8.58189308304927
0.2,0.2,one,baseline2_matched_0.350,10,0.35,0.7856979375,0.0014481465228227354,0.0004579441397772854,0.7846552625000003,0.001448879332797175,0.00045817587463841726,3.9284896875,0.007240732614110173,0.002289720698885319,3.9281865456821046,0.00725346349335339,0.002293746556387832,4.1707,0.03537984360244317,0.011188088904425719,4.1707,0.03537984360244317,0.011188088904425719,0.30488333333333334,0.00589664060040719,0.0018646814840709515,0.0038098125000000206,0.00021340840353975782,6.748566270059746e-05,0.00405,0.001363207003111902,0.00043108390521258536,0.030896249999999997,0.00013685010554942594,4.3275803157063434e-05,0.046150000000000004,0.005446966536012907,0.0017224820592518356,426.7,32.39358647085013,10.243751482950202,426.7,32.39358647085013,10.243751482950202
0.2,0.2,one,baseline2_matched_0.500,10,0.5,0.7846112625000005,0.0009038062712042029,0.00028580863805491345,0.7835408374999999,0.0009045488594113393,0.0002860434650647266,3.923056312499999,0.004519031356019938,0.0014290431902742268,3.922607446808512,0.004528404803062415,0.0014320073344923463,4.2817,0.04795205939268916,0.015163772617656822,4.2817,0.04795205939268916,0.015163772617656822,0.2863833333333333,0.007992009898781538,0.002527295436276141,0.00395950000000002,0.00018172084436788465,5.746517665314965e-05,0.0030499999999999998,0.0012791055902899929,0.0004044887033170532,0.031185374999999998,0.0002615869039790284,8.272104226454925e-05,0.0426,0.0027968235951204034,0.0008844332774281063,624.2,47.37744423480674,14.982063349960251,624.2,47.37744423480674,14.982063349960251
0.2,0.2,one,baseline2_matched_0.650,10,0.65,0.7844556250000001,0.0008974203713513955,0.0002837892392104529,0.78335585,0.000897100251040122,0.00028368800827956224,3.9222781250000005,0.004487101856758482,0.0014189461960527402,3.921681351689613,0.004491115149138108,0.0014202153105363215,4.3991,0.05802863277919123,0.018350264908775095,4.3991,0.05802863277919123,0.018350264908775095,0.26681666666666665,0.009671438796531871,0.003058377484795849,0.003924750000000019,0.00016583940524897425,5.244302463944419e-05,0.00275,0.0012304019216861166,0.000389087250997625,0.031288062500000005,0.00016223574935277197,5.1303448585894735e-05,0.03955,0.004969071006402169,0.0015713582235335984,872.2,49.91949073814311,15.785929036821226,872.2,49.91949073814311,15.785929036821226
0.2,0.2,one,baseline2_matched_0.800,10,0.8,0.7829380125000002,0.0018818320679907475,0.0005950875508795603,0.781796025,0.001886837987105183,0.0005966705614979792,3.914690062499999,0.009409160339953536,0.002975437754397738,3.91387246558198,0.00944599743231518,0.0029870866658218164,4.56795,0.0550522226819427,0.017409041392972235,4.56795,0.0550522226819427,0.017409041392972235,0.23867500000000003,0.009175370446990457,0.002901506898828708,0.004107687500000021,0.0002653586164278485,8.39137624662975e-05,0.003,0.0013944333775567925,0.0004409585518440984,0.0316816875,0.00014967268976837347,4.733066031918398e-05,0.03225,0.0030663949154956832,0.0009696792138525904,1146.2,49.94396860482755,15.793669617919706,1146.2,49.94396860482755,15.793669617919706
0.2,0.2,one,baseline2_matched_0.950,10,0.95,0.7819996375000001,0.0007480000521066245,0.00023653838545815623,0.7807764,0.0007452970763019912,0.00023568362945785947,3.909998187499999,0.0037400002605316477,0.0011826919272903147,3.90876795994994,0.003731149318156866,0.0011798930135559938,4.89295,0.04854119098479367,0.015350072384917974,4.89295,0.04854119098479367,0.015350072384917974,0.18450833333333333,0.008090198497465602,0.002558345397486326,0.004121375000000019,0.0001602885852316264,5.068770122579673e-05,0.0021999999999999997,0.001735255344642716,0.0005487359211051443,0.032148875,0.00023452297180778559,7.41626754544059e-05,0.02035,0.0029349427403083848,0.0009281103861550569,1473.1,53.21121435687531,16.826863443117773,1473.1,53.21121435687531,16.826863443117773
0.2,0.2,two-2g,baseline1_hdv,10,0.0,0.7863009,0.001036526237809614,0.00032777837660037196,0.7842997874999997,0.0010284381869316035,0.0003252207103397881,3.9315045,0.005182631189045003,0.0016388918830008896,3.931327255639096,0.005155078631239035,0.0016301789991978585,4.002225,0.025840980051073815,0.008171635393236747,3.9811,0.030771379198498375,0.009730764501198138,0.33296249999999994,0.004306830008512319,0.0013619392322061295,0.0037893750000000197,0.000145577454088499,4.603563308882483e-05,0.005375,0.0013806701271484075,0.0004366062299143245,0.0306155625,0.00024512972224756163,7.751682445067439e-05,0.051449999999999996,0.004080441152620634,0.0012903487900563942,0.0,0.0,0.0,0.0,0.0,0.0
0.2,0.2,two-2g,baseline2_all_hdv_yield,10,1.0,0.776556275,0.0014516042619570444,0.0004590375728991969,0.7739870125000001,0.0014526870187619911,0.00045937997066476476,3.8827813750000013,0.007258021309786727,0.0022951878644964603,3.879634147869674,0.007281639191787432,0.0023026564945595926,5.138525,0.045983005616809736,0.014541103140943453,5.1091,0.043368447311636846,0.01371430720897786,0.14357916666666667,0.007663834269468284,0.0024235171901572402,0.004475187500000023,0.00018606255715111482,5.883814678727727e-05,0.0008,0.00034960294939005053,0.00011055415967851333,0.0338240625,0.00028172063246582457,8.908788624551836e-05,0.0072,0.0014567848922274773,0.0004606758320361751,2962.5,265.48707857236457,83.95438576327557,2960.1,265.1014271305733,83.83243206937675
0.2,0.2,two-2g,baseline2_matched_0.050,10,0.05,0.7854583125,0.001331216654838278,0.0004209676688439167,0.7834463999999997,0.001327798987830867,0.00041988690764117366,3.9272915624999998,0.006656083274189398,0.002104838344218953,3.9270496240601496,0.006655634024212754,0.002104696278902456,4.023825,0.02925891364657578,0.009252480898536232,4.0096,0.028225087343630186,0.0089255563163063,0.3293625,0.004876485607762625,0.001542080149756037,0.00388768750000002,0.0001892985613059408,5.986146115197909e-05,0.00475,0.0012018504251546632,0.000380058475033046,0.030649625000000003,0.0001662957330581081,5.258732816309794e-05,0.048425,0.0039140949003427196,0.001237745486313276,109.6,14.431447143882233,4.563624290699955,109.6,14.431447143882233,4.563624290699955
0.2,0.2,two-2g,baseline2_matched_0.200,10,0.2,0.7850046500000004,0.0016860184142096209,0.0005331658365887601,0.7829545500000001,0.0016873896972179466,0.0005335994743510598,3.925023250000001,0.008430092071049057,0.002665829182944102,3.924584210526316,0.008458093720393802,0.002674684081961177,4.1002,0.02514314574148935,0.00795096080846695,4.0841,0.025129442669683207,0.007946627516682124,0.3166333333333333,0.004190524290248235,0.0013251601347444948,0.0037898125000000197,0.00012249576594156774,3.8736562410223424e-05,0.0042,0.0016988558241096009,0.0005372253820428733,0.031036875000000002,0.00028656338982656007,9.061930058706535e-05,0.047475,0.002325731665041732,0.0007354609287907677,449.3,53.39381986709698,16.884608375677534,449.3,53.39381986709698,16.884608375677534
0.2,0.2,two-2g,baseline2_matched_0.350,10,0.35,0.7840136125000002,0.0012948749489838916,0.000409475412388343,0.7819317874999998,0.0012932260104336964,0.0004089539722343157,3.9200680625000017,0.006474374744922869,0.0020473770619427937,3.919457581453636,0.006482335891900287,0.0020498945976663943,4.16365,0.036731041973301855,0.011615375346687952,4.1387,0.03631589795729195,0.01148409528192988,0.3060583333333333,0.0061218403288836,0.0019358958911146452,0.003943375000000021,0.00014174207551825312,4.482277989172712e-05,0.0054,0.0020385179801894206,0.0006446359868604571,0.0313611875,0.00021734657943081934,6.873102326480922e-05,0.044975,0.0038988067975272173,0.001232910963713294,834.8,55.48132819046222,17.54473646931688,834.8,55.48132819046222,17.54473646931688
0.2,0.2,two-2g,baseline2_matched_0.500,10,0.5,0.7829902750000003,0.0014906568553553349,0.00047138708726670225,0.7808666500000001,0.0014877415231091867,0.00047046517826330596,3.914951374999999,0.007453284276776969,0.0023569354363336043,3.9141185463659127,0.007457350993027788,0.0023582214449286254,4.247249999999999,0.01750714140001174,0.005536244214266609,4.22965,0.023821150732536316,0.007532909280100321,0.292125,0.0029178569000019084,0.0009227073690444195,0.0040037500000000194,0.00012191327746485386,3.8552363380501646e-05,0.00415,0.0012649110640673518,0.00039999999999999996,0.0317708125,0.00031170329692272976,9.856923724595794e-05,0.04135,0.003919679692129051,0.0012395115525435367,1213.7,68.807380095129,21.758804092954087,1212.9,68.9048458221755,21.789625462081208
0.2,0.2,two-2g,baseline2_matched_0.650,10,0.65,0.7817344499999994,0.0008782415041338998,0.00027772434887553065,0.7795633749999996,0.0008853296290545457,0.0002799658107844348,3.90867225,0.00439120752066808,0.0013886217443772047,3.907585839598996,0.0044377425015297576,0.0014033373974167292,4.34215,0.04063014070038798,0.012848378626633492,4.32815,0.042910792478246224,0.013569584043407934,0.2763083333333333,0.006771690116731349,0.002141396437772255,0.004096250000000022,8.005206639015512e-05,2.5314686119590347e-05,0.004325,0.0008083762875185183,0.0002556310275029661,0.032188062499999996,0.0003161727850949892,9.998261350591022e-05,0.040400000000000005,0.00277938842193746,0.0008789197915623475,1690.5,95.46174335535909,30.187653841337927,1689.3,96.63338507529947,30.558159485006797
0.2,0.2,two-2g,baseline2_matched_0.800,10,0.8,0.7807471249999998,0.0015672516749075556,0.0004956084959421638,0.7784866874999998,0.0015810398150268782,0.0004999686886896244,3.903735625000001,0.007836258374536477,0.0024780424797104074,3.9021889097744342,0.007925011604147672,0.0025061087152371355,4.520875,0.043723285494624536,0.01382651689488153,4.5,0.0426900977328986,0.013499794237115,0.24652083333333336,0.007287214249104072,0.0023044194824802496,0.004155500000000022,0.0001247785538464052,3.945844332966044e-05,0.0028250000000000003,0.0008420378719379419,0.00026627575514450764,0.032656875,0.0003498716282438465,0.0001106391233922252,0.031675,0.0014627314631651754,0.000462556302879264,2207.7,76.70441099875983,24.25606453377519,2205.1,77.53773274993279,24.519584009521854
0.2,0.2,two-2g,baseline2_matched_0.950,10,0.95,0.7783853874999996,0.0016810784964677464,0.0005316036974369402,0.7759755000000002,0.0016654278395921297,0.0005266545251764678,3.8919269374999983,0.008405392482335027,0.0026580184871835295,3.8896015037593967,0.00834800922101334,0.002639872306649012,4.819775,0.06505942262441507,0.020573595874864098,4.7924999999999995,0.06725449179546812,0.02126773769507864,0.19670416666666668,0.010843237104069155,0.0034289326458106758,0.004405937500000021,0.00022271354647780876,7.042820726436466e-05,0.002275,0.0007678432999859629,0.00024281337140555774,0.033436312499999996,0.0001836922268398654,5.8088582528228864e-05,0.021625,0.0013806701271484071,0.0004366062299143243,2839.7,142.10016029391224,44.93601624037844,2835.7,143.8363653600855,45.485052489801525
0.2,0.2,two-g,baseline1_hdv,10,0.0,0.7871798000000002,0.0009733261579359927,0.0003077927565298509,0.7851738374999992,0.0009692851031997044,0.0003065148628182427,3.935899,0.004866630789678939,0.0015389637826489307,3.9357084586466144,0.004858571945862241,0.0015364153524720977,4.011925,0.021551633735442523,0.006815224990172109,3.98465,0.02627953365052145,0.008310318218268716,0.33134583333333334,0.003591938955907095,0.0011358708316953538,0.0037607500000000184,0.00017822202523195258,5.6358752894096885e-05,0.004975,0.0017734539432668923,0.0005608153786130413,0.030499187500000004,0.00019355098425723473,6.12061953620255e-05,0.0501,0.003727152621863863,0.0011786291472158097,0.0,0.0,0.0,0.0,0.0,0.0
0.2,0.2,two-g,baseline2_all_hdv_yield,10,1.0,0.7768035749999995,0.001020215992245372,0.00032262062408240557,0.7742158374999998,0.0010241625441501985,0.0003238686333747384,3.884017874999999,0.005101079961228048,0.0016131031204124039,3.8807811403508765,0.005133646837845932,0.0016234016710514232,5.1754750000000005,0.027984978609564337,0.008849627267731525,5.143800000000001,0.038848852406902966,0.012285085808952781,0.13742083333333335,0.004664163101594041,0.0014749378779552495,0.004451625000000024,0.00016929777349720365,5.353665670464534e-05,0.0005250000000000001,0.00027512623365365295,8.700255424092124e-05,0.033805312500000004,0.00027054106826516296,8.555259763330132e-05,0.0066,0.0012974333637352376,0.00041028445416970566,2914.4,269.64800100212955,85.2701849678095,2912.4,269.24305417637464,85.14212953774542
0.2,0.2,two-g,baseline2_matched_0.050,10,0.05,0.7856689999999998,0.0016279525751091988,0.0005148038060081404,0.7836580749999997,0.0016264748266744146,0.0005143365009218738,3.928345000000003,0.008139762875545718,0.002574019030040615,3.9281106516290705,0.008152756023430803,0.002578127824169842,4.02185,0.0375878969882594,0.0118863366938683,4.00525,0.041028614675884756,0.012974387161720686,0.32969166666666666,0.006264649498043234,0.001981056115644717,0.0038063750000000202,0.00022741848356425687,7.191603900846191e-05,0.00575,0.0016666666666666668,0.0005270462766947299,0.0306883125,0.00016231641606322865,5.132895763953438e-05,0.051775,0.0033112812223266897,0.0010471190635898734,120.7,34.47398374942408,10.90163086678115,120.7,34.47398374942408,10.90163086678115
0.2,0.2,two-g,baseline2_matched_0.200,10,0.2,0.7845772125,0.0017124923347864467,0.0005415376253504769,0.7825271249999994,0.0016999703888350016,0.0005375778383560679,3.9228860625000017,0.008562461673930655,0.0027076881267518852,3.9224417293233076,0.008521154831254416,0.0026946257561711695,4.100175,0.045398857364475555,0.014356379244085175,4.074949999999999,0.0461449708346786,0.014592321039962552,0.3166375,0.007566476227412599,0.002392729874014198,0.003897062500000021,0.00022870731424744106,7.232360305617922e-05,0.0056,0.0014586904324694044,0.0004612784167699349,0.030906499999999996,0.00016765415791642808,5.3016899821346214e-05,0.048125,0.0024923494047896975,0.0007881500844100417,474.7,55.00111109988799,17.392878491561486,474.7,55.00111109988799,17.392878491561486
0.2,0.2,two-g,baseline2_matched_0.350,10,0.35,0.7846856874999991,0.0014523814821246629,0.00045928335149650616,0.7826009250000003,0.0014540912160460229,0.00045982401683494106,3.9234284374999993,0.007261907410621613,0.002296416757481993,3.9228116541353373,0.007288677774667115,0.002304882289899559,4.169525,0.03149921736241157,0.009960927137794204,4.15005,0.03395376758672507,0.01073712407180499,0.3050791666666667,0.005249869560401925,0.0016601545229656997,0.0038675625000000186,0.00012875891622308896,4.0717144431976616e-05,0.00405,0.0014662878298615182,0.00046368092477478524,0.031330625,0.0002779435269378773,8.789346060240575e-05,0.047725000000000004,0.0029543987920086596,0.000934262929919743,838.0,67.47015801242964,21.33593734107368,837.4,67.18663888337059,21.2462807202683
0.2,0.2,two-g,baseline2_matched_0.500,10,0.5,0.7835570250000001,0.0011479917531398022,0.0003630268675011529,0.7814316375,0.0011428425915507511,0.0003613985596349876,3.9177851249999995,0.005739958765701212,0.0018151343375064606,3.916950563909773,0.005728534293487737,0.0018115216021804721,4.250775,0.03287527988896496,0.010396076316465669,4.22495,0.03614972721581421,0.011431547479575015,0.2915375,0.005479213314827465,0.0017326793860776024,0.00397900000000002,0.00015692028452193293,4.962255101709744e-05,0.003825,0.001041166546609032,0.00032924577108564015,0.0317263125,0.00021513288246582636,6.803099081893123e-05,0.043025,0.002301720371084781,0.0007278678909435874,1237.4,77.1264474022296,24.38952416282222,1236.6,77.16965436980753,24.40318740565575
0.2,0.2,two-g,baseline2_matched_0.650,10,0.65,0.7820645500000001,0.0009000623458344382,0.000284624704899099,0.7798791125000002,0.0008943953913940974,0.0002828326565563108,3.91032275,0.004500311729172226,0.001423123524495506,3.909168483709273,0.004483184919262638,0.0014177075516588018,4.370875,0.03556220098487852,0.011245755372089928,4.34795,0.03559139252996745,0.01125498654917998,0.2715208333333333,0.00592703349747976,0.00187429256201499,0.00411331250000002,0.00016264925036972325,5.143420908873093e-05,0.003425,0.0011729000146834532,0.0003709035514044648,0.032183875,0.0002092635067989095,6.617493126386853e-05,0.04045,0.0030110906108363252,0.000952190457139047,1720.4,69.36249386776369,21.93434648115953,1718.8,70.40486094329314,22.263971892823715
0.2,0.2,two-g,baseline2_matched_0.800,10,0.8,0.7802209000000002,0.0017268714564442642,0.0005460847028696128,0.7779596875000003,0.0017182152493879607,0.0005433473698500189,3.9011045000000015,0.008634357282223814,0.002730423514348853,3.899547305764409,0.008612607766357012,0.002723545713534346,4.522425,0.05163682606004728,0.01632899814916879,4.5017499999999995,0.04921113807982014,0.015561928258127664,0.2462625,0.008606137676674529,0.002721499691528126,0.004154125000000021,0.00017214995683673462,5.443859627037566e-05,0.003175,0.000943177254461394,0.0002982588361362213,0.0327136875,0.00018793386146387218,5.94299051696382e-05,0.032625,0.003356689010187138,0.0010614782669047494,2230.4,99.05800769694942,31.32489248008505,2229.0,99.79757289411178,31.558763530207507
0.2,0.2,two-g,baseline2_matched_0.950,10,0.95,0.7788245875,0.00122214340267462,0.0003864756779800118,0.7764031250000001,0.0012175000099821445,0.0003850073082821314,3.8941229374999984,0.006110717013374927,0.001932378389900637,3.891744987468671,0.006102756942263285,0.0019298611943956673,4.842925,0.043995746322166754,0.013912676573702305,4.8133,0.047601470565519194,0.015052906696050401,0.19284583333333333,0.007332624387027759,0.002318779428950374,0.004363062500000022,0.00022185464499744934,7.015659876800206e-05,0.001975,0.0009750356118852502,0.0003083333333333333,0.03334475,0.00018187134876060067,5.751277032103395e-05,0.02105,0.002388630476979551,0.0007553512795749773,2812.3,79.12865754228643,25.022678602508652,2808.1,80.79665834674105,25.550146770615623
0.25,0.25,one,baseline1_hdv,10,0.0,0.7713820874999999,0.0013760893513688345,0.000435157661422926,0.7706060999999995,0.001374778321524423,0.0004347430773840464,3.0855283499999997,0.005504357405475338,0.001740630645691704,3.08550990990991,0.005504617904002272,0.0017407130225589272,3.10395,0.035559379134687395,0.011244863024707953,3.10395,0.035559379134687395,0.011244863024707953,0.48267499999999997,0.0059265631891145705,0.001874143837451327,0.01571784999999996,0.0005320193213909818,0.00016823928148126428,0.01475,0.0032080627591533593,0.00101447851956888,0.04199245,0.00021025136411236626,6.648731917524635e-05,0.04895,0.004722581685664925,0.0014934114562898519,0.0,0.0,0.0,0.0,0.0,0.0
0.25,0.25,one,baseline2_all_hdv_yield,10,1.0,0.7649591375000002,0.0008646420149765703,0.0002734238128003381,0.7638918499999999,0.0008563845510666619,0.0002708125734351431,3.059836550000001,0.0034585680599062813,0.0010936952512013525,3.0586260260260247,0.003428967171438541,0.0010843346283690854,4.26915,0.08281641342954506,0.026188849408351887,4.26915,0.08281641342954506,0.026188849408351887,0.288475,0.013802735571590825,0.004364808234725309,0.017065749999999963,0.0006974919055683569,0.00022056630711270877,0.00315,0.0013753787357185172,0.00043493294502332957,0.04364975,0.00024085556414120432,7.616521698109825e-05,0.0102,0.0038239014399199965,0.0012092238098144702,2365.7,99.36805880719977,31.42293925003056,2365.7,99.36805880719977,31.42293925003056
0.25,0.25,one,baseline2_matched_0.050,10,0.05,0.7702867874999996,0.0015264681696945143,0.0004827116191983077,0.7695097625000001,0.0015283933381188657,0.0004833204109083465,3.0811471499999983,0.006105872678778057,0.0019308464767932307,3.081120170170169,0.006119693045521573,0.0019352168604940662,3.1081,0.040357981449357275,0.012762314314679238,3.1081,0.040357981449357275,0.012762314314679238,0.4819833333333333,0.0067263302415595345,0.0021270523857798694,0.016449049999999937,0.000779744097979177,0.00024657673416876954,0.016900000000000002,0.004195235392680606,0.0013266499161421598,0.0419302,0.00031298919044167356,9.897587248078907e-05,0.044,0.0032659863237109042,0.0010327955589886444,68.2,24.800537628581093,7.8426186103027264,68.2,24.800537628581093,7.8426186103027264
0.25,0.25,one,baseline2_matched_0.200,10,0.2,0.7705704749999994,0.0008048231318813415,0.00025450742103351156,0.7697738499999996,0.0008005701154312478,0.00025316249914266554,3.0822818999999977,0.003219292527525366,0.0010180296841340462,3.0821775775775775,0.0032054859476732937,0.0010136636602310922,3.1864999999999997,0.048576972139299,0.015361387379472699,3.1864999999999997,0.048576972139299,0.015361387379472699,0.4689166666666667,0.00809616202321649,0.0025602312299121133,0.01593104999999994,0.0005143112681592199,0.00016263950336727696,0.01595,0.0032011282733158666,0.0010122856426040142,0.04207905,0.0002737868645903636,8.657900855416519e-05,0.04635,0.00368216421868082,0.0011644025649805712,311.8,35.395542720015534,11.193053401304063,311.8,35.395542720015534,11.193053401304063
0.25,0.25,one,baseline2_matched_0.350,10,0.35,0.7698616000000003,0.0008815109775109277,0.0002787582471375997,0.7690273125,0.0008767984637343094,0.00027726801943369614,3.079446400000001,0.003526043910043711,0.0011150329885503988,3.0791884384384387,0.003510704559496126,0.001110182259994587,3.33715,0.04790502757192263,0.015148899850044119,3.33715,0.04790502757192263,0.015148899850044119,0.4438083333333333,0.007984171261987097,0.0025248166416740173,0.015966249999999942,0.0005006776102887436,0.00015832816219625838,0.011949999999999999,0.003632033406601138,0.0011485498102680033,0.0422989,0.00022509884248678147,7.118250409257099e-05,0.04285,0.0036213103828433278,0.0011451588924201255,570.4,42.42954945161057,13.41740163618376,570.4,42.42954945161057,13.41740163618376
0.25,0.25,one,baseline2_matched_0.500,10,0.5,0.7694841875000001,0.0012558562874616858,0.0003971366282222087,0.7686328500000001,0.001255256529226338,0.0003969469680152945,3.0779367500000006,0.005023425149846743,0.0015885465128888348,3.077609009009009,0.005026052169078227,0.00158937724931169,3.40535,0.046520037498790655,0.014710927533262096,3.40535,0.046520037498790655,0.014710927533262096,0.4324416666666667,0.007753339583131773,0.002451821255543682,0.016138199999999932,0.0005978231901379192,0.00018904829189037354,0.011850000000000001,0.002603949990985917,0.0008234412884690418,0.04248895,0.00015812344860898997,5.0003024908499175e-05,0.04095,0.004071922832711292,0.0012876550607812463,805.9,51.4855966913725,16.281175223756627,805.9,51.4855966913725,16.281175223756627
0.25,0.25,one,baseline2_matched_0.650,10,0.65,0.76831245,0.0009112279855596944,0.0002881555902055656,0.7674308874999995,0.0009112657014529827,0.00028816751701824347,3.0732498,0.0036449119422387777,0.0011526223608222623,3.072796346346346,0.0036487115173327394,0.0011538238919660392,3.52625,0.04157473190933811,0.013147084594438937,3.52625,0.04157473190933811,0.013147084594438937,0.41229166666666667,0.006929121984889676,0.0021911807657398197,0.01629144999999993,0.0004899725871016813,0.0001549429366286552,0.00935,0.003180234093410246,0.0010056783227697058,0.042751500000000005,0.00018751459202478662,5.9297320531557044e-05,0.03895,0.003593589972282438,0.0011363929289153858,1209.3,78.11537051765876,24.702249110376794,1209.3,78.11537051765876,24.702249110376794
0.25,0.25,one,baseline2_matched_0.800,10,0.8,0.7681975999999999,0.001098930630456596,0.0003475123782767646,0.7672816249999991,0.0010968978194841035,0.0003468695470041988,3.0727903999999997,0.004395722521826384,0.0013900495131070583,3.0721986986987,0.004391983261196575,0.0013888670550715394,3.6639000000000004,0.05195927892750891,0.016430966699091904,3.6639000000000004,0.05195927892750891,0.016430966699091904,0.38935,0.008659879821251474,0.0027384944498486472,0.016449749999999954,0.000986909464777137,0.00031208817530734717,0.0073999999999999995,0.0021317702607092644,0.0006741249472052228,0.042978749999999996,0.0002863619747025697,9.055560753236387e-05,0.032350000000000004,0.0035043623607662992,0.001108176680658619,1581.0,61.590042485237284,19.476481543988722,1581.0,61.590042485237284,19.476481543988722
0.25,0.25,one,baseline2_matched_0.950,10,0.95,0.7667772125000002,0.0014020449958231857,0.0004433655568842529,0.7657842750000003,0.001401028373294561,0.0004430440726131435,3.0671088500000008,0.005608179983292743,0.0017734622275370115,3.0662033033033005,0.005609723216397447,0.0017739502406941554,3.97175,0.03652567590065929,0.011550432892320541,3.97175,0.03652567590065929,0.011550432892320541,0.3380416666666667,0.0060876126501098644,0.0019250721487200848,0.01668484999999994,0.0006470758177284332,0.00020462334028378105,0.00415,0.0014916433890176297,0.00047169905660283013,0.043316850000000004,0.00019577084818736502,6.190817797351196e-05,0.02335,0.003520179919644259,0.001113178631966436,2127.9,103.37896841771595,32.69130023585956,2127.9,103.37896841771595,32.69130023585956
0.25,0.25,two-2g,baseline1_hdv,10,0.0,0.7711761375,0.0010598375374224677,0.0003351500567998938,0.7696194749999997,0.0010577738478497732,0.00033449746085656835,3.08470455,0.004239350149689871,0.0013406002271995753,3.0846471943887797,0.004239574540476623,0.0013406711857967847,3.113325,0.031118065938900846,0.00984039647462327,3.0947,0.028476305940202243,0.009004998611882167,0.48111249999999994,0.005186344323150134,0.0016400660791038761,0.01596599999999994,0.0005626409946749893,0.00017792270481556345,0.017075,0.003741750184665519,0.0011832453018898678,0.0417033,0.00023646825015915656,7.477782648174085e-05,0.046975,0.0031981982775028533,0.0010113590965736264,0.0,0.0,0.0,0.0,0.0,0.0
0.25,0.25,two-2g,baseline2_all_hdv_yield,10,1.0,0.7612753125000001,0.0012293878632193757,0.00038876657755407707,0.7591730875,0.0012386066026571806,0.00039168179893198546,3.0451012500000005,0.004917551452877503,0.0015550663102163083,3.042777905811626,0.0049643551208690285,0.0015698669295866623,4.20445,0.08435480622545058,0.02667533192545749,4.18285,0.08184913289434116,0.025882968445592788,0.29925833333333335,0.01405913437090843,0.0044458886542429145,0.01765514999999997,0.0005616032629891097,0.00017759454524281286,0.003025,0.0010168715640521068,0.00032156302302624565,0.044904349999999996,0.0001717583978215404,5.4314774437737045e-05,0.012275,0.0031011870487139452,0.0009806814524151615,4363.4,308.49390413570393,97.5543381346462,4356.6,306.82973925108513,97.02808299089953
0.25,0.25,two-2g,baseline2_matched_0.050,10,0.05,0.7708590999999999,0.0011949432180840933,0.000377874224371704,0.7692885624999998,0.0012028187673034639,0.0003803646917075012,3.0834363999999996,0.004779772872336373,0.001511496897486816,3.0833208917835693,0.004820916903022908,0.001524507782395747,3.141075,0.03439013303260109,0.010875114941921307,3.1229,0.03429188436544909,0.010844045985393697,0.4764875,0.00573168883876683,0.0018125191569868784,0.01589149999999995,0.0003830931131374413,0.0001211446793438888,0.016,0.003935239651039198,0.0012444320435890065,0.04215455,0.00019880747945912083,6.286844509679617e-05,0.047049999999999995,0.0035390676738372784,0.0011191514642799698,130.2,27.943593978664314,8.83654029835458,130.2,27.943593978664314,8.83654029835458
0.25,0.25,two-2g,baseline2_matched_0.200,10,0.2,0.7702223500000003,0.0009610599125732357,0.0003039138291613719,0.7686125000000003,0.0009587456576755164,0.00030318199750507254,3.080889400000001,0.003844239650292943,0.0012156553166454876,3.0806112224448916,0.003842667966634,0.001215158306633135,3.2197000000000005,0.03431245319770137,0.010850550421266411,3.1916,0.03759417803626272,0.011888322935646635,0.46338333333333337,0.005718742199616885,0.0018084250702110653,0.01621374999999995,0.00047831900385041315,0.00015125775003101545,0.01345,0.0022846103484936865,0.000722457226723108,0.04220675,0.00016450654326736564,5.2021536672591325e-05,0.044225,0.0030944618990132104,0.0009785547733491694,562.4,91.85520005844948,29.0471647115132,562.4,91.85520005844948,29.0471647115132
0.25,0.25,two-2g,baseline2_matched_0.350,10,0.35,0.7688215625000006,0.0010533388634642851,0.0003330949956520259,0.7671798874999997,0.0010399426874735584,0.00032885875284531003,3.075286250000002,0.0042133554538571405,0.0013323799826081037,3.074869288577155,0.004168106963819662,0.0013180711536879166,3.28335,0.031789061710664625,0.010052583968534874,3.2652500000000004,0.035156989189759826,0.01111761615135587,0.45277500000000004,0.005298176951777431,0.001675430661422477,0.016233249999999942,0.0006717417761974378,0.00021242340122709847,0.01345,0.0030659419433511784,0.0009695359714832658,0.04268965,0.0003502223936301048,0.0001107500451467177,0.044575,0.0023065426267227076,0.000729392822071131,1066.8,58.618919964272436,18.536930106621693,1066.4,58.73707895737108,18.574295261044078
0.25,0.25,two-2g,baseline2_matched_0.500,10,0.5,0.7686999874999997,0.0013443105348325,0.00042510831726298205,0.7670034249999997,0.00134358903712907,0.0004248801596560401,3.0747999499999987,0.00537724213933,0.0017004332690519282,3.074162024048098,0.005385126401319395,0.001702926491607526,3.393125,0.032620130543372525,0.010315391008908315,3.3768000000000002,0.03499222135783263,0.011065511987954095,0.43447916666666664,0.005436688423895445,0.00171923183481806,0.016336899999999932,0.0006759796512387658,0.00021376353498407612,0.012325,0.0014484186779611294,0.00045803020278870977,0.0427264,0.00017096585104114226,5.40641491399079e-05,0.039525,0.0039005875625773784,0.0012334740910669073,1567.9,103.56903226565576,32.75140370189413,1566.5,103.97676022393979,32.88033860328489
0.25,0.25,two-2g,baseline2_matched_0.650,10,0.65,0.7674392999999999,0.0007593345821429128,0.00024012267857038242,0.7656943750000003,0.0007699883048353771,0.0002434916814971833,3.0697571999999997,0.0030373383285716513,0.0009604907142815297,3.0689153306613246,0.0030861254702824136,0.000975918563115071,3.4898499999999997,0.05198640313688873,0.016439544127229058,3.4692999999999996,0.054051004718794135,0.017092428473189834,0.4183583333333334,0.008664400522814777,0.0027399240212048395,0.01666559999999994,0.0013449377680770553,0.0004253066658306793,0.0114,0.0025005554938408742,0.0007907450776184306,0.0432914,0.00021067336487241777,6.662076753285484e-05,0.0377,0.0033968940061310255,0.001074192202954801,2204.8,78.81736977201014,24.924240766325816,2202.8,78.39047561194323,24.789244979762223
0.25,0.25,two-2g,baseline2_matched_0.800,10,0.8,0.76587625,0.0009891480604117158,0.0003127960814038851,0.7640596000000002,0.0009830489097838937,0.00031086736062624874,3.063505,0.003956592241646863,0.0012511843256155404,3.0623631262525053,0.003940075790719516,0.0012459613652362588,3.6332999999999998,0.029829562145257504,0.009432935798455215,3.6113500000000003,0.04136561239591274,0.013080955197877905,0.39445,0.004971593690876245,0.0015721559664092007,0.016627699999999947,0.0003106952061283017,9.825045094609381e-05,0.008324999999999999,0.0018968175101117834,0.0005998263637642701,0.0439272,0.00023044970528656944,7.287459548201054e-05,0.032850000000000004,0.0028775954468193672,0.000909975579647913,3001.2,155.61976452594675,49.2112904841065,2996.2,156.28449841377244,49.42149779644931
0.25,0.25,two-2g,baseline2_matched_0.950,10,0.95,0.7626090999999995,0.0017288811137714678,0.0005467202123166538,0.7606704750000001,0.0017185020081692257,0.000543438050938804,3.050436399999998,0.006915524455085871,0.0021868808492666154,3.0487794589178354,0.006887783599878633,0.002178108420597034,3.87725,0.04507940525093218,0.014255359615869996,3.8471,0.051432696042714186,0.01626444656981057,0.3537916666666666,0.007513234208488709,0.0023758932693116698,0.01813174999999996,0.003802990323781792,0.0012026111342731672,0.006,0.003227486121839514,0.0010206207261596574,0.04456055,0.0004915134478775166,0.00015543019958954058,0.022775,0.0018650662782384495,0.0005897857426406831,3974.1,234.38119473294876,74.11784160675784,3965.7,235.91196568965202,74.60191388667957
0.25,0.25,two-g,baseline1_hdv,10,0.0,0.7711761375,0.0010598375374224677,0.0003351500567998938,0.7696194749999997,0.0010577738478497732,0.00033449746085656835,3.08470455,0.004239350149689871,0.0013406002271995753,3.0846471943887797,0.004239574540476623,0.0013406711857967847,3.113325,0.031118065938900846,0.00984039647462327,3.0947,0.028476305940202243,0.009004998611882167,0.48111249999999994,0.005186344323150134,0.0016400660791038761,0.01596599999999994,0.0005626409946749893,0.00017792270481556345,0.017075,0.003741750184665519,0.0011832453018898678,0.0417033,0.00023646825015915656,7.477782648174085e-05,0.046975,0.0031981982775028533,0.0010113590965736264,0.0,0.0,0.0,0.0,0.0,0.0
0.25,0.25,two-g,baseline2_all_hdv_yield,10,1.0,0.7612753125000001,0.0012293878632193757,0.00038876657755407707,0.7591730875,0.0012386066026571806,0.00039168179893198546,3.0451012500000005,0.004917551452877503,0.0015550663102163083,3.042777905811626,0.0049643551208690285,0.0015698669295866623,4.20445,0.08435480622545058,0.02667533192545749,4.18285,0.08184913289434116,0.025882968445592788,0.29925833333333335,0.01405913437090843,0.0044458886542429145,0.01765514999999997,0.0005616032629891097,0.00017759454524281286,0.003025,0.0010168715640521068,0.00032156302302624565,0.044904349999999996,0.0001717583978215404,5.4314774437737045e-05,0.012275,0.0031011870487139452,0.0009806814524151615,4363.4,308.49390413570393,97.5543381346462,4356.6,306.82973925108513,97.02808299089953
0.25,0.25,two-g,baseline2_matched_0.050,10,0.05,0.7702559874999999,0.0008770737775608837,0.00027735508131002725,0.7687010500000002,0.0008752773294632244,0.00027678699454133926,3.0810239499999996,0.0035082951102435346,0.001109420325240109,3.08096613226453,0.0035081255689902425,0.0011093667115883328,3.1098749999999997,0.031861298798246035,0.010075427341364306,3.08675,0.029144515397888718,0.009216304995917683,0.48168750000000005,0.005310216466374311,0.0016792378902273754,0.015951099999999958,0.0006446413214597003,0.0002038534849673433,0.01615,0.003078148794324277,0.0009733961166965892,0.04207815,0.00023898838302775723,7.557476246884405e-05,0.047325,0.0023512703422240142,0.0007435369676231459,138.0,56.85068161420758,17.977764043395386,138.0,56.85068161420758,17.977764043395386
0.25,0.25,two-g,baseline2_matched_0.200,10,0.2,0.7698987374999999,0.0006991229213819482,0.00022108207959977888,0.7682938874999999,0.0006892132905678578,0.00021794837918538747,3.0795949499999997,0.002796491685527793,0.0008843283183991155,3.0793342184368724,0.0027623779181077265,0.00087354059793745,3.2097,0.0360406406405017,0.011397051275561511,3.1975000000000002,0.03799342048302573,0.012014574482685598,0.46505,0.006006773440083598,0.0018995085459269127,0.016056749999999925,0.0004419020284834293,0.00013974169126562393,0.014025000000000001,0.0026937427494101956,0.000851836251870041,0.04220085,0.00026522716154689325,8.387219278296104e-05,0.04485,0.0037009758472897696,0.0011703513242707177,566.7,66.93786505243335,21.167611527467567,566.7,66.93786505243335,21.167611527467567
0.25,0.25,two-g,baseline2_matched_0.350,10,0.35,0.7694750124999999,0.0008485081770746199,0.0002683218452833266,0.7678437874999995,0.0008471600146673984,0.00026789551889706305,3.0779000499999998,0.0033940327082984797,0.0010732873811333064,3.077530210420842,0.003395430920510413,0.0010737295346575034,3.26245,0.0300859417151747,0.009514010137102487,3.2445,0.03375730373645907,0.010674996747332306,0.4562583333333333,0.005014323619195789,0.0015856683561837497,0.015927949999999934,0.00045645843488512593,0.00014434483114326565,0.012525,0.0023107538452490635,0.0007307245262979294,0.042578450000000004,0.00016385756857032195,5.181631285394375e-05,0.0446,0.003080404013906112,0.0009741092797468303,1046.5,79.60073980672402,25.17196412236792,1045.9,79.31435347190738,25.081400811491104
0.25,0.25,two-g,baseline2_matched_0.500,10,0.5,0.7676073375000002,0.0010458088078962305,0.00033071378300175735,0.7659219874999998,0.0010422897327421131,0.00032960095372732546,3.070429350000001,0.004183235231584922,0.0013228551320070294,3.0698276052104214,0.004177513958884919,0.0013210459067223344,3.3707000000000003,0.03321788340303723,0.010504417060350262,3.3438499999999998,0.03426615596247182,0.010835909949997013,0.43821666666666664,0.0055363139005062045,0.0017507361767250434,0.016349099999999943,0.0004936931570655403,0.00015611948415663568,0.010875,0.002270737765573119,0.0007180703308172536,0.0428797,0.00023927555012764946,7.56655726793165e-05,0.04115,0.003771604433129222,0.0011926860441876562,1580.9,63.696240949612644,20.142519979166238,1580.3,63.62223580548619,20.119117497765373
0.25,0.25,two-g,baseline2_matched_0.650,10,0.65,0.7669191874999998,0.001615861872545615,0.0005109803901468844,0.7651798875000002,0.001629672398539543,0.0005153476619294616,3.067676749999999,0.00646344749018246,0.0020439215605875375,3.066853256513027,0.006531753100362298,0.0020655216911011245,3.4786,0.047561685093033566,0.015040325424966347,3.4445,0.047174616526734416,0.014917923596950225,0.42023333333333335,0.007926947515505595,0.002506720904161058,0.016578949999999943,0.000519201547784888,0.00016418594556849965,0.010100000000000001,0.001420093893609386,0.0004490731195102492,0.04328625,0.00037209379417919175,0.00011766638928201489,0.038875,0.0030328067308463074,0.0009590576972563572,2201.5,146.49478564857597,46.325718798764704,2199.5,147.8672452648734,46.75972863717477
0.25,0.25,two-g,baseline2_matched_0.800,10,0.8,0.7652131999999996,0.0012423957691577701,0.0003928800385895327,0.7633934874999999,0.0012461911894763827,0.0003940802558779825,3.0608527999999984,0.0049695830766310805,0.0015715201543581307,3.0596933366733454,0.004994754266439119,0.0015794799834791126,3.639425,0.032876462789593976,0.010396450382489002,3.6148499999999997,0.03553718709558578,0.011237845285759492,0.39342916666666666,0.00547941046493232,0.0017327417304148307,0.018105399999999973,0.004333424593910841,0.0013703491785348485,0.008125,0.002582661202885289,0.0008167091825667743,0.04391165,0.00036815546610395817,0.00011642098059294239,0.034499999999999996,0.0030956959368344515,0.0009789450103725608,3142.2,116.24571676697025,36.76012332224508,3137.6,113.26291930234224,35.81687994352507
0.25,0.25,two-g,baseline2_matched_0.950,10,0.95,0.7624501124999998,0.0011184980682349965,0.0003537001454121017,0.7604954250000003,0.0011227184877687065,0.0003550347592529006,3.0498004499999993,0.004473992272939986,0.0014148005816484069,3.0480778557114236,0.004499873698472366,0.0014229850070258422,3.909375,0.02977584078484512,0.009415947612664623,3.8741999999999996,0.03963948648619065,0.012535106257582706,0.3484375,0.004962640130807518,0.0015693246021107699,0.01792544999999998,0.0006077198481939749,0.00019217788995847253,0.005375,0.0014397627119309162,0.00045529294598825777,0.04451475,0.00015881020293279487,5.0220195694118405e-05,0.023975,0.002517852921306829,0.0007962150044638277,4089.4,158.57994829107494,50.1473827831523,4084.4,158.79770499321177,50.21624349860422
0.3,0.3,one,baseline1_hdv,10,0.0,0.7333107375000002,0.006998020799674063,0.0022129684840202944,0.7326974000000002,0.006993330935414341,0.0022114854187225206,2.4443691249999997,0.023326735998914664,0.007376561613401336,2.4443616346955808,0.023330545239080173,0.007377766200909097,2.45335,0.03575771090113142,0.01130758103614072,2.45335,0.03575771090113142,0.01130758103614072,0.5911083333333333,0.005959618483521906,0.0018845968393567877,0.05667350000000002,0.06783038345835916,0.021449850629102395,0.05500000000000001,0.06686470585360328,0.02114447655745795,0.04436891666666667,0.00468865674287094,0.001482683447417861,0.04445,0.003546907886533785,0.0011216307572260828,0.0,0.0,0.0,0.0,0.0,0.0
0.3,0.3,one,baseline2_all_hdv_yield,10,1.0,0.7271342500000004,0.005689486992044304,0.001799173761276029,0.726277525,0.005678072872720066,0.0017955642998210757,2.4237808333333333,0.018964956640145806,0.005997245870919504,2.422944203502919,0.01894269515502992,0.00599020617121309,3.4269,0.0813609242818688,0.02572858332672047,3.4269,0.0813609242818688,0.02572858332672047,0.42885,0.013560154046978143,0.004288097221120082,0.07143133333333333,0.0562637752631262,0.017792167959131827,0.04285,0.06469073864678518,0.020457007764251998,0.044811666666666666,0.0041248538086702214,0.0013043933050618296,0.011949999999999999,0.003975270780434683,0.0012570909982088717,2778.2,417.59225195025937,132.05426494017104,2778.2,417.59225195025937,132.05426494017104
0.3,0.3,one,baseline2_matched_0.050,10,0.05,0.7330030750000003,0.007354889386867374,0.0023258202401100206,0.7323813000000003,0.007347362557833356,0.0023234400477794024,2.4433435833333355,0.02451629795622405,0.007752734133699901,2.4433070892410327,0.024511634888517306,0.007751259542216211,2.4871000000000003,0.04449581753128914,0.014070812975012417,2.4871000000000003,0.04449581753128914,0.014070812975012417,0.5854833333333334,0.007415969588548147,0.002345135495835389,0.05656141666666674,0.06727858356453892,0.02127535618139129,0.0509,0.06745278183868904,0.02133044251246977,0.044353333333333335,0.004857565913596877,0.001536097217136281,0.04815,0.004014210867516663,0.0012694049349553074,87.0,30.25447625283461,9.567305437443363,87.0,30.25447625283461,9.567305437443363
0.3,0.3,one,baseline2_matched_0.200,10,0.2,0.7321821250000004,0.006970397090852443,0.002204233100290534,0.7315427624999998,0.0069575708707634385,0.0022001770933653478,2.440607083333334,0.02323465696950977,0.007347443667635628,2.4405096330275233,0.023211245607220217,0.007340040344839391,2.5574500000000002,0.06676719503868155,0.02111364093029277,2.5574500000000002,0.06676719503868155,0.02111364093029277,0.5737583333333334,0.01112786583978029,0.003518940155048805,0.06317045833333326,0.06747824263813647,0.021338493924200036,0.0593,0.07002348812283553,0.022143371217790864,0.04398908333333333,0.004782770456622473,0.0015124448168690563,0.04065,0.005380262281917326,0.0017013883219953705,352.8,51.3891471464982,16.250675199647688,352.8,51.3891471464982,16.250675199647688
0.3,0.3,one,baseline2_matched_0.350,10,0.35,0.7324635124999999,0.006318217920902281,0.0019979959383344785,0.7318036749999998,0.006311082266867103,0.0019957394463998653,2.4415450416666675,0.02106072640300689,0.006659986461114703,2.4413800667222683,0.02105448629480609,0.006658013165638661,2.63935,0.04895465589025563,0.015480821468298574,2.63935,0.04895465589025563,0.015480821468298574,0.5601083333333333,0.008159109315042613,0.002580136911383098,0.054908749999999965,0.05911004746164733,0.018692238257945994,0.044700000000000004,0.06237796975784889,0.019725646025190433,0.04478975,0.004200941368268501,0.0013284543040552666,0.039850000000000003,0.004824992803679148,0.0015257966953547762,635.6,66.01212009926662,20.87486526902629,635.6,66.01212009926662,20.87486526902629
0.3,0.3,one,baseline2_matched_0.500,10,0.5,0.7312808999999995,0.006987298358946543,0.0022095777505427828,0.7305955499999996,0.006975125977606467,0.0022057285055845054,2.437602999999999,0.023290994529823267,0.007365259168476404,2.4373496246872404,0.02326981143488381,0.0073585604856863775,2.7414,0.060363160214746164,0.01908850730442565,2.7414,0.060363160214746164,0.01908850730442565,0.5431,0.010060526702457702,0.003181417884070944,0.06496087499999982,0.06986617170936764,0.02209362339980213,0.053849999999999995,0.07284002638964682,0.023034038821805533,0.04424575,0.005038094896405306,0.0015931854940710822,0.0382,0.0047387293186629195,0.0014985177861992676,993.5,119.16491840209424,37.68325593387304,993.5,119.16491840209424,37.68325593387304
0.3,0.3,one,baseline2_matched_0.650,10,0.65,0.7309030249999996,0.005857315678206077,0.0018522458517745077,0.7301954875000002,0.005851001365640744,0.0018502490908180404,2.4363434166666673,0.019524385594021247,0.006174152839248672,2.4360149708090066,0.019519604222320998,0.006172640836757406,2.83015,0.04191529156127471,0.01325477901236632,2.83015,0.04191529156127471,0.01325477901236632,0.5283083333333334,0.006985881926879117,0.0022091298353943863,0.06524612499999999,0.060141972689426164,0.019018561667422912,0.047,0.06220977057951231,0.019672456774779187,0.044429916666666666,0.004297663958657449,0.001359040672737325,0.03355,0.005644318677513995,0.0017848902860773638,1329.1,130.2932163323257,41.20233272791994,1329.1,130.2932163323257,41.20233272791994
0.3,0.3,one,baseline2_matched_0.800,10,0.8,0.730825475,0.006341338465773172,0.0020053072965880926,0.7300824375000001,0.006332695575413595,0.0020025741746777554,2.4360849166666663,0.021137794885914298,0.006684357655294819,2.4356378231859876,0.021126590743667847,0.00668081459442209,2.97215,0.05642844534846276,0.01784424121234761,2.97215,0.05642844534846276,0.01784424121234761,0.5046416666666667,0.009404740891410442,0.002974040202057929,0.05679174999999999,0.06352006520459243,0.020086808316892142,0.033850000000000005,0.06685891031783937,0.02114264384813046,0.045285208333333334,0.00452672859030935,0.0014314772694780757,0.0328,0.004956477243634501,0.0015673757260678328,1891.9,227.9100456076671,72.0714845753082,1891.9,227.9100456076671,72.0714845753082
0.3,0.3,one,baseline2_matched_0.950,10,0.95,0.7287877125000003,0.005713129526475214,0.001806650187122092,0.7279878000000005,0.005693632642771398,0.0018004847311441441,2.4292923750000006,0.019043765088251088,0.006022167290407092,2.4286498748957466,0.018994604312833112,0.00600662128822101,3.19965,0.09391930638112227,0.029699892442753246,3.19965,0.09391930638112227,0.029699892442753246,0.466725,0.015653217730187064,0.004949982073792214,0.06377862500000024,0.053884437497655265,0.017039755292957457,0.038,0.0626524806638439,0.019812453995740494,0.04524525,0.003852842716547975,0.0012183758450682112,0.020249999999999997,0.0029930474993446624,0.0009464847243000458,2487.5,172.1512577809281,54.439007665051676,2487.5,172.1512577809281,54.439007665051676
0.3,0.3,two-2g,baseline1_hdv,10,0.0,0.7330223250000001,0.006740572705896605,0.0021315562484597555,0.7317927249999994,0.006725521832759031,0.0021267967444708576,2.4434077499999987,0.02246857568631999,0.007105187494865212,2.4433813856427387,0.022455832496691853,0.007101157744477176,2.4592,0.04106461710253463,0.012985772128671361,2.4255,0.04429760465056523,0.014008132558545333,0.5901333333333334,0.006844102850422435,0.002164295354778559,0.056830499999999805,0.06365038626704758,0.020128019455337275,0.05675,0.0687887264665431,0.02175290529765826,0.044365833333333334,0.0045023561133019745,0.0014237700155217367,0.047925,0.0046904897872657655,0.0014832631069518463,0.0,0.0,0.0,0.0,0.0,0.0
0.3,0.3,two-2g,baseline2_all_hdv_yield,10,1.0,0.7248059249999999,0.004586724195754359,0.0014504495457587786,0.723114325,0.004557725440956755,0.001441279334311862,2.4160197500000002,0.0152890806525124,0.0048348318191952545,2.4144050918197,0.015217781105028564,0.004812284922576429,3.3832,0.07257742991683656,0.022950998525844844,3.3439500000000004,0.05909852884049754,0.018688595750112204,0.4361333333333334,0.012096238319472779,0.0038251664209741467,0.053368999999999986,0.04442879611639098,0.014049618942703884,0.02265,0.049883363960342535,0.015774504746583963,0.047731125,0.003199461205906684,0.001011758469601409,0.01555,0.0033245718187125657,0.0010513219191940104,5291.6,392.8226062741298,124.22141522297996,5273.0,401.31256867655884,126.90617706706705
0.3,0.3,two-2g,baseline2_matched_0.050,10,0.05,0.7322462500000004,0.0072409642596637245,0.0022897939516412264,0.7310083249999997,0.007223179709709096,0.002284169983139459,2.4408208333333334,0.024136547532212387,0.007632646505470745,2.440762353923206,0.024117461468143645,0.007626610962068233,2.47585,0.04228740947374281,0.013372453028520956,2.4578499999999996,0.04136091149866017,0.01307946864364145,0.5873583333333333,0.00704790157895715,0.0022287421714201642,0.06391737499999985,0.06583046229060963,0.020817420026015172,0.06405,0.06981590872509726,0.022077728848572967,0.043875874999999995,0.004600583772044117,0.0014548323286068287,0.043875,0.004813537045550692,0.0015221740665537855,193.8,40.01610786781854,12.654204395729067,193.8,40.01610786781854,12.654204395729067
0.3,0.3,two-2g,baseline2_matched_0.200,10,0.2,0.7323522374999996,0.005943455594546032,0.0018794856850835688,0.7310746624999995,0.005926521466646007,0.0018741306436483006,2.441174125,0.019811518648487746,0.006264952283612204,2.440983848080133,0.019788051641556937,0.006257531364435373,2.5551500000000003,0.04095190268269998,0.012950128699489166,2.53585,0.043535458090056996,0.013767120654338397,0.5741416666666667,0.006825317113783329,0.002158354783248194,0.05786116666666643,0.06434697585234665,0.020348300423726998,0.05155,0.06869910237162248,0.02172456367034023,0.044605,0.004531963756045618,0.0014331327742435835,0.04415,0.0038246277959793403,0.0012094535037684494,694.0,129.8546195644276,41.063636251825315,694.0,129.8546195644276,41.063636251825315
0.3,0.3,two-2g,baseline2_matched_0.350,10,0.35,0.731654925,0.00685887999294638,0.0021689682975470186,0.7303501124999996,0.006832569373059003,0.0021606481489975155,2.43884975,0.022862933309820897,0.007229894325156612,2.438564649415693,0.022813253332420444,0.0072141841368875,2.6096250000000003,0.07213049998286285,0.022809666871258284,2.59235,0.0658820705672054,0.020833739996031032,0.5650625,0.01202174999714381,0.003801611145209715,0.06000529166666674,0.06455751839416832,0.020414879821378767,0.05305,0.06788980041213849,0.021468639919659558,0.04458516666666666,0.004598353151427902,0.0014541269444325318,0.040999999999999995,0.003921096785339531,0.0012399596767637246,1195.2,186.53971873750282,58.9890385297698,1194.6,186.72868017527463,59.04879338309971
0.3,0.3,two-2g,baseline2_matched_0.500,10,0.5,0.7314047874999999,0.005413096215573875,0.001711771323485126,0.7300523625,0.005395822461523203,0.0017063088828309578,2.438015958333332,0.01804365405191396,0.005705904411617417,2.4375704924874797,0.018016101707926502,0.005697191595429736,2.70485,0.05263292695642144,0.01664399291035656,2.6881,0.05955380387141999,0.018832566356064055,0.5491916666666666,0.008772154492736923,0.002773998818392765,0.05876729166666639,0.05533430009657456,0.01749824210364507,0.046525,0.0557235799380398,0.017621343198267015,0.045047624999999994,0.003927709492029783,0.0012420507982277074,0.038274999999999997,0.0034104618455569912,0.0010784827305061495,1782.6,114.23387316281357,36.12392251372735,1779.4,115.8257311654021,36.62731221370195
0.3,0.3,two-2g,baseline2_matched_0.650,10,0.65,0.7299657,0.005289670130310305,0.0016727405682740236,0.7285524250000002,0.005272827603027091,0.0016674144934971753,2.433219,0.017632233767702316,0.005575801894247156,2.4325623539232053,0.017605434400760667,0.005567327190308533,2.82655,0.04474787394080556,0.014150520210304019,2.7997,0.03235411703151372,0.010231270150322911,0.5289083333333333,0.007457978990134225,0.002358420035050659,0.05923520833333318,0.05646546693051312,0.0178559484645338,0.043375,0.05826904195196622,0.01842628896441169,0.04541141666666666,0.0040832178044881325,0.0012912268444734598,0.037575000000000004,0.003120385481884499,0.0009867525300477093,2633.8,279.41319462998405,88.35821033346778,2631.0,280.0261892514103,88.55205625318175
0.3,0.3,two-2g,baseline2_matched_0.800,10,0.8,0.7279758125000002,0.0053760524968406295,0.0017000570710651558,0.7265075999999996,0.005346878073996953,0.0016908313085044694,2.426586041666668,0.0179201749894671,0.005666856903549992,2.4257348914858095,0.017852681382296388,0.00564551355093398,2.936425,0.06789248547028852,0.021469489009599965,2.90745,0.05975712416849472,0.018896861879393878,0.5105958333333332,0.011315414245048066,0.0035782481682666545,0.060466416666666724,0.05583202960203965,0.01765563799323896,0.040799999999999996,0.060486890223327636,0.019127634168628612,0.045945625000000004,0.00411078829086337,0.0012999453977878986,0.031425,0.003270342319832725,0.0010341730459110258,3601.2,396.2431352367158,125.30308145541441,3590.8,405.90880201783693,128.35963366867153
0.3,0.3,two-2g,baseline2_matched_0.950,10,0.95,0.7260858374999997,0.0046872629595809305,0.0014822426944417497,0.724500425,0.004640202704205117,0.0014673609350160744,2.4202861249999996,0.015624209865268171,0.004940808981471994,2.4190331385642736,0.015493164287828888,0.0048993687312719825,3.170825,0.10594128680547542,0.0335015764554446,3.14875,0.10823027148938816,0.034225416968485085,0.47152916666666667,0.017656881134245878,0.005583596075907425,0.05990145833333345,0.05119081566435137,0.016187957278117587,0.0357,0.06109916802488667,0.019321253409997328,0.046861208333333335,0.00390680037579497,0.0012354387551113861,0.0247,0.0022601622360647776,0.0007147260547463856,4825.1,533.429251791338,168.68514062200813,4814.5,533.1823223709587,168.60705468303777
0.3,0.3,two-g,baseline1_hdv,10,0.0,0.7326783375000001,0.006794171483923368,0.0021485056702963915,0.7314530249999994,0.006778613401363123,0.0021435857726048594,2.442261124999999,0.02264723827974244,0.007161685567653967,2.4422471619365616,0.022633099837607487,0.007157214599682673,2.450625,0.04072387540224751,0.012878020142000788,2.41925,0.04198362776130716,0.01327638881624066,0.5915625,0.0067873125670412475,0.002146336690333463,0.06084654166666649,0.06414090406975961,0.02028313480428039,0.063125,0.06988057769429849,0.022098178972234088,0.04409216666666667,0.0045426583304041404,0.0014365146956014801,0.047075,0.004484618774829759,0.0014181609766015831,0.0,0.0,0.0,0.0,0.0,0.0
0.3,0.3,two-g,baseline2_all_hdv_yield,10,1.0,0.7251930124999998,0.004743237244814275,0.0014999433176154794,0.7235006500000002,0.004713864396797405,0.0014906548075055526,2.417310041666667,0.015810790816045063,0.004999811058717468,2.4156949916527557,0.015739113177952287,0.004977144599350026,3.3847250000000004,0.07310461016774364,0.023117707558877387,3.3476500000000002,0.061565254450506125,0.01946864287914174,0.4358791666666667,0.012184101694623958,0.0038529512598129033,0.05329062499999998,0.044455839275495,0.014058170740493385,0.02265,0.049883363960342535,0.015774504746583963,0.047646875,0.0031727317238359727,0.0010033058651994007,0.0152,0.0036186246620013582,0.0011443095929181248,5189.0,397.2379639460458,125.61767391573527,5169.4,403.9428452420246,127.73794354937073
0.3,0.3,two-g,baseline2_matched_0.050,10,0.05,0.7325108749999998,0.007315433295580115,0.002313343128506494,0.7312710999999996,0.007303567685508371,0.0023095908931410796,2.441702916666667,0.02438477765193423,0.0077111437616884755,2.4416397328881465,0.024385868732918668,0.007711488791790728,2.47955,0.041762190502361816,0.013206364206531483,2.4539,0.04011843577320646,0.012686563320651071,0.5867416666666667,0.006960365083726937,0.0022010607010885704,0.06172337500000015,0.06471995460126609,0.020466246660269544,0.060675,0.06878368366763217,0.02175131062462418,0.044000875,0.0044066954286284005,0.0013935194509117712,0.045774999999999996,0.004037067830327683,0.0012766329412429661,143.3,52.019334012567974,16.449957784478084,143.3,52.019334012567974,16.449957784478084
0.3,0.3,two-g,baseline2_matched_0.200,10,0.2,0.7318676624999998,0.006853629425259503,0.0021673079222570774,0.7306035999999997,0.006827487003578075,0.0021590409626504894,2.4395588749999986,0.0228454314175317,0.007224359740856932,2.439411018363942,0.022796283818290512,0.0072088179053438,2.528125,0.059960895822008704,0.01896130013416216,2.50035,0.05975554367587999,0.01889636208374512,0.5786458333333333,0.009993482637001441,0.003160216689027024,0.06408979166666673,0.06620018091291884,0.020934335320002835,0.061275,0.0717738007369139,0.022696868665571957,0.04414058333333333,0.004708981871918995,0.0014891108175707313,0.04365,0.0032407989412763295,0.001024830609309547,666.3,123.70039971192045,39.11750105629051,665.9,123.84977459271643,39.16473754114365
0.3,0.3,two-g,baseline2_matched_0.350,10,0.35,0.7319767750000001,0.006284198092515431,0.0019872379240034287,0.7306669625000002,0.0062772122196218735,0.0019850287970246214,2.439922583333332,0.020947326975050237,0.006624126413344383,2.439622579298832,0.020958972352660924,0.006627809005090634,2.619625,0.03980425193647306,0.01258720966784227,2.6016,0.038163245843787094,0.012068277977132167,0.5633958333333333,0.006634041989412166,0.0020978682779737084,0.05540670833333343,0.060723027837383176,0.01920230743879394,0.0453,0.06216128216180873,0.01965712339077109,0.044925458333333335,0.004385744515544962,0.0013868941904713824,0.041775,0.0037089418976306424,0.0011728704105739896,1175.6,98.30926259061813,31.088118487793867,1174.6,98.48203445863165,31.142753749646335
0.3,0.3,two-g,baseline2_matched_0.500,10,0.5,0.7306727625,0.005796242270934674,0.0018329327446300354,0.7293123625000001,0.005774301313088544,0.001825994404546084,2.435575875,0.019320807569781644,0.00610977581543326,2.4350997078464127,0.01927980405037947,0.0060968093640938826,2.7207999999999997,0.06590447632748467,0.020840825319550053,2.69625,0.07243857551210009,0.022907088907633433,0.5465333333333333,0.010984079387914125,0.00347347088659168,0.06115483333333351,0.058625774490528144,0.01853909769814664,0.047599999999999996,0.06104099260151147,0.019302856725826302,0.044879125,0.004157966553305893,0.001314864474324654,0.037724999999999995,0.0058528839045380015,0.00185084440188796,1795.5,230.11168785806794,72.76770498572075,1792.7,230.46621830059559,72.87981735554622
0.3,0.3,two-g,baseline2_matched_0.650,10,0.65,0.7301272500000004,0.006004036852054651,0.0018986431608080101,0.7287167250000005,0.005982828660471348,0.001891936541762365,2.4337575,0.02001345617351671,0.006328810536027083,2.4331109348914874,0.019976055627618672,0.006316983444949935,2.82105,0.0543058212553886,0.01717300853730125,2.78585,0.06076139582187209,0.01921444046081544,0.529825,0.009050970209231445,0.002862168089550212,0.05501291666666691,0.0568231620409211,0.017969061590213265,0.0372,0.06111769156489978,0.019327111067674395,0.045796083333333334,0.003946945769895227,0.001248133843403576,0.036449999999999996,0.0032570436492827862,0.001029967637032025,2596.5,271.3625086689595,85.81235989710987,2591.9,274.4960837607706,86.8032833480393
0.3,0.3,two-g,baseline2_matched_0.800,10,0.8,0.7289767000000003,0.005311036910359026,0.0016794973373958039,0.727509025,0.005286179328040006,0.0016716366796704805,2.4299223333333337,0.01770345636786209,0.005598324457985592,2.429078547579299,0.01765001445088612,0.005581424639968624,2.93535,0.060241435536975266,0.01905001458150504,2.9143499999999998,0.0583071607952231,0.018438343201057954,0.510775,0.010040239256162585,0.003175002430250853,0.05433566666666637,0.05419288509032782,0.01713729498612157,0.036325,0.06286991088306428,0.0198812114682291,0.0462985,0.003940731954007191,0.0012461688622868625,0.03295,0.004759201613716318,0.001504991694329241,3540.1,325.84810708194834,103.0422189633399,3532.7,328.1619010996452,103.77390487657931
0.3,0.3,two-g,baseline2_matched_0.950,10,0.95,0.7259394,0.005020401906360281,0.0015875904793549859,0.7243674875000001,0.005001352349216037,0.0015815664804556516,2.4197979999999992,0.01673467302120234,0.005291968264517064,2.4185892737896504,0.016699006174342276,0.005280689417213641,3.143825,0.05454127514501697,0.017247465594818403,3.11525,0.0750352694848674,0.023728235641671026,0.4760291666666666,0.009090212524169505,0.002874577599136404,0.06004195833333327,0.0536363018551749,0.01696128791306674,0.0363,0.06259812297505413,0.019795264585248662,0.04671641666666666,0.003955497469532938,0.0012508381282756564,0.024625,0.003940970692608612,0.0012462443580614519,4750.7,450.3465455747508,142.41208204050352,4736.3,450.1728186670833,142.35714476859482
0.35,0.35,one,baseline1_hdv,10,0.0,0.6739823375000005,0.012870661369447388,0.0040700604920195635,0.6734959624999998,0.012860079275644528,0.004066714140136504,1.9256638214285726,0.03677331819841961,0.011628744262912565,1.9256496426018583,0.036769347464316246,0.01162748860653761,1.9454999999999998,0.06418376395596909,0.02029668829034815,1.9454999999999998,0.06418376395596909,0.02029668829034815,0.6757500000000001,0.010697293992661481,0.0033827813817246806,0.2616671785714285,0.10744261062178093,0.033976336731942766,0.2612,0.1162007840860905,0.03674591436094933,0.03313882142857143,0.007172134957088237,0.002268028215051283,0.0328,0.004607964120230684,0.0014571661996262931,0.0,0.0,0.0,0.0,0.0,0.0
0.35,0.35,one,baseline2_all_hdv_yield,10,1.0,0.6748623125,0.009018477668416722,0.002851893045956161,0.6742114499999998,0.008995013926361067,0.002844473159223506,1.928178035714285,0.025767079052618058,0.008148265845588669,1.9276953538241604,0.025718410082517115,0.008132875365899307,2.60345,0.1101406802432436,0.0348295412608958,2.60345,0.1101406802432436,0.0348295412608958,0.5660916666666667,0.018356780040540616,0.005804923543482638,0.23029460714285732,0.079969026522527,0.025288426607759977,0.21070000000000003,0.09553277506233718,0.030210116039351968,0.03682039285714286,0.005556473034799256,0.0017571110547273683,0.012750000000000001,0.00561372326436643,0.0017752151669273469,2592.8,549.4453364783232,173.74987130290995,2592.8,549.4453364783232,173.74987130290995
0.35,0.35,one,baseline2_matched_0.050,10,0.05,0.6709262250000001,0.007956948895244016,0.002516208173453162,0.6704398499999997,0.007951894867603714,0.0025146099495830816,1.9169320714285718,0.022734139700697965,0.007189166209866421,1.916911651179415,0.022735939578564613,0.007189735381223295,1.9454999999999998,0.03883154502320099,0.01227961273366911,1.9454999999999998,0.03883154502320099,0.01227961273366911,0.6757500000000001,0.006471924170533502,0.002046602122278186,0.28547546428571413,0.0634631895900129,0.020068822668352825,0.2864,0.06517233564430028,0.020609302106896613,0.031664928571428566,0.004284432198441067,0.0013548564227636281,0.034499999999999996,0.005542763049438629,0.0017527755766846536,62.0,18.991226044325487,6.005552985917838,62.0,18.991226044325487,6.005552985917838
0.35,0.35,one,baseline2_matched_0.200,10,0.2,0.6724420250000002,0.006916004630163826,0.0021870326939588142,0.6719422000000003,0.006910029034500584,0.002185143044691607,1.9212629285714296,0.01976001322903976,0.006248664839882407,1.9212071479628308,0.019757052278770358,0.006247728505193427,1.9992999999999999,0.040031376582764545,0.012659032787346392,1.9992999999999999,0.040031376582764545,0.012659032787346392,0.6667833333333333,0.0066718960971274156,0.0021098387978910624,0.27649810714285683,0.05754794692413299,0.018198258694674133,0.2727,0.061420771007136596,0.019422953202618574,0.03224528571428571,0.0037325774745039925,0.0011803446362471683,0.03315,0.005662007888844145,0.0017904841058588967,267.0,23.753362335093158,7.5114727066150095,267.0,23.753362335093158,7.5114727066150095
0.35,0.35,one,baseline2_matched_0.350,10,0.35,0.6702592749999999,0.006427591625713719,0.0020325829406679847,0.6697444375000003,0.006418266496786932,0.0020296340759796477,1.9150264999999997,0.018364547502039807,0.00580737983048015,1.914923338098643,0.018351012142351034,0.0058030995739235345,2.05935,0.06012766510609834,0.019014037212310056,2.05935,0.06012766510609834,0.019014037212310056,0.656775,0.01002127751768307,0.0031690062020516803,0.2927046071428569,0.05561795138873249,0.01758794051809196,0.28500000000000003,0.0579808397470904,0.01833515142500268,0.03132803571428571,0.0037966982547302406,0.0012006214073333715,0.0303,0.005067324518696013,0.0016024287122295886,524.5,82.04775032463311,25.945776791866017,524.5,82.04775032463311,25.945776791866017
0.35,0.35,one,baseline2_matched_0.500,10,0.5,0.6696481624999998,0.0057985270444820295,0.00183365525346477,0.6691227250000001,0.00578986692354516,0.001830916682767468,1.9132804642857146,0.016567220127091543,0.005239015009899352,1.9131457469621158,0.01655430142543295,0.005234929757734017,2.10175,0.06448654036997867,0.020392434599352985,2.10175,0.06448654036997867,0.020392434599352985,0.6497083333333333,0.010747756728329779,0.003398739099892165,0.28837796428571394,0.046653816445373815,0.014753232150680175,0.27890000000000004,0.0528576705250367,0.016715063066986415,0.03186442857142857,0.0032962159220478724,0.0010423549973383303,0.02865,0.005958420745279556,0.0018842180812681363,762.5,107.21758769488852,33.905178234469005,762.5,107.21758769488852,33.905178234469005
0.35,0.35,one,baseline2_matched_0.650,10,0.65,0.6749637500000001,0.010607108821053526,0.003354262326379252,0.6744136624999999,0.010593683460467745,0.00335001685459324,1.928467857142857,0.030306025203010137,0.009583606646797882,1.9282735167977123,0.030289302245798656,0.009578318383397701,2.20035,0.06273048612029786,0.01983712148697205,2.20035,0.06273048612029786,0.01983712148697205,0.633275,0.01045508102004966,0.0033061869144953467,0.24763482142857116,0.08722802010846178,0.027583921932970684,0.2326,0.09183523893969629,0.029040852451522683,0.03481307142857143,0.005899338848001309,0.0018655347448798003,0.028449999999999996,0.004399810601984288,0.0013913422775626901,1248.2,181.80746837122933,57.49256956821077,1248.2,181.80746837122933,57.49256956821077
0.35,0.35,one,baseline2_matched_0.800,10,0.8,0.6753937750000002,0.010982910526889728,0.003473101260281151,0.6748055625000002,0.010960310154119073,0.0034659543948887387,1.9296964999999993,0.03137974436254249,0.009923146457946275,1.929394031451037,0.03133755583736448,0.009909805274877687,2.35285,0.10246084618038252,0.03240096449181722,2.35285,0.10246084618038252,0.03240096449181722,0.6078583333333333,0.017076807696730395,0.005400160748636196,0.23727132142857127,0.09187057791925532,0.029052027618081948,0.21244999999999997,0.10212123786080064,0.03229357091159511,0.03579817857142857,0.0061995276122294935,0.001960462767175034,0.0253,0.004467164151400254,0.001412641340027806,1678.5,309.6805701937975,97.92959489120514,1678.5,309.6805701937975,97.92959489120514
0.35,0.35,one,baseline2_matched_0.950,10,0.95,0.6722949125,0.009449825792054065,0.002988297299469553,0.6716760625000001,0.009428548506996358,0.0029815688311488507,1.9208426071428568,0.026999502263010542,0.008537992284198383,1.9204462115797003,0.026957965709782355,0.008524857272762995,2.4753999999999996,0.09950008375205859,0.03146468920340176,2.4753999999999996,0.09950008375205859,0.03146468920340176,0.5874333333333334,0.01658334729200976,0.0052441148672336246,0.25413149999999973,0.07957800903990407,0.0251647760227566,0.2279,0.09081568635917965,0.0287184416166492,0.03484553571428571,0.005611948128633175,0.0017746538197200429,0.0172,0.0029646060259145546,0.0009374907406950155,2192.0,340.6738420640285,107.7305280162808,2192.0,340.6738420640285,107.7305280162808
0.35,0.35,two-2g,baseline1_hdv,10,0.0,0.6726069249999997,0.012691027065603,0.004013255137414862,0.6716427999999999,0.012675860059742031,0.004008458909034284,1.9217340714285711,0.03626007733029352,0.011466443249756509,1.92172474964235,0.036268555249619236,0.01146912420324535,1.9282499999999998,0.043435296706710765,0.013735446843841662,1.9184,0.042287902131303075,0.01337260882052065,0.678625,0.007239216117785138,0.0022892411406402803,0.26994671428571404,0.10093838763582653,0.031919520827419036,0.27294999999999997,0.10479688025466746,0.03313968332846756,0.032672,0.0066393370328540835,0.002099542717732308,0.035625000000000004,0.005476274585275407,0.0017317500781964274,0.0,0.0,0.0,0.0,0.0,0.0
0.35,0.35,two-2g,baseline2_all_hdv_yield,10,1.0,0.6717470124999999,0.0065206081999073595,0.002061997364127779,0.6704729125,0.006474584727956187,0.002047443464408321,1.91927717857143,0.018630309142593112,0.005891421040365291,1.9183774320457831,0.01852527819157673,0.0058582073373627565,2.5482,0.12668984437067815,0.04006284646236042,2.5286999999999997,0.11686773150304001,0.036956821652661974,0.5753,0.02111497406177969,0.006677141077060069,0.23779360714285747,0.0648565974671694,0.02050945692849629,0.2213,0.07851891138091793,0.024829859936061748,0.037391,0.00465809320204218,0.0014730184071800178,0.01235,0.003884084333676485,0.0012282553118595134,4594.4,902.5060418388098,285.39746942738566,4568.4,914.9835699799934,289.3432102768844
0.35,0.35,two-2g,baseline2_matched_0.050,10,0.05,0.6729081500000006,0.009873413726462133,0.003122247565679103,0.6719378749999997,0.009871334167327528,0.003121589951339667,1.9225947142857152,0.028209753504177197,0.00892070733051162,1.9225690271816913,0.028244160707661666,0.008931587843604401,1.94055,0.04198921819282237,0.013278156665909787,1.9264,0.046693920613097226,0.014765914202047314,0.6765749999999999,0.006998203032137094,0.0022130261109849746,0.27190582142857134,0.0826199155731905,0.026126711330209787,0.27575,0.07988837698800606,0.02526292298562812,0.03259382142857143,0.005596002136410804,0.0017696112542226407,0.033850000000000005,0.006850790708621402,0.002166410241236256,148.3,52.75530515713299,16.682692295376732,148.1,52.633850535774236,16.644284971792032
0.35,0.35,two-2g,baseline2_matched_0.200,10,0.2,0.6728802625000002,0.010049702961933141,0.0031779951167849162,0.6718864750000001,0.010031190452713513,0.003172140947351027,1.9225150357142855,0.02871343703409558,0.009079986047957185,1.922421959942778,0.02870154635969485,0.00907622588655501,1.987575,0.0540447409816883,0.01709044770559794,1.9775500000000001,0.05321155367440842,0.016826970744743236,0.6687375,0.009007456830281384,0.00284840795093299,0.26674724999999977,0.08365405065719343,0.02645373355758367,0.263725,0.08677000649866161,0.02743908531233827,0.0330815,0.005554031723894154,0.0017563390444336954,0.03375,0.004771151736099879,0.0015087706548342226,619.2,100.19403397630242,31.68413553254127,618.8,99.936424235055,31.602672179562422
0.35,0.35,two-2g,baseline2_matched_0.350,10,0.35,0.6724536874999999,0.007930510901612337,0.0025078477457890483,0.6714383249999998,0.007910128735914738,0.0025014023390639117,1.9212962499999997,0.022658602576036562,0.007165279273683411,1.9211396995708179,0.022632700245822413,0.00715708823766516,2.030725,0.054609529337327586,0.017269049465574074,2.02505,0.051871877416059115,0.01640332791437964,0.6615458333333334,0.00910158822288792,0.002878174910929009,0.2750924642857142,0.06903823995873622,0.021831808391885546,0.27142499999999997,0.07473472066062883,0.023633193758403077,0.03282578571428572,0.004519661208281183,0.0014292423670477208,0.032125,0.002345948043376541,0.0007418539089485356,1009.1,109.59060178683207,34.65559117949079,1005.5,110.8334586465457,35.04861702771673
0.35,0.35,two-2g,baseline2_matched_0.500,10,0.5,0.67366565,0.010571764281007454,0.00334308540143959,0.6726133750000002,0.01054614825520802,0.003334984902826805,1.9247589999999992,0.03020504080288013,0.00955167257554222,1.9245017882689592,0.030174959242369424,0.009542159950863618,2.10455,0.06030164913904836,0.01906905579437244,2.08395,0.05727489754586111,0.018111912899770932,0.6492416666666666,0.01005027485650806,0.00317817596572874,0.2598066785714283,0.08963678566551679,0.028345640483936493,0.255925,0.09416711283080144,0.029778255722739854,0.034124107142857144,0.00613646176002558,0.0019405195936206424,0.030725000000000002,0.0059353578006908925,0.0018769249378230934,1562.2,224.5285431001294,71.00215959156922,1559.2,225.31646879691488,71.25132357445096
0.35,0.35,two-2g,baseline2_matched_0.650,10,0.65,0.6736923750000001,0.007402151591063123,0.002340765861359874,0.6725887250000003,0.007382766657335568,0.0023346358070728246,1.9248353571428567,0.021149004545896213,0.006687902461028709,1.924431258941348,0.02112379587220436,0.006679930778462888,2.2073,0.07739713603659164,0.024475123424952675,2.1870000000000003,0.06802940540677985,0.021512786895239784,0.6321166666666667,0.012899522672765267,0.004079187237492111,0.24905024999999995,0.05748104106550442,0.018177101204466584,0.232225,0.05826966167931836,0.01842648493940779,0.035300928571428566,0.003917250952220924,0.001238743517548154,0.027500000000000004,0.0042097769801050285,0.0013312483698477236,2200.7,258.8079725716862,81.8422669936914,2190.5,262.5872341823866,83.03737445003638
0.35,0.35,two-2g,baseline2_matched_0.800,10,0.8,0.6719071874999998,0.006228701886297574,0.001969688482688746,0.6707561874999997,0.006207684575513229,0.001963042225451731,1.919734821428571,0.017796291103707108,0.0056276813791106255,1.9191879470672426,0.01776161538058069,0.00561671595265134,2.302,0.06396407411803744,0.02022721626368242,2.2879,0.0646803250180798,0.020453714685710365,0.6163333333333333,0.010660679019672907,0.003371202710613737,0.25909107142857135,0.051920810419524434,0.016418801888749973,0.23762499999999998,0.054591825039204456,0.0172634508749297,0.03486867857142857,0.0036139247657223845,0.001142823355217314,0.024875,0.004332131243523344,0.0013699401852311332,2930.4,410.4894639329979,129.8081661529813,2920.4,405.6170059989541,128.2673596654876
0.35,0.35,two-2g,baseline2_matched_0.950,10,0.95,0.6745300374999997,0.01097384292907964,0.003470233834082528,0.6733051749999998,0.010919648674808663,0.0034530961061234678,1.9272286785714274,0.03135383694022863,0.009914953811664708,1.9264811874105892,0.03124362997084052,0.009880103307935621,2.449725,0.11742216393566142,0.03713214858223712,2.4344,0.10703498908716205,0.03384743548466988,0.5917125000000001,0.019570360655943562,0.006188691430372852,0.21964310714285715,0.09856933021778097,0.031170359092544873,0.1897,0.1129551164548704,0.03571954413669543,0.03826046428571429,0.006944477091635277,0.002196036476842931,0.0213,0.004124452825661982,0.0013042665031009232,4316.8,965.28876508535,305.25110974409245,4289.0,979.6605988243525,309.7958826209427
0.35,0.35,two-g,baseline1_hdv,10,0.0,0.6726069249999997,0.012691027065603,0.004013255137414862,0.6716427999999999,0.012675860059742031,0.004008458909034284,1.9217340714285711,0.03626007733029352,0.011466443249756509,1.92172474964235,0.036268555249619236,0.01146912420324535,1.9282499999999998,0.043435296706710765,0.013735446843841662,1.9184,0.042287902131303075,0.01337260882052065,0.678625,0.007239216117785138,0.0022892411406402803,0.26994671428571404,0.10093838763582653,0.031919520827419036,0.27294999999999997,0.10479688025466746,0.03313968332846756,0.032672,0.0066393370328540835,0.002099542717732308,0.035625000000000004,0.005476274585275407,0.0017317500781964274,0.0,0.0,0.0,0.0,0.0,0.0
0.35,0.35,two-g,baseline2_all_hdv_yield,10,1.0,0.6717470124999999,0.0065206081999073595,0.002061997364127779,0.6704729125,0.006474584727956187,0.002047443464408321,1.91927717857143,0.018630309142593112,0.005891421040365291,1.9183774320457831,0.01852527819157673,0.0058582073373627565,2.5482,0.12668984437067815,0.04006284646236042,2.5286999999999997,0.11686773150304001,0.036956821652661974,0.5753,0.02111497406177969,0.006677141077060069,0.23779360714285747,0.0648565974671694,0.02050945692849629,0.2213,0.07851891138091793,0.024829859936061748,0.037391,0.00465809320204218,0.0014730184071800178,0.01235,0.003884084333676485,0.0012282553118595134,4594.4,902.5060418388098,285.39746942738566,4568.4,914.9835699799934,289.3432102768844
0.35,0.35,two-g,baseline2_matched_0.050,10,0.05,0.6709680000000001,0.008771675322213764,0.0027738472913686855,0.6699988750000003,0.008751046752865522,0.0027673239649675676,1.9170514285714273,0.025061929492037362,0.00792527797533848,1.9170211015736807,0.02503876038015779,0.00791795125884821,1.93825,0.06257872819275113,0.019789131416568604,1.9242000000000001,0.05275530515713291,0.016682692295376708,0.6769583333333333,0.010429788032125183,0.003298188569428099,0.2907991428571428,0.06860206843487339,0.021693878845294244,0.29085,0.07050090621954995,0.022294344075970873,0.03120678571428571,0.004585683760344428,0.0014501205311934114,0.032975,0.004430716646322579,0.0014011156269202053,143.4,69.4889279749739,21.97432845643095,143.4,69.4889279749739,21.97432845643095
0.35,0.35,two-g,baseline2_matched_0.200,10,0.2,0.6742703624999997,0.0138260634856242,0.004372185168865916,0.673269025,0.013790973552296186,0.004361088757639919,1.9264867500000016,0.039503038530354355,0.01249195762533103,1.9263777539341937,0.03945915179483843,0.012478079421001056,2.002675,0.07608310971124488,0.024059591815600953,1.9881499999999999,0.07393768021486441,0.023381147438813928,0.6662208333333333,0.012680518285207523,0.004009931969266839,0.255100107142857,0.11358613002506834,0.03591908814832544,0.2528,0.11863862028118087,0.037516825854837746,0.033909499999999995,0.007664624656331775,0.002423767132429371,0.035075,0.0071453656309526945,0.002259563010849664,604.9,100.9163019536487,31.912536721482983,603.7,101.06549031857182,31.959714224838326
0.35,0.35,two-g,baseline2_matched_0.350,10,0.35,0.6727985875000003,0.010357816685468105,0.0032754292312575073,0.6717755125000001,0.010335941285558677,0.003268511622413424,1.9222816785714296,0.029593761958480663,0.009358369232164421,1.9221044706723909,0.02957350868542928,0.009351964584872854,2.04615,0.051847157856316266,0.01639551090322524,2.02405,0.05091247936955687,0.016099939613413317,0.6589750000000001,0.008641192976052694,0.0027325851505375347,0.2692374285714283,0.08641633965225866,0.027327246035586044,0.26465,0.09030459259885094,0.028556819578595308,0.033260321428571424,0.005782949489923333,0.0018287291981866679,0.032025,0.0051967537944374465,0.0016433578429544795,991.1,181.39854832201203,57.36325769456729,988.7,182.59125572345096,57.74042489163607
0.35,0.35,two-g,baseline2_matched_0.500,10,0.5,0.6745305500000002,0.01219904317473921,0.0038576761706907345,0.6734658875000006,0.012160587911742104,0.0038455155487815695,1.9272301428571434,0.03485440907068549,0.011021931916259884,1.9269410228898463,0.0347942429520509,0.011002905718974164,2.129325,0.08303814802714345,0.026258968044799068,2.1157,0.08240152371838225,0.0260576497618475,0.6451125,0.013839691337857247,0.00437649467413318,0.24893371428571415,0.10548682004272746,0.033357861446331905,0.23605,0.11369054001494094,0.03595210548617269,0.03482732142857143,0.007164462381009494,0.0022656019334583075,0.0308,0.0052158945115440706,0.0016494106691650673,1579.5,331.30021631947864,104.76632728760387,1575.7,333.0692453863344,105.32574339743452
0.35,0.35,two-g,baseline2_matched_0.650,10,0.65,0.6715338500000001,0.008508987772496935,0.0026907781943612957,0.6704425625000001,0.008483395680895515,0.0026826852644064804,1.918668142857144,0.024311393635704955,0.007687937698174949,1.9182905937052959,0.024272949015437136,0.007675780441792291,2.182575,0.06369426212601716,0.020141894220201295,2.16305,0.06590078822661292,0.02083965903965054,0.6362375,0.010615710354336191,0.0033569823700335486,0.2665698214285712,0.07299664320925986,0.023083565408792427,0.25585,0.07324636888990167,0.023162535602898823,0.034121035714285715,0.004969992706944967,0.001571649690837184,0.027424999999999998,0.003873072997562071,0.0012247732216391918,2229.5,260.23803206551753,82.29449151269684,2221.7,262.1933340961292,82.91281230572535
0.35,0.35,two-g,baseline2_matched_0.800,10,0.8,0.6709539875000001,0.007546973661639304,0.0023865626212081124,0.6698059625000001,0.007519679359771639,0.0023779314051035113,1.917011392857141,0.021562781890397075,0.0068187503463085965,1.9164691344778277,0.021515534648846923,0.006803809456662734,2.29605,0.06814463784236198,0.0215492265909166,2.27435,0.06823775836490133,0.02157867388572954,0.617325,0.011357439640393652,0.0035915377651527633,0.2612334642857144,0.06651709573167079,0.0210345525851544,0.242,0.07135192514727422,0.022563459890323163,0.03489760714285715,0.004527470201372917,0.001431711787487961,0.023725000000000003,0.0021063726060589457,0.0006660935036130854,2956.7,384.00580146080546,121.4332967334559,2936.3,390.4385141521432,123.4674990972658
0.35,0.35,two-g,baseline2_matched_0.950,10,0.95,0.6730905875,0.009881845643557182,0.0031249139719853095,0.6718536624999998,0.009828556732003375,0.0031080625385311806,1.9231159642857132,0.02823384469587913,0.008928325634244205,1.9223280758226076,0.02812176461231113,0.008892882799802517,2.4738499999999997,0.11316023545790674,0.03578440846079322,2.45545,0.11075309125357283,0.03502320262657633,0.5876916666666666,0.01886003924298447,0.005964068076798874,0.23267146428571434,0.08782870556285192,0.02777387535229129,0.205925,0.10709757038949731,0.03386722543010178,0.03719610714285714,0.006190001457186096,0.0019574503324469306,0.0191,0.005096567472328803,0.0016116761461286197,4133.4,730.8064343206377,231.10128611594624,4117.2,732.0269879663666,231.48725906863882
0.39999999999999997,0.39975,one,baseline1_hdv,10,0.0,0.6039918000000002,0.001318319608809994,0.0004168892647901761,0.6036104874999999,0.0013179669192260508,0.0004167777345509483,1.5109238273921188,0.0032978601846404276,0.0010428749588247191,1.5109148623279096,0.0032990410994381465,0.001043248396873058,1.52525,0.029850786328745906,0.009439647474585285,1.52525,0.029850786328745906,0.009439647474585285,0.7457916666666666,0.004975131054790984,0.0015732745790975474,0.4999168230143841,0.006907872006506574,0.0021844609325478255,0.5014000000000001,0.007698484699385114,0.0024344746182013628,0.0198593808630394,0.0004796860997190021,0.00015169006370347019,0.02405,0.003370212654022492,0.001065754818583211,0.0,0.0,0.0,0.0,0.0,0.0
0.39999999999999997,0.39975,one,baseline2_all_hdv_yield,10,1.0,0.6062660499999997,0.001006206105322938,0.00031819030883877583,0.6057721374999996,0.0009932834534634922,0.00031410380751024995,1.5166130081300815,0.002517088443584422,0.0007959732553815014,1.5163257509386718,0.002486316529318955,0.000786242321677271,1.97565,0.06311763708434524,0.019959549371444018,1.97565,0.06311763708434524,0.019959549371444018,0.670725,0.010519606180724197,0.0033265915619073334,0.46664574734208913,0.01622311483002237,0.0051301993605326075,0.454,0.030742659467116875,0.009721682524702763,0.023069449656035024,0.0012131576990089116,0.00038363414898371555,0.0057,0.0018287822299126939,0.0005783117190965824,1902.2,296.71827266505403,93.83055650124501,1902.2,296.71827266505403,93.83055650124501
0.39999999999999997,0.39975,one,baseline2_matched_0.050,10,0.05,0.6035144749999999,0.0011938099603911365,0.00037751585682313884,0.6031311499999997,0.0011902736260463495,0.00037639756971339825,1.509729768605378,0.0029863913955985397,0.0009443798794820331,1.5097150187734658,0.0029794083255221945,0.0009421716388318514,1.5333,0.03983033461515926,0.012595457735054941,1.5333,0.03983033461515926,0.012595457735054941,0.74445,0.006638389102526531,0.0020992429558424866,0.5005644777986241,0.00981612820447918,0.0031041322930373256,0.49785,0.007810427502882141,0.002469874040872889,0.019759443402126327,0.000676714166504915,0.00021399580910579576,0.02435,0.0032493589111289834,0.0010275375094532233,46.1,23.55348523396626,7.448266017447729,46.1,23.55348523396626,7.448266017447729
0.39999999999999997,0.39975,one,baseline2_matched_0.200,10,0.2,0.6046765124999995,0.0017059172136293572,0.0005394583894756805,0.60428365,0.0017050113593220896,0.0005391719331917565,1.512636679174484,0.0042674601966962745,0.0013494894045670387,1.5125998748435543,0.004267863227338387,0.0013496168540466302,1.57145,0.013899340511933173,0.004395357399195959,1.57145,0.013899340511933173,0.004395357399195959,0.7380916666666667,0.0023165567519888583,0.0007325595665326587,0.495395841150719,0.00781389028295078,0.0024709690680782023,0.49105,0.010599921383356272,0.0033519894590128643,0.02033755472170106,0.000583916716015798,0.00018465067864556413,0.0227,0.0020709632756012093,0.0006548960901462834,257.1,29.440901254320778,9.31003043317618,257.1,29.440901254320778,9.31003043317618
0.39999999999999997,0.39975,one,baseline2_matched_0.350,10,0.35,0.6049218875000004,0.0007991943544254979,0.0002527274453132442,0.6045189750000004,0.0007899152222443867,0.00024979312607303645,1.513250500312695,0.0019992354081945535,0.0006322137468751247,1.5131889236545677,0.0019772596301489706,0.0006252643956772882,1.6116499999999998,0.04534745490837023,0.014340124360223208,1.6116499999999998,0.04534745490837023,0.014340124360223208,0.7313916666666667,0.007557909151395049,0.0023900207267038716,0.4910505628517822,0.01194643386212816,0.003777794092088693,0.4835,0.016174396777348794,0.005114793359570951,0.020626110068792995,0.0009180660100631745,0.00029031796341826954,0.02135,0.003887658535531238,0.0012293855737273351,442.3,77.39946884687114,24.475861124335903,442.3,77.39946884687114,24.475861124335903
0.39999999999999997,0.39975,one,baseline2_matched_0.500,10,0.5,0.6054692000000002,0.0007943401812898959,0.0002511924209867138,0.6050543125000003,0.0007896563472174395,0.00024971126260158735,1.5146196372732954,0.001987092385966456,0.0006283737860832406,1.5145289424280337,0.0019766116325857274,0.0006250594808554794,1.65955,0.04182267460494501,0.013225490959170898,1.65955,0.04182267460494501,0.013225490959170898,0.7234083333333333,0.006970445767490845,0.002204248493195153,0.48882210756722977,0.009052687110928858,0.0028627110215384555,0.48105000000000003,0.019267776784627284,0.006093006008713779,0.020898499061913697,0.0006154765387170903,0.0001946307708742813,0.0191,0.0024585451886114363,0.0007774602526460399,637.9,88.28042440616908,27.91672139298118,637.9,88.28042440616908,27.91672139298118
0.39999999999999997,0.39975,one,baseline2_matched_0.650,10,0.65,0.6056896249999996,0.0012634814131004639,0.00039954790466855723,0.6052654625,0.001265415001165166,0.0004001593589026548,1.5151710444027522,0.0031606789570981383,0.0009994944456995732,1.5150574780976223,0.0031674968740054645,0.0010016504603320656,1.69665,0.03850328268833424,0.012175807068846725,1.69665,0.03850328268833424,0.012175807068846725,0.717225,0.006417213781389034,0.002029301178141119,0.48563536585365863,0.009262377394103313,0.0029290209113421515,0.47874999999999995,0.017881166380052257,0.005654521298139314,0.02128352095059412,0.0008157861867119042,0.0002579742433713005,0.01805,0.002266298989787338,0.0007166666666666665,916.9,104.52798668299319,33.054651715000716,916.9,104.52798668299319,33.054651715000716
0.39999999999999997,0.39975,one,baseline2_matched_0.800,10,0.8,0.6058287749999999,0.0008999348139970002,0.00028458437579104997,0.6053884500000001,0.000894615389504459,0.00028290222606727836,1.515519136960601,0.002251244062532769,0.000711905880653408,1.5153653316645814,0.002239337645820124,0.0007081407410951028,1.7612999999999999,0.05370764481068884,0.01698384853650995,1.7612999999999999,0.05370764481068884,0.01698384853650995,0.70645,0.008951274135114847,0.002830641422751671,0.4801530018761729,0.013105083715342586,0.004144191346766428,0.46530000000000005,0.0240891861400274,0.00761766951822464,0.021708067542213882,0.0011667913386844435,0.00036897181843997725,0.015,0.003223179934302286,0.0010192589900947103,1221.6,136.34857290537857,43.117204609451825,1221.6,136.34857290537857,43.117204609451825
0.39999999999999997,0.39975,one,baseline2_matched_0.950,10,0.95,0.605561525,0.001023138303890907,0.00032354474016567814,0.6050915250000002,0.0010182838142625335,0.0003220096157553457,1.5148505941213253,0.0025594454131100497,0.0008093677052298338,1.5146220901126406,0.0025488956552239582,0.0008060315788614966,1.8800000000000001,0.045714694938644544,0.01445625585458881,1.8800000000000001,0.045714694938644544,0.01445625585458881,0.6866666666666668,0.00761911582310741,0.002409375975764797,0.47424130706691703,0.010732207749756762,0.003393822081134176,0.46185,0.022108382020300698,0.006991284256526516,0.022445090681676046,0.0008245327560539074,0.00026074015145463353,0.01075,0.001903943276465977,0.0006020797289396148,1633.2,168.87457541685257,53.4028297211133,1633.2,168.87457541685257,53.4028297211133
0.39999999999999997,0.39975,two-2g,baseline1_hdv,10,0.0,0.6038520499999996,0.0008806635306213246,0.0002784902609008826,0.6030895999999999,0.0008788349982600206,0.00027791202819717794,1.5105742338961847,0.002203035723881264,0.0006966610654182595,1.5105562930494683,0.002201214773350214,0.0006960852302997984,1.5249000000000001,0.0124047481948558,0.003922725809660652,1.5135,0.018251331762671755,0.005771577870141846,0.74585,0.0020674580324759645,0.0006537876349434414,0.49983674171357106,0.00854051485401722,0.0027007479329194863,0.49882499999999996,0.010366244632352533,0.003278094382072879,0.019833646028767977,0.0006889231527544976,0.00021785662955283155,0.0241,0.0025171633064048726,0.0007959969290839701,0.0,0.0,0.0,0.0,0.0,0.0
0.39999999999999997,0.39975,two-2g,baseline2_all_hdv_yield,10,1.0,0.606465375,0.0011041920437332823,0.00034917618324334246,0.6054944249999998,0.0011102425257449933,0.0003510895136532309,1.517111632270168,0.002762206488389053,0.0008734863871004849,1.5165796493425177,0.002780820352524004,0.0008793726077728216,1.9419,0.03432406832918654,0.010854223448347957,1.93825,0.0338757943736297,0.010712466776818686,0.67635,0.005720678054864442,0.0018090372413913322,0.4532372107567232,0.012699990988623422,0.004016089778766357,0.44234999999999997,0.022987979950883503,0.007269437545107749,0.024450437773608506,0.0010524787055086555,0.00033282298982329557,0.00735,0.0018112303982529545,0.0005727613425813194,3283.3,549.9036380231641,173.8947989765971,3207.9,506.3712845114519,160.1286600761331
0.39999999999999997,0.39975,two-2g,baseline2_matched_0.050,10,0.05,0.6040454249999999,0.0009762509001984397,0.00030871764124167957,0.6032731124999998,0.0009743940272353763,0.00030813044645279297,1.511057973733584,0.0024421535964946712,0.0007722767760894961,1.5110159361302438,0.0024405611201889573,0.0007717731908649054,1.544625,0.024809342438328014,0.007845402935619198,1.53025,0.02780712338792189,0.008793384508317105,0.7425625,0.004134890406388035,0.0013075671559365433,0.49622795497185745,0.009407159298414843,0.0029748049695022503,0.488825,0.01367329615629597,0.004323875897592091,0.02009415259537211,0.0006679577125845578,0.00021122677524433182,0.02435,0.0023634955280497387,0.0007474029108259555,114.4,36.32629901324934,11.487384384619503,114.4,36.32629901324934,11.487384384619503
0.39999999999999997,0.39975,two-2g,baseline2_matched_0.200,10,0.2,0.6049305749999998,0.0013451466504104655,0.0004253727202243339,0.6041397249999998,0.0013381700785128055,0.0004231665344786811,1.513272232645404,0.003364969732109439,0.0010640968610992453,1.5131865372573572,0.003351709651880822,0.001059903655551346,1.5817,0.028180174275937737,0.008911353557244954,1.57175,0.027727092647204583,0.008768076565967398,0.7363833333333333,0.004696695712656311,0.001485225592874166,0.4916710131332084,0.011003314401415408,0.0034795535319404945,0.48145,0.017198917924618903,0.005438775393209186,0.02061550969355847,0.0008268603801002608,0.0002614762108069389,0.021825,0.0023980605589610216,0.0007583333333333335,478.5,71.7778207774209,22.698139914000784,478.3,71.78215500929028,22.699510518462237
0.39999999999999997,0.39975,two-2g,baseline2_matched_0.350,10,0.35,0.6052925499999998,0.001100191751279773,0.00034791117969735515,0.6044903624999999,0.0011029532191559716,0.00034878443251477274,1.514177736085054,0.0027521995028872387,0.0008703219004306833,1.5140647777082032,0.002762562853238172,0.0008735990795606088,1.6043749999999999,0.03131520974081299,0.009902738818686014,1.596,0.031122517750193524,0.009841804260963082,0.7326041666666667,0.0052192016234688336,0.001650456469781003,0.487440494058787,0.008347050627301799,0.0026395691727010935,0.48075,0.013769430715255515,0.004354276314408882,0.020998905565978738,0.0007239139101297808,0.00022892167858885453,0.0213,0.0021173883284209658,0.0006695769808866887,842.2,118.31201685937626,37.41354478438702,838.4,116.10646455349121,36.7160879058637
0.39999999999999997,0.39975,two-2g,baseline2_matched_0.500,10,0.5,0.6060729999999996,0.0008925948790214013,0.0002822632845510074,0.6052559874999999,0.0008952010955995766,0.00028308744259727985,1.5161300813008118,0.002232882749272517,0.0007060995235799833,1.5159824358171565,0.0022422068768936662,0.0007090480716276751,1.634025,0.028420075553109363,0.008987217002189523,1.62275,0.027611642069565092,0.008731567887715109,0.7276625,0.004736679258851567,0.0014978695003649224,0.47971419637273305,0.010751746166752407,0.003400000671092214,0.47555,0.019529464918425173,0.0061757590626578,0.02189818636647905,0.0009157671149501906,0.0002895909889523836,0.02055,0.002730486322169653,0.0008634555897992413,1284.6,174.73421085879102,55.255809146590586,1278.0,174.00638557886955,55.025650584270444
0.39999999999999997,0.39975,two-2g,baseline2_matched_0.650,10,0.65,0.6065536374999999,0.0013505110638219792,0.00042706909669344766,0.6057100124999998,0.0013577928084174237,0.0004293717865195703,1.5173324265165724,0.003378389152776975,0.0010683404545181806,1.517119630557295,0.003400858630976306,0.001075445927412719,1.68725,0.0286397645086532,0.009056688749819724,1.6790500000000002,0.028508721862304215,0.00901524942651185,0.7187916666666666,0.004773294084775528,0.001509448124969952,0.47262489055659795,0.009657855180843876,0.003054081968352403,0.46094999999999997,0.01948247075364587,0.006160898202913814,0.02251241400875547,0.0007060595372584647,0.00022327563014212662,0.0194,0.0017488091186099565,0.0005530220007679019,1784.5,211.80402367387745,66.97831323976772,1771.3,208.6704206265096,65.98738094851502
0.39999999999999997,0.39975,two-2g,baseline2_matched_0.800,10,0.8,0.6063717250000004,0.00106835284823575,0.0003378428345153171,0.6054926625000001,0.001070376918053189,0.00033848290159194794,1.5168773608505322,0.0026725524658804973,0.0008451352958481811,1.5165752348152786,0.002680969112218551,0.0008477968731170175,1.7581250000000002,0.031679219003420335,0.01001784865460977,1.7424499999999998,0.030500865197200234,0.00964522046289135,0.7069791666666666,0.0052798698339033895,0.0016696414424349619,0.46667251407129484,0.01549882319750592,0.004901158235637242,0.4551,0.020292034562031148,0.006416904757487574,0.023055378361475923,0.0012483400830291971,0.00039475979568559695,0.016775,0.0011083646612113822,0.0003504956807468848,2344.8,283.96157799564673,89.79653544417944,2312.8,276.0643242273639,87.29920452736731
0.39999999999999997,0.39975,two-2g,baseline2_matched_0.950,10,0.95,0.6067950375000001,0.0009930179275014872,0.0003140198408284656,0.6058550874999996,0.0009959075008117114,0.0003149336041410997,1.517936303939963,0.0024840973796176895,0.0007855405649247829,1.517482999373826,0.0024944458379766404,0.0007888130347933522,1.8799,0.03658384585821694,0.011568827848048292,1.8702999999999999,0.03689037814932234,0.011665761869676576,0.6866833333333333,0.006097307643036154,0.0019281379746747145,0.45540015634771763,0.010067378085374305,0.0031835844815847874,0.441925,0.020296089524832108,0.006418187049315403,0.024220950594121327,0.0007260611756897345,0.00022960070357992362,0.012825,0.002034596602113877,0.0006433959382319206,3192.6,259.21342557822885,81.97048249217518,3142.6,269.989382507288,85.37813927854522
0.39999999999999997,0.39975,two-g,baseline1_hdv,10,0.0,0.6039123499999995,0.000991553655675329,0.0003135567974200382,0.60314815,0.0009885180315053498,0.000312596848770299,1.510725078173858,0.0024804344106952874,0.0007843822324454625,1.5107029430181593,0.0024759374615041787,0.000782960172248867,1.5284,0.014858218825507565,0.004698581346179583,1.5167,0.020796901478612424,0.00657655769465388,0.7452666666666666,0.0024763698042512446,0.0007830968910299252,0.5001537836147593,0.008873640453083097,0.0028060914969151095,0.501175,0.010664745920815715,0.0033724887776767384,0.01977432770481551,0.0007748548991827679,0.00024503063375576887,0.023899999999999998,0.0023219962675824148,0.0007342796923970229,0.0,0.0,0.0,0.0,0.0,0.0
0.39999999999999997,0.39975,two-g,baseline2_all_hdv_yield,10,1.0,0.60655655,0.0010968594438590237,0.00034685741156601033,0.6055841249999998,0.0010920602391684773,0.00034533976978806127,1.5173397123201995,0.002743863524351302,0.0008676858325606997,1.5168043206011272,0.0027352792465079197,0.0008649712455554192,1.94485,0.03434449656705489,0.010860683424372727,1.941,0.033111763602817756,0.010470859032996703,0.6758583333333333,0.005724082761175832,0.0018101139040621265,0.4509467792370234,0.011701503894255633,0.003700340435517788,0.439675,0.020342910995670645,0.0064329932984402965,0.024657473420888053,0.0009745422347385834,0.0003081773137804391,0.007200000000000001,0.0019357743210979485,0.0006121455890735653,3399.8,445.71036933566324,140.94599438555653,3325.2,389.778512605414,123.25878828257596
0.39999999999999997,0.39975,two-g,baseline2_matched_0.050,10,0.05,0.6040788124999997,0.0010590108530976212,0.00033488863626264645,0.6033070625000001,0.0010523288463534914,0.00033277560019744084,1.5111414946841784,0.002649182872040173,0.0008377451813953345,1.5111009705698175,0.0026357641737082913,0.0008335018163989897,1.5435,0.021672114699667806,0.006853324416336624,1.53775,0.02157834562704004,0.006823672031978076,0.74275,0.0036120191166113037,0.001142220736056105,0.4955672920575359,0.007496601174740654,0.0023706334422074395,0.49400000000000005,0.009168181692983382,0.0028992336152086056,0.020289931207004376,0.0004900147715978537,0.00015495627653764037,0.023524999999999997,0.00237009727882868,0.0007494905677265801,130.6,44.0711545874018,13.93652276095679,130.4,44.02827374413956,13.922962647687052
0.39999999999999997,0.39975,two-g,baseline2_matched_0.200,10,0.2,0.604984325,0.0008647873096733891,0.00027346975901772723,0.6041985624999999,0.0008520797152532626,0.0002694512648228026,1.5134066916823006,0.0021633203494015475,0.0006841019612700166,1.5133339073262362,0.002134200914848569,0.0006748935875336547,1.571525,0.03195384040560172,0.010104691567122003,1.56235,0.031387409011328776,0.009925570232709267,0.7380791666666667,0.0053256400676003094,0.0016841152611870075,0.49259896810506565,0.009629792887801495,0.003045207892114301,0.484575,0.013909454218863748,0.004398555634144765,0.020509537210756722,0.0007297137328159401,0.00023075574356019247,0.023075000000000002,0.0016246794555644917,0.0005137687547266117,482.5,110.29682175334378,34.87891754181727,481.9,109.44450648616403,34.60939178893498
0.39999999999999997,0.39975,two-g,baseline2_matched_0.350,10,0.35,0.6054648249999998,0.001228067235990093,0.00038834895855561997,0.6046573125,0.0012268392771587165,0.0003879606438776132,1.5146086929330826,0.003072088145063385,0.0009714795711202057,1.514482936756417,0.003072859805031074,0.0009717235914279127,1.615025,0.023860837858996772,0.0075454594514405395,1.6095,0.0248484294160505,0.00785776332326473,0.7308291666666666,0.003976806309832766,0.0012575765752400804,0.48978402126328974,0.012803216632744892,0.004048732593602539,0.48440000000000005,0.019595280043928964,0.006196571632765982,0.02087126328955597,0.0009609997123536638,0.00030389479218042296,0.02195,0.0021042285469448836,0.0006654154925892375,844.7,117.45263820886368,37.14178539357286,840.5,116.27290694262739,36.768721610750745
0.39999999999999997,0.39975,two-g,baseline2_matched_0.500,10,0.5,0.6058446374999995,0.0006861506466481287,0.00021697988614054645,0.6050273875000001,0.0006874946097009204,0.00021740488457433995,1.515558818011257,0.0017164493974943375,0.0005427889584505818,1.515409862241702,0.0017219652090207345,0.0005445332112073442,1.6344999999999998,0.03643582638618817,0.011522019981081641,1.62485,0.03979534450717123,0.0125843928913732,0.7275833333333334,0.0060726377310313774,0.0019203366635136118,0.48156160100062595,0.011394812819152859,0.0036033562019807354,0.47329999999999994,0.017070442290696514,0.005398147830506312,0.02162989368355222,0.0009040668158196656,0.0002858910294966089,0.020825,0.0041850428114098585,0.0013234267389369662,1271.8,124.10103410796651,39.244192776341656,1263.4,123.37584852798379,39.0148689604361
0.39999999999999997,0.39975,two-g,baseline2_matched_0.650,10,0.65,0.6064579124999998,0.0009036847795166535,0.00028577021900997007,0.6056131250000003,0.0009162175642279781,0.00028973343352120225,1.5170929643527198,0.002260624839314869,0.0007148723427387142,1.5168769567939875,0.0022948467482209983,0.0007256942605409312,1.689575,0.03080878527303534,0.00974259334058442,1.6774,0.03488377527988875,0.011031218326992614,0.7184041666666666,0.005134797545505885,0.0016237655567640688,0.47527345215759853,0.0089384778675211,0.002826594887637147,0.4657,0.01608346286649047,0.0050860375320850495,0.0223552220137586,0.0007075249532919919,0.00022373903538069418,0.020175,0.0027055755189772266,0.0008555781021560153,1792.8,211.98259886656317,67.03478367401675,1774.6,207.11789450026336,65.4964290799294
0.39999999999999997,0.39975,two-g,baseline2_matched_0.800,10,0.8,0.6062844250000002,0.0009843026017468902,0.0003112638128349804,0.6054163125,0.0009864190061676893,0.0003119330786769578,1.5166589743589742,0.002462295439016467,0.0007786461859536265,1.516384001252348,0.0024706800404965925,0.000781297629748628,1.736225,0.021304162999543283,0.006736967872204149,1.7239499999999999,0.031228948464881487,0.009875460608104432,0.7106291666666666,0.0035506938332572078,0.0011228279787006896,0.4684801438399001,0.01331155197692142,0.004209482343878883,0.46040000000000003,0.014794049103909612,0.004678289098472739,0.022930956848030017,0.0010210886485742515,0.0003228965822437876,0.016475,0.001391691616542815,0.00044009153088369625,2282.5,234.88827131212832,74.27819330059125,2247.3,224.95187139573756,71.1360277527811
0.39999999999999997,0.39975,two-g,baseline2_matched_0.950,10,0.95,0.6066805875000001,0.0015023016323688098,0.00047506948908743765,0.6057474625,0.0015067279083354611,0.0004764692004481458,1.5176499999999995,0.003758102895230552,0.0011884164830201682,1.5172134314339374,0.0037738958255105893,0.001193410646081484,1.8662500000000002,0.032905588853229424,0.010405660852525304,1.85535,0.028644419662087382,0.00905816083859068,0.6889583333333333,0.005484264808871582,0.0017342768087542208,0.45672833020637943,0.013025367818626735,0.004118982966831945,0.44022500000000003,0.019217486972951364,0.006077102973914094,0.024016854283927455,0.0011426079015449493,0.0003613243441387464,0.01185,0.002041921752772237,0.0006457123542603504,2971.7,389.33391837855584,123.11819524343262,2933.9,386.8035533560788,122.31802356516756
0.44999999999999996,0.44975,one,baseline1_hdv,10,0.0,0.5530623,0.0004785024062401531,0.00015131574695900508,0.5527543000000001,0.00047549538203132285,0.00015036484241108812,1.2297105058365774,0.0010639297526187895,0.0003364441288694868,1.2297092324805337,0.0010578317731520762,0.0003345157784455115,1.232,0.033221478995774226,0.010505554086608988,1.232,0.033221478995774226,0.010505554086608988,0.7946666666666666,0.005536913165962367,0.0017509256811014968,0.5439924402445803,0.009652951901706891,0.0030525314153447575,0.5409499999999999,0.009241963475846935,0.0029225654635762865,0.01901881600889383,0.000578614166374263,0.00018297386521822816,0.0216,0.0028362729848243526,0.0008969082698049138,0.0,0.0,0.0,0.0,0.0,0.0
0.44999999999999996,0.44975,one,baseline2_all_hdv_yield,10,1.0,0.5548837499999999,0.0009369505871588029,0.0002962897910453928,0.5544720749999996,0.0009395495636947462,0.00029711165958928436,1.233760422456922,0.002083269788013498,0.00065878775107388,1.2335307563959952,0.002090210375294061,0.0006609825574844572,1.6466999999999998,0.041050240221248674,0.012981225759620013,1.6466999999999998,0.041050240221248674,0.012981225759620013,0.7255499999999999,0.006841706703541405,0.0021635376266033227,0.5199269316286826,0.015264776373834922,0.004827146131444425,0.47245,0.03698832398353717,0.011696735062020987,0.02133137854363535,0.0011414093160578439,0.00036094531812777883,0.005050000000000001,0.002114106062723544,0.0006685390373377193,1992.5,279.226411517408,88.2991443270482,1992.5,279.226411517408,88.2991443270482
0.44999999999999996,0.44975,one,baseline2_matched_0.050,10,0.05,0.5530054624999998,0.00040501657223480973,0.00012807748583761115,0.5526942874999998,0.0004033280821369003,0.0001275435383860077,1.2295841300722627,0.0009005371255906738,0.00028477484344076337,1.2295757230255835,0.0008972816065340246,0.00028374535792225397,1.2447,0.022635026937126535,0.007157824002058473,1.2447,0.022635026937126535,0.007157824002058473,0.79255,0.0037725044895210885,0.0011929706670097454,0.5476242356864922,0.011696643528492402,0.0036988034529104566,0.54535,0.011900163397571037,0.0037631620864492328,0.018677543079488605,0.000789536008365165,0.0002496732081151676,0.0193,0.0028693785622209787,0.0009073771725877464,58.3,20.992326640412628,6.638356556993438,58.3,20.992326640412628,6.638356556993438
0.44999999999999996,0.44975,one,baseline2_matched_0.200,10,0.2,0.5533298124999998,0.00041362912907959146,0.0001308010154483295,0.5530116499999999,0.00041042105665965565,0.00012978653387375297,1.2303053085047262,0.0009196867794999421,0.0002908304957164869,1.2302817575083431,0.0009130613051387099,0.0002887353367604326,1.27265,0.01808782586284058,0.00571987276470766,1.27265,0.01808782586284058,0.00571987276470766,0.7878916666666667,0.003014637643806761,0.000953312127451276,0.5442469705391884,0.01058749086307481,0.00334805858335383,0.53635,0.00946646126537732,0.0029935578980351983,0.019010922734852696,0.0007128227476140035,0.0002254143450439606,0.02,0.0029059326290271155,0.0009189365834726814,224.9,48.26880750316686,15.26393716502324,224.9,48.26880750316686,15.26393716502324
0.44999999999999996,0.44975,one,baseline2_matched_0.350,10,0.35,0.5538429125,0.0005081379441767922,0.00016068732691541568,0.5535121250000001,0.000507937660216921,0.00016062399156621662,1.231446164535855,0.0011298231110109223,0.0003572814383891778,1.2313951612903236,0.0011300059181685801,0.00035733924708825586,1.32315,0.0256580613279942,0.008113791414074627,1.32315,0.0256580613279942,0.008113791414074627,0.779475,0.004276343554665699,0.0013522985690124375,0.5395951361867704,0.009877526917696883,0.0031235482709544684,0.5229,0.011495892986434596,0.0036353205574688476,0.019529738743746524,0.0007224977798279162,0.00022847385886710716,0.01985,0.003028109054252248,0.0009575721614815481,473.3,63.38252475599599,20.043314208095534,473.3,63.38252475599599,20.043314208095534
0.44999999999999996,0.44975,one,baseline2_matched_0.500,10,0.5,0.5538381000000003,0.0005301863430275985,0.00016765964282825437,0.5535020500000001,0.0005299665647208253,0.00016759014282528454,1.23143546414675,0.0011788467882778875,0.00037278408633324066,1.2313727474972194,0.0011790134921487354,0.00037283680272590526,1.3442,0.02638412822554923,0.00834339392706723,1.3442,0.02638412822554923,0.00834339392706723,0.7759666666666667,0.004397354704258208,0.0013905656545112062,0.5384082267926622,0.011883064042211273,0.0037577547955034867,0.516,0.011770962388673064,0.003722305140038305,0.019548165647581987,0.0008089848573996298,0.0002558234741969351,0.017249999999999998,0.0028504385627478447,0.0009013878188659972,682.7,92.66912466764033,29.30455027238375,682.7,92.66912466764033,29.30455027238375
0.44999999999999996,0.44975,one,baseline2_matched_0.650,10,0.65,0.5539300374999998,0.000801847733904959,0.0002535665175784291,0.5535805125000002,0.000801502273187043,0.0002534572733073559,1.2316398832684843,0.001782874338865179,0.0005637943692680824,1.2315473025583985,0.0017830973819506258,0.0005638649016847187,1.3981,0.015731779584296498,0.004974825513411381,1.3981,0.015731779584296498,0.004974825513411381,0.7669833333333334,0.0026219632640494157,0.0008291375855685632,0.5384075875486379,0.010821559491400776,0.003422077582783976,0.50715,0.01663171334796535,0.005259409557059507,0.019684574763757644,0.0007102842560947444,0.00022461160354177262,0.01695,0.001847671206922078,0.0005842849380986034,994.3,79.99312470456445,25.296047122030743,994.3,79.99312470456445,25.296047122030743
0.44999999999999996,0.44975,one,baseline2_matched_0.800,10,0.8,0.5543560875,0.0006105341526582764,0.00019306785117210982,0.5539931875000005,0.0006071096403873219,0.00019198492530696866,1.2325871873262932,0.0013574967263116427,0.0004292781571367016,1.2324653781979973,0.0013506332377919727,0.00042710773149504415,1.4516,0.023549946921383923,0.007447147104764348,1.4516,0.023549946921383923,0.007447147104764348,0.7580666666666667,0.0039249911535639784,0.0012411911841273885,0.532155086158977,0.011503307203148143,0.003637665138656937,0.49820000000000003,0.0197683810386407,0.006251310973618966,0.020366898276820457,0.0007382779098820929,0.00023346397414159462,0.0155,0.0027386127875258306,0.0008660254037844386,1413.9,128.89741830015234,40.76094263439506,1413.9,128.89741830015234,40.76094263439506
0.44999999999999996,0.44975,one,baseline2_matched_0.950,10,0.95,0.5548131500000003,0.0006351502933467526,0.00020085215834998285,0.5544162875000002,0.000633222386252555,0.00020024250059649673,1.2336034463590893,0.0014122296683643056,0.0004465862331295442,1.233406646273637,0.0014087261095718543,0.0004454783105594987,1.58745,0.043218083920712844,0.013666758129775245,1.58745,0.043218083920712844,0.013666758129775245,0.735425,0.0072030139867854765,0.0022777930216292086,0.5259843524180102,0.014237722803958608,0.00450236327546282,0.47214999999999996,0.028201704046229393,0.008918161868407139,0.020888382434685937,0.0010282355850812306,0.0003251566420092538,0.01005,0.0015536694915228555,0.0004913134324327891,1840.0,232.42728851071777,73.49996220709534,1840.0,232.42728851071777,73.49996220709534
0.44999999999999996,0.44975,two-2g,baseline1_hdv,10,0.0,0.5529396875000001,0.0005693745845524097,0.00018005205289977372,0.5523201250000003,0.0005694365331424653,0.00018007164276401488,1.229437882156755,0.001265980176882938,0.0004003380831572928,1.2294271007234276,0.001267527063201144,0.0004008272515619811,1.239125,0.017995852145548528,0.00569078812155613,1.23175,0.01935523185084589,0.006120661728930943,0.7934791666666666,0.002999308690924751,0.0009484646869260206,0.5448795441912176,0.010602121644498964,0.003352685242678671,0.5482,0.012994550139706003,0.004109237561073018,0.018856642579210672,0.0006702929394970843,0.00021196523883402246,0.0202,0.0038546508704853325,0.0012189476335484363,0.0,0.0,0.0,0.0,0.0,0.0
0.44999999999999996,0.44975,two-2g,baseline2_all_hdv_yield,10,1.0,0.55583885,0.0013816501001721773,0.00043691612459438795,0.5550217500000003,0.00137543900693744,0.0004349520044562447,1.235884046692608,0.0030720402449622335,0.0009714644237782266,1.2354407345575962,0.0030616338496099816,0.000968173632623696,1.6341999999999999,0.02865135249861688,0.009060353193998562,1.6261499999999998,0.03135021708236023,0.009913809112097686,0.7276333333333334,0.004775225416436161,0.0015100588656664317,0.5106570316842689,0.012043101641328059,0.003808363127950886,0.46495,0.02636675094803218,0.008337898749418558,0.02232248471372985,0.0009382457891290444,0.0002966993698709829,0.007525,0.00258050920900852,0.0008160286623506418,3433.2,461.14297614128793,145.82621315951548,3361.6,440.475551093487,139.29059950732895
0.44999999999999996,0.44975,two-2g,baseline2_matched_0.050,10,0.05,0.5529208125000004,0.00047823161029984644,0.00015123011376375544,0.5522962500000004,0.0004775939116497207,0.00015102845574423425,1.2293959143968887,0.0010633276493606715,0.0003362537271012607,1.2293739565943231,0.0010630916230370785,0.0003361790890242297,1.2491249999999998,0.01672458685754464,0.005288778739515909,1.2431,0.022927179406886405,0.007250210724906939,0.7918125,0.002787431142924109,0.0008814631232526523,0.5429436075597556,0.012170323019813039,0.003848594060258774,0.5432750000000001,0.011620414268767596,0.003674697644402564,0.019153529738743746,0.00091028969046143,0.0002878588752427769,0.020999999999999998,0.0037693942926328807,0.0011919871363959148,104.6,23.833682981118223,7.536872325072546,104.4,23.641770943254937,7.476184410067299
0.44999999999999996,0.44975,two-2g,baseline2_matched_0.200,10,0.2,0.5537577375,0.0005697229908338696,0.00018016222863982603,0.5531219499999999,0.0005701153459072982,0.0001802863022081817,1.2312567815453037,0.0012667548434332151,0.0004005830542298949,1.2312119087367839,0.0012690380543283605,0.00040130506891061205,1.271575,0.013002163281546646,0.004111645047909654,1.2613999999999999,0.01341806410941773,0.004243164437591881,0.7880708333333333,0.0021670272135911107,0.0006852741746516099,0.5418074485825459,0.011931626522992279,0.0037731116003130996,0.5347999999999999,0.014718563486669164,0.0046544184503663905,0.019293635352973876,0.0008848566500212051,0.00027981624168134866,0.020225,0.0019381047443314302,0.0006128825336065629,461.6,90.77101838019544,28.704316361442537,460.2,90.3521505616281,28.571858726920638
0.44999999999999996,0.44975,two-2g,baseline2_matched_0.350,10,0.35,0.5541960374999999,0.0005036103164832017,0.00015925556532451557,0.5535438374999999,0.0005062150366869753,0.00016007925017565383,1.2322313229571993,0.0011197561233634796,0.0003540979773749079,1.232151001669449,0.00112680030425595,0.0003563255429619523,1.3044,0.019915864697940343,0.006297949401723281,1.29635,0.01989423422893064,0.006291109246830445,0.7826,0.0033193107829900753,0.0010496582336205526,0.5368703446359087,0.010281242516926838,0.0032512143530051057,0.5259750000000001,0.013495086554413477,0.004267521073306041,0.019816759310728183,0.0007194700364719223,0.0002275164023495689,0.020125,0.0019229967932023876,0.0006081049799719343,838.7,106.5301730862096,33.687798648439134,834.3,107.60529726737434,34.02778276643954
0.44999999999999996,0.44975,two-2g,baseline2_matched_0.500,10,0.5,0.5546264999999999,0.0005901919208799201,0.0001866350726610435,0.5539501750000003,0.0005917319629459708,0.00018712207672316264,1.2331884380211249,0.0013122666389771842,0.0004149751476621793,1.2330554813578187,0.0013171551762849686,0.00041652103889410993,1.3526500000000001,0.015510838504449415,0.004904957809309989,1.34075,0.014799117841577216,0.004679891974061891,0.7745583333333333,0.002585139750741577,0.0008174929682183341,0.5313414118954973,0.011835618595440684,0.003742751227863552,0.505375,0.01638522793385688,0.00518146402520025,0.020357837687604224,0.0008925604318906309,0.00028225239141179824,0.019,0.002185812841434,0.0006912147117775905,1368.2,171.2527696450808,54.15488076906006,1363.8,171.9094076670746,54.36252794383687
0.44999999999999996,0.44975,two-2g,baseline2_matched_0.650,10,0.65,0.5548327000000002,0.00047799699339470196,0.00015115592138397182,0.5541356125,0.0004752737604747324,0.00015029475952134635,1.2336469149527534,0.0010628059886485088,0.00033608876349963473,1.2334682526432938,0.0010579271240390418,0.0003345459310434844,1.3941750000000002,0.02574232625679177,0.008140438324261852,1.3882999999999999,0.02460939296736558,0.007782173361100499,0.7676375,0.004290387709465266,0.0013567397207102992,0.5264764035575319,0.012039967707653774,0.0038073720911062222,0.49535,0.023177215823591352,0.007329279182384399,0.020899499722067817,0.0008026327030672232,0.00025381474662300403,0.017625,0.002065759209373423,0.0006532504199088669,1978.2,128.81321533307226,40.73431531822333,1961.8,130.11601660740226,41.1462972547686
0.44999999999999996,0.44975,two-2g,baseline2_matched_0.800,10,0.8,0.5552479625000001,0.000637939570811177,0.00020173420533135887,0.5545211125,0.0006364497815845712,0.0002012630926123934,1.2345702334630368,0.001418431508197504,0.0004485474270851908,1.234326349471342,0.001416694004640691,0.00044799798021697356,1.4537,0.0352825499834314,0.011157321960637933,1.4468,0.03204007906773434,0.01013196262659248,0.7577166666666667,0.005880424997238552,0.0018595536601063174,0.521800389105058,0.014261131199331254,0.004509765660037551,0.487125,0.029159820625115126,0.00922114493373187,0.021359977765425236,0.001063414316720872,0.00033628113372696344,0.016900000000000002,0.0030189218090054745,0.0009546668994413122,2525.3,294.9538758668699,93.27260524338799,2488.9,290.11126218133006,91.74123633592716
0.44999999999999996,0.44975,two-2g,baseline2_matched_0.950,10,0.95,0.5559666125,0.0013896368161245129,0.0004394417459378061,0.555187675,0.0013925558775938645,0.00044036483422512496,1.236168121178434,0.0030897983682596935,0.0009770800354372338,1.2358100723427938,0.003099734841612167,0.0009802222242075724,1.557875,0.024340253011558174,0.007697063834129652,1.5518,0.023331190377784965,0.007377970211680484,0.7403541666666666,0.004056708835259682,0.0012828439723549378,0.5120587548638132,0.011322887475802953,0.0035806114113332006,0.45785,0.03130477421878154,0.00989943881686679,0.02230455808782657,0.0007849428814501596,0.0002482207338518036,0.011225,0.0022652262580148586,0.00071632743909472,3284.2,295.8880418897211,93.56801447788305,3225.2,279.26363490038904,88.31091539429187
0.44999999999999996,0.44975,two-g,baseline1_hdv,10,0.0,0.552960725,0.0005600761753741546,0.00017711163773782363,0.5523438500000002,0.0005589771344206605,0.00017676409047233916,1.2294846581434142,0.001245305559477133,0.00039380019508180225,1.2294799109627153,0.0012442451517446467,0.00039346486471349113,1.2337500000000001,0.01850713075786975,0.00585246861494266,1.2258499999999999,0.019790640324265522,0.006258349977785235,0.7943749999999999,0.0030845217929782822,0.0009754114358237736,0.5444795163979992,0.010142533590103617,0.003207350738949206,0.5483,0.013156008344310044,0.004160295128420044,0.018896220122290162,0.0006151380142574913,0.00019452372004068029,0.020425,0.003776848333377094,0.001194344311048256,0.0,0.0,0.0,0.0,0.0,0.0
0.44999999999999996,0.44975,two-g,baseline2_all_hdv_yield,10,1.0,0.5554987499999999,0.0011430421807980178,0.0003614616752967717,0.5546824000000006,0.001136741905195395,0.0003594693532176639,1.235127848804893,0.0025415056827068068,0.000803694664361472,1.234685364496383,0.002530310306501028,0.0008001543755542006,1.6326999999999998,0.02842944482984733,0.008990179827641564,1.6232,0.030868178508691516,0.009761375130812485,0.7278833333333333,0.004738240804974572,0.0014983633046069325,0.5108812117843244,0.012144040328210873,0.0038402827434085114,0.4631,0.02476057574272277,0.007829981552411928,0.022305753196220125,0.0009457231355529324,0.000299063914426343,0.00745,0.0026869023883357664,0.0008496731397687257,3477.8,409.1559876406824,129.38648392402592,3406.2,381.78725896906394,120.73173199747906
0.44999999999999996,0.44975,two-g,baseline2_matched_0.050,10,0.05,0.5531630749999995,0.00047424275971192953,0.00014996872845336355,0.5525435499999994,0.00047103841846162875,0.00014895542677822532,1.2299345747637598,0.0010544586096974749,0.0003334490905018533,1.2299244296048975,0.0010484995402591747,0.0003315646672858404,1.23905,0.017437507467142975,0.005514224031236552,1.234,0.018287822299126934,0.005783117190965823,0.7934916666666667,0.002906251244523838,0.0009190373385394283,0.5441869927737633,0.011123187842488766,0.0035174608424158736,0.5437000000000001,0.014786348809327854,0.004675854051519479,0.019021734296831575,0.0007326224295408312,0.0002316755542275253,0.020300000000000002,0.0033162059981584713,0.0010486764144492914,103.7,32.57828179085638,10.302157271389543,103.7,32.57828179085638,10.302157271389543
0.44999999999999996,0.44975,two-g,baseline2_matched_0.200,10,0.2,0.5537277000000002,0.00047321030604777415,0.00014964223793763177,0.5530916749999999,0.00047518512547478175,0.00015026673067332106,1.2311899944413576,0.0010521629928811936,0.00033272315272441,1.2311445186421814,0.00105772982854684,0.0003344835407307402,1.27205,0.017021962936812622,0.005382817312729669,1.2667,0.01867737787925395,0.005906305481808782,0.7879916666666666,0.002836993822802094,0.0008971362187882751,0.53989388549194,0.010410226178609814,0.003292002568191785,0.5320750000000001,0.018748722178680163,0.00592886653023437,0.019450694830461367,0.0007955854101251847,0.0002515861969194769,0.020825,0.00241537321707801,0.000763808076533482,491.8,97.93172224678898,30.968729748283547,490.6,97.70954690077913,30.89847173495083
0.44999999999999996,0.44975,two-g,baseline2_matched_0.350,10,0.35,0.5541140875000001,0.00045374643421478125,0.00014348722122984638,0.5534635499999999,0.00045601186784027055,0.0001442036142442943,1.232049110617011,0.0010088859015338209,0.0003190377348079237,1.2319722871452414,0.0010150514587437774,0.00032098745519067726,1.301075,0.020759887202647955,0.0065648527528549055,1.2932000000000001,0.024570985599550843,0.007770027884977858,0.7831541666666666,0.0034599812004413016,0.0010941421254758099,0.5365612840466921,0.011095483012894399,0.00350869980604537,0.5213,0.018861262476892217,0.005964454897324837,0.019789077265147302,0.0007232489877048292,0.0002287114116558376,0.02015,0.002401388487243717,0.0007593857166596345,872.5,149.3907999547198,47.24151893314937,869.9,150.9675829809536,47.74014150702856
0.44999999999999996,0.44975,two-g,baseline2_matched_0.500,10,0.5,0.5547665375000003,0.0005842830484695961,0.0001847665231390482,0.5540953500000002,0.0005862087666141294,0.00018537548868587206,1.2334998054474726,0.0012991285124396344,0.00041082050725756343,1.233378631051752,0.0013048609162258369,0.0004126332525007807,1.342375,0.01660749914279024,0.005251752353051108,1.3340999999999998,0.017215625976936724,0.005444058943268143,0.7762708333333334,0.002767916523798396,0.0008752920588418586,0.5306828793774319,0.009631299573368059,0.0030456843479251053,0.5053,0.01652725022500719,0.005226375417055305,0.020462868260144523,0.0006504067243205787,0.00020567666543422596,0.01815,0.002381059521398918,0.0007529571332051011,1420.1,151.65637327707515,47.95795612362515,1408.1,149.97218260582713,47.42536827010999
0.44999999999999996,0.44975,two-g,baseline2_matched_0.650,10,0.65,0.5550454125000004,0.0003256646678226794,0.00010298421037618151,0.5543504749999999,0.0003222390136908159,0.00010190092342291596,1.2341198721511961,0.0007241015404599714,0.00022898101250900773,1.2339465219810783,0.0007172821673699417,0.00022682453739111228,1.389875,0.028774566798553974,0.009099316976809,1.38245,0.027885131442321645,0.008818052821091259,0.7683541666666667,0.00479576113309233,0.0015165528294681667,0.5269188715953304,0.011565744572723727,0.0036574095685537916,0.4962,0.02177339099808652,0.006885350793936029,0.02086347971095053,0.0008504797993245174,0.00026894532698284074,0.018375,0.0023311001217832276,0.0007371585838730889,1937.4,214.8494046225557,67.94134725383849,1923.8,213.0648310308912,67.37701553365378
0.44999999999999996,0.44975,two-g,baseline2_matched_0.800,10,0.8,0.5556991500000004,0.0007781120331358404,0.0002460606299493666,0.5549629249999998,0.0007887968889038632,0.00024943947801910055,1.2355734296831586,0.001730099017533815,0.0005471053473026444,1.2353097941012803,0.0017558083225461716,0.0005552353433925474,1.47245,0.03781493679016861,0.011958132983222956,1.4616,0.03595583710918468,0.01137023404430279,0.7545916666666667,0.006302489465028094,0.00199302216387049,0.5188945247359644,0.01250977571596227,0.0039559384280304375,0.47729999999999995,0.030736514658193336,0.00971973936550427,0.021625347415230683,0.0008577904000094785,0.0002712571419056872,0.015349999999999999,0.003541813722437199,0.0011200198410940964,2662.3,280.7438729914194,88.77900777899143,2640.9,287.0669492180062,90.77854004847916
0.44999999999999996,0.44975,two-g,baseline2_matched_0.950,10,0.95,0.5552479625,0.0008285655213020487,0.0002620154237999236,0.5544663250000001,0.0008319145071588701,0.0002630744661158482,1.234570233463036,0.0018422802030046966,0.0005825801529732218,1.2342043962159148,0.0018517852134875112,0.0005855859012041689,1.563275,0.03724215987590167,0.011777005019198301,1.559,0.03904555743686543,0.012347289401142086,0.7394541666666667,0.006207026645983631,0.00196283416986639,0.514640717065036,0.013281544421198653,0.0041999931215690465,0.4707,0.03892885248187462,0.012310384053942249,0.022212979433018344,0.0009885690413706462,0.00031261297950604646,0.010875,0.0012651855375574144,0.00040008679613859333,3346.5,465.8037855864491,147.30009051818897,3301.1,472.78758443935476,149.50856162775426
0.49999999999999994,0.49975,one,baseline1_hdv,10,0.0,0.5027523875000002,0.0003911415338202647,0.00012368981343638177,0.502500825,0.00039084363970049926,0.00012359561104437878,1.0060077788894448,0.000782674404842895,0.0002475033785620269,1.0060076576576578,0.0007824697491500524,0.0002474386607494766,1.00625,0.017161406961228115,0.005426913385054978,1.00625,0.017161406961228115,0.005426913385054978,0.8322916666666667,0.0028602344935380257,0.0009044855641758317,0.5801562781390699,0.015135616539481292,0.004786302205567672,0.57875,0.020014231048042917,0.006329055572867448,0.017908004002001,0.0008191861600790386,0.00025904940935370617,0.0183,0.0028982753492378874,0.0009165151389911679,0.0,0.0,0.0,0.0,0.0,0.0
0.49999999999999994,0.49975,one,baseline2_all_hdv_yield,10,1.0,0.5043927250000001,0.0007569676938832492,0.00023937420278361752,0.5040353499999999,0.0007539150289208166,0.00023840886536214957,1.0092900950475236,0.0015146927341337815,0.00047898789951706196,1.0090797797797797,0.0015093393972393588,0.0004772950257502031,1.4295,0.039539010272556574,0.01250333288900737,1.4295,0.039539010272556574,0.01250333288900737,0.7617499999999999,0.00658983504542609,0.00208388881483456,0.5619885442721354,0.011188850733969649,0.0035382252718990795,0.4574,0.030822790990506437,0.00974702233733177,0.01996350675337669,0.0005652342552987605,0.00017874276582931806,0.0057,0.0016193277068654826,0.0005120763831912405,2442.7,244.70892005718866,77.38375511407776,2442.7,244.70892005718866,77.38375511407776
0.49999999999999994,0.49975,one,baseline2_matched_0.050,10,0.05,0.5028832,0.0002825958613164363,8.93646579097008e-05,0.5026310625000001,0.0002800285467220632,8.855280175085977e-05,1.0062695347673842,0.000565474459863261,0.0001788187251821371,1.0062683933933934,0.0005606177111546195,0.00017728288638789823,1.00855,0.017052940443740977,0.005392613260542394,1.00855,0.017052940443740977,0.005392613260542394,0.8319083333333334,0.0028421567406234876,0.000898768876757063,0.579044147073537,0.013759640601347933,0.0043511804085588374,0.5760500000000001,0.0167057042819378,0.0052828075448151145,0.018021060530265132,0.0007574994266496011,0.00023954235144843893,0.01805,0.0031662280397975126,0.0010012492197250392,61.9,21.91118435867856,6.928924880528003,61.9,21.91118435867856,6.928924880528003
0.49999999999999994,0.49975,one,baseline2_matched_0.200,10,0.2,0.5028578124999998,0.00024529993863797836,7.757065159955532e-05,0.5025951749999996,0.0002425015764556038,7.6685731778117e-05,1.0062187343671831,0.0004908452999259062,0.0001552189126554341,1.0061965465465463,0.0004854886415521114,0.00015352498854457358,1.0505499999999999,0.025509747592287562,0.008066890492762506,1.0505499999999999,0.025509747592287562,0.008066890492762506,0.8249083333333334,0.004251624598714597,0.0013444817487937518,0.5758016508254128,0.015350661118951378,0.004854305272527528,0.56575,0.021863528738263832,0.006913854850146107,0.01821538269134567,0.0009091276765110388,0.0002874914141671643,0.0158,0.0025516878945339517,0.0008069145624606803,255.9,56.753756605963,17.947113664567038,255.9,56.753756605963,17.947113664567038
0.49999999999999994,0.49975,one,baseline2_matched_0.350,10,0.35,0.50308225,0.00024226466243892808,7.661081298788556e-05,0.5028111249999997,0.00023958410144784677,7.576314517400404e-05,1.0066678339169581,0.0004847717107339708,0.00015329827511356434,1.0066288788788793,0.00047964785074701866,0.0001516779683165074,1.0845,0.019527758021169087,0.006175219294351688,1.0845,0.019527758021169087,0.006175219294351688,0.8192499999999999,0.003254626336861539,0.001029203215725289,0.5765386193096551,0.012694179899049925,0.0040142521508924065,0.55465,0.01400803340944044,0.00442972911135658,0.0183612056028014,0.000714333078928827,0.0002258919537415925,0.0174,0.003281259920619923,0.0010376254944182252,499.9,76.36236711306893,24.147900759923438,499.9,76.36236711306893,24.147900759923438
0.49999999999999994,0.49975,one,baseline2_matched_0.500,10,0.5,0.5034472624999995,0.00031879322392122113,0.00010081126902191333,0.5031646499999995,0.00031920596363830487,0.00010094178878059315,1.0073982241120554,0.0006379054005424022,0.00020172339974360004,1.0073366366366368,0.0006390509782549092,0.0002020856632244248,1.1304500000000002,0.020321649648698436,0.0064262698701847655,1.1304500000000002,0.020321649648698436,0.0064262698701847655,0.8115916666666667,0.003386941608116396,0.0010710449783641245,0.5749116558279143,0.015690024064844623,0.004961621258776241,0.5361,0.025966645271707063,0.008211374225223611,0.018504277138569284,0.0008395812143743241,0.0002654988918112964,0.01735,0.0016507574019219177,0.0005220153254455274,788.9,98.46877677720994,31.13856130266779,788.9,98.46877677720994,31.13856130266779
0.49999999999999994,0.49975,one,baseline2_matched_0.650,10,0.65,0.5040001999999997,0.000536181487464801,0.0001695554739605792,0.5037049624999999,0.0005395954311706363,0.00017063505775198276,1.0085046523261627,0.0010728994246423642,0.0003392805882154056,1.0084183433433433,0.0010802711334750787,0.00034161172723130146,1.18095,0.029591149202271846,0.00935754300610536,1.18095,0.029591149202271846,0.00935754300610536,0.8031750000000001,0.004931858200378645,0.0015595905010175614,0.570514682341171,0.015628651143856975,0.00494221343707839,0.51725,0.030669610365963232,0.009698582370635407,0.018951975987993995,0.0008491305819880471,0.00026851866699865757,0.01625,0.0026692695630078276,0.0008440971508067065,1151.3,134.7986564390676,42.62707798779759,1151.3,134.7986564390676,42.62707798779759
0.49999999999999994,0.49975,one,baseline2_matched_0.800,10,0.8,0.5038774750000001,0.0006861443573817875,0.00021697789729990152,0.5035643625000001,0.0006866975858990415,0.00021715284351800956,1.0082590795397692,0.0013729752023642246,0.0004341728810401547,1.0081368618618618,0.0013747699417393975,0.00043474042746334806,1.25245,0.015004536351087646,0.004744851010422883,1.25245,0.015004536351087646,0.004744851010422883,0.7912583333333333,0.002500756058514607,0.000790808501737147,0.5679584042021009,0.011481412586314316,0.0036307414528877814,0.49189999999999995,0.024791127445116325,0.007839642849007854,0.019238669334667332,0.0006292790308409984,0.00019899550212408977,0.01365,0.003598224870991559,0.0011378586125798855,1560.4,73.21080673112557,23.15128986087432,1560.4,73.21080673112557,23.15128986087432
0.49999999999999994,0.49975,one,baseline2_matched_0.950,10,0.95,0.5042610125000002,0.0007720113171351604,0.00024413141415736836,0.5039229374999998,0.000767781913592803,0.00024279395932358497,1.0090265382691344,0.001544795031785926,0.0004885070818555734,1.00885472972973,0.001537100928113699,0.0004860739926398032,1.3523,0.03722543933029312,0.011771717518413927,1.3523,0.03722543933029312,0.011771717518413927,0.7746166666666666,0.00620423988838219,0.001961952919735656,0.5632424462231115,0.012285377769029897,0.0038849775665732483,0.4652,0.03119223550109154,0.00986385094958128,0.019697623811905953,0.0007022294324584626,0.00022206444465761157,0.00975,0.001829541533341679,0.0005785518319236594,2150.9,194.66521118177343,61.55854485320819,2150.9,194.66521118177343,61.55854485320819
0.49999999999999994,0.49975,two-2g,baseline1_hdv,10,0.0,0.5027230624999998,0.0004766149784404225,0.00015071888988237817,0.5022167499999998,0.00047855505169212945,0.00015133239491267448,1.0059490995497744,0.0009537068102856528,0.00030158857405167624,1.00594241362043,0.0009585479252723116,0.000303119469028938,1.012625,0.014928184566264088,0.004720706456076731,1.0040499999999999,0.015903266610633435,0.005029054472650781,0.8312291666666667,0.0024880307610439757,0.0007867844093461095,0.5801281640820413,0.016773269653855016,0.005304173591436592,0.5829,0.017754185734950256,0.005614366492411331,0.01794152076038019,0.00102429731492364,0.0003239112516353482,0.01805,0.0014897799986724363,0.00047110980083675226,0.0,0.0,0.0,0.0,0.0,0.0
0.49999999999999994,0.49975,two-2g,baseline2_all_hdv_yield,10,1.0,0.5056954625,0.0009899380487948225,0.0003130458976654542,0.5049987499999997,0.0009852647046323893,0.00031156805648114015,1.0118968734367182,0.0019808665308551363,0.0006264049978298435,1.0115147721582376,0.0019734896437315075,0.0006240722212945799,1.3934250000000001,0.04177852485295395,0.01321152958172857,1.38895,0.04076657808657588,0.01289152391646887,0.7677625,0.006963087475492309,0.002201921596954757,0.5529814907453725,0.013302809534613927,0.004206717740878454,0.457275,0.03326690255427391,0.010519918277037878,0.020924637318659327,0.0008594186988177124,0.00027177205520022285,0.00895,0.0019500712237705007,0.0006166666666666666,3974.8,579.2740284183299,183.18253191830274,3880.2,537.6260162355737,170.0122740667077
0.49999999999999994,0.49975,two-2g,baseline2_matched_0.050,10,0.05,0.5027654249999999,0.000320955475667724,0.00010149503306127594,0.5022532374999998,0.0003244128480918185,0.00010258835021923556,1.0060338669334667,0.0006422320673689195,0.00020309161192844877,1.006015498247371,0.0006498003967788753,0.00020548492783023864,1.024375,0.012797162228834575,0.004046818022979416,1.01605,0.017417185000261466,0.005507797502934662,0.8292708333333334,0.0021328603714724204,0.0006744696704965666,0.577179764882442,0.015139122429609993,0.004787410865370972,0.570825,0.016334630050567064,0.005165463569602331,0.018156378189094546,0.0008310242313357616,0.0002627929361811678,0.02025,0.0021408720964441875,0.0006770032003863298,141.8,36.61754285099486,11.579483772795939,141.8,36.61754285099486,11.579483772795939
0.49999999999999994,0.49975,two-2g,baseline2_matched_0.200,10,0.2,0.5033736624999999,0.00048316549187084616,0.00015279034411074435,0.5028502499999998,0.00048019877973141327,0.00015185218735847645,1.0072509504752372,0.0009668143909364881,0.00030573355499877543,1.007211316975463,0.0009618403199430188,0.00030416061564050146,1.046825,0.013705762170221182,0.004334142552647133,1.0405,0.015167582389937942,0.004796410695046407,0.8255291666666666,0.0022842936950368503,0.0007223570921078512,0.5773578039019511,0.017639177508504317,0.005577997697888773,0.565125,0.023831949260510677,0.0075363240744779235,0.018336418209104553,0.0009692359979262958,0.00030649933436733304,0.018175000000000004,0.001943829267765619,0.0006146927868636676,495.2,113.74220364002488,35.968442958917315,494.4,113.30019123255411,35.828666362751115
0.49999999999999994,0.49975,two-2g,baseline2_matched_0.350,10,0.35,0.5035171624999999,0.00039167271294108434,0.00012385778702311335,0.5029793499999999,0.0003935154363056783,0.00012444050731608592,1.0075380940470233,0.0007837372945297184,0.0002478394937932134,1.0074699048572864,0.000788213192400656,0.00024925489697785947,1.075625,0.017203136826365942,0.005440109527083696,1.0642,0.01228187463070864,0.0038838697769678692,0.8207291666666666,0.002867189471060978,0.0009066849211806122,0.57479152076038,0.012816080485015228,0.004052800500868359,0.55155,0.01936627939945559,0.006124155270547751,0.018590995497748876,0.0006569704877417646,0.00020775230967757063,0.018975,0.0022467569220248696,0.0007104869222347914,936.1,71.89877143132095,22.736387869081874,932.3,71.23989207054024,22.528031920747583
0.49999999999999994,0.49975,two-2g,baseline2_matched_0.500,10,0.5,0.5039468624999999,0.0002825878824098216,8.936213475788676e-05,0.5033887249999999,0.00028516007200624695,9.017553252773611e-05,1.0083979239619802,0.0005654584940652655,0.00017881367635350431,1.0082898848272417,0.0005711769093770668,0.00018062199805271171,1.116275,0.026957644246731423,0.00852475561722054,1.11135,0.023239155176841858,0.007348866125691335,0.8139541666666666,0.004492940707788588,0.0014207926028700958,0.5690190345172583,0.014334555468931953,0.004532984452784798,0.5287499999999999,0.02375570107012911,0.0075122122795707345,0.01912928964482241,0.0008769713846280396,0.00027732270182161806,0.017724999999999998,0.0031212755583432733,0.0009870339969378517,1435.5,167.65258390161748,53.016402074158975,1423.7,166.74668079321864,52.7299303579623
0.49999999999999994,0.49975,two-2g,baseline2_matched_0.650,10,0.65,0.5041977124999999,0.0005422325219057036,0.00017146897906391678,0.5036134875000002,0.0005389011403427885,0.00017041550371452646,1.0088998749374685,0.0010850075475853282,0.0003431095128843163,1.0087400851276915,0.0010794214128038312,0.00034134302196169454,1.16845,0.01749118825771045,0.005531199387715724,1.16245,0.01852243384535506,0.0058573078761113,0.8052583333333333,0.00291519804295174,0.0009218665646192867,0.5678344922461229,0.010309082550406985,0.0032600181445983666,0.51705,0.02148798113675021,0.006795096271086472,0.019388919459729863,0.0006127833691430446,0.0001937791158763763,0.017974999999999998,0.001991126147016641,0.0006296493733287863,2093.5,191.4136010493159,60.53029544506343,2072.7,188.41151769464625,59.58095333241991
0.49999999999999994,0.49975,two-2g,baseline2_matched_0.800,10,0.8,0.5045626750000001,0.0005042221085219869,0.00015944903095420752,0.5039441624999997,0.0005065506961919734,0.0001601853950310617,1.009630165082541,0.0010089486913898316,0.00031905759070381847,1.0094024286429644,0.0010146233273753411,0.00032085206816447493,1.237025,0.03073214251127532,0.00971835677125169,1.2276500000000001,0.02831278666766817,0.008953289277628017,0.7938291666666666,0.005122023751879206,0.001619726128541944,0.5604675837918955,0.01393812841574032,0.00440762321136537,0.48674999999999996,0.028860295678781036,0.009126426829086327,0.020049399699849927,0.0008916243721247787,0.00028195638332318454,0.014474999999999998,0.002256010490519344,0.0007134131575274829,2797.7,366.5927349707483,115.92680161780247,2752.9,350.34473498731694,110.78873288080035
0.49999999999999994,0.49975,two-2g,baseline2_matched_0.950,10,0.95,0.5049955624999998,0.0006198735009001501,0.00019602121240269084,0.5043323874999999,0.0006272572168941445,0.00019835614841637447,1.0104963731865932,0.0012403671853922133,0.00039223854407717263,1.0101800450676017,0.001256399032336434,0.0003973082592214674,1.3263500000000001,0.022298853981514155,0.0070515167793098925,1.3202,0.021855840816078807,0.006911423715688225,0.7789416666666666,0.00371647566358569,0.001175252796551648,0.5578615307653821,0.012680912351312754,0.004010056583910959,0.47004999999999997,0.03284428751278099,0.010386275666581459,0.020431365682841422,0.0008069193736305173,0.00025517031087888463,0.0123,0.001921371038260613,0.000607590871118606,3652.3,357.41138761936503,113.02340465584993,3553.3,342.0770056256015,108.17424729471325
0.49999999999999994,0.49975,two-g,baseline1_hdv,10,0.0,0.5027466624999999,0.00045363036397293383,0.00014345051659656594,0.5022402749999999,0.00045565305621582104,0.00014409014804587375,1.0059963231615803,0.0009077145852383995,0.00028704455547083965,1.0059895343014518,0.0009126751251196366,0.0002886132159157207,1.012775,0.014961269442575186,0.004731168812601533,1.0051,0.015928311621484274,0.005036974400482009,0.8312041666666665,0.0024935449070958332,0.000788528135433579,0.5790996748374188,0.01691807759815572,0.005349965884164294,0.582225,0.01479557460113589,0.00467877150305267,0.017973211605802904,0.0010430605813178452,0.00032984471745036646,0.017825,0.001536816695496101,0.000485984110394111,0.0,0.0,0.0,0.0,0.0,0.0
0.49999999999999994,0.49975,two-g,baseline2_all_hdv_yield,10,1.0,0.5056369875000002,0.0009990249837864217,0.0003159194388177879,0.5049386999999997,0.000994861218685459,0.0003146027406816915,1.0117798649324663,0.0019990494923190706,0.0006321549551131537,1.0113944917376068,0.001992711504629028,0.0006301507074248893,1.396575,0.04144240481278408,0.01310523909231216,1.39155,0.04046153866465179,0.012795061981526747,0.7672375,0.0069070674687973345,0.0021842065153853565,0.5518289144572284,0.013075909375962097,0.004134965610599119,0.45385,0.03260308438033297,0.010310000538851158,0.021005952976488242,0.0008397453773516624,0.00026555080470288276,0.009225,0.0013304656661819157,0.0004207301853788112,4044.8,539.2937356703982,170.5396532579251,3943.2,502.365471212609,158.86191068555945
0.49999999999999994,0.49975,two-g,baseline2_matched_0.050,10,0.05,0.5028101999999999,0.00039816043667509186,0.00012590938540605297,0.5022972874999998,0.0004014688441366176,0.00012695559570668468,1.0061234617308652,0.0007967192329669196,0.00025194474318377763,1.006103730595894,0.0008041439041291049,0.0002542926303588051,1.025825,0.013049611531042267,0.004126649501849064,1.01945,0.013895342944870237,0.004394093257494145,0.8290291666666667,0.0021749352551737175,0.000687774916974846,0.5787933216608308,0.01519658658710694,0.00480558262752227,0.5734,0.014950938283450848,0.004727901813231279,0.01802183591795898,0.0008690465630866829,0.00027481665320951273,0.0213,0.0027908580918579303,0.0008825468196582483,139.6,43.477197088435524,13.748696907949736,139.4,43.37741347752307,13.717142559585797
0.49999999999999994,0.49975,two-g,baseline2_matched_0.200,10,0.2,0.5032297625,0.00041120913529663436,0.00013003574622057033,0.5027042499999999,0.00040629787752054594,0.00012848267014570506,1.0069630065032515,0.0008228296854365254,0.0002602015932379299,1.0069188783174767,0.0008138164797608544,0.0002573513673424622,1.0510249999999999,0.01301945659388285,0.004117113673436763,1.0464499999999999,0.014095803157914307,0.00445748434284033,0.8248291666666667,0.0021699094323138087,0.0006861856122394607,0.5749504002000999,0.014915946599773793,0.004716836471272916,0.557725,0.019089136672172706,0.0060365150450312705,0.01841608304152076,0.0008175837888776092,0.0002585426950883484,0.017974999999999998,0.0032349008227970963,0.0010229654604791566,523.5,93.5856707930107,29.594387606061012,521.1,93.49444427938545,29.565539249455792
0.49999999999999994,0.49975,two-g,baseline2_matched_0.350,10,0.35,0.5038185999999999,0.0002983550550753346,9.434815254630369e-05,0.50327845,0.00030229428955878953,9.559384786682314e-05,1.008141270635317,0.0005970086144572368,0.0001887907004426197,1.0080690035052575,0.0006054968243543031,0.00019147490809585097,1.0802999999999998,0.024898348896619175,0.007873549249085683,1.0768,0.024142171493973887,0.007634424958334748,0.8199500000000001,0.004149724816103198,0.0013122582081809477,0.5739500500250124,0.015582306137513912,0.004927557859256487,0.5503750000000001,0.020380835905875465,0.006444986208070756,0.018647098549274637,0.0009501987100995416,0.00030047921536685904,0.01855,0.0017432409153323837,0.0005512611802847073,906.4,147.74166643164682,46.72001712328453,902.8,146.51037126732322,46.33064740416314
0.49999999999999994,0.49975,two-g,baseline2_matched_0.500,10,0.5,0.5040638624999998,0.0005114068845472738,0.00016172105662601535,0.5035056374999999,0.000513547805744258,0.00016239807535335576,1.0086320410205094,0.0010233254318106357,0.00032360391520969335,1.0085240610916373,0.0010286385693421306,0.0003252840768218182,1.11645,0.014212572681334721,0.0044944101083704184,1.10905,0.013967124097521141,0.004416792451039054,0.813925,0.0023687621135557815,0.0007490683513950681,0.5690854177088538,0.013431665747559196,0.004247465653235525,0.530075,0.022272632060196397,0.007043224679710909,0.01915967983991996,0.0007825239784198112,0.0002474558095503052,0.017875,0.002208726380116428,0.0006984606089266753,1488.4,118.95769556162952,37.61772631796522,1474.0,116.67047612828192,36.894444026167406
0.49999999999999994,0.49975,two-g,baseline2_matched_0.650,10,0.65,0.5043340374999999,0.000495326582957512,0.00015663601877740797,0.5037551375,0.0004909688743598049,0.00015525799032260266,1.0091726613306655,0.0009911487402856267,0.0003134287519309268,1.0090238107160743,0.0009834128680222896,0.0003109824543269001,1.1578,0.026231554365771872,0.00829514583623727,1.1499000000000001,0.02954638537772239,0.009343387441869716,0.8070333333333334,0.004371925727628635,0.0013825243060395418,0.5664453976988493,0.01508328763422775,0.004769754352761237,0.5158750000000001,0.03095791273828247,0.009789751585771275,0.01950250125062531,0.0010341248283916424,0.00032701898426483494,0.016975,0.0029778114633252236,0.0009416666666666665,2069.3,321.8447002998669,101.77623058018563,2052.5,324.1341457551864,102.50021680193872
0.49999999999999994,0.49975,two-g,baseline2_matched_0.800,10,0.8,0.5046980499999998,0.0005604061498396632,0.00017721598482589403,0.5040900249999998,0.0005620167362324807,0.00017772529696287182,1.0099010505252626,0.0011213729861718547,0.0003546092742887561,1.0096945918878322,0.0011257220555485714,0.00035598457078200743,1.21605,0.014233567523444193,0.004501049260388574,1.2109,0.015821574581002428,0.005003221184619186,0.7973250000000001,0.0023722612539073527,0.0007501748767314248,0.5639859179589792,0.012997442404340944,0.004110152175457255,0.497275,0.03187507080602158,0.010079782432616733,0.019921160580290146,0.0007145090221502948,0.0002259475918734631,0.014849999999999999,0.0018604061683167767,0.0005883120864907597,2685.2,249.93901478382904,79.03765628553968,2653.0,247.82386218172508,78.36878630339164
0.49999999999999994,0.49975,two-g,baseline2_matched_0.950,10,0.95,0.504930675,0.0006319591676549577,0.0001998430358013876,0.5042682625000001,0.0006320585181075821,0.0001998744531730738,1.0103665332666334,0.0012645506106157252,0.0003998860146102391,1.0100516024036064,0.0012660160603059738,0.0004003494304919964,1.3248250000000001,0.02610184380460511,0.008254127755250716,1.32085,0.027500555549943996,0.008696439245780743,0.7791958333333333,0.004350307300767494,0.0013756879592084447,0.5551082041020506,0.01240323462884178,0.003922247178061319,0.463475,0.025973931910453767,0.008213678462716253,0.020607703851925962,0.000808026219204616,0.0002555203261821075,0.01145,0.002793345266482068,0.0008833333333333332,3547.9,510.32613754996584,161.37929441742725,3493.7,480.7099032796299,152.0138188162876
0.5499999999999999,0.54975,one,baseline1_hdv,10,0.0,0.4525660249999997,0.0002612078767210146,8.260118332148804e-05,0.4523602624999998,0.0002635195837260937,8.333220926338969e-05,0.82322150977717,0.00047513938466757114,0.00015025226616004103,0.8232215878070978,0.0004795624817575983,0.00015165097227169588,0.82305,0.014103683522005472,0.004459976332772279,0.82305,0.014103683522005472,0.004459976332772279,0.862825,0.0023506139203342464,0.0007433293887953802,0.6072077989995449,0.010081459079918002,0.003188037283032636,0.608,0.013617798810543673,0.004306326095924978,0.017042587539790814,0.0005077952669447502,0.00016057896285986221,0.018099999999999998,0.004121757985239901,0.0013034143197344767,0.0,0.0,0.0,0.0,0.0,0.0
0.5499999999999999,0.54975,one,baseline2_all_hdv_yield,10,1.0,0.4541196374999997,0.0004645214026360013,0.00014689456542259075,0.45381182499999984,0.00046384924888854927,0.00014668201174461418,0.8260475443383342,0.0008449684449942698,0.00026720248371525933,0.8258631938125575,0.0008441296613073165,0.00026693723702376273,1.23125,0.02266329631805577,0.007166763565236404,1.23125,0.02266329631805577,0.007166763565236404,0.7947916666666666,0.0037772160530092917,0.0011944605942060663,0.5991856753069571,0.008772800640652875,0.0027742031483047433,0.44489999999999996,0.028607302874926497,0.00904642347990507,0.018330945884492952,0.0004027113785142951,0.00012734851957713674,0.0077,0.002647850281098067,0.000837323779138698,2634.5,182.4050742471577,57.68154913931413,2634.5,182.4050742471577,57.68154913931413
0.5499999999999999,0.54975,one,baseline2_matched_0.050,10,0.05,0.4526175749999998,0.00014491424906956424,4.582590924727593e-05,0.4524073249999999,0.0001463510358504823,4.628026112124818e-05,0.823315279672577,0.00026360027115843166,8.335772486986355e-05,0.823307233848954,0.0002663349151053213,8.422249521603994e-05,0.841,0.01660153941991863,0.005249867723201339,0.841,0.01660153941991863,0.005249867723201339,0.8598333333333332,0.0027669232366530983,0.0008749779538668878,0.6079254661209633,0.009922465186448529,0.003137758999290465,0.6042,0.0176181724364362,0.00557135531087365,0.016910391086857664,0.0006187506524502783,0.0001956661365458124,0.01575,0.003352030893519794,0.0010600052410771896,58.5,34.40041989407817,10.878367933145528,58.5,34.40041989407817,10.878367933145528
0.5499999999999999,0.54975,one,baseline2_matched_0.200,10,0.2,0.45277741250000003,0.00026393461186509804,8.346345268462115e-05,0.4525619749999999,0.0002644213730013811,8.361738007133177e-05,0.8236060254661195,0.00048009933945381293,0.00015182074158163878,0.8235886715195632,0.0004812035905393102,0.00015216993643552725,0.86175,0.010334005354491865,0.0032678994272570035,0.86175,0.010334005354491865,0.0032678994272570035,0.8563750000000001,0.0017223342257486208,0.0005446499045428265,0.6065718735788999,0.010255932986779428,0.0032432107768276546,0.58995,0.013344682669721154,0.004219959188849533,0.017057276034561163,0.00046396354492522264,0.00014671815532495597,0.01595,0.0023267765017055005,0.0007357913351548037,272.6,51.981193180269,16.43789659428616,272.6,51.981193180269,16.43789659428616
0.5499999999999999,0.54975,one,baseline2_matched_0.350,10,0.35,0.4529327375,0.0003853429183948503,0.00012185613023441218,0.45270725,0.0003840637832225347,0.00012145163217643727,0.8238885629831728,0.000700942098034879,0.0002216573537687252,0.8238530482256602,0.000698933181478746,0.000221022078574065,0.90195,0.012499888888395068,0.0039528119386358675,0.90195,0.012499888888395068,0.0039528119386358675,0.8496750000000001,0.0020833148147325216,0.0006588019897726478,0.6084690086402906,0.009453300506738385,0.002989396100731721,0.5724,0.013409780841692476,0.004240545038343804,0.017076352887676217,0.0004768465799991509,0.00015079212872590086,0.0155,0.0022973414586817033,0.0007264831572567788,492.2,56.475756844075235,17.859202420912055,492.2,56.475756844075235,17.859202420912055
0.5499999999999999,0.54975,one,baseline2_matched_0.500,10,0.5,0.4531253875000002,0.0003112280807208058,9.841896068804851e-05,0.45289076250000015,0.0003119676045437172,9.865281865448402e-05,0.8242389949977248,0.000566126567932113,0.00017902493985995173,0.8241870109190174,0.0005677299445748168,0.00017953197207375753,0.9385,0.01565602475442316,0.004950869732795549,0.9385,0.01565602475442316,0.004950869732795549,0.8435833333333334,0.0026093374590705257,0.0008251449554659246,0.6057221691678031,0.010001034778447443,0.0031626048858451362,0.5550499999999999,0.018132919725675135,0.005734132696212902,0.017441587085038655,0.0007001582135475423,0.00022140946772847942,0.014400000000000001,0.0014491376746189441,0.00045825756949558405,806.2,84.14511275172195,26.609021026711975,806.2,84.14511275172195,26.609021026711975
0.5499999999999999,0.54975,one,baseline2_matched_0.650,10,0.65,0.45333510000000005,0.0004527064553571687,0.00014315835103899881,0.45308858750000025,0.00045289456036952603,0.00014321783506683315,0.8246204638472012,0.0008234769538106122,0.0002604062774698807,0.8245470200181988,0.0008241939224201623,0.0002606330028515829,0.98605,0.02481425441600494,0.007846956239346697,0.98605,0.02481425441600494,0.007846956239346697,0.8356583333333333,0.004135709069334137,0.00130782603989111,0.6031140745793537,0.011925769968276568,0.003771259595098795,0.5341,0.021828625446621428,0.006902817460203395,0.01761857662573897,0.0006489729472148593,0.00020522326530311824,0.0144,0.0020110804171997814,0.0006359594676112972,1161.9,110.99094057124162,35.09841718495136,1161.9,110.99094057124162,35.09841718495136
0.5499999999999999,0.54975,one,baseline2_matched_0.800,10,0.8,0.4535677624999998,0.0002777572971965044,8.78345695873255e-05,0.4533069875,0.000277239451319748,8.767081234257779e-05,0.8250436789449731,0.0005052429235034989,0.0001597718409953276,0.8249444722474981,0.00050453039366613,0.00015954651927663606,1.0431,0.024696828406362906,0.007809822874645325,1.0431,0.024696828406362906,0.007809822874645325,0.8261499999999999,0.004116138067727143,0.0013016371457742185,0.6025647794452024,0.009958312240288964,0.0031490948330447116,0.5056999999999999,0.022785472954884603,0.007205399210160237,0.017858094588449298,0.0005962445049696794,0.00018854906780637712,0.01335,0.0031184932259025354,0.000986154146165801,1596.8,178.89152517036064,56.57046736396807,1596.8,178.89152517036064,56.57046736396807
0.5499999999999999,0.54975,one,baseline2_matched_0.950,10,0.95,0.4539543874999999,0.0002786150112238286,8.810580257806753e-05,0.45366356250000006,0.0002735391517402617,8.650067487296379e-05,0.8257469531605264,0.0005068031127312279,0.00016026521614937586,0.825593380345769,0.00049779645448687,0.00015741706073348543,1.1633,0.02960030029877702,0.009360436836909796,1.1633,0.02960030029877702,0.009360436836909796,0.8061166666666667,0.0049333833831294895,0.0015600728061516283,0.599772942246475,0.008780288228252428,0.002776570931404205,0.45585,0.028037722605248967,0.008866306383657678,0.018189017735334243,0.0005190128088468368,0.00016412626107575935,0.008749999999999999,0.0014191155304938666,0.00044876373392787526,2268.1,140.05272816574,44.288561352415435,2268.1,140.05272816574,44.288561352415435
0.5499999999999999,0.54975,two-2g,baseline1_hdv,10,0.0,0.45251652500000034,0.0001369516819701035,4.3307924441654286e-05,0.45210458750000004,0.0001355052024676534,4.285050746000535e-05,0.823131468849476,0.0002491162928062063,7.877748875250308e-05,0.823130791989076,0.00024670951746567465,7.801639956326235e-05,0.8238749999999999,0.006871084743732653,0.0021728277786229543,0.8191,0.007837941906733762,0.0024785748593361724,0.8626875,0.0011451807906221092,0.0003621379631038258,0.6079206684856748,0.009567113545606453,0.003025386943756558,0.609025,0.009791187931559229,0.003096245486247999,0.016830627557980902,0.0006132797669083288,0.0001939360906327479,0.016375,0.0022584717054779414,0.0007141914620355273,0.0,0.0,0.0,0.0,0.0,0.0
0.5499999999999999,0.54975,two-2g,baseline2_all_hdv_yield,10,1.0,0.4544434249999999,0.0003459228960329754,0.00010939042462658268,0.4538497875000001,0.00034386886858891406,0.0001087408841166099,0.8266365165984528,0.0006292367367596493,0.00019898212756122902,0.8263082157487485,0.0006260698563292916,0.00019798067203749455,1.187275,0.027582313677024555,0.008722293435661149,1.18225,0.028843687928788376,0.009121174997407583,0.8021208333333334,0.004597052279504092,0.0014537155726101912,0.5944831059572534,0.006014770755696998,0.0019020375191774698,0.45030000000000003,0.01981890231291554,0.006267287203319223,0.019091405184174626,0.00038892428692548117,0.00012298865840413659,0.010275,0.002319752141932409,0.0007335700375560604,4245.5,232.50818384640905,73.52554355838217,4161.7,238.68298361355102,75.47818669434677
0.5499999999999999,0.54975,two-2g,baseline2_matched_0.050,10,0.05,0.45252178750000016,0.000252189970902428,7.974947111032616e-05,0.4521052375000002,0.0002522115751623789,7.975630297718688e-05,0.8231410413824456,0.00045873573606545576,0.00014506497700806885,0.8231319754210285,0.00045919267212062405,0.00014520947287600727,0.8331,0.009954898291795843,0.0031480152477394354,0.82785,0.011858072730797732,0.0037498518489253512,0.86115,0.001659149715299303,0.0005246692079565712,0.6065674852205544,0.011334886602452998,0.0035844058683478976,0.598225,0.01672674588130573,0.005289461482776656,0.016928581173260574,0.0005641122334672593,0.0001783879513721203,0.01675,0.0017078251276599335,0.0005400617248673218,124.2,42.21584747198352,13.349823136572924,124.2,42.21584747198352,13.349823136572924
0.5499999999999999,0.54975,two-2g,baseline2_matched_0.200,10,0.2,0.45303629999999995,0.0002025396926120375,6.404867452444167e-05,0.4526026874999999,0.00020092633781858212,6.353848694231472e-05,0.8240769440654828,0.00036842145086282506,0.0001165050923590334,0.8240376649977244,0.00036581945893254,0.00011568227026372551,0.867225,0.014085280930421261,0.004454156922346683,0.8587,0.01651632189347522,0.00522291957518866,0.8554625,0.0023475468217368715,0.0007423594870577789,0.6059857662573898,0.009194767321608975,0.0029076407291570303,0.5822499999999999,0.013578987034712466,0.004294052734758729,0.017222282855843565,0.0005863711478257982,0.00018542683813368117,0.0179,0.001822696415265642,0.0005763872155263527,571.7,133.05642078122764,42.07613469784398,571.1,133.1519182487933,42.10633364867254
0.5499999999999999,0.54975,two-2g,baseline2_matched_0.350,10,0.35,0.4534122749999997,0.0003711341794642331,0.00011736293246446664,0.45296381250000006,0.0003654724218677036,0.00011557252750798725,0.8247608458390161,0.0006750962791530947,0.0002134841882028627,0.8246951524806555,0.000665402679777307,0.00021041880292759516,0.8969250000000001,0.017340963865303954,0.00548369426370378,0.8853,0.017458204056800593,0.0055207688675481485,0.8505125,0.002890160644217323,0.0009139490439506291,0.604719895407003,0.009689566175721188,0.003064109865420627,0.5672750000000001,0.01568458638281547,0.004959901712735853,0.017447453387903593,0.0005560999207429794,0.000175854235618693,0.018224999999999998,0.0022156325908818403,0.000700644544528663,1005.6,142.29093826070272,44.99634553062183,1002.6,141.68446946962425,44.80456325966015
0.5499999999999999,0.54975,two-2g,baseline2_matched_0.500,10,0.5,0.45324071249999986,0.00026081198028964395,8.247598987742167e-05,0.45277955,0.000262311825410097,8.295028254923379e-05,0.8244487721691665,0.0004744192456378521,0.00015002453820345144,0.824359672280383,0.00047758183961806657,0.00015102463823263296,0.9223250000000001,0.020846012808208674,0.0065920880606982184,0.91805,0.023354097903556217,0.0073852142073801,0.8462791666666666,0.003474335468034773,0.0010986813434497012,0.6017774670304682,0.009996982891821826,0.0031613235667893643,0.5547500000000001,0.02091782865298298,0.006614798224855809,0.01770738972260118,0.0005973203662032176,0.00018888928500080304,0.015099999999999999,0.002085665361461421,0.000659545297913646,1427.0,191.4772977549964,60.55043811200341,1419.4,189.7256498795622,59.996518417506714
0.5499999999999999,0.54975,two-2g,baseline2_matched_0.650,10,0.65,0.4539006500000003,0.00031324833066892016,9.905781981593635e-05,0.45341278750000047,0.00031542697060465535,9.974676625576896e-05,0.8256492041837186,0.0005698014200426406,0.00018018703013330614,0.82551258534365,0.0005742867011464283,0.00018160540055671445,0.975725,0.007833732259345553,0.0024772436519468807,0.9692000000000001,0.008373901254625742,0.0026480600865958948,0.8373791666666668,0.0013056220432242388,0.00041287394199114043,0.6014274442928598,0.008623914859559755,0.002727121330357994,0.52425,0.013617798810543673,0.004306326095924978,0.017909390632105504,0.0005067754758555699,0.00016025647660192685,0.016025,0.0016433789716448382,0.0005196820609222956,2170.9,158.04812909715542,49.97920678753426,2149.5,151.55288772497136,47.92523111866835
0.5499999999999999,0.54975,two-2g,baseline2_matched_0.800,10,0.8,0.45416941249999987,0.0004856584449729832,0.00015357868510101788,0.45365213749999994,0.0004799037173760214,0.0001517588804489952,0.8261380854934048,0.0008834169076366513,0.0002793609551634415,0.8259483614019117,0.0008737436820690597,0.000276302012652025,1.0345499999999999,0.017029712596256883,0.005385267970223119,1.0299,0.01719140612179371,0.0054363999525830166,0.8275750000000001,0.0028382854327094827,0.0008975446617038538,0.5976762164620274,0.008767419664152091,0.0027725015341269112,0.49595,0.024269837247085105,0.007674796414237966,0.01847355616189177,0.0004898820332604952,0.0001549143009897527,0.015525,0.002977811463325224,0.0009416666666666666,2975.2,217.67702884982808,68.83552054636391,2935.0,233.7952570567295,73.93255184438193
0.5499999999999999,0.54975,two-2g,baseline2_matched_0.950,10,0.95,0.4546278000000001,0.0005435984054327274,0.0001719009093603067,0.4540617250000002,0.0005463833895107348,0.00017278159865368744,0.8269718963165056,0.0009888101963305021,0.00031268923940026556,0.8266940828402367,0.0009947808639244864,0.0003145773302751404,1.13215,0.022838259809169145,0.007222091879165693,1.1252,0.027775088758734096,0.008783254269093871,0.8113083333333334,0.0038063766348615338,0.001203681979860952,0.5946240791268751,0.007747761515774025,0.0024500573157644496,0.462325,0.02644151039979038,0.008361539763836698,0.018981355161437015,0.00046736030922355605,0.0001477923065107037,0.012199999999999999,0.0030795021242618643,0.0009738240771994362,3994.0,478.1087742344832,151.19126958921933,3915.2,468.34906260656106,148.10497778415296
0.5499999999999999,0.54975,two-g,baseline1_hdv,10,0.0,0.4525024000000001,0.00014565263567061743,4.605940759258375e-05,0.45209143750000014,0.00014353110447342952,4.538852052156199e-05,0.8231057753524318,0.00026494340276601484,8.378246037759619e-05,0.823106850250341,0.00026132199266978054,8.26372699530332e-05,0.821925,0.007870523418991204,0.0024888780381707937,0.817,0.009092121131323896,0.0028751811537130407,0.8630125,0.001311753903165216,0.00041481300636180376,0.607922055479763,0.009567309984567039,0.0030254490632102226,0.609225,0.009912429066581007,0.003134585299525282,0.01680536607548886,0.0006135819997115972,0.00019403166503694248,0.01705,0.0029528705431231556,0.0009337796551887623,0.0,0.0,0.0,0.0,0.0,0.0
0.5499999999999999,0.54975,two-g,baseline2_all_hdv_yield,10,1.0,0.4544899875,0.0003127127578520373,9.888845682051415e-05,0.45389737500000005,0.0003081648864198476,9.7450293597381e-05,0.8267212141882666,0.0005688272084632899,0.00017987895738194031,0.8263948566226672,0.0005610648819660432,0.0001774242942146227,1.185225,0.026097160871549875,0.008252646881792251,1.1797,0.027198039145006993,0.00860077515886407,0.8024625000000001,0.004349526811924983,0.0013754411469653765,0.5953005002273762,0.005618391254527158,0.0017766913150276628,0.450725,0.019660115434271715,0.0062170743834129,0.01904670304683947,0.000338687748100926,0.00010710246995922936,0.01055,0.00195718051174529,0.0006189148209209046,4249.8,230.6896905657757,72.95048549073086,4168.8,236.23284182254497,74.70338382935243
0.5499999999999999,0.54975,two-g,baseline2_matched_0.050,10,0.05,0.4527837124999999,0.0002660139410639554,8.41209943119894e-05,0.45236802500000006,0.0002666569776885433,8.432434034724983e-05,0.8236174852205531,0.00048388165723296095,0.00015301681548330454,0.8236104233045053,0.0004854929043039068,0.0001535263365450509,0.8313750000000001,0.009847623796858,0.0031140920738546565,0.8225,0.011853269591129706,0.0037483329627982643,0.8614375000000001,0.0016412706328096703,0.000519015345642444,0.607833128694861,0.0075897650839572214,0.0024000944570923906,0.605725,0.01042463028920769,0.0032965575479076106,0.016916371077762622,0.0004499957383138864,0.00014230114704409788,0.01635,0.001976247847704218,0.000624944441975089,139.2,42.373471784963655,13.39966832093657,138.6,41.84946568091136,13.233963041272926
0.5499999999999999,0.54975,two-g,baseline2_matched_0.200,10,0.2,0.45286095000000015,0.0002892920549469874,9.148218026230616e-05,0.4524296125000002,0.00028937438774821896,9.150821618010952e-05,0.8237579809004076,0.0005262247475163418,0.00016640687632986736,0.8237225534820212,0.000526853687297873,0.00016660576455194008,0.862675,0.010844897673816746,0.003429457764072272,0.8534,0.011628031265485617,0.0036771063502584614,0.8562208333333334,0.0018074829456361315,0.0005715762940120475,0.6056806502955892,0.010018059300581628,0.0031679885124471343,0.58495,0.015306044557624946,0.004840196277011917,0.01708167348794907,0.000526234087426505,0.00016640982986879305,0.018525,0.003479004487238012,0.0011001578169618311,501.8,61.08245792915235,19.315969213753334,501.8,61.08245792915235,19.315969213753334
0.5499999999999999,0.54975,two-g,baseline2_matched_0.350,10,0.35,0.45326856249999964,0.0002917371596355191,9.225539025563781e-05,0.45282365,0.00029184236255770494,9.22886583406991e-05,0.8244994315597987,0.0005306724140719292,0.00016781335198872856,0.8244399635867096,0.0005313470415253597,0.0001680266879212205,0.8898250000000001,0.012233861251097742,0.0038686866131945967,0.87955,0.012065676754975463,0.003815502005707181,0.8516958333333333,0.0020389768751829505,0.0006447811021990974,0.6044102319236013,0.009121181440337528,0.0028843708303121804,0.5701,0.014654445666001095,0.0046341426151746586,0.017433719872669395,0.0006410261308884623,0.0002027102613292756,0.017349999999999997,0.002430134884230823,0.0007684761255599002,969.7,102.82893021367522,32.517362883371845,966.3,101.66836064162516,32.15035856029533
0.5499999999999999,0.54975,two-g,baseline2_matched_0.500,10,0.5,0.45347706249999986,0.00039405777323334287,0.00012461200931114972,0.4530159750000001,0.0003910217243184794,0.00012365192634528462,0.8248786948612992,0.0007167944942862409,0.00022667032162130706,0.8247901228948564,0.0007119193888364283,0.00022512867791581631,0.922175,0.013213024929128746,0.004178325355663172,0.9116,0.012986745379638287,0.004106769479232507,0.8463041666666667,0.002202170821521474,0.0006963875592772004,0.6037489313324238,0.009051399566935498,0.002862303864377787,0.549575,0.017161427193952528,0.005426919783204219,0.017659890859481584,0.000509440140469741,0.00016109911754005028,0.017325,0.0015002314636230116,0.000474414844249676,1508.0,155.25677655634445,49.09650360938818,1503.0,158.1799256823978,50.0208845272541
0.5499999999999999,0.54975,two-g,baseline2_matched_0.650,10,0.65,0.45399203750000006,0.0003600020064083731,0.0001138426302480992,0.45350691249999997,0.0003554441375177107,0.00011240130555100738,0.8258154388358332,0.0006548467601794297,0.00020708072805490505,0.8256839553937187,0.0006471445380397069,0.00020464507155429509,0.9702500000000001,0.018673361894539612,0.00590503551593421,0.9616,0.019104682381261635,0.00604143102988761,0.8382916666666667,0.003112226982423262,0.0009841725859890329,0.6013933151432468,0.006766923911237298,0.002139889231256494,0.530075,0.013027774816393889,0.00411974412635866,0.018042382901318783,0.00038872695625631935,0.00012292625696746094,0.015099999999999999,0.0024810392087904532,0.0007845734863959882,2184.6,175.02520453415337,55.34782942647545,2162.6,170.67721321579842,53.97287384521146
0.5499999999999999,0.54975,two-g,baseline2_matched_0.800,10,0.8,0.45424866250000007,0.00037037981186185335,0.00011712438048281061,0.4537321125,0.00037299373714749085,0.00011795097623642268,0.8262822419281474,0.0006737240779655624,0.00021305026008680374,0.8260939690487025,0.0006790964718211174,0.00021474916019390846,1.0331,0.02424590457972003,0.007667228240302285,1.0257999999999998,0.026609522105191345,0.008414669730100325,0.8278166666666668,0.004040984096619996,0.0012778713733837112,0.5996610050022733,0.008383001665970289,0.002650937889345215,0.499675,0.021043292016433384,0.006654473223996689,0.018394838562983174,0.00048065089082670277,0.00015199515744013126,0.01305,0.0021009257218875897,0.000664371047599825,2908.4,325.9260993265532,103.06688227661793,2871.2,314.2040384491863,99.36004115225484
0.5499999999999999,0.54975,two-g,baseline2_matched_0.950,10,0.95,0.454801275,0.0005223493595980681,0.000165181371066023,0.45423648750000006,0.0005217440253144556,0.00016498994755782283,0.8272874488403804,0.0009501579983592414,0.00030046634118417325,0.8270122667273556,0.0009499208471824163,0.00030039134739731757,1.129575,0.02292319603952875,0.007248951073546204,1.12385,0.0212525161908995,0.006720635717284826,0.8117374999999999,0.003820532673254783,0.0012081585122576978,0.597959549795361,0.008434978112144794,0.002667374284804473,0.46795,0.02363460269275632,0.0074739176102258725,0.0187212369258754,0.000510408212061344,0.0001614052486568073,0.012125,0.002105713128082213,0.0006658849583657659,3764.0,446.8320589314165,141.3007037805859,3711.0,458.84250505423364,145.09874032686997
0.6,0.6,one,baseline1_hdv,10,0.0,0.40201352500000037,0.0002570262956716261,8.127885128782158e-05,0.4018470875000001,0.00025827706410013417,8.167437899377308e-05,0.6700225416666667,0.00042837715945327477,0.00013546475214654783,0.670024322634431,0.0004306412073368634,0.0001361807069509302,0.66575,0.012921235751015983,0.004086053515720683,0.66575,0.012921235751015983,0.004086053515720683,0.8890416666666667,0.0021535392918360036,0.0006810089192867825,0.640267916666666,0.0045761283383503595,0.0014470988414428787,0.6428,0.008991353871606,0.0028433157482848116,0.015146604166666666,0.0002334287596286272,7.381665518144222e-05,0.014100000000000001,0.00186785676348292,0.000590668171555645,0.0,0.0,0.0,0.0,0.0,0.0
0.6,0.6,one,baseline2_all_hdv_yield,10,1.0,0.4030263250000001,0.00029640514690407795,9.373153744136923e-05,0.40275694999999984,0.00029318461665756116,9.271311635612357e-05,0.6717105416666664,0.0004940085781734719,0.00015621922906895145,0.671541392246769,0.0004888447130591345,0.00015458627153983227,1.0775000000000001,0.0188959137264001,0.005975412584546406,1.0775000000000001,0.0188959137264001,0.005975412584546406,0.8204166666666666,0.0031493189544000225,0.0009959020974244029,0.6332141041666668,0.004233920967355431,0.0013388833689986575,0.41925,0.012437063783528471,0.0039329448960741305,0.016470083333333333,0.00020406219454819962,6.453013191047052e-05,0.0073999999999999995,0.0025473297566057066,0.000805536398239638,2797.9,151.52150562433923,47.91530722709253,2797.9,151.52150562433923,47.91530722709253
0.6,0.6,one,baseline2_matched_0.050,10,0.05,0.4019186750000003,0.00023360941405108974,7.387378312587861e-05,0.4017477000000003,0.000234179249365503,7.405398087435302e-05,0.6698644583333333,0.00038934902341810403,0.00012312297187634454,0.6698586077532299,0.00039046144120892984,0.00012347474926921478,0.6839000000000001,0.01356629811129198,0.00429004014485231,0.6839000000000001,0.01356629811129198,0.00429004014485231,0.8860166666666667,0.0022610496852153456,0.0007150066908087233,0.63823075,0.004037111992114094,0.0012766469064260262,0.63125,0.006872853200171741,0.002173387013651985,0.015206041666666666,0.0001848265421806198,5.844728453439427e-05,0.0156,0.002378141197564929,0.0007520342781785651,61.4,22.056493123089375,6.974875546480301,61.4,22.056493123089375,6.974875546480301
0.6,0.6,one,baseline2_matched_0.200,10,0.2,0.4019916625000001,0.0001678297650439358,5.307243167097461e-05,0.40181337500000025,0.00016712617904498562,5.2849938242325875e-05,0.6699861041666666,0.00027971627507363385,8.845405278508655e-05,0.6699681117132137,0.00027865973996708067,8.811994704862289e-05,0.71315,0.01485681661729726,0.004698137929009747,0.71315,0.01485681661729726,0.004698137929009747,0.8811416666666666,0.0024761361028828835,0.0007830229881682934,0.637516979166666,0.0060696369155287914,0.0019193877223310004,0.61245,0.010835768956972488,0.003426571010338012,0.015273541666666668,0.00020937139530709397,6.620904860579059e-05,0.014550000000000002,0.0029292585334100437,0.0009263128821060171,272.2,53.6610763133867,16.969122284641333,272.2,53.6610763133867,16.969122284641333
0.6,0.6,one,baseline2_matched_0.350,10,0.35,0.4021867875,0.00018651970637983503,5.898271006661178e-05,0.40200072500000017,0.0001866819543590068,5.903401738260601e-05,0.6703113125000002,0.000310866177299653,9.830451677766352e-05,0.6702804918716126,0.00031126628488368276,9.843104190512765e-05,0.74425,0.013872935281811615,0.004387007332263459,0.74425,0.013872935281811615,0.004387007332263459,0.8759583333333334,0.0023121558803019296,0.0007311678887105745,0.6388889999999996,0.004892533685938894,0.0015471549976665822,0.5998,0.010247492918324514,0.003240541792835128,0.0154013125,0.0002707379648685088,8.561486180631367e-05,0.0144,0.001911950719959998,0.0006046119049072351,504.9,85.14360418336385,26.924771741527046,504.9,85.14360418336385,26.924771741527046
0.6,0.6,one,baseline2_matched_0.500,10,0.5,0.40228838750000023,0.0001590548740260229,5.0297567487338794e-05,0.4020947125000002,0.0001587189170138692,5.019132855190775e-05,0.6704806458333337,0.0002650914567102412,8.382927914562887e-05,0.6704372030012502,0.0002646417957712464,8.368708387142551e-05,0.7746999999999999,0.021526727572949853,0.006807348970047,0.7746999999999999,0.021526727572949853,0.006807348970047,0.8708833333333332,0.0035877879288249855,0.0011345581616745031,0.6384141875000002,0.0042545024063669395,0.0013453917914786784,0.58385,0.019587481830098653,0.006194105621027501,0.015500708333333332,0.00023749740495658303,7.510327380421654e-05,0.013000000000000001,0.0035433819375782164,0.001120515754264774,759.9,124.47440611538494,39.36226337214081,759.9,124.47440611538494,39.36226337214081
0.6,0.6,one,baseline2_matched_0.650,10,0.65,0.40242738749999996,0.0002843503160842488,8.991946522150373e-05,0.40221994999999994,0.00028733170919895845,9.086226450578634e-05,0.6707123125000003,0.0004739171934729422,0.00014986577536891808,0.6706460191746554,0.000479085801082203,0.00015150023260661224,0.82975,0.01640502971652293,0.005187725898695886,0.82975,0.01640502971652293,0.005187725898695886,0.8617083333333333,0.002734171619420501,0.000864620983115985,0.6366190625000002,0.004849552848493794,0.0015335632634597854,0.54935,0.011244875376020053,0.0035559418192965715,0.015792229166666664,0.0002558311476336241,8.09009122937048e-05,0.0134,0.002611938403221298,0.0008259674462242579,1152.5,75.940400607611,24.014463234568545,1152.5,75.940400607611,24.014463234568545
0.6,0.6,one,baseline2_matched_0.800,10,0.8,0.40277356250000035,0.000334177967649636,0.00010567635216189152,0.40255018750000043,0.0003324139312685057,0.00010511851487791426,0.6712892708333332,0.0005569632794154685,0.00017612725360296547,0.6711966444351811,0.0005542541580136011,0.00017527055419418457,0.8935000000000001,0.023744005091344153,0.007508513686328187,0.8935000000000001,0.023744005091344153,0.007508513686328187,0.8510833333333334,0.0039573341818907,0.0012514189477213671,0.6371027916666666,0.005244684000421221,0.0016585147049174552,0.521,0.017373351240717306,0.005493936051077893,0.015885333333333335,0.00028868248836655543,9.128941838433762e-05,0.0112,0.0015846485765339618,0.0005011098792790969,1583.8,120.32807006033316,38.05107678429671,1583.8,120.32807006033316,38.05107678429671
0.6,0.6,one,baseline2_matched_0.950,10,0.95,0.4030591875000001,0.00037880730337482374,0.00011978938729708309,0.40280407500000015,0.0003774780172037499,0.00011936903010080735,0.6717653125,0.0006313455056251337,0.000199648978828607,0.6716199666527713,0.0006293922754544916,0.00019903131321522815,1.0204499999999999,0.017065966782524315,0.005396732550555227,1.0204499999999999,0.017065966782524315,0.005396732550555227,0.829925,0.0028443277970873963,0.0008994554250925412,0.6346918958333336,0.00431772197865667,0.0013653835755923997,0.44675000000000004,0.015874945319240913,0.005020098493943011,0.016363479166666667,0.00029751266069776396,9.408176405417939e-05,0.0093,0.0029646060259145546,0.0009374907406950155,2468.7,184.5776259463752,58.36857030971377,2468.7,184.5776259463752,58.36857030971377
0.6,0.6,two-2g,baseline1_hdv,10,0.0,0.4019984750000004,0.00019098695417926861,6.03953778584703e-05,0.4016623625000005,0.00019027922145674415,6.017157312068937e-05,0.6699974583333337,0.0003183115902992762,0.00010065896309760709,0.6699956005004175,0.00031739653287155597,0.000100369596531462,0.672225,0.007041987172193171,0.002226871871781876,0.6654500000000001,0.008525940808301841,0.0026961392150010844,0.8879625000000001,0.0011736645286988588,0.0003711453119636451,0.6390565416666665,0.005444387810787022,0.0017216665947344828,0.640275,0.0055658307755646055,0.0017600702321845596,0.015190708333333334,0.00031258988213565115,9.884960010722363e-05,0.0149,0.002321996267582415,0.000734279692397023,0.0,0.0,0.0,0.0,0.0,0.0
0.6,0.6,two-2g,baseline2_all_hdv_yield,10,1.0,0.4037426000000003,0.00048596505790008597,0.00015367564462198747,0.40322306250000006,0.0004824670910264855,0.0001525694903719479,0.6729043333333333,0.0008099417631678648,0.0002561260743703127,0.672598936613845,0.0008047824704359079,0.00025449456275545906,1.039075,0.01897661206737267,0.0060009316406334275,1.03555,0.022247908765644565,0.0070354064875062065,0.8268208333333333,0.003162768677895442,0.0010001552734389036,0.6322488750000006,0.006331865204470382,0.002002311588329418,0.435325,0.02344202363752375,0.007413018765808043,0.01692425,0.0005249683834542257,0.00016600957912920054,0.01065,0.002058856208890968,0.0006510674994874869,4628.6,588.0132651564928,185.94612122870427,4526.6,522.5667846739251,165.2501269120373
0.6,0.6,two-2g,baseline2_matched_0.050,10,0.05,0.40193923750000005,0.00016578241942461847,5.2425004139513534e-05,0.4015995,0.00016557302643678816,5.235878826275237e-05,0.6698987291666674,0.0002763040323742487,8.737500689915273e-05,0.6698907422852379,0.0002761851983928236,8.733742829467979e-05,0.679475,0.005818373675024856,0.0018399313091042896,0.67095,0.006098497082615242,0.0019285141084956214,0.8867541666666666,0.0009697289458374488,0.00030665521818403965,0.6378204583333339,0.005687406448320615,0.0017985158355821867,0.635625,0.00790679208725708,0.002500347198112917,0.015219895833333334,0.0002038360240748632,6.445861052694837e-05,0.01505,0.0024938814014392194,0.0007886345442880653,116.9,40.440491259792246,12.788406207707562,116.9,40.440491259792246,12.788406207707562
0.6,0.6,two-2g,baseline2_matched_0.200,10,0.2,0.4023247750000003,0.00029270519749242854,9.256151070454802e-05,0.4019728125000002,0.0002909149852549661,9.199539588799927e-05,0.6705412916666671,0.0004878419958202589,0.00015426918450743606,0.6705134487072568,0.0004852626943365624,0.0001534535377613628,0.703925,0.010022232230840027,0.0031693081088604914,0.69865,0.009249774772032728,0.0029250356123188158,0.8826791666666667,0.0016703720384733285,0.0005282180181434123,0.6373763333333338,0.0036790416556284487,0.0011634151238422731,0.611625,0.009787499113097734,0.003095078979426679,0.015501229166666667,0.00018941701215730036,5.989891860008732e-05,0.014974999999999999,0.0013715866724345203,0.0004337337893224368,537.7,70.43050159948852,22.272080180251585,536.9,70.66422951772229,22.345991437690415
0.6,0.6,two-2g,baseline2_matched_0.350,10,0.35,0.40253161250000025,0.00026061434130870243,8.241349094400069e-05,0.40216543750000017,0.0002605538055572988,8.239434785857015e-05,0.670886020833333,0.00043435723551489764,0.00013735581824012561,0.6708347581317762,0.00043461852469865215,0.00013743844513498866,0.7323500000000001,0.008781451411292378,0.0027769387621783973,0.72455,0.012755064353685829,0.004033505505967072,0.8779416666666666,0.001463575235215388,0.0004628231270297302,0.6375314999999998,0.0056137768358424395,0.0017752321077155278,0.594625,0.008409856981212235,0.0026594302856898537,0.0155695625,0.00025049121205877216,7.921227639619554e-05,0.0152,0.0022135943621178662,0.0007000000000000002,981.8,104.22923454258567,32.960177993046905,977.8,102.2011089307091,32.31882836160164
0.6,0.6,two-2g,baseline2_matched_0.500,10,0.5,0.40258361250000013,0.00023844404807535588,7.540262864288129e-05,0.4021984125000005,0.00023597696634599852,7.462246889902565e-05,0.6709726875000004,0.00039740674679154494,0.00012567104773790943,0.6708897623019185,0.00039362296304569136,0.00012447451025686732,0.7704,0.016637140512853896,0.005261125777288017,0.7643500000000001,0.016886960781752433,0.005340125882827527,0.8715999999999999,0.002772856752142319,0.0008768542962146705,0.6355483750000007,0.0035295476665319625,0.0011161409736373457,0.569075,0.012735585533806,0.00402734576227183,0.015895125,0.00016694658784906149,5.279314651964249e-05,0.016025,0.0019594854766834414,0.0006196437148340434,1616.9,164.20816734322997,51.927181920668694,1602.7,160.10624944427096,50.6300415870964
0.6,0.6,two-2g,baseline2_matched_0.650,10,0.65,0.4027728875000002,0.0002852024101527444,9.01889210252203e-05,0.4023676875000004,0.00028657114596804267,9.06217532943593e-05,0.6712881458333335,0.00047533735025487165,0.00015031486837546127,0.6711721226021689,0.00047801692405011247,0.00015116222401060755,0.8103999999999999,0.018704648857674092,0.005914929322391678,0.80435,0.017238603320583835,0.00545132501731867,0.8649333333333333,0.0031174414762790022,0.000985821553731942,0.6347514375000003,0.004699282470069307,0.001486043597392105,0.54825,0.009805752280053674,0.003100851137635888,0.016141958333333335,0.0002842066334444486,8.987402878130431e-05,0.013999999999999999,0.0017440374613713631,0.0005515130702591434,2128.7,172.4651655649144,54.53827402231696,2114.5,170.6720376759018,53.97123719579202
0.6,0.6,two-2g,baseline2_matched_0.800,10,0.8,0.40308378749999985,0.0002503918044366763,7.918084094593512e-05,0.4026475749999999,0.0002482867280094227,7.851515733005e-05,0.6718063125,0.0004173196740612662,0.00013196806824326916,0.6716389908256882,0.0004141563436349274,0.00013096773532937495,0.872425,0.014594067478107523,0.004615049355700929,0.86745,0.014771312286546046,0.0046710990855115255,0.8545958333333333,0.0024323445796845884,0.000769174892616822,0.6342077916666671,0.004145395131084071,0.0013108890415597927,0.5189250000000001,0.016715366350224654,0.0052858629590845675,0.016277541666666666,0.0002664337777901495,8.425375834200559e-05,0.013674999999999998,0.002208097471681095,0.0006982617306171406,2877.4,367.0023312066439,116.05632732044863,2838.4,349.0256915089967,110.37161470837206
0.6,0.6,two-2g,baseline2_matched_0.950,10,0.95,0.4035489125000001,0.00030048853191485967,9.502281716111537e-05,0.4030580500000001,0.00030291575653235424,9.579037297952676e-05,0.6725815208333332,0.0005008142198579705,0.00015837136193515153,0.6723236864053379,0.0005052806614381683,0.0001597837747781022,0.981725,0.020214629603334307,0.006392427160320247,0.9761,0.022866520893607266,0.007231028818762774,0.8363791666666666,0.00336910493388901,0.0010654045267200279,0.6314920000000004,0.004038310249844021,0.0012770258287910733,0.449775,0.017629855517149184,0.005575049825387712,0.016960895833333333,0.00029595646645194727,9.358965222433653e-05,0.012225,0.0019452577664098346,0.000615144517798686,4119.6,230.79100694977024,72.98252454450235,4021.8,238.63910455376381,75.46431091729534
0.6,0.6,two-g,baseline1_hdv,10,0.0,0.4019608125000004,0.00017082293921617163,5.401895645276005e-05,0.4016246375000003,0.0001695126434364664,5.3604604545522573e-05,0.6699346875000003,0.00028470489869438984,9.003159408817706e-05,0.6699326730608844,0.0002827567029797904,8.941552050958568e-05,0.67235,0.006964393568558395,0.002202334619847255,0.66695,0.007440318093558447,0.0023528351691806462,0.8879416666666666,0.0011607322614263955,0.00036705576997454135,0.6385685416666667,0.00489517677630604,0.0015479908162287653,0.639725,0.004831105808542504,0.0015277297972263657,0.015202604166666666,0.00031088993021254605,9.831202810824407e-05,0.014674999999999999,0.0023659916877847792,0.0007481922658425886,0.0,0.0,0.0,0.0,0.0,0.0
0.6,0.6,two-g,baseline2_all_hdv_yield,10,1.0,0.40382946250000035,0.0004780117314995903,0.000151160581981956,0.4033103250000001,0.00047787203075489446,0.00015111640472754994,0.6730491041666669,0.0007966862191668797,0.0002519343033035433,0.6727444954128441,0.0007971176492990041,0.00025207073349041735,1.038275,0.020504217045931434,0.006484002750359265,1.0346,0.02382085920644622,0.007532817091456115,0.8269541666666667,0.0034173695076552303,0.0010806671250598748,0.6327989583333339,0.006504043252203426,0.0020567590677211785,0.43505000000000005,0.02331540978265948,0.0073729799493375365,0.016952000000000002,0.0005243439665841591,0.00016581212117731614,0.0107,0.0021009257218875897,0.000664371047599825,4698.8,499.8663821462692,158.07162933303368,4586.4,443.0944719934013,140.11877501288365
0.6,0.6,two-g,baseline2_matched_0.050,10,0.05,0.4019799250000002,0.0001880086544992703,5.9453556804135766e-05,0.4016399875000003,0.0001902562275410059,6.0164301806083484e-05,0.6699665416666668,0.00031334775749864883,9.908926134018358e-05,0.6699582777314432,0.00031735817771589414,0.00010035746756627183,0.679875,0.011645963773866976,0.003682777107322977,0.67305,0.012397244317454847,0.0039203528752736845,0.8866875000000001,0.0019409939623111882,0.0006137961845538375,0.6379946041666666,0.005011772398248305,0.0015848615892829117,0.630475,0.009834357291319705,0.0031098968364454316,0.015296458333333332,0.00021554949250493648,6.816273448089921e-05,0.015525,0.002515093327183794,0.0007953423441791871,126.7,44.32468587342473,14.016696393151195,126.7,44.32468587342473,14.016696393151195
0.6,0.6,two-g,baseline2_matched_0.200,10,0.2,0.40226653750000024,0.0002373841241443248,7.506745126602355e-05,0.4019149750000004,0.000235073073744925,7.433663296106903e-05,0.6704442291666671,0.0003956402069076271,0.00012511241877683843,0.6704169724770643,0.00039211521892431895,0.00012399771970164072,0.703125,0.010782734398616664,0.00340980001042746,0.6950999999999999,0.011732670435819603,0.0037101961613310334,0.8828125,0.0017971223997694605,0.0005683000017379152,0.6399534166666664,0.00531554152420938,0.0016809218213704698,0.618,0.0060254091608417494,0.0019054016782703764,0.015400041666666666,0.0003145563178245403,9.947144167213684e-05,0.016325,0.002279284731859731,0.0007207731188722902,476.4,83.00227573854694,26.247624231114283,474.6,82.36935784083248,26.047478018247965
0.6,0.6,two-g,baseline2_matched_0.350,10,0.35,0.40237942500000035,0.0002740999804916409,8.667802449613045e-05,0.4020118999999999,0.0002728342101901235,8.627775278139115e-05,0.6706323750000005,0.0004568333008195938,0.00014446337416027823,0.6705786488740626,0.0004551029360964046,0.00014391618478946976,0.73505,0.010080784801900196,0.003187824057601391,0.727,0.01180395413975054,0.0037327380477785188,0.8774916666666666,0.0016801308003166998,0.000531304009600232,0.6375451041666669,0.006344526653218912,0.0020063154899817017,0.5978,0.008400396816024017,0.002656438718786233,0.015587291666666666,0.00020753204701954716,6.562739560589276e-05,0.0156,0.0022766935088705574,0.0007199537022151724,913.1,138.77035386245547,43.88303899129037,910.1,139.22759145450382,44.02763021356274
0.6,0.6,two-g,baseline2_matched_0.500,10,0.5,0.4026233,0.0001460293468410845,4.6178534124454136e-05,0.4022399500000001,0.00014747369351066325,4.663527664512889e-05,0.6710388333333335,0.00024338224473576374,7.696422354095387e-05,0.6709590492076735,0.00024599448458881935,7.779028631398581e-05,0.7666999999999999,0.010431522739594003,0.0032987371320956564,0.75955,0.013853298845000377,0.00438079774571811,0.8722166666666666,0.0017385871232656704,0.0005497895220159438,0.6355101250000005,0.005160621269250469,0.0016319317352340543,0.575075,0.01033202276635337,0.0032672724778390356,0.0159338125,0.00024361978260412334,7.703933961040964e-05,0.015,0.0020949675149960897,0.0006624868971450598,1494.6,151.74335057736283,47.9854607609893,1483.4,149.3520821563745,47.22927529027355
0.6,0.6,two-g,baseline2_matched_0.650,10,0.65,0.40295710000000035,0.00036411276202873264,0.00011514256531456665,0.40255000000000046,0.00036350290385495754,0.00011494971122668665,0.6715951666666665,0.0006068546033811706,0.0001919042755242618,0.6714762301918265,0.0006063434593080388,0.0001917426375759026,0.8141999999999999,0.0073122803860658945,0.002312346090974359,0.80705,0.007522004756416709,0.002378666760089685,0.8643000000000001,0.0012187133976776544,0.00038539101516239484,0.6354365208333336,0.004075435038944085,0.0012887657179120326,0.5458000000000001,0.007342607771690436,0.002321936452379539,0.016075770833333333,0.00019505178092371435,6.168078893911187e-05,0.015125,0.002415948169054037,0.000763989892312428,2221.6,159.08572112753131,50.3073221973369,2194.4,156.93395638505604,49.62687443983015
0.6,0.6,two-g,baseline2_matched_0.800,10,0.8,0.40347817500000016,0.00041848485054902704,0.0001323365294010091,0.4030339999999999,0.00041727404480989026,0.0001319536390070415,0.6724636249999999,0.0006974747509152636,0.00022056088233508427,0.6722835696413678,0.0006960367719935828,0.00022010615347310187,0.88835,0.018035920948053764,0.005703458989459331,0.8833,0.018640159751342138,0.005894536076363901,0.8519416666666666,0.0030059868246756234,0.0009505764982432206,0.6354806458333337,0.006030872074810037,0.0019071292033505103,0.508375,0.015589014116072615,0.004929679108330594,0.01626197916666667,0.0003790830347582338,0.00011987658121647958,0.013425000000000001,0.003399448484681008,0.001075,3069.9,309.4064030077953,97.84289561446055,3023.7,296.7052596620274,93.82644142836874
0.6,0.6,two-g,baseline2_matched_0.950,10,0.95,0.4036445125000001,0.0003394106076572295,0.00010733105822186314,0.40315533750000004,0.00033842222277503383,0.0001070185034786016,0.6727408541666666,0.0005656843460951507,0.00017888509703636526,0.6724859674728941,0.0005645074608425651,0.00017851293324208195,0.97835,0.020236861306920984,0.00639945744228021,0.97485,0.021295604658656167,0.006734261487184606,0.8369416666666666,0.003372810217820165,0.0010665762403800352,0.632149020833333,0.005322487560664545,0.0016831183509613582,0.4596,0.01691243789509826,0.005348182453465434,0.016773416666666666,0.0004229607393565469,0.00013375192971955087,0.01065,0.001281275406252171,0.00040517485937144044,4277.6,305.7018155000065,96.6714021828586,4191.8,299.80356531865624,94.80621170460181
0.65,0.65,one,baseline1_hdv,10,0.0,0.35178396249999955,0.00015140410021703365,4.7878180377421995e-05,0.35164941249999965,0.0001514885177395719,4.790487554198694e-05,0.5412060961538463,0.00023292938494913563,7.365873904214122e-05,0.5412072527895345,0.00023314893072606883,7.372816551271925e-05,0.5382,0.009043720964784849,0.002859875677173555,0.5382,0.009043720964784849,0.002859875677173555,0.9103,0.0015072868274641378,0.0004766459461955913,0.6842359423076929,0.004506039188911786,0.0014249347062938985,0.6843,0.002830390628713827,0.0008950481054731668,0.012870000000000001,0.00011629039067713,3.677425045305413e-05,0.011899999999999999,0.0021186998109427604,0.0006699917080747259,0.0,0.0,0.0,0.0,0.0,0.0
0.65,0.65,one,baseline2_all_hdv_yield,10,1.0,0.35287623749999963,0.00035230891910245383,0.00011140986243557585,0.3526474124999995,0.00034771030331971737,0.00010995565243983133,0.5428865192307694,0.0005420137216961122,0.00017139978836243366,0.5427432281646789,0.000535144753089081,0.0001692276297649924,0.9153,0.022409323456494143,0.007086450294595867,0.9153,0.022409323456494143,0.007086450294595867,0.84745,0.0037348872427490293,0.001181075049099313,0.680177769230769,0.0025191663790953838,0.0007966303562860598,0.45745,0.011696271960662417,0.0036986859528456567,0.013905884615384615,0.00018273169166132538,5.7784834634538574e-05,0.00645,0.002521573582771943,0.0007973915809270457,2757.1,206.78193022279936,65.3901878470055,2757.1,206.78193022279936,65.3901878470055
0.65,0.65,one,baseline2_matched_0.050,10,0.05,0.35183567499999985,0.0001681341044621351,5.316867224530265e-05,0.3516972249999998,0.00016918624476195578,5.350138822185122e-05,0.5412856538461537,0.0002586678530187581,8.179795730049365e-05,0.5412808387841478,0.00026038667912600054,8.234149784055835e-05,0.5538000000000001,0.011195733314278453,0.003540401734894564,0.5538000000000001,0.011195733314278453,0.003540401734894564,0.9077,0.001865955552379758,0.0005900669558157656,0.6858046923076925,0.004278179349945428,0.0013528790984526104,0.6776500000000001,0.008182128220837304,0.0025874161285387052,0.01283878846153846,0.00010299002308650245,3.256830492266723e-05,0.014349999999999998,0.002224235199393765,0.0007033649282003064,77.3,29.959416994772557,9.473999507423814,77.3,29.959416994772557,9.473999507423814
0.65,0.65,one,baseline2_matched_0.200,10,0.2,0.35187724999999953,0.00017112642540604816,5.4114927212601665e-05,0.3517321124999997,0.00017080287787477288,5.4012612499586224e-05,0.5413496153846153,0.00026327142370109334,8.325373417306914e-05,0.5413345325125049,0.0002628747639469345,8.31282993451427e-05,0.58055,0.011094167636896227,0.0035082838476319955,0.58055,0.011094167636896227,0.0035082838476319955,0.9032416666666666,0.0018490279394826872,0.0005847139746053272,0.6839407115384608,0.004131165874741952,0.0013063893556146434,0.6616,0.011768130220595328,0.0037214095298540987,0.012900519230769231,0.00022171736177135077,7.011318600010132e-05,0.014350000000000002,0.0018566696588844832,0.0005871304984602846,258.6,52.02606184510905,16.45208531193268,258.6,52.02606184510905,16.45208531193268
0.65,0.65,one,baseline2_matched_0.350,10,0.35,0.35186789999999973,8.906960839074369e-05,2.816628328139948e-05,0.35171783749999974,8.737024208153377e-05,2.7628896469793747e-05,0.5413352307692308,0.00013703016675489554,4.333274350981539e-05,0.5413125625240472,0.0001344674753085434,4.2522349318744995e-05,0.6002500000000001,0.011755022567207412,0.0037172645259055145,0.6002500000000001,0.011755022567207412,0.0037172645259055145,0.8999583333333334,0.0019591704278679187,0.0006195440876509245,0.6829208846153847,0.003776882588516842,0.001194355143474573,0.6484,0.006040603354706303,0.0019102065042525909,0.01300223076923077,0.00022953686612951185,7.258593039464152e-05,0.01145,0.001847671206922078,0.0005842849380986034,457.8,78.33375886409242,24.77130956929362,457.8,78.33375886409242,24.77130956929362
0.65,0.65,one,baseline2_matched_0.500,10,0.5,0.35202456249999986,0.00016615863456441291,5.254397381271244e-05,0.35186689999999976,0.00016475977672901132,5.210161612444825e-05,0.5415762500000001,0.0002556286685608292,8.083688278884971e-05,0.5415419776837247,0.0002535741080866266,8.018717371994613e-05,0.6306499999999999,0.014793110258194892,0.004677992209389739,0.6306499999999999,0.014793110258194892,0.004677992209389739,0.8948916666666668,0.0024655183763658065,0.0007796653682316203,0.6822911730769229,0.004035701669340999,0.0012762009232061278,0.6308,0.012338287293353683,0.003901709027251173,0.013225730769230771,0.00023623649685380852,7.470453965172363e-05,0.0115,0.0025819888974716113,0.000816496580927726,710.4,68.73006781767512,21.73435580416917,710.4,68.73006781767512,21.73435580416917
0.65,0.65,one,baseline2_matched_0.650,10,0.65,0.3521630624999995,0.00019242736950557428,6.0850877179244356e-05,0.3519911124999995,0.0001917084868326886,6.06235465175695e-05,0.5417893269230774,0.00029604210693139174,9.361673412183185e-05,0.5417331473643708,0.0002950496142093849,9.330288036556366e-05,0.6878,0.022563736885148757,0.007135280108182316,0.6878,0.022563736885148757,0.007135280108182316,0.8853666666666667,0.0037606228141914724,0.0011892133513637234,0.6819364615384615,0.00332312860685065,0.001050865535531028,0.596,0.016539514973407058,0.005230253871042555,0.013275557692307694,0.0002364603520884551,7.477532889248709e-05,0.01135,0.004196890383234816,0.0013271732701078966,1095.9,173.51429656115116,54.87003837351593,1095.9,173.51429656115116,54.87003837351593
0.65,0.65,one,baseline2_matched_0.800,10,0.8,0.35240032499999996,0.00026298156357020463,8.316207235142086e-05,0.35221598749999994,0.0002621305366206198,8.289295400033352e-05,0.5421543461538465,0.0004045870208771439,0.000127941649771387,0.54207924201616,0.0004034329151533466,0.00012757668949660333,0.73735,0.01852183396247072,0.0058571181764869125,0.73735,0.01852183396247072,0.0058571181764869125,0.8771083333333334,0.0030869723270784523,0.0009761863627478184,0.6827067307692307,0.002772059700281081,0.0008766022462851914,0.5647,0.015248315025310525,0.00482194059597493,0.013514807692307692,0.00024363968786231,7.7045634205738e-05,0.011649999999999999,0.002656752403468064,0.0008401388774085708,1590.6,121.60062134344179,38.45349283369602,1590.6,121.60062134344179,38.45349283369602
0.65,0.65,one,baseline2_matched_0.950,10,0.95,0.35255939999999963,0.00025413449113267,8.036438239871014e-05,0.35234749999999987,0.00025059592862697273,7.924539068262254e-05,0.5423990769230769,0.00039097614020458635,0.00012363751138278235,0.5422816467872258,0.0003856805365554466,0.00012196289447110428,0.8475999999999999,0.028541198292993945,0.009025519375637062,0.8475999999999999,0.028541198292993945,0.009025519375637062,0.8587333333333333,0.004756866382165641,0.0015042532292728387,0.6811138461538452,0.002961259559238846,0.0009364324950141064,0.4995,0.018548734607933656,0.0058656249075060675,0.013674442307692308,0.00029698030218340093,9.391341751046233e-05,0.00825,0.0023717082451262844,0.0007499999999999999,2312.8,306.9244568655653,97.05803533052904,2312.8,306.9244568655653,97.05803533052904
0.65,0.65,two-2g,baseline1_hdv,10,0.0,0.3517797999999996,0.00014896187291835408,4.710588029465522e-05,0.35150888749999953,0.00014852034617916858,4.6966257280285886e-05,0.5411996923076925,0.00022917211218224692,7.247058506875212e-05,0.5411992109314858,0.0002286687393059414,7.231140458860454e-05,0.541825,0.005330793666154338,0.0016857449721446956,0.5365,0.008225975119502047,0.002601281735350224,0.9096958333333334,0.0008884656110257318,0.000280957495357452,0.6842894038461542,0.004458198360553247,0.0014098061080176827,0.68725,0.006742279535389579,0.0021320959953372905,0.012840538461538462,0.00014148557865656963,4.474166846216662e-05,0.011725,0.0013766404355854468,0.0004353319295536325,0.0,0.0,0.0,0.0,0.0,0.0
0.65,0.65,two-2g,baseline2_all_hdv_yield,10,1.0,0.35313756249999967,0.00011932996169023017,3.7735447204176336e-05,0.35269027499999966,0.00011496499769267735,3.635512439048629e-05,0.5432885576923075,0.00018358455644613207,5.805453416015243e-05,0.5430181293302542,0.00017700538520819937,5.597401753733873e-05,0.894575,0.020417193870744234,0.006456483606078125,0.8906499999999999,0.02093913136264784,0.006621534733143233,0.8509041666666667,0.003402865645124045,0.0010760806010130226,0.6774351923076921,0.0038642385935594324,0.001221979537797347,0.46144999999999997,0.011938965151506596,0.00377543227841381,0.014485576923076924,0.0002971081029727579,9.395383166857587e-05,0.008674999999999999,0.002763979618834649,0.0008740471001801522,4608.1,336.1915624560894,106.31310674919939,4462.9,267.461087512433,84.57862220049067
0.65,0.65,two-2g,baseline2_matched_0.050,10,0.05,0.3517394374999995,5.986385740666368e-05,1.893061389285979e-05,0.35146612499999946,5.8720530433656105e-05,1.8569062158358814e-05,0.5411375961538457,9.209824216413428e-05,2.9124021373641932e-05,0.5411333718244801,9.040882283951246e-05,2.85897800747511e-05,0.546625,0.007946216779770818,0.0025128143805524376,0.53895,0.007100273860133064,0.0022453037408976294,0.9088958333333335,0.0013243694632951,0.00041880239675872805,0.6830037500000001,0.003406513040015758,0.0010772340085514103,0.67645,0.0038202675880682005,0.0012080746849613406,0.012858076923076922,0.00017077849458972457,5.400490182782724e-05,0.013275,0.0023847024039815863,0.00075410911382608,126.5,44.18207278473426,13.971598174709849,126.5,44.18207278473426,13.971598174709849
0.65,0.65,two-2g,baseline2_matched_0.200,10,0.2,0.3519879249999996,0.00012959618371451116,4.0981911660347575e-05,0.3517029624999996,0.00012911801570345867,4.083070165843173e-05,0.5415198846153847,0.00019937874417554053,6.304909486187382e-05,0.5414980177059279,0.00019879602109839302,6.2864821644981e-05,0.569925,0.010007670669152834,0.003164703338738434,0.56155,0.00971382176763262,0.003071780157064195,0.9050125,0.0016679451115255064,0.0005274505564564165,0.6822320769230765,0.00493432534304916,0.0015603706800327033,0.6597500000000001,0.005997684738482197,0.0018966344461235078,0.013176173076923075,0.00025161068009121364,7.956628327122176e-05,0.012125,0.0012486103386476414,0.00039484525801607113,500.8,75.99385940105073,24.031368389391947,499.6,76.28338977494089,24.12292593272125
0.65,0.65,two-2g,baseline2_matched_0.350,10,0.35,0.3521320374999994,0.0001232902803514298,3.8987809927122295e-05,0.3518359999999995,0.00012201229446249467,3.858367530446329e-05,0.5417415961538457,0.000189677354386836,5.998124604173322e-05,0.5417028483448808,0.00018785572665486118,5.94051967735365e-05,0.592075,0.011598042219846148,0.0036676229813509147,0.5839,0.013357894045594672,0.004224136992728025,0.9013208333333333,0.0019330070366410394,0.0006112704968918238,0.6823879999999998,0.005078621340215884,0.0016060010808619084,0.64515,0.00973695708798869,0.003079096187736479,0.013300884615384614,0.0002230732426752104,7.054195318931374e-05,0.012525,0.0014693630517260798,0.0004646533953150217,923.9,120.05225714014895,37.96385708070828,921.1,120.28895765336623,38.03870835521802
0.65,0.65,two-2g,baseline2_matched_0.500,10,0.5,0.3522168624999997,0.00013637899665677435,4.312682544438956e-05,0.3519010999999997,0.00013889001693973585,4.392087977889344e-05,0.5418720961538467,0.00020981384101070836,6.634896222222831e-05,0.5418030792917632,0.00021384144255539984,6.762260166111207e-05,0.631525,0.012926850823855833,0.004087829157660851,0.6256999999999999,0.015147790451268968,0.004790151934495975,0.8947458333333334,0.002154475137309325,0.0006813048596101479,0.681876942307692,0.004032375265661403,0.0012751490220016587,0.621675,0.010143450267701491,0.003207640617858139,0.013384096153846153,0.00020254972056214443,6.405184564070171e-05,0.01255,0.002107526195962144,0.0006664583007710733,1376.7,178.12607894410073,56.32841201383188,1366.5,173.52377358736757,54.87303527234483
0.65,0.65,two-2g,baseline2_matched_0.650,10,0.65,0.3525050374999995,0.00011332536813286557,3.5836627997691834e-05,0.3521693624999997,0.00010866954958466878,3.43643288992158e-05,0.5423154423076922,0.00017434672020493833,5.513327384277035e-05,0.5422161085450348,0.00016731262445656296,5.2908897458313064e-05,0.67135,0.017820945853436375,0.0056354778955392155,0.6618999999999999,0.016203223273301044,0.005123909097988025,0.8881083333333333,0.0029701576422393908,0.000939246315923201,0.6821922499999997,0.003938857997717662,0.0012455762652758117,0.596875,0.014051616158530194,0.004443511186738105,0.013594653846153845,0.00018298713951570318,5.786561433886226e-05,0.0118,0.001640629960309962,0.0005188127472091127,2041.5,198.20542093719052,62.67805747539475,2031.9,198.95585775074161,62.91536643248081
0.65,0.65,two-2g,baseline2_matched_0.800,10,0.8,0.35266542499999953,0.00030731968064401003,9.718301606306335e-05,0.3523027374999995,0.00029973228477229335,9.478367081666501e-05,0.5425621923076921,0.00047279950868325463,0.00014951233240476417,0.5424214588144727,0.00046148157778624877,0.00014593328840127107,0.725375,0.023331324318273176,0.0073780125673818505,0.7140500000000001,0.02210385838616317,0.0069898537578089275,0.8791041666666667,0.0038885540530455183,0.0012296687612303049,0.6815613846153845,0.004178379879076414,0.0013213197347300399,0.5626,0.019040235175951898,0.006021051034126483,0.013789673076923076,0.000278270051062294,8.799671659682065e-05,0.01065,0.0022552408100048014,0.0007131697631778224,2728.2,335.60883315087057,106.1288315628175,2705.6,324.984512451491,102.76912636260624
0.65,0.65,two-2g,baseline2_matched_0.950,10,0.95,0.35302349999999966,0.0002592342556561178,8.197706954117197e-05,0.35260786249999987,0.00025858710955745757,8.177242397610612e-05,0.5431130769230765,0.0003988219317789369,0.00012611856852497294,0.5428912432640496,0.00039813257822478743,0.00012590057579054848,0.831275,0.031435659599321986,0.009940828408359357,0.8256500000000001,0.033300025025015625,0.010530392521965488,0.8614541666666667,0.0052392765998870066,0.0016568047347265624,0.6787145384615387,0.005587142406856876,0.0017668095617382887,0.497975,0.019301500373459752,0.00610367034387234,0.014295730769230769,0.00032382825995593435,0.00010240348721898497,0.010575,0.001767963360605769,0.0005590791039239835,4318.0,417.0795287871767,131.89212763972432,4189.0,396.10941249441004,125.26079461134943
0.65,0.65,two-g,baseline1_hdv,10,0.0,0.3517797999999996,0.00014896187291835408,4.710588029465522e-05,0.3515092374999995,0.00014905044879074544,4.713389044490453e-05,0.5411996923076925,0.00022917211218224692,7.247058506875212e-05,0.5411997498075445,0.00022948490960875424,7.256950030015234e-05,0.541125,0.00453879878871541,0.001435294201355404,0.53585,0.007337309528097547,0.0023202610006443462,0.9098124999999999,0.0007564664647859141,0.0002392157002259046,0.6842894230769235,0.004458222483828842,0.001409813736467233,0.6873250000000001,0.006807930424634667,0.0021528566293802834,0.012840538461538462,0.00014148557865656963,4.474166846216662e-05,0.011824999999999999,0.0012250283443432826,0.0003873879766389819,0.0,0.0,0.0,0.0,0.0,0.0
0.65,0.65,two-g,baseline2_all_hdv_yield,10,1.0,0.35306513749999974,0.00021102940035094635,6.673335583685267e-05,0.3526179624999996,0.00020599078871344977,6.51400069349007e-05,0.5431771346153846,0.00032466061592441363,0.00010266670128742796,0.5429067936874521,0.00031715286945835407,0.00010029254339464513,0.89435,0.020573783209598476,0.006506001502886056,0.8911999999999999,0.020536146993370825,0.006494099886307059,0.8509416666666667,0.0034289638682664103,0.0010843335838143417,0.6769114038461538,0.002941609691870585,0.0009302186613537141,0.46195,0.012542594096384795,0.003966316511155744,0.014489903846153845,0.00029124747630772916,9.210053879083512e-05,0.009174999999999999,0.0018106551914216637,0.0005725794462100627,4592.7,360.28786330439226,113.93302613572784,4442.1,298.9215616177595,94.52729764464864
0.65,0.65,two-g,baseline2_matched_0.050,10,0.05,0.35181034999999977,0.0001211223812924648,3.8302260050755784e-05,0.3515378749999999,0.0001227842931277745,3.8827802717752714e-05,0.5412466923076926,0.00018634212506522934,5.8926553924207695e-05,0.5412438414164744,0.00018904433122060907,5.978106654004037e-05,0.54495,0.006661247797689423,0.0021064715099479076,0.5399499999999999,0.007432847517756736,0.0023504727656840116,0.9091750000000001,0.001110207966281588,0.00035107858499132345,0.6837035192307693,0.004564962769207093,0.001443567978456397,0.6801250000000001,0.005594205831830729,0.001769043212838198,0.012951307692307693,0.0002029076484677356,6.41650323826819e-05,0.01295,0.0023297591673342066,0.0007367345368433446,113.4,58.9051969033482,18.62745882352776,113.4,58.9051969033482,18.62745882352776
0.65,0.65,two-g,baseline2_matched_0.200,10,0.2,0.3519343249999996,0.0002252408911095318,7.122742381120908e-05,0.3516504249999994,0.00022475080490514884,7.10724449456414e-05,0.5414374230769231,0.00034652444786051486,0.00010958065201714884,0.541417128560431,0.0003460366511242474,0.00010942639714496868,0.5678,0.009860696391905246,0.00311822599138249,0.56185,0.012204393562247232,0.0038593681117797206,0.9053666666666667,0.0016434493986508488,0.0005197043318970736,0.6823633076923071,0.004396794628617875,0.001390388543042663,0.6611,0.009230986464680317,0.002919094227857525,0.013077288461538461,0.0002696829147478636,8.528122566362625e-05,0.013675000000000001,0.0017836058981736968,0.0005640257086339238,468.0,101.83319694480774,32.202484376209235,465.6,98.50234063772857,31.149175127298495
0.65,0.65,two-g,baseline2_matched_0.350,10,0.35,0.3521339249999999,0.00016367231193573642,5.1757729562248964e-05,0.3518352874999998,0.00016301015060832147,5.154833576493779e-05,0.5417444999999997,0.00025180355682460844,7.962727624973983e-05,0.5417017513471901,0.0002509779070186987,7.936618285610475e-05,0.597275,0.013050356529825374,0.004126885091149931,0.59075,0.00937861041590561,0.002965777020164078,0.9004541666666667,0.0021750594216375894,0.0006878141818583304,0.6826841923076923,0.004851133434732264,0.0015340630887149735,0.6452,0.009022194854911977,0.0028530685235374238,0.013227788461538461,0.00018756559777345367,5.931344996551204e-05,0.01315,0.0017126976771553507,0.0005416025603090641,850.2,76.33959217426651,24.14069869190478,847.6,76.03244921303886,24.043571559427964
0.65,0.65,two-g,baseline2_matched_0.500,10,0.5,0.3522892999999997,0.00019440667569703524,6.147678875443336e-05,0.3519800124999995,0.000192170004397889,6.0769491186190354e-05,0.5419835384615384,0.0002990871933801707,9.457967500685737e-05,0.5419245765973825,0.00029587375580871,9.356349682239977e-05,0.6185750000000001,0.012788911212452753,0.004044208822501624,0.61355,0.01310311667759493,0.004143569314813816,0.8969041666666667,0.0021314852020754816,0.0006740348037502778,0.6815937307692306,0.004839134526288028,0.0015302687007030123,0.62645,0.01525332386363341,0.0048235245297281164,0.013451692307692309,0.0002712257557554983,8.576911482878976e-05,0.013475,0.0023376448261729866,0.000739228201121503,1366.0,129.43552663606525,40.93110743133583,1355.6,130.21537714281075,41.17771781491106
0.65,0.65,two-g,baseline2_matched_0.650,10,0.65,0.3524765624999997,0.00016500717840017132,5.2179851402228006e-05,0.35214558749999986,0.0001617198049481849,5.1140292639443285e-05,0.5422716346153847,0.0002538571975388434,8.027669446500356e-05,0.5421795034642032,0.0002489912316373929,7.873794093847377e-05,0.66195,0.011163432367431706,0.0035301872786329884,0.65795,0.009426469823498804,0.002980911493710163,0.8896749999999999,0.0018605720612386366,0.0005883645464388374,0.6808052115384609,0.0025244031677093123,0.0007982863742505449,0.597925,0.006988134785318462,0.0022098422517858123,0.013632980769230769,0.0001270141556793269,4.0165402702988414e-05,0.012575,0.0015944783194233505,0.0005042183169135283,2023.7,193.73180201275966,61.26337495691133,2006.1,198.128157177789,62.653624529365146
0.65,0.65,two-g,baseline2_matched_0.800,10,0.8,0.3527897999999995,0.00026486747341297366,8.375844940790887e-05,0.35242337499999976,0.00025975360921456534,8.214130355673273e-05,0.5427535384615382,0.0004074884206355865,0.00012885915293532106,0.5426071978444955,0.00039992857461826657,0.0001264685197178327,0.73285,0.01815297649300401,0.005740475202938831,0.7214,0.01910904381583643,0.006042810236599826,0.8778583333333334,0.0030254960821673284,0.0009567458671564697,0.6814493461538458,0.0031086014079763427,0.000983026078681156,0.56175,0.01315716957066036,0.004160662340434645,0.013859423076923078,0.00018306821425813786,5.789125242354277e-05,0.011550000000000001,0.0018096961070853854,0.0005722761571129797,3002.4,362.0101901573736,114.47767370879693,2958.2,354.52685214083414,112.11123444547779
0.65,0.65,two-g,baseline2_matched_0.950,10,0.95,0.3530923874999993,0.00020195963095324002,6.386524292192812e-05,0.3526825624999998,0.00020453321899813748,6.467908292001369e-05,0.5432190576923074,0.00031070712454335395,9.825421987986025e-05,0.5430062548113936,0.00031490872824882857,9.958288363333055e-05,0.81965,0.01898069194383247,0.006002221810851935,0.81395,0.022166604009936506,0.007009695666242102,0.8633916666666666,0.0031634486573054086,0.0010003703018086549,0.6779713076923077,0.0034967091740188837,0.0011057565305105741,0.50175,0.01617096162879623,0.005113707070218239,0.014314423076923077,0.00022500630059116088,7.115323977565593e-05,0.00995,0.0018700861536897766,0.0005913731666403391,4101.4,326.9455272331735,103.38925368614369,4006.4,311.6711942630139,98.55908549359279
0.7,0.7,one,baseline1_hdv,10,0.0,0.3014147750000002,0.00012591072123606606,3.9816466094050006e-05,0.30130706250000017,0.00012558264556843994,3.971271945859211e-05,0.43059253571428624,0.00017987245890891212,5.6880665848720755e-05,0.43059244372990174,0.00017946787505363382,5.675272519999962e-05,0.43084999999999996,0.004655045052890948,0.0014720544977834375,0.43084999999999996,0.004655045052890948,0.0014720544977834375,0.9281916666666665,0.0007758408421484941,0.0002453424162972405,0.718962160714286,0.0036156647316372926,0.001143373580751531,0.71905,0.004387165625118581,0.001387343584777113,0.01042475,0.00016177868865925604,5.115891330385009e-05,0.01075,0.0027309949346956564,0.0008636164272021076,0.0,0.0,0.0,0.0,0.0,0.0
0.7,0.7,one,baseline2_all_hdv_yield,10,1.0,0.30227311250000016,0.00029217056739428625,9.239244582296712e-05,0.3020717000000001,0.0002886403663923915,9.127609824654755e-05,0.43181873214285754,0.0004173865248485528,0.00013198920831838926,0.4316851732761684,0.00041249069866730115,0.0001304410121422853,0.80565,0.02702884261919725,0.008547270519489444,0.80565,0.02702884261919725,0.008547270519489444,0.865725,0.004504807103199522,0.001424545086581568,0.7190768392857149,0.0034141251425951103,0.00107964116674477,0.48475,0.020141513238968792,0.006369305735757666,0.01125705357142857,0.0002178174445030025,6.887992387468105e-05,0.004399999999999999,0.0019832633040858024,0.000627162924074226,2559.9,258.9381951139864,81.88344697732802,2559.9,258.9381951139864,81.88344697732802
0.7,0.7,one,baseline2_matched_0.050,10,0.05,0.30144415000000024,7.668624749965313e-05,2.4250320731029632e-05,0.3013341875000003,7.620443196679997e-05,2.4097957281443262e-05,0.43063450000000075,0.00010955178214211435,3.464331532996414e-05,0.4306312075741318,0.00010890236794127842,3.443795252801418e-05,0.43985,0.007590381340149452,0.0024002893344113535,0.43985,0.007590381340149452,0.0024002893344113535,0.9266916666666667,0.0012650635566915805,0.0004000482224018939,0.7192823750000004,0.0031304336231146516,0.0009899300313015423,0.7148,0.007627435858647249,0.0024120070020167412,0.010486821428571429,0.00010785516528198607,3.410679797049927e-05,0.01085,0.00239269722280108,0.0007566372975210779,51.1,25.50141608268494,8.06425583809332,51.1,25.50141608268494,8.06425583809332
0.7,0.7,one,baseline2_matched_0.200,10,0.2,0.30151163750000015,7.779782492133582e-05,2.4601832375843104e-05,0.30139591250000025,7.716369797182254e-05,2.4401303827227448e-05,0.43073091071428643,0.00011113974988771034,3.514547482266075e-05,0.43071941764915866,0.00011027323754466892,3.487145956019475e-05,0.4629,0.015251229458637085,0.004822862220714994,0.4629,0.015251229458637085,0.004822862220714994,0.9228500000000001,0.0025418715764395027,0.000803810370119162,0.7188265535714292,0.0037751877994707567,0.0011938192041206597,0.6965,0.008386497083606111,0.002652043237455487,0.01060907142857143,0.00022763092093957825,7.198321760507828e-05,0.0099,0.0016295875415440425,0.0005153208277913436,207.3,58.174163795737826,18.396285857023784,207.3,58.174163795737826,18.396285857023784
0.7,0.7,one,baseline2_matched_0.350,10,0.35,0.30160745000000017,9.523212139011176e-05,3.0115041000239366e-05,0.30148578749999994,9.65262458910778e-05,3.052427910012751e-05,0.43086778571428636,0.00013604588770010134,4.302148714318065e-05,0.4308478563772761,0.0001379439026668874,4.362169217599393e-05,0.48665,0.009407591497178113,0.002974941642751634,0.48665,0.009407591497178113,0.002974941642751634,0.9188916666666666,0.0015679319161963586,0.0004958236071252744,0.7192379107142859,0.002763511740077781,0.0008738991439261011,0.68415,0.0077926247182832885,0.0024642443060703153,0.010618571428571429,0.00014800822355654045,4.680430988740551e-05,0.0101,0.001983263304085802,0.0006271629240742259,385.9,40.48442773325182,12.80230014055634,385.9,40.48442773325182,12.80230014055634
0.7,0.7,one,baseline2_matched_0.500,10,0.5,0.30169740000000017,0.0001005824150743599,3.1806952419543155e-05,0.301568225,9.978198108874474e-05,3.1553832968428114e-05,0.4309962857142863,0.0001436891643921294,4.543850345654925e-05,0.4309656663093945,0.00014259661463211974,4.509300888667916e-05,0.5166999999999999,0.011368083978108784,0.0035949038002891487,0.5166999999999999,0.011368083978108784,0.0035949038002891487,0.9138833333333334,0.0018946806630181269,0.0005991506333815236,0.7195892857142868,0.003995163664952081,0.0012633816806394392,0.6639999999999999,0.010811516493484576,0.0034189017079888245,0.010739982142857143,0.00013944881196803745,4.4097586282354575e-05,0.009,0.0015275252316519466,0.0004830458915396479,648.3,89.57932549174254,28.327469981548923,648.3,89.57932549174254,28.327469981548923
0.7,0.7,one,baseline2_matched_0.650,10,0.65,0.30178091250000044,0.00012472756492196548,3.944231921599326e-05,0.30164055000000034,0.00012335869953108693,3.900944597145797e-05,0.4311155892857146,0.000178182235603262,5.6346170308705424e-05,0.43106902465165986,0.0001762896742138193,5.574768984847223e-05,0.56145,0.022357511787614782,0.007070066006292543,0.56145,0.022357511787614782,0.007070066006292543,0.9064249999999999,0.0037262519646024624,0.0011783443343820902,0.718941303571429,0.003555433659028895,0.0011243268432157792,0.6351,0.015937028860138546,0.005039731033387485,0.010807071428571428,0.00019843020914793772,6.274914174910626e-05,0.0086,0.0026331223544175334,0.0008326663997864531,955.5,112.13508718406464,35.46022811232012,955.5,112.13508718406464,35.46022811232012
0.7,0.7,one,baseline2_matched_0.800,10,0.8,0.30185830000000013,0.00014712460705114521,4.652488581388877e-05,0.3017048750000002,0.0001440777182246939,4.556137496699841e-05,0.4312261428571433,0.00021017801007316812,6.646412259130242e-05,0.4311609503394053,0.00020589884705226978,6.511093242878187e-05,0.6136999999999999,0.021788376105927067,0.0068900895011119664,0.6136999999999999,0.021788376105927067,0.0068900895011119664,0.8977166666666667,0.0036313960176545088,0.001148348250185327,0.7194149821428578,0.0028210171294969734,0.0008920839447560606,0.6033000000000001,0.018436377084449108,0.005830094338859365,0.010890589285714286,0.00013537057169429022,4.280793347130759e-05,0.0072,0.003417276368363814,0.0010806376718298218,1319.5,216.26591142490406,68.38928603549276,1319.5,216.26591142490406,68.38928603549276
0.7,0.7,one,baseline2_matched_0.950,10,0.95,0.3021986250000001,0.00011036404406431256,3.490017510304142e-05,0.3020165000000001,0.00010931254566103904,3.456766211200397e-05,0.43171232142857185,0.0001576629200917322,4.9857393004299704e-05,0.43160628795998407,0.00015621657114806277,4.940001730896231e-05,0.7285,0.017476968971891126,0.005526702854726723,0.7285,0.017476968971891126,0.005526702854726723,0.8785833333333333,0.002912828161981847,0.0009211171424544515,0.7203255892857152,0.0024946626316529794,0.0007888815909733075,0.5321,0.01290736224021006,0.004081666326391716,0.011143696428571428,0.000188418894424304,5.958328605916009e-05,0.00745,0.0019783550967631893,0.0006256108126374485,2161.0,140.02460101313943,44.27966676578414,2161.0,140.02460101313943,44.27966676578414
0.7,0.7,two-2g,baseline1_hdv,10,0.0,0.3014147750000002,0.00012591072123606606,3.9816466094050006e-05,0.30120060000000015,0.0001253238970295127,3.963089598616703e-05,0.43059253571428624,0.00017987245890891212,5.6880665848720755e-05,0.43059413867047897,0.00017916211155042725,5.665603429045112e-05,0.42835,0.0030004629272460297,0.0009488296884993541,0.4227,0.0033099177566150452,0.0010466878978738397,0.9286083333333334,0.0005000771545409819,0.00015813828141655173,0.718962160714286,0.0036156647316372926,0.001143373580751531,0.7209,0.0044130488327232265,0.0013955285736952801,0.01042475,0.00016177868865925604,5.115891330385009e-05,0.009925,0.0015636939882499032,0.0004944834566382265,0.0,0.0,0.0,0.0,0.0,0.0
0.7,0.7,two-2g,baseline2_all_hdv_yield,10,1.0,0.30271016250000016,0.0002418286242506279,7.647292560570137e-05,0.30231982500000026,0.00023963858203564228,7.57803734485739e-05,0.4324430892857148,0.0003454694632148273,0.000109247036579461,0.4321941744102932,0.00034258553543324447,0.00010833505853973717,0.780675,0.024575295296066935,0.0077713907306793525,0.7748,0.022384518459566353,0.007078606265831337,0.8698874999999999,0.0040958825493444834,0.001295231788446557,0.715405482142857,0.003038128795915089,0.0009607406820036543,0.495,0.015638272140986533,0.004945255863507524,0.01181030357142857,0.00021072365209879714,6.663666975011198e-05,0.007049999999999999,0.0015447042147644678,0.0004884783629917614,4425.4,483.9398952578948,153.03523196382662,4317.6,478.1996793530223,151.22001631177446
0.7,0.7,two-2g,baseline2_matched_0.050,10,0.05,0.3015137625000003,6.343988980147984e-05,2.006145462827635e-05,0.3012959250000003,6.451591104339132e-05,2.0401722421792682e-05,0.4307339464285721,9.06284140025202e-05,2.8659220897666076e-05,0.4307304145818437,9.223146682456031e-05,2.9166150710386806e-05,0.435675,0.008043328843761695,0.0025435239116015566,0.4284,0.006573515886579357,0.0020787282436891836,0.9273875,0.0013405548072936199,0.00042392065193359407,0.720087946428572,0.003033599708497794,0.0009593084588075881,0.71665,0.005643580423808979,0.0017846568297574727,0.010524285714285713,0.000146263239027115,4.625249732793136e-05,0.0103,0.0013984117975602017,0.00044221663871405316,114.2,34.88648257802249,11.032074449833388,114.2,34.88648257802249,11.032074449833388
0.7,0.7,two-2g,baseline2_matched_0.200,10,0.2,0.30163857500000035,0.00012326108807468388,3.897857851866198e-05,0.3014099000000005,0.00012170856584480585,3.8487627882216176e-05,0.43091225000000055,0.00017608726867793579,5.568368359803035e-05,0.4308933523945675,0.00017399366096460802,5.502162670792909e-05,0.45735000000000003,0.009219695102213403,0.0029155235855293266,0.45155,0.009827540666695583,0.00310774123046877,0.923775,0.00153661585036892,0.0004859205975882273,0.7188616607142857,0.0033684869507086927,0.0010652091032794804,0.6961999999999999,0.008012836923060106,0.002533881519636531,0.010748089285714284,0.00019517182836636154,6.171875127371623e-05,0.01135,0.0013027748163908536,0.00041197356981027583,468.4,88.04948103828387,27.84369068767844,467.2,87.03868871561275,27.52405008957318
0.7,0.7,two-2g,baseline2_matched_0.350,10,0.35,0.3017646875000002,0.00010185931627736057,3.221074403439227e-05,0.3015251875000003,9.704831718291548e-05,3.0689372538446866e-05,0.431092410714286,0.0001455133089676693,4.601534862056397e-05,0.431058166547534,0.00013873955279907195,4.387329883982565e-05,0.479,0.011858541225631423,0.0037500000000000003,0.46959999999999996,0.0123171064423066,0.0038950110540422185,0.9201666666666666,0.001976423537605211,0.0006249999999999917,0.7199518392857152,0.0039516329335998095,0.0012496160547108314,0.6846249999999999,0.009651748546247984,0.003052150880936263,0.010801714285714286,0.00013183921033195112,4.169121895669692e-05,0.01085,0.0013904435743076142,0.000439696865275764,840.9,148.47180802353617,46.95090816776367,835.3,147.29943048845172,46.580169838915594
0.7,0.7,two-2g,baseline2_matched_0.500,10,0.5,0.30181922500000036,0.00017022945911319582,5.3831281565620564e-05,0.3015646250000004,0.0001727122084406817,5.461639583903123e-05,0.43117032142857203,0.00024318494159023544,7.690183080801536e-05,0.43111454610435984,0.00024690808926457344,7.807919347962206e-05,0.5092,0.010747609553343062,0.003398692559074902,0.50145,0.013479305125512469,0.004262530547300121,0.9151333333333334,0.0017912682588905205,0.0005664487598458202,0.717941321428571,0.0034998676797153862,0.0011067553377109305,0.6606500000000001,0.010133963796176797,0.0032046407321605027,0.010861732142857143,0.00020623231474373207,6.521638417189177e-05,0.0109,0.0019407902170679517,0.0006137317546507323,1219.4,123.15590841603085,38.94531779017572,1208.4,117.00921141327103,37.001561528610594
0.7,0.7,two-2g,baseline2_matched_0.650,10,0.65,0.30213072500000027,0.00016575367433504845,5.241591414405485e-05,0.30185837500000035,0.00016148067049810304,5.1064671686516226e-05,0.4316153214285718,0.00023679096333576263,7.487987734864318e-05,0.4315344889206575,0.0002308515661157515,7.300167503427244e-05,0.5447,0.016364256441674593,0.005174832257077406,0.537,0.01643336713992466,0.005196686978792888,0.9092166666666668,0.002727376073612432,0.0008624720428462341,0.7188420357142857,0.003960019397622165,0.0012522680874934014,0.638525,0.012784240515398457,0.0040427318184064025,0.01110825,0.00018946889160058339,5.991532432053891e-05,0.0111,0.0017958284996067969,0.0005678908345800273,1869.8,216.0425883940479,68.318665092345,1851.8,213.24623221889655,67.4343796260895
0.7,0.7,two-2g,baseline2_matched_0.800,10,0.8,0.30240337500000025,0.0001444140098814,4.5667719726328674e-05,0.30210007500000036,0.00014010507217823113,4.430511398254986e-05,0.4320048214285717,0.0002063057284016759,6.523959960893847e-05,0.4318800214438882,0.00020029316966108592,6.33382615903567e-05,0.6066,0.020376729647102628,0.006443687695032334,0.6012500000000001,0.020565950824927466,0.006503524685378958,0.8989,0.003396121607850464,0.0010739479491720639,0.7190801785714289,0.004325567034021621,0.0013678643999247369,0.5981500000000001,0.015137884778117328,0.004787019485604339,0.011349589285714286,0.00022257775989043867,7.038526777518557e-05,0.008674999999999999,0.001514054527126124,0.00047878608074077407,2628.0,291.9459615141892,92.3214192072698,2606.6,285.0786246322621,90.14977660661295
0.7,0.7,two-2g,baseline2_matched_0.950,10,0.95,0.3025683750000003,0.00021770591306471274,6.884465453711004e-05,0.30221622500000034,0.00021171350203627273,6.694968778453179e-05,0.4322405357142861,0.0003110084472353758,9.834950648160849e-05,0.4320460686204434,0.0003026640486577938,9.571077596066567e-05,0.7043,0.016929510723388712,0.005353581355815314,0.6987,0.01736567495568965,0.005491508596612289,0.8826166666666667,0.0028215851205647966,0.0008922635593025559,0.7169102857142857,0.00278699903371807,0.0008813264783237513,0.53815,0.012224292753911506,0.0038656607887052547,0.011612839285714285,0.00012693369549777168,4.0139958959521894e-05,0.00885,0.002398494898426465,0.0007584706835321836,3773.5,373.20302785481255,118.0171597692471,3682.3,358.1139018059292,113.24555914766223
0.7,0.7,two-g,baseline1_hdv,10,0.0,0.3014147750000002,0.00012591072123606606,3.9816466094050006e-05,0.30120071250000013,0.00012522165139929045,3.959856307893687e-05,0.43059253571428624,0.00017987245890891212,5.6880665848720755e-05,0.43059429949964245,0.00017901594195766232,5.660981140667148e-05,0.428125,0.0031912423564777713,0.001009159441207275,0.42314999999999997,0.0031273879764998095,0.000988966913276454,0.9286458333333334,0.0005318737260796132,0.00016819324020120766,0.718962160714286,0.0036156647316372926,0.001143373580751531,0.7209749999999999,0.0043596158087611135,0.001378631567896217,0.01042475,0.00016177868865925604,5.115891330385009e-05,0.00975,0.0016791201399674902,0.0005309844107357996,0.0,0.0,0.0,0.0,0.0,0.0
0.7,0.7,two-g,baseline2_all_hdv_yield,10,1.0,0.3026889500000001,0.00025154953952127856,7.95469489253782e-05,0.3023006500000002,0.0002494391055171394,7.88795710949233e-05,0.43241278571428615,0.0003593564850300021,0.00011363849846470082,0.4321667619728379,0.0003565962909463852,0.00011276564845586575,0.7766,0.020232742989740406,0.006398155116038446,0.76955,0.017706637173670218,0.00559933031710043,0.8705666666666666,0.0033721238316233876,0.0010663591860064037,0.715443714285714,0.0029746289162894996,0.000940660256927316,0.497,0.013666666666666664,0.004321779468896784,0.011811696428571428,0.00021116568293426134,6.677645217372137e-05,0.0070999999999999995,0.0015238839267549948,0.00048189440982669864,4484.2,522.1493613474554,165.11812606602447,4373.6,521.2082543901664,164.82052191533808
0.7,0.7,two-g,baseline2_matched_0.050,10,0.05,0.30152266250000015,0.00012118671100279587,3.832260289134229e-05,0.30130361250000026,0.00012174300473294905,3.84985184148778e-05,0.4307466607142862,0.00017312387286079356,5.4746575558951824e-05,0.4307414045746958,0.00017404289454292328,5.503719573241274e-05,0.43810000000000004,0.00411163660305182,0.0013002136576561374,0.43305,0.006622562444653385,0.0020942381271797485,0.9269833333333333,0.0006852727671752974,0.00021670227627602098,0.7208822142857145,0.002442551324784539,0.0007724025488180826,0.716275,0.006252166291241245,0.0019771085790449977,0.010416017857142856,0.00014128562827007187,4.467843859813023e-05,0.0104,0.0015951314818673866,0.0005044248650140519,89.8,32.54330448289888,10.29109647543286,89.8,32.54330448289888,10.29109647543286
0.7,0.7,two-g,baseline2_matched_0.200,10,0.2,0.3016302125000002,9.321376362519033e-05,2.9476780233215527e-05,0.301400225,9.410340426590908e-05,2.9758109305587804e-05,0.43090030357142917,0.00013316251946447652,4.2109686047425106e-05,0.4308795210864903,0.00013452952718499687,4.2541971845013025e-05,0.459975,0.00556707832809195,0.0017604647429332705,0.45655,0.005950956972528784,0.0018818578290851025,0.9233375,0.0009278463880153396,0.000293410790488883,0.7192709464285724,0.002218762268098691,0.0007016342353633014,0.697575,0.0052573361442210835,0.0016625156640866095,0.010640428571428572,0.00012389323520741027,3.9178480994238e-05,0.011925,0.001433963039969999,0.00045345892868042646,455.9,70.51627077805834,22.29920277598382,455.3,70.08574113977187,22.16305735026445
0.7,0.7,two-g,baseline2_matched_0.350,10,0.35,0.30169937500000044,0.00012239878187955686,3.870589335695449e-05,0.30145913750000053,0.00011854701144946418,3.748785659863656e-05,0.4309991071428579,0.00017485540268466103,5.529413336694496e-05,0.43096374195854203,0.0001694739263038539,5.3592361113169936e-05,0.48047500000000004,0.01312993293542997,0.004152049360121922,0.47545000000000004,0.0132695348658329,0.004196195366704879,0.9199208333333333,0.0021883221559049894,0.0006920082266869853,0.7192370357142857,0.0037484863207324984,0.001185375455149914,0.683775,0.011063233654266223,0.003498501663410906,0.010781446428571428,0.0001667111218348195,5.2718685627985856e-05,0.01065,0.002170509412813294,0.0006863753427324667,804.4,144.21141887289417,45.603654824293784,799.6,141.2076485180601,44.653779235357
0.7,0.7,two-g,baseline2_matched_0.500,10,0.5,0.3018994750000003,0.00015438271798069053,4.882010201864128e-05,0.3016457875,0.00015435935087141245,4.8812712689876e-05,0.4312849642857146,0.00022054673997229873,6.974300288373648e-05,0.4312305754110074,0.00022067098051665633,6.97822911935274e-05,0.507375,0.010878272176938564,0.0034400117086364063,0.49795,0.013259063985733607,0.004192884183682849,0.9154375,0.0018130453628231024,0.000573335284772737,0.7192786250000008,0.0028146156027074416,0.00089005960424031,0.6658,0.007728734264634367,0.0024440403706431145,0.010888821428571428,0.00017060292658712108,5.39493823505799e-05,0.01005,0.0018774983355518589,0.0005937171043518958,1211.1,140.6140897002225,44.46607945639262,1206.3,139.87538104406445,44.23247926831846
0.7,0.7,two-g,baseline2_matched_0.650,10,0.65,0.30209941250000016,0.00017640698337861922,5.578478626359021e-05,0.3018222375000002,0.00017393380016628716,5.50026970614041e-05,0.4315705892857148,0.0002520099762549907,7.969255180507209e-05,0.4314828270192995,0.0002486544677143924,7.863144683542825e-05,0.55435,0.021228976528425578,0.006713191822407908,0.54555,0.024694185100500442,0.007808986987937539,0.9076083333333334,0.0035381627547375893,0.0011188653037346491,0.7175984821428574,0.0033381349666582283,0.0010556109631690233,0.63045,0.015541521447042725,0.004914660607701095,0.011141017857142856,0.00023387482797762696,7.395771437893724e-05,0.010225,0.001973610622409823,0.0006241104781117594,1835.7,181.03655247859018,57.24878455769461,1825.5,179.7759407954493,56.85014414132024
0.7,0.7,two-g,baseline2_matched_0.800,10,0.8,0.30227653750000033,0.00016147789720188124,5.106379469324751e-05,0.30197612500000026,0.00016242361452548093,5.136285676977286e-05,0.4318236250000004,0.00023068271028834112,7.294827813319155e-05,0.43170282344531785,0.00023219959188789128,7.342795821272934e-05,0.600825,0.014692236233996365,0.00464609304206831,0.59415,0.013824394702441388,0.004371657453288049,0.8998625,0.00244870603899939,0.000774348840344717,0.7195432142857151,0.002963095886185188,0.0009370131925820246,0.601975,0.013191669298799493,0.00417157211239227,0.011244482142857143,9.222862110856502e-05,2.91652508159749e-05,0.009775,0.0022529301907614546,0.0007124390812163833,2591.5,277.85937690373765,87.86685002509952,2555.9,266.92547857241186,84.40924778192914
0.7,0.7,two-g,baseline2_matched_0.950,10,0.95,0.30252867500000036,0.00031169762658186684,9.856744412673431e-05,0.30217758750000034,0.00030294518463875323,9.579967896387142e-05,0.43218382142857176,0.0004452823236880796,0.00014081063446666793,0.4319908327376699,0.00043308818390117216,0.00013695450888335714,0.702175,0.023606746328586278,0.007465108654415029,0.6961999999999999,0.02679365596554528,0.008472897969408106,0.8829708333333333,0.003934457721431043,0.001244184775735837,0.7177317142857149,0.003561548865750764,0.001126260641376167,0.53605,0.018226506948824692,0.005763727574717205,0.011539250000000001,0.00019195039263125387,6.0700043847836317e-05,0.00895,0.0017232076034083778,0.0005449260908090605,3629.3,611.9153990181613,193.50463962281512,3535.3,581.0198026841349,183.73459421434794
0.75,0.75,one,baseline1_hdv,10,0.0,0.2512701749999998,7.16058656814501e-05,2.2643762938146724e-05,0.2511860749999999,7.161849640807183e-05,2.2647757124609483e-05,0.3350268999999994,9.547448757518544e-05,3.019168391750324e-05,0.3350264421473826,9.552316960078261e-05,3.0207078525703007e-05,0.3364,0.011625642156696349,0.0036763508477232597,0.3364,0.011625642156696349,0.0036763508477232597,0.9439333333333334,0.0019376070261160551,0.000612725141287209,0.7635631833333323,0.002735941937748245,0.0008651808069259061,0.76435,0.005275993850556608,0.0016684157488800909,0.00801575,0.00013993594764907425,4.4251632110515935e-05,0.007149999999999999,0.001248332220738267,0.00039475730941090036,0.0,0.0,0.0,0.0,0.0,0.0
0.75,0.75,one,baseline2_all_hdv_yield,10,1.0,0.2518733874999999,0.00020505154712707792,6.484299266629221e-05,0.25170497499999983,0.00019682302929576983,6.224090685486793e-05,0.3358311833333328,0.0002734020628359586,8.645732355501034e-05,0.33571853951317143,0.0002625182117979618,8.301554765560457e-05,0.6736500000000001,0.04651107992248251,0.014708094898917248,0.6736500000000001,0.04651107992248251,0.014708094898917248,0.887725,0.007751846653747089,0.0024513491498195424,0.7618941999999995,0.0035972551313813543,0.0011375519539893325,0.5433,0.030968801505170774,0.009793194916199042,0.008694083333333333,0.00015937600641173413,5.039911846426792e-05,0.0042,0.0012516655570345724,0.0003958114029012639,2236.7,331.6001775900878,104.86118337010019,2236.7,331.6001775900878,104.86118337010019
0.75,0.75,one,baseline2_matched_0.050,10,0.05,0.2512831750000001,8.265803886438677e-05,2.6138766973417996e-05,0.25119707500000005,8.239060929514808e-05,2.60541983181708e-05,0.3350442333333326,0.00011021071848560333,3.485168929781296e-05,0.33504111370456846,0.00010989077598528729,3.475051459568418e-05,0.3444,0.011062448995488186,0.0034982535325184414,0.3444,0.011062448995488186,0.0034982535325184414,0.9426,0.0018437414992480206,0.000583042255419737,0.7639707499999996,0.003292503260073534,0.0010411809505362095,0.7581,0.009179687721631196,0.00290287214094363,0.008075066666666667,0.00017631205150576865,5.5754766169514885e-05,0.00805,0.0018325756009871278,0.0005795112883571236,36.5,20.96160511241658,6.628641556826624,36.5,20.96160511241658,6.628641556826624
0.75,0.75,one,baseline2_matched_0.200,10,0.2,0.2512514749999999,7.461479317874808e-05,2.35952693587239e-05,0.2511620249999999,7.363795160564201e-05,2.3286364930308195e-05,0.33500196666666604,9.948639090508337e-05,3.146035914499238e-05,0.33499436478826283,9.821667436548309e-05,3.1058839520199946e-05,0.3578,0.009262229153335013,0.0029289740334951593,0.3578,0.009262229153335013,0.0029289740334951593,0.9403666666666666,0.0015437048588891563,0.00048816233891585593,0.7630933333333326,0.0038554364246726103,0.0012191960475941644,0.7449,0.008322659831247844,0.002631856125753579,0.008030633333333334,0.00015823557996048838,5.003848395528397e-05,0.008,0.0022110831935702666,0.000699205898780101,167.5,39.302954370151646,12.428685458334773,167.5,39.302954370151646,12.428685458334773
0.75,0.75,one,baseline2_matched_0.350,10,0.35,0.25137085000000003,0.00011476063252597251,3.6290498450367556e-05,0.25127527499999996,0.00011280578504171791,3.567232139751809e-05,0.33516113333333286,0.00015301417670164578,4.838733126726713e-05,0.33514541513837975,0.0001504578660112778,4.7578954848407106e-05,0.3823,0.015631520861529902,0.004943120921487199,0.3823,0.015631520861529902,0.004943120921487199,0.9362833333333332,0.0026052534769216446,0.0008238534869145313,0.7632762499999988,0.0024715120406294186,0.0007815607312919574,0.728,0.010855106325289184,0.003432686023121445,0.0082296,0.00013951727181894878,4.4119235188070105e-05,0.0066,0.0020520991962161843,0.0006489307444643927,342.5,71.29321301654332,22.544893484384044,342.5,71.29321301654332,22.544893484384044
0.75,0.75,one,baseline2_matched_0.500,10,0.5,0.2514140374999999,0.00011018231498165897,3.4842707321213586e-05,0.25131252499999995,0.00010854920479260114,3.432627253446849e-05,0.3352187166666662,0.0001469097533090026,4.6456943094990656e-05,0.33519509836612243,0.00014478053323467295,4.5783624587527184e-05,0.40605,0.012361342070251816,0.003908999587845686,0.40605,0.012361342070251816,0.003908999587845686,0.932325,0.0020602236783753033,0.0006514999313076145,0.7637469499999993,0.0028450548531786285,0.0008996853404160405,0.7129,0.013284912076821937,0.004201058067783512,0.008238316666666665,0.00015016970749582852,4.748783112480785e-05,0.008150000000000001,0.0016167525750370368,0.0005112620550059323,529.7,55.57187538074753,17.573370005019903,529.7,55.57187538074753,17.573370005019903
0.75,0.75,one,baseline2_matched_0.650,10,0.65,0.25155459999999985,8.125117093172365e-05,2.569387626999121e-05,0.2514425749999999,7.860606776121675e-05,2.4857421203497756e-05,0.335406133333333,0.00010833489457558647,3.4258501693307364e-05,0.3353685561853958,0.00010484303802774428,3.315427969793196e-05,0.4481,0.01550053762508471,0.00490170038524048,0.4481,0.01550053762508471,0.00490170038524048,0.9253166666666667,0.002583422937514118,0.0008169500642067466,0.763049933333333,0.0031737666197734146,0.0010036331280297579,0.68675,0.012599051992555264,0.003984170065535741,0.008367016666666668,0.00020161952999782318,6.375769355657646e-05,0.0069500000000000004,0.0022906816064704894,0.0007243771270700243,855.5,150.36862113560204,47.55073314074371,855.5,150.36862113560204,47.55073314074371
0.75,0.75,one,baseline2_matched_0.800,10,0.8,0.2515605249999998,7.344517513083738e-05,2.3225403656340126e-05,0.25143736249999993,6.715520089273352e-05,2.123633915472108e-05,0.3354140333333327,9.792690017437682e-05,3.0967204875097075e-05,0.33536160386795644,8.957012456508582e-05,2.8324560393066985e-05,0.49265,0.026828726312584344,0.008483988186905704,0.49265,0.026828726312584344,0.008483988186905704,0.9178916666666666,0.0044714543854307365,0.0014139980311509547,0.7628390333333328,0.0032730295757449185,0.0010350228308448543,0.65645,0.022287826772079466,0.007048029669504961,0.00839415,0.00017210261886372645,5.4423626688923524e-05,0.0067,0.0020575065816014616,0.000650640709864771,1161.0,225.0278995048293,71.16006995187368,1161.0,225.0278995048293,71.16006995187368
0.75,0.75,one,baseline2_matched_0.950,10,0.95,0.25177981249999976,0.00017656616884094173,5.583512512672282e-05,0.2516288499999998,0.0001738579480814751,5.4978710526076256e-05,0.3357064166666663,0.00023542155845477993,7.444683350235748e-05,0.3356170056685563,0.0002318878934064738,7.332939049827985e-05,0.60385,0.019969490618329633,0.006314907406728583,0.60385,0.019969490618329633,0.006314907406728583,0.8993583333333334,0.0033282484363882777,0.0010524845677880989,0.7623848833333324,0.0027605161856839094,0.0008729518664521452,0.585,0.015280706789936146,0.004832183771339834,0.008634983333333334,0.00014496107289310782,4.584071624039149e-05,0.0042499999999999994,0.001670828137980285,0.0005283622494715786,1881.1,220.91096748589817,69.85818173668389,1881.1,220.91096748589817,69.85818173668389
0.75,0.75,two-2g,baseline1_hdv,10,0.0,0.2512701749999998,7.16058656814501e-05,2.2643762938146724e-05,0.25110331249999995,7.26497555341828e-05,2.2973869894244035e-05,0.3350268999999994,9.547448757518544e-05,3.019168391750324e-05,0.3350277685123414,9.693096135302032e-05,3.065226136653007e-05,0.333725,0.005330011986644855,0.0016854977833796706,0.32895,0.007747580267412536,0.002450000000000002,0.9443791666666665,0.0008883353311074745,0.0002809162972299447,0.7635631833333323,0.002735941937748245,0.0008651808069259061,0.7621,0.004723169839560429,0.0014935974468823013,0.00801575,0.00013993594764907425,4.4251632110515935e-05,0.00825,0.00151840559652405,0.0004801620096962645,0.0,0.0,0.0,0.0,0.0,0.0
0.75,0.75,two-2g,baseline2_all_hdv_yield,10,1.0,0.2520843,0.0002116482948063817,6.69290674478952e-05,0.2517577124999999,0.00020144008491987367,6.370094804045378e-05,0.3361123999999999,0.00028219772640852993,8.923875659720024e-05,0.33590088392261475,0.0002687659571976545,8.499125822599136e-05,0.653175,0.024415116560579143,0.007720737766992646,0.6445000000000001,0.03281598526463725,0.010377325709877708,0.8911374999999999,0.004069186093429847,0.0012867896278321044,0.7602180166666653,0.0019197647995247635,0.0006070829338314786,0.551675,0.016881552225893076,0.005338415547290745,0.008975533333333334,0.00013234673875566166,4.185171353631695e-05,0.00515,0.0018265024257063311,0.0005775907817054485,3641.2,687.2498817751808,217.3274948091014,3611.6,671.9487745026071,212.48885983871142
0.75,0.75,two-2g,baseline2_matched_0.050,10,0.05,0.25125574999999994,7.381367307869028e-05,2.3341932939171438e-05,0.2510825499999999,7.432322427533851e-05,2.3503067175758715e-05,0.3350076666666663,9.841823077106725e-05,3.112257725206421e-05,0.33500006671114047,9.916374152817193e-05,3.135832845332494e-05,0.3464,0.007082058708846998,0.0022395436042987778,0.34225,0.0073001141543585744,0.0023084987907007097,0.9422666666666666,0.00118034311814116,0.0003732572673831276,0.7632890666666667,0.002971463583555093,0.0009396592908280146,0.754475,0.005782456705895467,0.001828573366194407,0.008053683333333334,0.0001298642560522335,4.106668357683642e-05,0.0076,0.0016253204812179862,0.0005139714648369758,102.3,20.559128818551088,6.5013673775428025,102.3,20.559128818551088,6.5013673775428025
0.75,0.75,two-2g,baseline2_matched_0.200,10,0.2,0.25135787499999995,0.00010942217236720202,3.460232912038967e-05,0.25117874999999984,0.00010869307258410569,3.4371767524777756e-05,0.33514383333333275,0.0001458962298229135,4.61364388271791e-05,0.3351284189459637,0.00014502077729703917,4.585959643066806e-05,0.35825,0.006015027477539531,0.0019021187017522216,0.35285,0.009404638335535405,0.002974007771042674,0.9402916666666666,0.0010025045795899255,0.00031701978362537144,0.7631411833333324,0.0031672806845741116,0.0010015820952311524,0.745225,0.007175817800858018,0.00226919283250919,0.00818085,0.00020422157916112022,6.458053375055186e-05,0.009275,0.0018724983311074004,0.0005921359641163505,371.9,93.69270100825476,29.62823353192394,369.1,91.18290531794993,28.834566447620155
0.75,0.75,two-2g,baseline2_matched_0.350,10,0.35,0.25146201250000005,9.356554910407736e-05,2.958802456932113e-05,0.251271025,9.440516993834756e-05,2.9853535990043592e-05,0.3352826833333328,0.00012475406547208395,3.945069942575544e-05,0.33525153435623734,0.00012595753160544947,3.983126883258654e-05,0.381975,0.007379071380901821,0.0023334672580613658,0.37755,0.008486754385511585,0.0026837473800639306,0.9363374999999999,0.0012298452301502782,0.00038891120967688634,0.7629985333333327,0.0034616573572871334,0.001094672172810661,0.72775,0.007884584115009917,0.002493324420661433,0.008349416666666666,0.00015454607467525942,4.887175994122869e-05,0.0094,0.0014634434279010126,0.0004627814458971606,698.3,93.01021449281794,29.412412345810736,695.7,91.88283602259759,29.055903970717477
0.75,0.75,two-2g,baseline2_matched_0.500,10,0.5,0.2515383624999997,8.12329351737671e-05,2.5688109616990986e-05,0.2513372625,7.886592988007917e-05,2.4939596820818023e-05,0.33538448333333293,0.00010831058023183159,3.425081282269959e-05,0.33533990993995993,0.00010522472298872711,3.3274979080465784e-05,0.4022,0.00955524870308344,0.0030216349511113638,0.39455,0.011959305999931603,0.0037818646194701364,0.9329666666666666,0.001592541450513927,0.0005036058251852338,0.7624189333333324,0.003289703757161225,0.0010402956699842923,0.712875,0.005609082416541537,0.001773747601987257,0.008326383333333333,0.00019420347052244717,6.14125296360303e-05,0.008749999999999999,0.0014337208778404376,0.0004533823502911814,1087.4,167.2730303027558,52.896376687507306,1081.8,164.22937888480516,51.93388959907479
0.75,0.75,two-2g,baseline2_matched_0.650,10,0.65,0.25172583749999966,0.00012508679000891167,3.9555916162735455e-05,0.25150202499999974,0.00012222474460786228,3.865085793932285e-05,0.3356344499999997,0.00016678238667853975,5.274122155031105e-05,0.3355597398265508,0.0001630750428388499,5.156885649002964e-05,0.44762500000000005,0.01159576670839646,0.0036669034014486343,0.43899999999999995,0.011530153704285328,0.0036461547477369175,0.9253958333333333,0.0019326277847327518,0.0006111505669081084,0.7626891166666657,0.002737651808801935,0.0008657215156293914,0.6836249999999999,0.010510081139342167,0.0033235794793498763,0.008536833333333334,0.00015143292937391578,4.788729695729898e-05,0.008375,0.0015103807466993215,0.00047762432936356995,1707.8,140.75652737972757,44.51112220557913,1694.0,140.3867673409586,44.39419381455692
0.75,0.75,two-2g,baseline2_matched_0.800,10,0.8,0.2518383874999998,0.00024273790914226272,7.676046673565592e-05,0.25159319999999985,0.00023616734444746864,7.468267174075208e-05,0.3357845166666662,0.0003236505455230434,0.00010234728898088291,0.33568138759172755,0.00031509985916947043,9.964332453738188e-05,0.49037500000000006,0.01965545231114146,0.006215599774402758,0.48244999999999993,0.022730852748338897,0.0071881267842649095,0.9182708333333334,0.003275908718523571,0.0010359332957337911,0.7628524666666652,0.003156421349144898,0.0009981480718479446,0.65385,0.014476129777441657,0.0045777541800902,0.008669716666666667,0.0002681068983644718,8.478284552350032e-05,0.00775,0.0014240006242195887,0.0004503085362035432,2304.3,345.95087962182015,109.3992738143682,2282.3,332.8466613922994,105.25535615824973
0.75,0.75,two-2g,baseline2_matched_0.950,10,0.95,0.25206787499999983,0.00016071483112770055,5.0822492013286106e-05,0.25177147499999986,0.00015532140512142893,4.911694095614572e-05,0.3360904999999996,0.00021428644150418472,6.776332268456616e-05,0.3359192461641093,0.00020723336240340495,6.553294323698652e-05,0.5928,0.02677472896428854,0.008466912726083289,0.58805,0.02403290568274165,0.007599872074946761,0.9012,0.0044624548273814076,0.0014111521210138766,0.7611675499999995,0.003145715808008301,0.0009947626824903172,0.587925,0.022493224288413813,0.007112982067240778,0.008868999999999998,0.0001750032098471057,5.534087409572613e-05,0.006075,0.0015944783194233503,0.0005042183169135282,3249.6,451.83876180189174,142.88396224442639,3182.6,410.7465290311181,129.88945727468072
0.75,0.75,two-g,baseline1_hdv,10,0.0,0.2512701749999998,7.16058656814501e-05,2.2643762938146724e-05,0.2511028374999999,7.25205203239805e-05,2.2933002132431048e-05,0.3350268999999994,9.547448757518544e-05,3.019168391750324e-05,0.33502713475650403,9.675853278708927e-05,3.0597734666328205e-05,0.334675,0.006315820083990155,0.0019972376757244844,0.32915,0.007845911886666421,0.0024810951882854766,0.9442208333333333,0.0010526366806650376,0.00033287294595408444,0.7635631833333323,0.002735941937748245,0.0008651808069259061,0.76225,0.004265494630689927,0.0013488678380198928,0.00801575,0.00013993594764907425,4.4251632110515935e-05,0.008,0.0014860462083439174,0.00046992907266238946,0.0,0.0,0.0,0.0,0.0,0.0
0.75,0.75,two-g,baseline2_all_hdv_yield,10,1.0,0.25212847499999996,0.00018579117421636433,5.875232796808603e-05,0.25180377500000006,0.0001774522216605858,5.6115319630451786e-05,0.33617129999999984,0.00024772156562170476,7.833643729074522e-05,0.33596234156104027,0.00023676080274885735,7.487033973362438e-05,0.6494,0.02271875143282893,0.007184300012295328,0.63735,0.03362212399926903,0.010632249161029958,0.8917666666666667,0.00378645857213817,0.0011973833353825594,0.7601125333333316,0.002026812553837567,0.0006409344060349359,0.5533,0.01563995950548891,0.004945789455014567,0.008976783333333333,0.0001709538608246807,5.40603575005422e-05,0.005675,0.001993217666655267,0.0006303107699116893,3763.5,590.717125384242,186.80115690814716,3729.1,580.5264756140662,183.57859049706448
0.75,0.75,two-g,baseline2_matched_0.050,10,0.05,0.2512972374999999,5.735862602224927e-05,1.8138390168811154e-05,0.2511272999999997,5.823584711218799e-05,1.841579183438533e-05,0.3350629833333326,7.647816802986836e-05,2.4184520225145626e-05,0.3350597731821211,7.76995958803853e-05,2.4570769625665342e-05,0.33987500000000004,0.004552548126537978,0.0014396421237392455,0.33615000000000006,0.005888076463875481,0.001861973266307666,0.9433541666666667,0.0007587580210896462,0.00023994035395653561,0.763411799999999,0.00295066902311273,0.0009330834734340241,0.7585,0.003982601048449518,0.0012594090324875077,0.00803715,0.00017059924250479469,5.3948217341456e-05,0.0084,0.0017606816861659006,0.0005567764362830021,73.2,18.207446584052118,5.757700158145708,73.2,18.207446584052118,5.757700158145708
0.75,0.75,two-g,baseline2_matched_0.200,10,0.2,0.2513570999999998,6.870417159415842e-05,2.1726166699258213e-05,0.25117843749999985,6.758716722578448e-05,2.137293890321627e-05,0.3351427999999997,9.16055621256869e-05,2.8968222265722626e-05,0.3351280020013339,9.017634052796136e-05,2.8516262712730865e-05,0.357325,0.007847549157397982,0.0024816129387512827,0.35429999999999995,0.010301564066792097,0.0032576405913209965,0.9404458333333334,0.0013079248595663604,0.0004136021564585566,0.7628302999999994,0.0037513984888604894,0.0011862963635712943,0.743275,0.005520731131129492,0.0017458084723766898,0.00816405,0.00015691048895217276,4.961945338595532e-05,0.008425,0.0013335937245736505,0.00042171936429599976,333.3,70.30892151387648,22.233633181386356,332.3,70.33736165399186,22.242626743360248
0.75,0.75,two-g,baseline2_matched_0.350,10,0.35,0.2514914249999999,5.553227915166414e-05,1.7560848577954176e-05,0.2513012874999999,5.347981349439648e-05,1.691180194833014e-05,0.33532189999999956,7.404303886874267e-05,2.341446477056039e-05,0.3352919112741823,7.135398731701256e-05,2.256411200565267e-05,0.38027500000000003,0.010923630094636316,0.003454355141621142,0.37425,0.010174177553438364,0.0032173574387824714,0.9366208333333332,0.0018206050157727031,0.0005757258569368519,0.7630546166666659,0.0032054539345052605,0.0010136535367784821,0.72875,0.007800462949224381,0.002466722972330341,0.008362516666666667,0.00020046871696472116,6.339377452201555e-05,0.00995,0.0015758595538097081,0.000498330546257535,741.1,125.38248149828055,39.64942202184877,739.3,125.20654047523946,39.59378458518177
0.75,0.75,two-g,baseline2_matched_0.500,10,0.5,0.2515846874999998,6.684336609020593e-05,2.1137728331751478e-05,0.25138286249999975,6.841832747665772e-05,2.1635774852551912e-05,0.3354462499999996,8.912448812058202e-05,2.8183637775765862e-05,0.3354007505003333,9.128529349821543e-05,2.8866944433132043e-05,0.40365,0.012532291623375727,0.003963058583131637,0.39785,0.014575569361854173,0.004609199737722613,0.9327249999999999,0.0020887152705626093,0.0006605097638552691,0.7631044499999995,0.0035371036514430217,0.0011185303858658269,0.7123999999999999,0.00863310810517023,0.0027300284898798387,0.008387766666666668,0.00015668201658450675,4.9547204079531715e-05,0.008749999999999999,0.0010992421631894097,0.00034761089357690343,1075.3,137.37058556247686,43.44039338884694,1068.5,133.73543534406528,42.29085795614303
0.75,0.75,two-g,baseline2_matched_0.650,10,0.65,0.2517352499999997,0.00010206122209514596,3.227459226009634e-05,0.25151633749999974,0.00010096955416400834,3.1929376549000475e-05,0.3356469999999995,0.00013608162946031623,4.303278968016692e-05,0.3355788358905935,0.00013471588280708767,4.260090266707148e-05,0.43782499999999996,0.013542653810174075,0.004282563160330766,0.42750000000000005,0.014886608448908406,0.00470755893336569,0.9270291666666667,0.0022571089683623246,0.0007137605267217876,0.763774366666666,0.003526428825909098,0.0011151547096346147,0.69045,0.009953223933312584,0.003147485769096763,0.00852085,0.00016826622149527308,5.321045131954464e-05,0.00765,0.0018265024257063311,0.0005775907817054485,1651.1,185.06362269350626,58.522255975350475,1629.9,184.4779119569603,58.33703797760047
0.75,0.75,two-g,baseline2_matched_0.800,10,0.8,0.2519181624999997,0.00017513212323906011,5.538164008967352e-05,0.25166908749999983,0.00016693123844276251,5.278829261117888e-05,0.3358908833333329,0.00023350949765212986,7.384218678624709e-05,0.3357826384256167,0.0002227234669016689,7.04313443778399e-05,0.49815000000000004,0.023591194214037676,0.007460190643974487,0.49169999999999997,0.024062649710933973,0.007609277962534361,0.9169750000000001,0.003931865702339608,0.0012433651073290796,0.763184216666666,0.002391927168740945,0.0007563937850459291,0.64935,0.016231913011102564,0.005132981589680608,0.00868675,0.00017007869003043608,5.378360419539504e-05,0.007925,0.0017039578111626538,0.000538838772010907,2311.4,328.579163470033,103.90585482380993,2287.8,321.46359738614956,101.65571525715829
0.75,0.75,two-g,baseline2_matched_0.950,10,0.95,0.25200164999999985,0.00017915079193234735,5.6652454712913555e-05,0.2517121249999999,0.000174363196533864,5.5138484115458665e-05,0.3360021999999996,0.00023886772257676676,7.553660628398075e-05,0.3358400600400265,0.00023263935494878627,7.356702350305289e-05,0.57905,0.018459339701685493,0.005837355756009926,0.57405,0.017031751394250547,0.005385912694758015,0.9034916666666666,0.0030765566169475836,0.0009728926260016549,0.7616681833333319,0.0033622485976512275,0.0010632363628284938,0.5987250000000001,0.01600062932790111,0.0050598432672256674,0.008785183333333333,0.00016957838877130417,5.362539504588435e-05,0.0062,0.001759103306927835,0.0005562773089426213,3040.8,637.2626878559056,201.52015614655852,2981.6,608.9081667670057,192.5536692861384
0.7999999999999999,0.79975,one,baseline1_hdv,10,0.0,0.2012871999999999,5.861545468364779e-05,1.853583428867114e-05,0.20122358749999997,5.9217673143176e-05,1.8726272486781846e-05,0.2516876523913726,7.329222217404692e-05,2.3177035684508606e-05,0.251686788617886,7.406838416913564e-05,2.3422479658282687e-05,0.25445,0.009117900586818835,0.0028833333333333354,0.25445,0.009117900586818835,0.0028833333333333354,0.9575916666666666,0.001519650097803141,0.00048055555555555655,0.8039124101281636,0.002390539822994517,0.0007559550677998432,0.8031,0.005675483337224346,0.0017947454167962429,0.00554904657705533,0.00018585765880081004,5.877335223969985e-05,0.006500000000000001,0.0023333333333333335,0.0007378647873726218,0.0,0.0,0.0,0.0,0.0,0.0
0.7999999999999999,0.79975,one,baseline2_all_hdv_yield,10,1.0,0.20178816250000003,9.156327597310699e-05,2.8954850210158835e-05,0.20164366249999993,8.51710503192885e-05,2.6933450971776295e-05,0.25231405126602074,0.00011448987305209985,3.6204876786816905e-05,0.2522122107567228,0.00010653039439568406,3.368786863263984e-05,0.5780000000000001,0.03898218966542428,0.012327250752341786,0.5780000000000001,0.03898218966542428,0.012327250752341786,0.9036666666666667,0.006497031610904057,0.0020545417920569678,0.8014731791184737,0.0016307609054809385,0.000515691878047833,0.58095,0.028060896081360066,0.008873634480239135,0.00601394185683026,0.00015167560245401434,4.796403692329097e-05,0.0038,0.0014944341180973262,0.0004725815626252608,2107.9,287.07275500588116,90.78037599980883,2107.9,287.07275500588116,90.78037599980883
0.7999999999999999,0.79975,one,baseline2_matched_0.050,10,0.05,0.201281475,4.370679612812415e-05,1.3821302499350081e-05,0.20121732499999995,4.379692721346875e-05,1.3849804451117276e-05,0.25168049390434527,5.465057346421861e-05,1.7282028758128933e-05,0.2516789555972482,5.4780396764744344e-05,1.732308249043112e-05,0.2566,0.007132866028307126,0.0022556102894289577,0.2566,0.007132866028307126,0.0022556102894289577,0.9572333333333333,0.001188811004717848,0.00037593504823815765,0.8037415598624564,0.001056785965661599,0.00033418506507911427,0.7998999999999999,0.005829999047074451,0.0018436075745366474,0.005587464832760238,0.0001385978851727552,4.38284996028386e-05,0.00575,0.001513825177048746,0.0004787135538781691,31.9,11.23931591433492,3.5541837631476256,31.9,11.23931591433492,3.5541837631476256
0.7999999999999999,0.79975,one,baseline2_matched_0.200,10,0.2,0.20131856249999988,6.589280673300412e-05,2.0837135069757147e-05,0.2012497499999999,6.456972974996598e-05,2.04187413911427e-05,0.25172686777117875,8.239175584002577e-05,2.6054560887496108e-05,0.2517195121951219,8.076263883692746e-05,2.5539388857026285e-05,0.27525,0.010255757190746829,0.003243155185240991,0.27525,0.010255757190746829,0.003243155185240991,0.954125,0.001709292865124487,0.0005405258642068368,0.803582213191621,0.0009801613914300468,0.00030995424714787913,0.7877500000000001,0.0070720498364257355,0.0022363785209326545,0.005666286339481088,0.00012429193636852892,3.930456137172687e-05,0.0063,0.0015670212364724211,0.0004955356249106168,150.0,26.229754097208,8.294576541331088,150.0,26.229754097208,8.294576541331088
0.7999999999999999,0.79975,one,baseline2_matched_0.350,10,0.35,0.20133502499999995,3.0685784349008426e-05,9.703697033161384e-06,0.20126333749999992,3.09890801780403e-05,9.799607595618357e-06,0.25174745232885304,3.836922081767248e-05,1.213341298297932e-05,0.251736507191995,3.8760575582274695e-05,1.2257170225909523e-05,0.28674999999999995,0.01206521630325972,0.003815356398089753,0.28674999999999995,0.01206521630325972,0.003815356398089753,0.9522083333333333,0.002010869383876615,0.0006358927330149573,0.8033470303219741,0.0016386267343863562,0.0005181792715504639,0.77845,0.008490026828906696,0.002684782217528183,0.005653891841200375,0.00021587023942206622,6.826416356195994e-05,0.0053,0.0017981471945681567,0.0005686240703077326,260.4,62.94477297158553,19.904884939241533,260.4,62.94477297158553,19.904884939241533
0.7999999999999999,0.79975,one,baseline2_matched_0.500,10,0.5,0.20138957500000004,6.798871944839706e-05,2.1499920865512142e-05,0.20131102500000003,6.573924711400461e-05,2.0788575254490535e-05,0.2518156611441078,8.501246570569323e-05,2.6883302113694416e-05,0.25179615384615367,8.222544979855038e-05,2.6001970299525244e-05,0.3142,0.016291101865742553,0.005151698748956508,0.3142,0.016291101865742553,0.005151698748956508,0.9476333333333333,0.0027151836442904217,0.0008586164581594167,0.8036963269771789,0.001645862345953308,0.0005204673728320466,0.75975,0.012145529584538035,0.0038407536876098763,0.005633666770865896,0.00016233251348336821,5.133404809074375e-05,0.005050000000000001,0.001862644476126468,0.0005890199015690763,454.7,97.3436638353462,30.782769350545585,454.7,97.3436638353462,30.782769350545585
0.7999999999999999,0.79975,one,baseline2_matched_0.650,10,0.65,0.20147232500000012,7.986001641749578e-05,2.525395458577269e-05,0.20138416250000013,7.66010600176186e-05,2.422338208389325e-05,0.25191913097843105,9.98562255925364e-05,3.157731114200119e-05,0.2518876328955596,9.581120702659711e-05,3.029816395739757e-05,0.35265,0.024064785245019094,0.007609953277707351,0.35265,0.024064785245019094,0.007609953277707351,0.941225,0.004010797540836505,0.0012683255462845552,0.8038265082838378,0.0017594340087859102,0.000556381886052418,0.7328,0.017778263882243024,0.005621980671139547,0.0057846045639262265,0.00011753115178824848,3.7166613567383705e-05,0.00455,0.0017392527130926086,0.0005499999999999999,671.2,140.43567131529574,44.4096586091109,671.2,140.43567131529574,44.4096586091109
0.7999999999999999,0.79975,one,baseline2_matched_0.800,10,0.8,0.2015108249999999,8.971988043057405e-05,2.8371917355858248e-05,0.2014142625,8.537388054430878e-05,2.699759152071515e-05,0.2519672710221946,0.0001121849083219665,3.547598293945924e-05,0.2519252814258912,0.00010678409073693051,3.376809445987885e-05,0.38625,0.020715332485866596,0.006550763314301623,0.38625,0.020715332485866596,0.006550763314301623,0.9356249999999999,0.0034525554143110806,0.0010917938857169312,0.803681603626132,0.0019926078818282744,0.0006301179390180985,0.7119,0.014303845636751007,0.0045232731511594656,0.005855282900906533,0.0001635051830198081,5.1704878758528135e-05,0.00445,0.0015536694915228558,0.0004913134324327892,947.3,151.97444960694324,48.05854069084217,947.3,151.97444960694324,48.05854069084217
0.7999999999999999,0.79975,one,baseline2_matched_0.950,10,0.95,0.20164973749999993,0.00012147611290670537,3.841411980889661e-05,0.20152889999999993,0.00011348341472061538,3.588660671706254e-05,0.25214096592685226,0.00015189260757349874,4.8032659967439744e-05,0.2520686679174483,0.00014194298276538978,4.488631234166574e-05,0.48335,0.04103727979938891,0.012977127314368666,0.48335,0.04103727979938891,0.012977127314368666,0.9194416666666667,0.006839546633231497,0.0021628545523947815,0.8031008283838693,0.001925577576019102,0.0006089210951566384,0.6487999999999999,0.031505907735252164,0.009963042819451404,0.005911972491403563,0.00010205759420429284,3.227344502027651e-05,0.0034000000000000002,0.001021980647783726,0.00032317865716108854,1483.6,297.89677555973793,94.20323183887528,1483.6,297.89677555973793,94.20323183887528
0.7999999999999999,0.79975,two-2g,baseline1_hdv,10,0.0,0.2012871999999999,5.861545468364779e-05,1.853583428867114e-05,0.20115942499999995,5.93072918040085e-05,1.8754612395690328e-05,0.2516876523913726,7.329222217404692e-05,2.3177035684508606e-05,0.2516852361588975,7.420368070540153e-05,2.3465264179695867e-05,0.25555,0.0054909015653169385,0.0017363755354185338,0.2504,0.005919834832530761,0.0018720161442798643,0.9574083333333334,0.0009151502608861561,0.0002893959225697555,0.8039124101281636,0.002390539822994517,0.0007559550677998432,0.8016,0.005859702305673145,0.001853000569646733,0.00554904657705533,0.00018585765880081004,5.877335223969985e-05,0.00485,0.0008349983366583566,0.00026404965862924764,0.0,0.0,0.0,0.0,0.0,0.0
0.7999999999999999,0.79975,two-2g,baseline2_all_hdv_yield,10,1.0,0.2018932375,7.956316171071342e-05,2.516008088501532e-05,0.20162869999999997,6.766366988437958e-05,2.1397131168038147e-05,0.2524454360737731,9.948504121377213e-05,3.145993233512421e-05,0.2522723803565824,8.465895512577536e-05,2.6771512252743673e-05,0.529075,0.033543928495167206,0.010607521571455277,0.51135,0.03215159405068434,0.010167226760528164,0.9118208333333333,0.0055906547491945315,0.001767920261909212,0.8011790403251012,0.0024480826622559826,0.0007741517113097624,0.6160249999999999,0.023214414224308536,0.0073410423495425935,0.006153782432010002,0.00020790031703434982,6.57438528099648e-05,0.003675,0.0012585816532024363,0.00039799846454198506,3151.8,549.2732167752827,173.69544227372998,3131.0,546.7073155618908,172.8840330651992
0.7999999999999999,0.79975,two-2g,baseline2_matched_0.050,10,0.05,0.201276125,5.372657758402704e-05,1.6989835605127192e-05,0.20114713749999996,5.367230980936357e-05,1.6972674627978656e-05,0.2516738043138481,6.717921548484252e-05,2.1243933235535514e-05,0.2516698623709713,6.71533435212685e-05,2.1235751802292034e-05,0.25797499999999995,0.0055870012827395465,0.0017667649343739347,0.25415,0.00665436364767929,0.0021042945505692786,0.9570041666666667,0.0009311668804565973,0.00029446082239565773,0.8032306658330715,0.0020743254411355566,0.0006559593002421889,0.7997500000000001,0.004768239833640006,0.0015078498304244778,0.005535182869646765,0.00010757828477626148,3.401924066672037e-05,0.00555,0.0018848813696829246,0.0005960518247415888,59.5,25.74770755707087,8.142140040827377,59.5,25.74770755707087,8.142140040827377
0.7999999999999999,0.79975,two-2g,baseline2_matched_0.200,10,0.2,0.20133578750000006,5.2452824373189936e-05,1.65870394728074e-05,0.20119988750000006,5.1848485526395634e-05,1.6395930749368445e-05,0.25174840575179763,6.558652625591294e-05,2.0740280678712034e-05,0.25173586174538476,6.487142386789948e-05,2.051414544807723e-05,0.2718,0.006455832849274961,0.0020415135997043383,0.26830000000000004,0.005148894163906572,0.0016282232989093097,0.9547000000000001,0.0010759721415458437,0.0003402522666173951,0.8034936386370723,0.0014916195778213984,0.0004716915268414397,0.787175,0.004836277838724037,0.0015293653367764435,0.005672725851828696,8.9583842538986e-05,2.832889839730772e-05,0.006775000000000001,0.001288032522018671,0.00040731164699499793,277.2,47.24122493472553,14.938987025007194,277.0,47.057883977548805,14.88100952369981
0.7999999999999999,0.79975,two-2g,baseline2_matched_0.350,10,0.35,0.20143821250000005,8.871895094594361e-05,2.8055395660993177e-05,0.20129402499999993,8.527379921961023e-05,2.696594302698572e-05,0.25187647702407023,0.00011093335535575467,3.508020714090232e-05,0.2518536440412871,0.00010669227303030316,3.3739059151631296e-05,0.288375,0.013654084655434717,0.004317800687592906,0.28185000000000004,0.013393717432687099,0.004235465342399419,0.9519375,0.0022756807759057953,0.000719633447932154,0.8040507502344472,0.0012457734489646451,0.00039394815472918094,0.7767250000000001,0.008791923376978816,0.0027802502884932247,0.005749312285089091,0.00012759048685297405,4.0347654622516715e-05,0.006025,0.0015654694006733076,0.0004950448913426382,513.8,126.89961036626988,40.129180294532695,512.6,126.4104426066138,39.974491866689185
0.7999999999999999,0.79975,two-2g,baseline2_matched_0.500,10,0.5,0.20150398749999993,5.1539643924245416e-05,1.629826645946742e-05,0.20134960000000005,5.249777773076e-05,1.6601254972646738e-05,0.25195872147546133,6.444469387213951e-05,2.037920157482568e-05,0.25192317797935393,6.568380072658142e-05,2.0771041567261997e-05,0.30877499999999997,0.00856223134209509,0.0027076152894300824,0.30074999999999996,0.011465528044243473,0.003625718319634518,0.9485374999999999,0.0014270385570158636,0.00045126921490501855,0.804151094091902,0.0012827008098113162,0.0004056256115546214,0.7613749999999999,0.0064336895410884755,0.0020345112708243037,0.005756908408877774,8.411685810380372e-05,2.66000861225212e-05,0.006125,0.001370573683616544,0.00043341345413152807,814.2,136.73884272989557,43.240618764202615,812.0,137.1252468852229,43.3628104870214
0.7999999999999999,0.79975,two-2g,baseline2_matched_0.650,10,0.65,0.20160971249999998,4.90172889707635e-05,1.550062778742633e-05,0.2014406750000001,4.402142786311608e-05,1.3920797790024581e-05,0.2520909190371992,6.12907645775818e-05,1.9381841559832637e-05,0.2520371285580213,5.507842084841061e-05,1.7417325980628117e-05,0.338075,0.013694103556721864,0.00433045577534539,0.32635000000000003,0.015425537988096958,0.0048779834175837694,0.9436541666666667,0.0022823505927869804,0.0007217426292242325,0.8039208033760536,0.0018153340752399966,0.0005740590391873864,0.7429,0.009445898580865674,0.0029870554062487718,0.005927680525164114,0.00015593955178555874,4.931241609481425e-05,0.006175,0.0013896942109687296,0.0004394598957811736,1236.5,177.73216428722804,56.20384526188774,1226.7,172.68085527289287,54.60648109682382
0.7999999999999999,0.79975,two-2g,baseline2_matched_0.800,10,0.8,0.20165246250000002,7.66265984518399e-05,2.4231458045894622e-05,0.20146646249999992,6.898784741015948e-05,2.181587286882523e-05,0.2521443732416381,9.581318968655212e-05,3.029879092952591e-05,0.25206939318110544,8.63157302596172e-05,2.7295430552110724e-05,0.372,0.020985775605818754,0.006636284937958718,0.3668,0.022665686253306637,0.007167519329121711,0.938,0.0034976292676364294,0.001106047489659777,0.8033502500781481,0.0018996025439275569,0.0006007070687861135,0.720275,0.015737627415422787,0.004976674759984491,0.005934120037511722,0.00013271847341557731,4.1969266357373106e-05,0.005225,0.0015158880785423002,0.0004793659006089885,1637.2,347.74026066719523,109.96512578490004,1623.8,350.2728460310143,110.76599959674748
0.7999999999999999,0.79975,two-2g,baseline2_matched_0.950,10,0.95,0.20176803749999986,0.00010065990681640411,3.1831457460014545e-05,0.2015405374999999,8.829981773767746e-05,2.79228541028797e-05,0.2522888871522352,0.00012586421608814334,3.9801759875014115e-05,0.2521620738192036,0.00011047834562091952,3.4936320428939484e-05,0.45499999999999996,0.031300070997434565,0.009897951527687151,0.4452,0.040457247668234775,0.012793705049315807,0.9241666666666667,0.005216678499572445,0.0016496585879478642,0.8024639418568293,0.001972167517250466,0.0006236541281910885,0.664625,0.019123229765566983,0.0060472962277919465,0.006046139418568302,0.0001512851843380543,4.784057587466842e-05,0.00435,0.0014249756333199368,0.0004506168611531924,2437.5,411.7478327541965,130.20609731413415,2403.9,391.30677081912205,123.74206596339374
0.7999999999999999,0.79975,two-g,baseline1_hdv,10,0.0,0.2012871999999999,5.861545468364779e-05,1.853583428867114e-05,0.20115972499999996,5.9477931248238814e-05,1.8808573325933637e-05,0.2516876523913726,7.329222217404692e-05,2.3177035684508606e-05,0.2516856115107899,7.441718016643361e-05,2.353277863730384e-05,0.25495,0.004104198392432374,0.001297861488928787,0.25,0.005587684871413408,0.0017669811040931444,0.9575083333333334,0.0006840330654054007,0.00021631024815479944,0.8039124101281636,0.002390539822994517,0.0007559550677998432,0.8017,0.004657431337837053,0.001472809107341024,0.00554904657705533,0.00018585765880081004,5.877335223969985e-05,0.00505,0.0011474609652039002,0.00036285901761795396,0.0,0.0,0.0,0.0,0.0,0.0
0.7999999999999999,0.79975,two-g,baseline2_all_hdv_yield,10,1.0,0.20188482499999996,7.367795916478405e-05,2.329901643135947e-05,0.20162050000000004,6.228658005994324e-05,1.9696746065184772e-05,0.25243491716161315,9.21262384053309e-05,2.9132874562452407e-05,0.2522621207381901,7.793128565505057e-05,2.4644036365516687e-05,0.5286500000000001,0.03626009437997157,0.011466448641338108,0.5052,0.04141537556673046,0.013096691694215505,0.9118916666666668,0.006043349063328592,0.0019110747735563507,0.801229118474523,0.0022887953271720084,0.0007237806331813818,0.617875,0.02506387672860421,0.00792589374560792,0.006118427633635511,0.00019270973491556365,6.0940168962045726e-05,0.0034000000000000002,0.0010013879257199868,0.00031666666666666665,3115.8,524.4687894537778,165.85159363452348,3094.0,514.6610535099776,162.7501152073325
0.7999999999999999,0.79975,two-g,baseline2_matched_0.050,10,0.05,0.20125574999999998,3.086698613944391e-05,9.760998070549049e-06,0.20112673750000004,3.1701869139603116e-05,1.002501125657483e-05,0.2516483276023759,3.859579385976105e-05,1.2205061669918627e-05,0.2516443384422882,3.9664521913779317e-05,1.2543023154920345e-05,0.258025,0.005918954956559291,0.0018717379030670344,0.25339999999999996,0.0073060097028253305,0.0023103631268217963,0.9569958333333334,0.0009864924927598991,0.00031195631717784454,0.8034367927477323,0.0013984737754578864,0.0004422362378461804,0.7988000000000001,0.004953674281671028,0.0015664893516678933,0.005531181619256018,0.00015268323805603197,4.828267927867604e-05,0.005875,0.0008599903100229288,0.00027195281453467864,65.7,23.185483964469377,7.33189379810337,65.7,23.185483964469377,7.33189379810337
0.7999999999999999,0.79975,two-g,baseline2_matched_0.200,10,0.2,0.20137468750000007,6.059858387842254e-05,1.916295480365753e-05,0.20123782499999998,6.023086948481203e-05,1.904667330243384e-05,0.25179704595186025,7.57719085692826e-05,2.3961181373696332e-05,0.251783328120111,7.535923613975091e-05,2.3830682893208785e-05,0.273725,0.006746861410232823,0.0021335449113831385,0.26975000000000005,0.008347487978760757,0.0026397074753759238,0.9543791666666668,0.0011244769017054708,0.0003555908185638565,0.8038337761800551,0.0017154416168969403,0.0005424702702436317,0.7884249999999999,0.003670547188998752,0.0011607289376364596,0.005626273835573617,0.00017100654558330767,5.407701788406594e-05,0.00615,0.0010878112581387148,0.0003439961240091716,282.5,48.55066082626133,15.353067011729825,282.3,48.68960646562855,15.397005480864705
0.7999999999999999,0.79975,two-g,baseline2_matched_0.350,10,0.35,0.20143357499999998,7.178861233591789e-05,2.2701552504436128e-05,0.20128812499999996,7.036065326431661e-05,2.2249992197260174e-05,0.2518706783369805,8.976381661262647e-05,2.838581119655599e-05,0.2518462621207365,8.803334784391132e-05,2.783858892366329e-05,0.2909,0.007781031065639335,0.0024605780711947425,0.28335,0.008579853663605726,0.002713187956793421,0.9515166666666668,0.0012968385109398907,0.00041009634519912426,0.8039647546108153,0.001619304851356884,0.0005120691556448153,0.775125,0.005719423533500171,0.0018086405269028883,0.005746764613941857,0.0001659954187867758,5.249236045197155e-05,0.006475,0.0011928607071517894,0.00037721567659187587,557.7,89.48749136673298,28.29842948135304,555.1,89.34384266541385,28.25300377344367
0.7999999999999999,0.79975,two-g,baseline2_matched_0.500,10,0.5,0.20151803750000008,7.819742309797293e-05,2.472819641454546e-05,0.20136275000000015,7.788994639877662e-05,2.463096374485638e-05,0.25197628946545825,9.777733428938973e-05,3.091990798941528e-05,0.25193963090397076,9.745379593196623e-05,3.0817596177426484e-05,0.310575,0.007844893951552894,0.0024807732889385757,0.30015000000000003,0.007314559301678938,0.0023130667473676126,0.9482375,0.0013074823252588262,0.00041346221482309927,0.803958033760549,0.0009267739307327796,0.00029307164971827056,0.761275,0.005664766838390924,0.0017913565623106278,0.005820537668021257,0.00010374755707101617,3.280785820227184e-05,0.006925000000000001,0.0012193463640637779,0.0003855911767086424,886.0,100.84641788382967,31.89043743820395,880.8,99.32192328204506,31.40834991597687
0.7999999999999999,0.79975,two-g,baseline2_matched_0.650,10,0.65,0.20160284999999994,7.222858198485682e-05,2.2840683123635297e-05,0.2014304624999999,6.749112724601414e-05,2.1342568394965192e-05,0.25208233823069726,9.031395059070638e-05,2.855977883545416e-05,0.2520243509540176,8.444307443978439e-05,2.6703244785686565e-05,0.344775,0.01201587491612658,0.003799753281464468,0.33730000000000004,0.012884529914246419,0.004074446110959265,0.9425374999999999,0.0020026458193544137,0.0006332922135774062,0.8041408252578914,0.0016517372001273497,0.0005223251648431785,0.7382,0.008919236389836181,0.002820510198133982,0.005957658643326039,0.00013048896209960433,4.126423297461371e-05,0.005775,0.000721206550780627,0.00022806553639006684,1319.3,195.69877646809934,61.88538689473558,1311.7,192.19379687064708,60.777015026698656
0.7999999999999999,0.79975,two-g,baseline2_matched_0.800,10,0.8,0.20169945000000009,0.00010377806180075106,3.281750464480885e-05,0.2015081875000002,0.00010197355066247476,3.2246868118799234e-05,0.25220312597686795,0.00012976312822861655,4.103470415109189e-05,0.2521215983734732,0.0001275865507193518,4.03464099077746e-05,0.382525,0.01253409239722695,0.003963628037823711,0.36715,0.01488296938711419,0.004706408160984108,0.9362458333333332,0.0020890153995378104,0.0006606046729706139,0.8027539699906214,0.0019746218256046183,0.0006244302486390385,0.7119,0.011297861154513578,0.003572697393660242,0.005976320725226633,0.00012041216750610295,3.807767073170022e-05,0.00475,0.0010540925533894599,0.0003333333333333333,1826.2,235.53570146936678,74.48292869286671,1805.2,228.11098663199505,72.13502770653257
0.7999999999999999,0.79975,two-g,baseline2_matched_0.950,10,0.95,0.20178182499999994,0.00013806765652309288,4.366082658147776e-05,0.20155272499999993,0.00012722626934368614,4.023247893321038e-05,0.252306126914661,0.0001726385201912879,5.459309356854374e-05,0.2521773224898322,0.00015918206986993057,5.0337790344904346e-05,0.4582,0.030778735444386855,0.009733090750401721,0.43655,0.03665412664353087,0.011591052583782024,0.9236333333333334,0.005129789240731131,0.0016221817917336167,0.8026299155986235,0.0012312671844861719,0.00038936087111990397,0.66195,0.01783909564224972,0.005641217362709338,0.006123991872460144,0.00014249729445214374,4.506160108804497e-05,0.0039,0.0012315302134607443,0.0003894440481849307,2477.7,516.8154731945758,163.43140253125569,2427.1,481.31681642944676,152.2057416058204
0.85,0.85,one,baseline1_hdv,10,0.0,0.15073245000000024,5.665380368712707e-05,1.791550577633669e-05,0.1506879250000002,5.5567563979885097e-05,1.7572006620356777e-05,0.17733229411765197,6.665153374962865e-05,2.1077065619240945e-05,0.17733206825536935,6.539283786998504e-05,2.0679031033126647e-05,0.17809999999999998,0.00782020175926143,0.0024729649321321876,0.17809999999999998,0.00782020175926143,0.0024729649321321876,0.9703166666666666,0.0013033669598768991,0.00041216082202202945,0.8493917352941119,0.0017092355338419385,0.0005405077344634335,0.84955,0.005946287357110589,0.001880381167033249,0.0031074264705882354,0.00017617768789065196,5.571227666367259e-05,0.0033,0.0012736648783028533,0.000402768199119819,0.0,0.0,0.0,0.0,0.0,0.0
0.85,0.85,one,baseline2_all_hdv_yield,10,1.0,0.1509983250000002,0.00010174838246054362,3.217566368132453e-05,0.15089920000000018,8.866600485339176e-05,2.8038652636426182e-05,0.1776450882352988,0.0001197039793652037,3.785372197798403e-05,0.17758070020594302,0.00010434363619119016,3.299635497081374e-05,0.39649999999999996,0.06321743781935839,0.019991109134924065,0.39649999999999996,0.06321743781935839,0.019991109134924065,0.9339166666666667,0.010536239636559737,0.0033318515224873457,0.8476464411764659,0.0022019098683711876,0.0006963050386454503,0.7011999999999999,0.04286684810744389,0.013555687613200099,0.003313955882352941,0.0001581092393707416,4.9998531552831094e-05,0.0024000000000000002,0.0011737877907772674,0.0003711842908553348,1377.8,390.54713757325976,123.50184883906259,1377.8,390.54713757325976,123.50184883906259
0.85,0.85,one,baseline2_matched_0.050,10,0.05,0.15076268750000027,3.800869098344217e-05,1.2019403438918247e-05,0.15071685000000024,3.783589381937433e-05,1.196476017775103e-05,0.17736786764706386,4.471610703955458e-05,1.4140474634088144e-05,0.17736610767872912,4.4525912114533e-05,1.4080329717840832e-05,0.18334999999999999,0.004435024740003654,0.0014024779657607629,0.18334999999999999,0.004435024740003654,0.0014024779657607629,0.9694416666666668,0.0007391707900006071,0.00023374632762679322,0.8495370294117585,0.0016764243813143752,0.0005301319369992044,0.8449,0.0030894084295289234,0.0009769567259835191,0.0031486470588235295,0.00011235856160872656,3.553089693039285e-05,0.0034500000000000004,0.0014804278660801636,0.00046815239683960463,25.4,17.696201726798765,5.596030339048883,25.4,17.696201726798765,5.596030339048883
0.85,0.85,one,baseline2_matched_0.200,10,0.2,0.15075255000000037,2.7717210357446122e-05,8.764951511553948e-06,0.15070387500000043,2.873290554591782e-05,9.086142531958405e-06,0.17735594117647557,3.2608482773490906e-05,1.0311707660659572e-05,0.17735083848190653,3.381336339618267e-05,1.0692724368290365e-05,0.1947,0.008446564061465728,0.0026710380836754166,0.1947,0.008446564061465728,0.0026710380836754166,0.9675499999999999,0.0014077606769109527,0.0004451730139459021,0.8493463676470527,0.0016507755669275422,0.0005220210697246758,0.83615,0.0071338395459014095,0.0022559181427229762,0.003153264705882353,0.0001529984307111576,4.838235194787134e-05,0.0032500000000000003,0.0011843892002959913,0.0003745367509040705,90.1,19.745322934248957,6.244019360778583,90.1,19.745322934248957,6.244019360778583
0.85,0.85,one,baseline2_matched_0.350,10,0.35,0.1508058500000004,4.2942096026116905e-05,1.3579483094419482e-05,0.15075465000000032,4.2088357785917295e-05,1.3309507357958012e-05,0.17741864705882845,5.052011297197092e-05,1.597586246404464e-05,0.17741059135039736,4.953028277245575e-05,1.5662850671315954e-05,0.2048,0.010187683195353535,0.0032216282977539294,0.2048,0.010187683195353535,0.0032216282977539294,0.9658666666666667,0.0016979471992255824,0.0005369380496256527,0.8501017352941114,0.0015976121193367774,0.0005052093114592949,0.8301999999999999,0.006642456038410957,0.002100529033891752,0.003262941176470588,0.0001337194344842404,4.2285798039986266e-05,0.0033,0.001735255344642716,0.0005487359211051443,191.7,67.14668850939545,21.2336473027546,191.7,67.14668850939545,21.2336473027546
0.85,0.85,one,baseline2_matched_0.500,10,0.5,0.15083511250000037,5.161430310229136e-05,1.6321875764553543e-05,0.15077900000000036,5.030473111186941e-05,1.5907752739584184e-05,0.17745307352941658,6.0722709531989897e-05,1.9202206781790513e-05,0.17743924683730522,5.9199448204286206e-05,1.8720509255070934e-05,0.22444999999999998,0.01316023049443537,0.004161630289521963,0.22444999999999998,0.01316023049443537,0.004161630289521963,0.9625916666666667,0.0021933717490725713,0.0006936050482536636,0.8497966029411698,0.001961952821488377,0.0006204239577697015,0.81525,0.011255245690590459,0.003559221200706063,0.003266573529411765,0.00016506035400205385,5.219666700401792e-05,0.0036,0.0016124515496597099,0.0005099019513592785,329.3,72.51367687087267,22.930838042542916,329.3,72.51367687087267,22.930838042542916
0.85,0.85,one,baseline2_matched_0.650,10,0.65,0.1508413375000004,6.69231796850089e-05,2.11629676065338e-05,0.15078090000000036,6.194172328348528e-05,1.9587692777169704e-05,0.17746039705882855,7.873315257075228e-05,2.489760894891185e-05,0.1774414827890558,7.289405505567059e-05,2.30511241861631e-05,0.24175,0.023711518532373903,0.0074982405343594506,0.24175,0.023711518532373903,0.0074982405343594506,0.9597083333333334,0.003951919755395651,0.0012497067557265755,0.8495584117646995,0.0016181330906797496,0.0005116986123835786,0.8061,0.017841586875113495,0.005642005159712477,0.0032426911764705884,0.00011770076490657336,3.7220249944878724e-05,0.0030499999999999998,0.0019500712237705004,0.0006166666666666666,434.6,142.30265086935114,45.00004938268895,434.6,142.30265086935114,45.00004938268895
0.85,0.85,one,baseline2_matched_0.800,10,0.8,0.1508682625000003,7.704078668153009e-05,2.436243586448002e-05,0.15080072500000033,7.288994272193127e-05,2.30498237520516e-05,0.1774920735294166,9.06362196251511e-05,2.8661689252273016e-05,0.17746481318034726,8.577810264412401e-05,2.7125417772314354e-05,0.27015,0.019416559370232865,0.006140055193382041,0.27015,0.019416559370232865,0.006140055193382041,0.9549749999999999,0.003236093228372153,0.001023342532230343,0.8485576323529356,0.0018320965727896808,0.0005793598063403858,0.7866,0.012644278460148628,0.0039984719303476236,0.0032078823529411763,0.0001737130854686907,5.493290094565609e-05,0.00225,0.0012304019216861166,0.000389087250997625,611.1,154.66914509508496,48.91067822515288,611.1,154.66914509508496,48.91067822515288
0.85,0.85,one,baseline2_matched_0.950,10,0.95,0.15091851250000035,6.126565701239256e-05,1.937390185058272e-05,0.1508367125000003,5.634254886397379e-05,1.781707835894896e-05,0.17755119117647555,7.207724354407252e-05,2.2792825706593605e-05,0.1775071638717271,6.630485303206983e-05,2.0967435550406205e-05,0.32720000000000005,0.02639675906032573,0.00834738814773153,0.32720000000000005,0.02639675906032573,0.00834738814773153,0.9454666666666667,0.004399459843387623,0.0013912313579552556,0.8487412499999942,0.002253623684194329,0.0007126583830954085,0.74785,0.020025053752181974,0.006332478012419603,0.0032970294117647056,0.00019388854077472548,6.131294010545603e-05,0.002,0.001,0.00031622776601683794,972.8,205.49117310050624,64.98201460575243,972.8,205.49117310050624,64.98201460575243
0.85,0.85,two-2g,baseline1_hdv,10,0.0,0.15073245000000024,5.665380368712707e-05,1.791550577633669e-05,0.15064487500000023,5.57245519896467e-05,1.7621650587975118e-05,0.17733229411765197,6.665153374962865e-05,2.1077065619240945e-05,0.17733357857563267,6.559688286003413e-05,2.07435557244968e-05,0.17515,0.004378292411939202,0.001384537628396007,0.17125,0.0046022337571613526,0.001455354099714413,0.9708083333333333,0.0007297154019898848,0.0002307562713993401,0.8493917352941119,0.0017092355338419385,0.0005405077344634335,0.850125,0.0038877478484764375,0.0012294138169604719,0.0031074264705882354,0.00017617768789065196,5.571227666367259e-05,0.003125,0.0009664511253952669,0.0003056186803482041,0.0,0.0,0.0,0.0,0.0,0.0
0.85,0.85,two-2g,baseline2_all_hdv_yield,10,1.0,0.15100073750000026,8.503415265686808e-05,2.6890160129816154e-05,0.15081828750000012,6.175014198151958e-05,1.9527109450038494e-05,0.17764792647059308,0.00010004017959612958,3.1635482505607305e-05,0.1775377133608004,7.268998467485159e-05,2.2986591465526502e-05,0.3649,0.05591563585736402,0.01768207661258522,0.35575,0.05233452758722275,0.016549630744454025,0.9391833333333333,0.009319272642894004,0.0029470127687642035,0.8477426176470537,0.002066268486774725,0.0006534114675637635,0.723475,0.03793917829895636,0.011997421597993465,0.0033506176470588234,0.00013090134987345548,4.1394641439071316e-05,0.002075,0.0007173446405552448,0.00022684429314693663,1750.5,372.8291983081678,117.89894448684055,1737.9,377.65370675027435,119.42458801361728
0.85,0.85,two-2g,baseline2_matched_0.050,10,0.05,0.15075380000000035,3.970281091359856e-05,1.2555131199796203e-05,0.15066417500000034,3.9000097934233395e-05,1.2332913844180522e-05,0.17735741176471104,4.670918931012871e-05,1.477074258799957e-05,0.1773562978222483,4.5909473730822206e-05,1.4517850316906612e-05,0.17925,0.006317963807008294,0.0019979155804654694,0.17525,0.008236942528767709,0.0026047499346812963,0.970125,0.0010529939678347007,0.0003329859300775735,0.8496141911764644,0.0017705378079612075,0.0005598932156599218,0.8484,0.005048652185374703,0.001596524001977069,0.0031536176470588232,0.00010776254118469748,3.4077507659134374e-05,0.003275,0.000916287800493564,0.00028975564417856183,32.7,16.865810254937518,5.333437498982767,32.7,16.865810254937518,5.333437498982767
0.85,0.85,two-2g,baseline2_matched_0.200,10,0.2,0.1507881375000003,5.36251278812703e-05,1.6957754392261354e-05,0.15069410000000025,5.253790959349198e-05,1.6613945781944567e-05,0.17739780882353431,6.308838574256069e-05,1.9950299284978494e-05,0.1773915244261328,6.184568521878232e-05,1.9557322874516107e-05,0.188075,0.0049666247201808145,0.0015705846399067817,0.185,0.0052967495273569054,0.0016749792701868163,0.9686541666666667,0.0008277707866968074,0.0002617641066511319,0.8498567499999936,0.0019758490909450844,0.000624818344015964,0.8425,0.003791437722025765,0.0011989578808281765,0.0032309558823529413,0.000148058339402378,4.6820157909376766e-05,0.004025,0.0010371569044481381,0.00032797781090257373,197.7,46.05805515264886,14.56483588800246,197.3,46.68106920607349,14.761850230314025
0.85,0.85,two-2g,baseline2_matched_0.350,10,0.35,0.15081861250000034,4.6421096811325946e-05,1.4679639740696962e-05,0.15071676250000035,4.488463027278489e-05,1.41937663596545e-05,0.17743366176471081,5.461305507224666e-05,1.72701644008511e-05,0.17741820188346086,5.28365276902066e-05,1.670837711556083e-05,0.2037,0.004760660551739519,0.0015054530510410751,0.1993,0.006042442478924483,0.0019107880863955334,0.9660499999999999,0.0007934434252899009,0.0002509088418401732,0.8499862205882293,0.001868151598066156,0.0005907614064372462,0.830775,0.0031676533550528832,0.0010016999439841148,0.0032791764705882354,0.00016557673023336115,5.235995950606842e-05,0.0037749999999999997,0.0018236486625565914,0.0005766883425598651,356.6,78.90106322336713,24.950706959478676,356.4,78.80383521405824,24.91996076330066
0.85,0.85,two-2g,baseline2_matched_0.500,10,0.5,0.1508757875000004,3.434784533503414e-05,1.0861742397789713e-05,0.1507676250000004,3.203345690218937e-05,1.0129868513976003e-05,0.17750092647059318,4.040922980609419e-05,1.2778520468042186e-05,0.17747807533843427,3.7708601415279664e-05,1.1924506785173261e-05,0.21632500000000002,0.011010758627613065,0.0034819076029607037,0.2102,0.011724144128914295,0.0037074999063459934,0.9639458333333334,0.001835126437935512,0.0005803179338267842,0.8495550294117592,0.001397341599864663,0.0004418782124875966,0.8214,0.007450950722335148,0.0023561975016255887,0.0032648823529411765,0.00010935222657952972,3.458021032021177e-05,0.0033,0.0008563488385776753,0.00027080128015453204,550.8,74.2500280583561,23.479920499581482,548.6,74.07533702627046,23.424678344761865
0.85,0.85,two-2g,baseline2_matched_0.650,10,0.65,0.15094588750000038,5.0547126319630716e-05,1.5984404834627733e-05,0.15082532500000037,4.9499024962326404e-05,1.5652966083848172e-05,0.17758339705882845,5.946720743468994e-05,1.8805182158331896e-05,0.17754599764567366,5.826842255715216e-05,1.8426093094573353e-05,0.24112499999999998,0.005937463450179902,0.0018775908026570172,0.23410000000000003,0.008666025617317314,0.002740437921208943,0.9598125,0.0009895772416966527,0.0003129318004428369,0.8494250882352882,0.0012051474171240735,0.0003811010754381081,0.8050750000000001,0.005902035901091891,0.0018663876279534637,0.0033775294117647054,0.00012545957040508462,3.96737996746321e-05,0.00405,0.0008644201653259959,0.0002733536577809454,878.8,115.04279397008943,36.379725733496734,872.6,111.57677974282005,35.283675797424756
0.85,0.85,two-2g,baseline2_matched_0.800,10,0.8,0.15103141250000038,7.330330943148238e-05,2.3180541783158675e-05,0.15089696250000037,6.714986478222724e-05,2.123465172841646e-05,0.1776840147058872,8.623918756652581e-05,2.7271225627269523e-05,0.17763032666274256,7.904633876665256e-05,2.499664711998871e-05,0.26890000000000003,0.018885326461450313,0.005972064597403107,0.26125,0.01951530738221211,0.00617128205660884,0.9551833333333333,0.003147554410241708,0.0009953440995671811,0.8501387205882285,0.0011929391784004815,0.0003772404913795463,0.78675,0.014314425513368605,0.004526618801906982,0.0034833088235294114,0.00011295013857586023,3.571796999313654e-05,0.003025,0.000916287800493564,0.00028975564417856183,1202.9,308.6531494520454,97.60469592528152,1196.9,310.61389036694555,98.2247366445382
0.85,0.85,two-2g,baseline2_matched_0.950,10,0.95,0.15106621250000032,9.324067293999512e-05,2.9485289705721286e-05,0.15090295000000034,8.331825280233091e-05,2.634754495210725e-05,0.17772495588235765,0.00010969490934105976,3.46885761243429e-05,0.1776373749264272,9.807916751279185e-05,3.101535603536139e-05,0.326525,0.03276525302138769,0.010361282765929878,0.31545,0.03671243355837063,0.011609490849205135,0.9455791666666666,0.005460875503564613,0.0017268804609883125,0.8481613235294068,0.0015600738403524317,0.0004933386653559585,0.747625,0.024069127875074033,0.007611326537908263,0.0034353676470588236,0.00022760222796228258,7.19741440889677e-05,0.002525,0.0007587453093393357,0.00023993633414813278,1759.0,385.37543022645104,121.8664113782884,1740.2,381.0624912297486,120.5025403143943
0.85,0.85,two-g,baseline1_hdv,10,0.0,0.15073245000000024,5.665380368712707e-05,1.791550577633669e-05,0.1506448875000002,5.573883327380328e-05,1.76261667265598e-05,0.17733229411765197,6.665153374962865e-05,2.1077065619240945e-05,0.17733359329017068,6.56136942598814e-05,2.0748871955914118e-05,0.175125,0.004391042017562569,0.00138856940769988,0.1712,0.004601931961445945,0.001455258663529536,0.9708125000000001,0.0007318403362604486,0.0002314282346166531,0.8493917352941119,0.0017092355338419385,0.0005405077344634335,0.8503999999999999,0.0041436028338203805,0.0013103222674000579,0.0031074264705882354,0.00017617768789065196,5.571227666367259e-05,0.0034000000000000002,0.00107496769977314,0.000339934634239519,0.0,0.0,0.0,0.0,0.0,0.0
0.85,0.85,two-g,baseline2_all_hdv_yield,10,1.0,0.1510015750000003,8.421389351599345e-05,2.6630771414142482e-05,0.15081680000000014,6.296883047291254e-05,1.991249258914212e-05,0.17764891176471065,9.907516884223794e-05,3.1330319310721933e-05,0.17753596233078278,7.412457972060766e-05,2.3440250251984766e-05,0.36955,0.05035110061690144,0.015922416064571773,0.3599,0.04742819133525265,0.014998110992166093,0.9384083333333333,0.008391850102816916,0.002653736010761965,0.8477319558823474,0.002066020635913755,0.0006533330902396935,0.719775,0.033950423414149056,0.010736066551582104,0.0033643382352941177,0.00011393659096559456,3.602991362862421e-05,0.0021999999999999997,0.0007149203529842405,0.0002260776661041756,1788.4,337.5019999940741,106.72750348434089,1775.8,344.36827831713987,108.89881133929383
0.85,0.85,two-g,baseline2_matched_0.050,10,0.05,0.15074307500000042,5.258984375973216e-05,1.6630368807314646e-05,0.1506522000000004,5.210590177704789e-05,1.6477332915248637e-05,0.17734479411765197,6.187040442309106e-05,1.9565139773272373e-05,0.17734220129487924,6.133714158564055e-05,1.9396507257485597e-05,0.18175,0.005396758286230731,0.0017066048165876027,0.17709999999999998,0.006939420404872117,0.00219443741208437,0.9697083333333334,0.0008994597143717674,0.0002844341360979271,0.8496212647058764,0.0019100409677434425,0.0006040079882301479,0.8454,0.005242984730941804,0.0016579773487261187,0.0031860294117647056,0.00012998223564782285,4.110399200078521e-05,0.003075,0.0011368206151856639,0.0003594942435020499,39.9,22.47195783390688,7.106257023840953,39.9,22.47195783390688,7.106257023840953
0.85,0.85,two-g,baseline2_matched_0.200,10,0.2,0.1508051375000003,4.8697031409077194e-05,1.539935345414427e-05,0.15070941250000033,4.867836795691273e-05,1.539345155236014e-05,0.17741780882353436,5.7290625187252515e-05,1.8116886416672848e-05,0.17740954973513812,5.7302375464210126e-05,1.8120602180505234e-05,0.19145,0.008232557318354974,0.0026033632093889632,0.18480000000000002,0.009715966241192897,0.0030724582991474435,0.9680916666666667,0.0013720928863924743,0.0004338938682314871,0.8495903823529354,0.00208319394481708,0.0006587637673493091,0.8383499999999999,0.006798896969361996,0.0021499999999999935,0.003221514705882353,0.00015791158316858252,4.9936027173582955e-05,0.004025,0.0012987707863805513,0.00041070738434505357,221.3,56.807765509851045,17.964192779588572,220.5,55.815668847456166,17.650464268366676
0.85,0.85,two-g,baseline2_matched_0.350,10,0.35,0.1508387875000003,7.043712843743465e-05,2.2274175770411047e-05,0.1507366500000003,7.054541484436911e-05,2.230841893896592e-05,0.17745739705882843,8.286720992624469e-05,2.620491267102469e-05,0.17744161271336062,8.304345479024218e-05,2.626064619063856e-05,0.20427499999999998,0.006055816762969846,0.0019150174063612732,0.20020000000000002,0.007739509028355736,0.0024474476501040823,0.9659541666666666,0.0010093027938283,0.0003191695677268765,0.8498473235294057,0.0015229505104893096,0.00048159923768623726,0.83115,0.005794154142083404,0.0018322724203082429,0.003270764705882353,0.00014336621829782502,4.533637893460352e-05,0.00415,0.001015162822189404,0.0003210226714043037,395.4,92.6429226174947,29.296264456601136,394.8,92.03477603601803,29.10395162172999
0.85,0.85,two-g,baseline2_matched_0.500,10,0.5,0.15091438750000036,7.032700035667117e-05,2.223935021345549e-05,0.15080223750000038,6.738463521082997e-05,2.1308892656580317e-05,0.177546338235299,8.273764747843352e-05,2.6163941427593695e-05,0.17751881989405505,7.9322701837391e-05,2.5084040796457882e-05,0.2243,0.00851126704237781,0.0026914989627838744,0.21695000000000003,0.010636546014149099,0.003363571184189671,0.9626166666666667,0.001418544507062971,0.00044858316046397984,0.8496379705882292,0.0017321660237942715,0.0005477589920747314,0.8161250000000001,0.0067999693626760805,0.002150339120541998,0.0033248823529411766,0.0001501912915839873,4.749465661278781e-05,0.004175,0.0010141361951050865,0.0003206980234148976,665.6,79.22289231444827,25.052478253990497,663.4,78.84189523625396,24.931996399094164
0.85,0.85,two-g,baseline2_matched_0.650,10,0.65,0.15090316250000024,6.886445145070996e-05,2.1776851640233e-05,0.15078165000000024,6.490759457353897e-05,2.052558362951686e-05,0.17753313235294604,8.101700170667595e-05,2.561982545908448e-05,0.17749458505002916,7.64068211579311e-05,2.4161958363220615e-05,0.243025,0.012996500597383037,0.004109854349946937,0.23635,0.013293795545291042,0.004203867267171978,0.9594958333333332,0.0021660834328971826,0.0006849757249911593,0.8496308529411707,0.001608279887176933,0.0005085827558517737,0.804725,0.009978066223249654,0.0031553415909463052,0.0033166470588235296,0.00014970464321430752,4.734076488600824e-05,0.003425,0.0015857437792194972,0.0005014562127776794,823.4,241.68629805321333,76.42791811024729,821.8,240.9927615326052,76.20860260568429
0.85,0.85,two-g,baseline2_matched_0.800,10,0.8,0.15101027500000025,4.270484945147106e-05,1.350445914012408e-05,0.15087540000000035,4.208117981292929e-05,1.3307237483595487e-05,0.17765914705882835,5.024099935463661e-05,1.588759898837013e-05,0.17760494408475552,4.953640943254424e-05,1.566478809134888e-05,0.26975000000000005,0.008810505093353061,0.0027861263431510105,0.263,0.01171893055416464,0.0037058512292499485,0.9550416666666667,0.0014684175155588119,0.00046435439052515843,0.8497256323529353,0.0022646547359148703,0.0007161467079378114,0.78655,0.010576966588877086,0.0033447305156353354,0.003414470588235294,0.00016026557580035874,5.0680425004749644e-05,0.003275,0.0011270043872536116,0.0003563900796723849,1206.8,177.0158812712075,55.977336683895764,1198.0,177.52308144138453,56.13772746063421
0.85,0.85,two-g,baseline2_matched_0.950,10,0.95,0.1510428000000003,6.999348183943198e-05,2.213388239782369e-05,0.15087633750000037,5.864811052411817e-05,1.854616097215049e-05,0.17769741176471082,8.234527275209542e-05,2.603986164444233e-05,0.17760604767510293,6.903838790360623e-05,2.1831855176161285e-05,0.332925,0.03447060946178159,0.010900563823338068,0.3221,0.034155526639183885,0.010800925886237716,0.9445124999999999,0.005745101576963607,0.001816760637223014,0.8486892352941124,0.0015850651440727488,0.0005012416095012827,0.74365,0.023204166292571972,0.007337801668983247,0.003446514705882353,0.00016545095904265812,5.2320187163403124e-05,0.00215,0.0009143911149563468,0.0002891558595482912,1750.0,400.7393167634042,126.72489889520527,1729.0,393.72494629288263,124.50676019129776
0.9,0.9,one,baseline1_hdv,10,0.0,0.10031002499999979,3.889809514048115e-05,1.2300657728584774e-05,0.10028162499999979,3.927458536454658e-05,1.2419714391068162e-05,0.11145558333333341,4.3220105711592274e-05,1.3667397476188402e-05,0.11145498749652742,4.3650553336512295e-05,1.3803516967004113e-05,0.1136,0.004520324472129555,0.0014294521094927713,0.1136,0.004520324472129555,0.0014294521094927713,0.9810666666666666,0.0007533874120215798,0.0002382420182487912,0.8949651111111109,0.00113123486962205,0.0003577278756609298,0.8933500000000001,0.00513728203106143,0.0016245512200809998,0.0009655,0.0001256861688156261,3.97454563837806e-05,0.0008500000000000001,0.0008514693182963201,0.00026925824035672517,0.0,0.0,0.0,0.0,0.0,0.0
0.9,0.9,one,baseline2_all_hdv_yield,10,1.0,0.10043881249999978,3.609998893895534e-05,1.1415818855398405e-05,0.10038199999999978,3.129546692420246e-05,9.896495591894386e-06,0.11159868055555566,4.011109882096996e-05,1.268424317263595e-05,0.11156654626285137,3.478240280543833e-05,1.0999161535861558e-05,0.22725,0.0356021612951923,0.011258391931749795,0.22725,0.0356021612951923,0.011258391931749795,0.962125,0.005933693549198715,0.0018763986552916315,0.8945784305555545,0.0011360172394174527,0.0003592401937775964,0.8154,0.025855152076305583,0.008176116981115722,0.0010270833333333334,9.03005669241964e-05,2.8555546548492594e-05,0.0007,0.0008881941729649485,0.0002808716591058786,694.9,216.77917591667128,68.55159451910006,694.9,216.77917591667128,68.55159451910006
0.9,0.9,one,baseline2_matched_0.050,10,0.05,0.10031762499999974,1.956532860272275e-05,6.187100155424356e-06,0.10028892499999972,1.944482936127509e-05,6.1489949494946386e-06,0.11146402777777782,2.173925400315448e-05,6.874555728290142e-06,0.11146310086135094,2.161136911503531e-05,6.834114975812904e-06,0.11479999999999999,0.004366539438350082,0.0013808210118138645,0.11479999999999999,0.004366539438350082,0.0013808210118138645,0.9808666666666668,0.0007277565730583321,0.00023013683530230606,0.8949072083333333,0.000815765736811278,0.0002579677765449102,0.8923,0.003560586718193759,0.0011259563836036367,0.0009620138888888888,5.066656387050973e-05,1.6022174304520724e-05,0.0009000000000000001,0.0006146362971528592,0.00019436506316151,8.7,5.869885480616769,1.8562207723101136,8.7,5.869885480616769,1.8562207723101136
0.9,0.9,one,baseline2_matched_0.200,10,0.2,0.10032504999999967,2.7404835339748715e-05,8.666169857548026e-06,0.10029479999999966,2.7959929164571626e-05,8.841705937701518e-06,0.11147227777777793,3.0449817044290724e-05,9.62907761953749e-06,0.11146963045290408,3.107521996623127e-05,9.82684738840315e-06,0.121,0.007059272861515792,0.0022323380867004298,0.121,0.007059272861515792,0.0022323380867004298,0.9798333333333333,0.0011765454769193068,0.0003720563477834075,0.8950246249999996,0.000840449436730966,0.00026577344782754313,0.88835,0.005990965420252951,0.0018945096111307174,0.0009861527777777779,6.976875046042698e-05,2.2062816095887056e-05,0.0009000000000000001,0.0007378647873726218,0.0002333333333333333,46.9,16.141389173316046,5.104355438686108,46.9,16.141389173316046,5.104355438686108
0.9,0.9,one,baseline2_matched_0.350,10,0.35,0.10033846249999975,2.1440490154323723e-05,6.7800783038077995e-06,0.10030644999999974,2.2457537091671514e-05,7.101696784739558e-06,0.11148718055555562,2.3822766838007678e-05,7.533420337523178e-06,0.11148257849402672,2.495975225522222e-05,7.892966696002655e-06,0.12805,0.006734859563000064,0.0021297495940446475,0.12805,0.006734859563000064,0.0021297495940446475,0.9786583333333333,0.001122476593833342,0.0003549582656741073,0.8950437916666665,0.0007607289779475891,0.00024056362524063846,0.8816499999999999,0.0055829601865358455,0.0017654870275491791,0.0010001527777777778,9.225773826191702e-05,2.917445846833217e-05,0.0010999999999999998,0.0006146362971528592,0.00019436506316151,91.0,26.02989734047285,8.23137628562536,91.0,26.02989734047285,8.23137628562536
0.9,0.9,one,baseline2_matched_0.500,10,0.5,0.10033756249999977,3.71676125626749e-05,1.1753431088874044e-05,0.10030403749999976,3.640832522693754e-05,1.1513323350928942e-05,0.11148618055555566,4.129734729178673e-05,1.305936787650323e-05,0.11147989719366547,4.046493495630799e-05,1.2796135983249928e-05,0.1341,0.007355270219373313,0.0023259406699226,0.1341,0.007355270219373313,0.0023259406699226,0.97765,0.0012258783698955535,0.00038765677832043377,0.8949703194444435,0.0009242134396565241,0.00029226195134532027,0.8782500000000001,0.005407042732502736,0.0017098570440569193,0.0010138472222222222,9.601153252381722e-05,3.0361512441859697e-05,0.001,0.0008164965809277261,0.0002581988897471611,143.1,41.32110034030233,13.066879249971407,143.1,41.32110034030233,13.066879249971407
0.9,0.9,one,baseline2_matched_0.650,10,0.65,0.10035838749999973,3.2687198585833034e-05,1.0336599786146724e-05,0.10032273749999972,3.219237152999115e-05,1.0180121731713157e-05,0.11150931944444453,3.63191095397605e-05,1.1485110873479288e-05,0.11150068074465187,3.5779240377806084e-05,1.131438925445306e-05,0.1426,0.005526702854726711,0.0017476968971891086,0.1426,0.005526702854726711,0.0017476968971891086,0.9762333333333334,0.0009211171424544404,0.00029128281619818117,0.8949105416666662,0.0008060690691124064,0.0002549014209806884,0.8731,0.0047480990348184775,0.0015014807506073514,0.00099775,9.330094327009328e-05,2.9504348857565324e-05,0.00075,0.00042491829279939875,0.00013437096247164248,197.1,45.012220562864925,14.234113952051949,197.1,45.012220562864925,14.234113952051949
0.9,0.9,one,baseline2_matched_0.800,10,0.8,0.10039598749999981,5.070600343868935e-05,1.6034646191058835e-05,0.10035477499999979,4.90379954729335e-05,1.550717575834957e-05,0.11155109722222241,5.6340003820717505e-05,1.781627354560561e-05,0.11153628785773886,5.4501801025769056e-05,1.7234982782273153e-05,0.16485,0.01501674990727946,0.004748713276012542,0.16485,0.01501674990727946,0.004748713276012542,0.9725249999999999,0.002502791651213258,0.0007914522126687616,0.8948699305555557,0.0008677182412533072,0.00027439660096359296,0.85635,0.010713568759080945,0.0033879279147519537,0.0010194166666666667,0.00010875621405073922,3.43917346097143e-05,0.0010999999999999998,0.0007378647873726218,0.0002333333333333333,368.7,107.33027945966082,33.940814499491445,368.7,107.33027945966082,33.940814499491445
0.9,0.9,one,baseline2_matched_0.950,10,0.95,0.10043843749999978,4.760686990870465e-05,1.5054614118283897e-05,0.10038518749999978,4.426519081692818e-05,1.3997882404346247e-05,0.11159826388888891,5.289652212072327e-05,1.672734902029657e-05,0.11157008891358769,4.9197211244086714e-05,1.5557524205976e-05,0.213,0.023268958817369643,0.007358290864354605,0.213,0.023268958817369643,0.007358290864354605,0.9644999999999999,0.003878159802894953,0.0012263818107257716,0.8946408055555551,0.00110863315470436,0.0003505805858443592,0.82455,0.01770820588189429,0.005599826386197661,0.0010482222222222223,7.201024804182574e-05,2.277163986858493e-05,0.00115,0.0005797509043642029,0.0001833333333333333,648.5,153.1036322959786,48.415619610020705,648.5,153.1036322959786,48.415619610020705
0.9,0.9,two-2g,baseline1_hdv,10,0.0,0.10031002499999979,3.889809514048115e-05,1.2300657728584774e-05,0.1002552999999998,3.892354507381085e-05,1.2308705704146902e-05,0.11145558333333341,4.3220105711592274e-05,1.3667397476188402e-05,0.111456698165648,4.3272423650725254e-05,1.368394186120303e-05,0.10945,0.0034816981808052008,0.0011010096376609174,0.10815,0.0037196923409216435,0.0011762699992395936,0.9817583333333333,0.0005802830301341873,0.00018350160627681548,0.8949651111111109,0.00113123486962205,0.0003577278756609298,0.89625,0.0038604116073001644,0.0012207693384820016,0.0009655,0.0001256861688156261,3.97454563837806e-05,0.00115,0.00044409708648247424,0.0001404358295529393,0.0,0.0,0.0,0.0,0.0,0.0
0.9,0.9,two-2g,baseline2_all_hdv_yield,10,1.0,0.10043941249999973,6.335345212244035e-05,2.0034120634134008e-05,0.10034139999999973,4.487489554308033e-05,1.419068796782725e-05,0.11159934722222227,7.039272458033624e-05,2.2260134037878284e-05,0.11155241801000604,4.988871099839259e-05,1.577619562848134e-05,0.19602499999999998,0.04725116841588858,0.014942131429841814,0.1933,0.04804234243525878,0.015192322622517818,0.9673291666666668,0.007875194735981444,0.002490355238306974,0.8944356527777764,0.0004841852063010542,0.00015311280612698416,0.8382,0.03254735865712539,0.01029237851789155,0.0010379305555555554,9.69324926747755e-05,3.0652745612987764e-05,0.0005499999999999999,0.0005627314338711377,0.00017795130420052185,753.1,349.8782169079216,110.6412069107467,747.3,344.01228983214475,108.78623789595609
0.9,0.9,two-2g,baseline2_matched_0.050,10,0.05,0.10029693749999971,2.293115072583698e-05,7.251466566226819e-06,0.10024106249999978,2.2681233830082987e-05,7.1724359045926714e-06,0.11144104166666675,2.5479056361865002e-05,8.057185073529672e-06,0.11144086992773812,2.5215379466431776e-05,7.973803117936566e-06,0.11174999999999999,0.004276875806785448,0.0013524668819112234,0.1096,0.00438938112570174,0.0013880441875771346,0.9813750000000001,0.0007128126344642348,0.00022541114698520186,0.8948525416666667,0.0007314490383399651,0.0002313044953494116,0.895675,0.003924725751211448,0.0012411072565343521,0.0009474583333333334,7.115649021072056e-05,2.2501657936935158e-05,0.001125,0.000568257570707744,0.0001796988221070652,24.8,14.566323413194484,4.606275912033253,24.8,14.566323413194484,4.606275912033253
0.9,0.9,two-2g,baseline2_matched_0.200,10,0.2,0.10033368749999982,2.931594240625551e-05,9.270514975808464e-06,0.10027584999999986,2.9143609934191738e-05,9.216018663155578e-06,0.11148187500000015,3.2573269340178946e-05,1.0300572195309547e-05,0.11147954419121775,3.239978869845192e-05,1.0245712799529043e-05,0.115675,0.004173411208006119,0.001319748502977408,0.11435,0.004076013847975603,0.00128894875339902,0.9807208333333334,0.000695568534667699,0.00021995808382957194,0.8950815694444438,0.0008525149795393386,0.00026958890747561534,0.892425,0.003910544861155697,0.0012366228653518916,0.0009729861111111111,7.890524983577517e-05,2.495203088256765e-05,0.0008750000000000001,0.0004894725051862804,0.00015478479684172256,67.9,32.746331431508814,10.355299233832994,67.7,32.29396228399358,10.21224754889931
0.9,0.9,two-2g,baseline2_matched_0.350,10,0.35,0.10035806249999975,4.136546340241656e-05,1.3080908081997455e-05,0.10029631249999973,4.025760150783215e-05,1.2730571390017846e-05,0.11150895833333338,4.596162600267268e-05,1.453434231332659e-05,0.11150229294052291,4.475553252684558e-05,1.4152942067858303e-05,0.12350000000000001,0.005913731666403393,0.001870086153689777,0.12044999999999999,0.005847364078511502,0.0018490988796347984,0.9794166666666667,0.0009856219444005802,0.0003116810256149675,0.8949984722222221,0.0008366854749670908,0.0002645831786075801,0.8868500000000001,0.0046847862514977434,0.0014814594905775277,0.0009931805555555555,9.039198497774419e-05,2.8584455475339617e-05,0.0018,0.0007799572637865059,0.00024664414311581235,197.2,67.41710959887457,21.319161959764426,196.2,66.63632642935833,21.07225664232476
0.9,0.9,two-2g,baseline2_matched_0.500,10,0.5,0.10037419999999979,3.353507699246593e-05,1.060472248053016e-05,0.1003081749999998,3.284381177980207e-05,1.0386125226604312e-05,0.11152688888888891,3.726119665837966e-05,1.1783024978393466e-05,0.11151548082267973,3.651340942714982e-05,1.1546553892805736e-05,0.13205,0.004078738911858797,0.0012898104942630558,0.1292,0.005968435492004776,0.0018873850222522772,0.9779916666666667,0.0006797898186431255,0.00021496841571050696,0.8950327499999993,0.0007148159986085152,0.00022604466635306586,0.8809250000000001,0.004265576032482467,0.0013488935795268975,0.0010364166666666668,9.071463154231153e-05,2.8686485277665755e-05,0.0016,0.0006258327785172862,0.00019790570145063194,321.7,57.79090662802314,18.275089299067428,319.3,56.531308926018056,17.87676953168242
0.9,0.9,two-2g,baseline2_matched_0.650,10,0.65,0.10040951249999977,4.727969562140737e-05,1.4951152524313727e-05,0.10033767499999975,4.276961863022518e-05,1.3524940952828241e-05,0.11156612500000018,5.253299513496575e-05,1.6612391693703632e-05,0.11154827682045623,4.754821415257556e-05,1.5036065539559167e-05,0.143675,0.010855778031383408,0.0034328984352390416,0.13940000000000002,0.010655723553304318,0.0033696356545544265,0.9760541666666667,0.0018092963385638872,0.0005721497392065024,0.8950359305555544,0.000855655362470306,0.0002705819837543126,0.8736750000000001,0.006421589021072233,0.0020306847504119254,0.0010559305555555556,7.827563461435386e-05,2.475292906764739e-05,0.0015249999999999999,0.0007402139330400818,0.00023407619841980232,456.5,135.21608221246794,42.75907960759783,455.3,134.42722111900468,42.50961982631434
0.9,0.9,two-2g,baseline2_matched_0.800,10,0.8,0.10042243749999982,3.8469560928851396e-05,1.216514331217931e-05,0.10034304999999977,3.697602451439437e-05,1.1692845628370766e-05,0.11158048611111113,4.274395658754133e-05,1.3516825902398898e-05,0.111554252362424,4.1107309076640744e-05,1.2999272516269786e-05,0.158775,0.017581733734507277,0.005559832381566113,0.15325,0.017829828315992773,0.005638286776830153,0.9735375,0.0029302889557512226,0.0009266387302610219,0.8949173472222215,0.0010105678898127543,0.0003195696262038373,0.8619749999999999,0.01416394581714823,0.00447903294374032,0.0010711944444444445,0.00011577751637964853,3.6612065359714116e-05,0.0012749999999999999,0.0006917168656482378,0.00021874007914011144,588.7,174.61452784156688,55.21796205342364,587.9,174.07689871624743,55.04794879617828
0.9,0.9,two-2g,baseline2_matched_0.950,10,0.95,0.10048484999999974,6.115615827084015e-05,1.9339275308159946e-05,0.10038776249999977,5.636951654781222e-05,1.7825606289363837e-05,0.11164983333333342,6.795128696751067e-05,2.148808367570497e-05,0.11160396053363024,6.26676115038978e-05,1.9817238787488694e-05,0.19417500000000001,0.026153141408931265,0.008270349482068791,0.1865,0.03148191720831358,0.00995545634871205,0.9676375,0.004358856901488558,0.0013783915803448027,0.8947711527777773,0.0006996707903667188,0.0002212553309849028,0.8385999999999999,0.017889397853353115,0.005657124318552272,0.001116236111111111,0.00010453015695136547,3.305533801411974e-05,0.0012000000000000001,0.0005502524673073059,0.00017400510848184249,923.0,282.2615020784017,89.25892423481002,922.4,281.5679116818692,89.03959169318381
0.9,0.9,two-g,baseline1_hdv,10,0.0,0.10031002499999979,3.889809514048115e-05,1.2300657728584774e-05,0.1002549499999998,3.8925685964142115e-05,1.2309382713113644e-05,0.11145558333333341,4.3220105711592274e-05,1.3667397476188402e-05,0.11145630906058965,4.327480374004271e-05,1.3684694511530808e-05,0.11015,0.0024670044813723227,0.0007801353158978974,0.1083,0.0023357130721806487,0.0007386173268720118,0.9816416666666667,0.00041116741356203633,0.00013002255264964405,0.8949651111111109,0.00113123486962205,0.0003577278756609298,0.8964000000000001,0.0036689386900180263,0.0011602202855971442,0.0009655,0.0001256861688156261,3.97454563837806e-05,0.001225,0.000582737791234903,0.00018427786989579984,0.0,0.0,0.0,0.0,0.0,0.0
0.9,0.9,two-g,baseline2_all_hdv_yield,10,1.0,0.10045321249999975,6.770398832209635e-05,2.140988097752661e-05,0.1003555999999998,5.397922053905173e-05,1.706972832239454e-05,0.11161468055555564,7.522665369115087e-05,2.3788756641674954e-05,0.11156820455808832,6.001025073820365e-05,1.897690752905244e-05,0.195225,0.039566127839633515,0.012511908216663923,0.19105,0.03968238484096775,0.012548671908479666,0.9674625000000001,0.006594354639938913,0.002085318036110652,0.894571569444443,0.0006694285384685714,0.00021169189122783317,0.8394,0.02651917545223957,0.008386099609870287,0.0010655555555555555,0.00011304031201265194,3.574648533760725e-05,0.000675,0.0005658081732255985,0.00017892425461319905,836.8,342.0769244223033,108.17422161597568,831.0,337.6760446213369,106.78254122800745
0.9,0.9,two-g,baseline2_matched_0.050,10,0.05,0.10031188749999971,2.7688272813380885e-05,8.755800656640185e-06,0.10025672499999974,2.6612888481558913e-05,8.415734271778613e-06,0.1114576527777779,3.076474757051043e-05,9.728667396294456e-06,0.1114582823790999,2.95863129311463e-05,9.356013642891478e-06,0.110325,0.004109693824767651,0.0012995992972194685,0.10869999999999999,0.004945255863507524,0.0015638272140986531,0.9816125,0.0006849489707946192,0.00021659988286991478,0.8949237499999999,0.0009807211393617183,0.00031013125498584413,0.8960000000000001,0.0038640077064565365,0.001221906524884596,0.0009624444444444444,9.324154988798933e-05,2.948556702102641e-05,0.00095,0.0004377975178854566,0.00013844373104863458,13.9,9.666091936937768,3.0566866593312,13.9,9.666091936937768,3.0566866593312
0.9,0.9,two-g,baseline2_matched_0.200,10,0.2,0.10033329999999974,3.5882727584306314e-05,1.1347114782575953e-05,0.10027389999999976,3.4791631736520734e-05,1.100207998012047e-05,0.1114814444444445,3.986969731583236e-05,1.2607905313953187e-05,0.11147737632017826,3.8678856849855023e-05,1.2231328493714723e-05,0.11879999999999999,0.006808695420808111,0.002153098542411223,0.11635,0.007933928549099883,0.002508928500819068,0.9802,0.0011347825701346532,0.00035884975706852707,0.8950564305555551,0.000879506446175655,0.00027812435867153565,0.889225,0.006195260285088937,0.0019591133198465127,0.0009921527777777778,0.00011519021384313137,3.642634399061527e-05,0.00125,0.0007817359599705717,0.00024720661623652213,71.3,30.706676798377256,9.710303805751908,71.3,30.706676798377256,9.710303805751908
0.9,0.9,two-g,baseline2_matched_0.350,10,0.35,0.10035232499999976,2.984620299689825e-05,9.438198097794187e-06,0.10029051249999976,2.9011997637910993e-05,9.174399200722372e-06,0.11150258333333338,3.316244777431023e-05,1.0486886775320183e-05,0.1114958449138415,3.225347152639383e-05,1.0199443247079211e-05,0.12362500000000001,0.003839216499929814,0.0012140668570277886,0.12144999999999999,0.003562536549520112,0.0011265729744080791,0.9793958333333332,0.0006398694166549422,0.00020234447617128963,0.8951088611111105,0.0006697262252112377,0.00021178602804143936,0.8871249999999999,0.004247957025310978,0.0013433219602496228,0.0010233194444444443,8.17277279179533e-05,2.5844576821126327e-05,0.00155,0.0005749396103553447,0.0001818118685772619,173.7,43.12011647067346,13.635778101906926,173.7,43.12011647067346,13.635778101906926
0.9,0.9,two-g,baseline2_matched_0.500,10,0.5,0.10035897499999971,4.3930097566798514e-05,1.3891916614450421e-05,0.10029237499999968,4.2718311842500675e-05,1.350871632196462e-05,0.11150997222222228,4.881121951852543e-05,1.5435462904900772e-05,0.11149791550861628,4.749117492202113e-05,1.5018028151105618e-05,0.1332,0.00606309418623124,0.001917318729661583,0.13010000000000002,0.005450789952943625,0.0017236911298463876,0.9778,0.0010105156977051996,0.00031955312161026156,0.894942847222222,0.0007199852918753243,0.0002276793404147148,0.879325,0.004948414448644679,0.0015648260464203494,0.0010121388888888888,9.474883319766132e-05,2.9962211854798446e-05,0.001275,0.0005945352993912323,0.00018800856954464127,261.8,100.51622312398686,31.78602068694839,261.6,100.40274453973413,31.750135607759393
0.9,0.9,two-g,baseline2_matched_0.650,10,0.65,0.10037732499999978,3.897146391910189e-05,1.2323858973543394e-05,0.10030601249999974,3.5667808100845235e-05,1.1279151274447563e-05,0.11153036111111123,4.3301626576837884e-05,1.3693176637288781e-05,0.11151307670928338,3.9652927293928085e-05,1.2539356614186977e-05,0.142625,0.009756230203197222,0.003085190881903058,0.13979999999999998,0.008243515970479797,0.0026068286394689516,0.9762291666666666,0.0016260383671995219,0.0005141984803171716,0.8949165833333327,0.0008320427897940343,0.0002631150326469849,0.8722999999999999,0.008789829981922933,0.0027795882988513117,0.0010415694444444444,9.692262148692887e-05,3.064962406930709e-05,0.001225,0.0008932618130574409,0.00028247418761130486,339.8,154.5256541088818,48.86530239114231,339.2,153.97893073765357,48.692413280829605
0.9,0.9,two-g,baseline2_matched_0.800,10,0.8,0.10042786249999973,4.764806783128322e-05,1.5067642045305452e-05,0.10035018749999976,4.3886701114568406e-05,1.3878193451308637e-05,0.11158651388888896,5.294229759021916e-05,1.6741824494753627e-05,0.11156218732629289,4.879010685338172e-05,1.5428786493967713e-05,0.15535000000000002,0.009691204488836489,0.0030646279455171146,0.15205,0.00891456361491938,0.0028190325369609423,0.9741083333333332,0.0016152007481393948,0.0005107713242528461,0.8952347222222219,0.0010171094377542111,0.00032163824529565625,0.8647750000000001,0.008057475824764628,0.002547997579799997,0.001099361111111111,0.00012230293701265087,3.867558454880863e-05,0.00135,0.0008432740427115678,0.0002666666666666666,555.6,207.48825937333848,65.61354873635305,552.8,205.5403718115846,64.99757260424765
0.9,0.9,two-g,baseline2_matched_0.950,10,0.95,0.10043823749999974,4.114837861329013e-05,1.301225984409577e-05,0.10034014999999978,3.0365241916826057e-05,9.60233261591875e-06,0.11159804166666669,4.572042068144384e-05,1.445806649344302e-05,0.11155102834908318,3.375791208094144e-05,1.0675189122748936e-05,0.19617500000000002,0.027416299389637223,0.008669795108433777,0.19019999999999998,0.03016731122699978,0.009539741436048814,0.9673041666666666,0.004569383231606205,0.0014449658514056297,0.8946199999999995,0.0007048550553177485,0.00022289473950880633,0.8369500000000001,0.01869075826296099,0.005910536730656908,0.0011008749999999999,8.372359876025993e-05,2.64757265988471e-05,0.00115,0.0005163977794943223,0.00016329931618554522,795.6,231.83528635649924,73.31275468838966,795.4,231.60464397570078,73.23981916356095
