requested_density,av_fraction,treatment_mode,comparison_mode,runs,pv_speed_win_rate,pv_speed_tie_rate,pv_speed_delta_valid_runs,pv_speed_delta_mean,pv_speed_delta_std,pv_speed_delta_ci_low,pv_speed_delta_ci_high,pv_speed_ratio_valid_runs,pv_speed_ratio_mean,pv_speed_ratio_std,pv_speed_ratio_ci_low,pv_speed_ratio_ci_high,priority_time_loss_delta_valid_runs,priority_time_loss_delta_mean,priority_time_loss_delta_std,priority_time_loss_delta_ci_low,priority_time_loss_delta_ci_high,background_flow_delta_valid_runs,background_flow_delta_mean,background_flow_delta_std,background_flow_delta_ci_low,background_flow_delta_ci_high,background_flow_ratio_valid_runs,background_flow_ratio_mean,background_flow_ratio_std,background_flow_ratio_ci_low,background_flow_ratio_ci_high,all_speed_delta_valid_runs,all_speed_delta_mean,all_speed_delta_std,all_speed_delta_ci_low,all_speed_delta_ci_high,priority_stopped_delta_valid_runs,priority_stopped_delta_mean,priority_stopped_delta_std,priority_stopped_delta_ci_low,priority_stopped_delta_ci_high,completed_priority_laps_delta_valid_runs,completed_priority_laps_delta_mean,completed_priority_laps_delta_std,completed_priority_laps_delta_ci_low,completed_priority_laps_delta_ci_high,priority_lap_time_delta_valid_runs,priority_lap_time_delta_mean,priority_lap_time_delta_std,priority_lap_time_delta_ci_low,priority_lap_time_delta_ci_high,pv_speed_advantage
0.05,0.9,baseline2_matched,baseline1_hdv,30,0.9333333333333333,0.0,30,0.40833333333333327,0.22993711034246658,0.32321083333333334,0.48673333333333324,30,1.0771869350430139,0.044402524840740205,1.0616876718529111,1.09238331668466,30,-0.06805555555555556,0.03832285172374444,-0.08132250000000005,-0.05438583333333336,30,-0.0016763916666576617,0.0010454590780991637,-0.002069793229157821,-0.001320180937490827,30,0.9932510984949057,0.004217237599517013,0.9916772475122336,0.994686274906331,30,-0.0314861666666667,0.020534638909489294,-0.039053589583327546,-0.024558747916664153,30,-0.0016333333333333332,0.0023302113761354925,-0.002416666666666667,-0.0008,30,0.7666666666666667,0.43018306715207627,0.6,0.9,30,-13.09848484848485,7.601428929029423,-15.733954545454544,-10.301848484848488,True
0.05,0.9,graph_ppo,baseline1_hdv,30,0.9666666666666667,0.0,30,0.48710000000000003,0.19606176014996757,0.4153645833333334,0.5540533333333334,30,1.0921669000278547,0.03862271485222717,1.078205008993912,1.105471441768375,30,-0.08118333333333336,0.03267696002499459,-0.09240284722222224,-0.06918611111111116,30,-0.007152262499990818,0.0020037569842924563,-0.007828086770823436,-0.0064113535416575424,30,0.9712161319283019,0.008061694703002588,0.9684540651767275,0.9742104030429454,30,-0.14060974999997858,0.03964142708744991,-0.15389778958330827,-0.12589287499998214,30,-0.002633333333333334,0.0022203344472108847,-0.0034166666666666672,-0.0018666666666666666,30,0.8333333333333334,0.3790490217894517,0.7,0.9666666666666667,30,-15.656969696969698,6.6256730714443455,-17.907893939393944,-13.286575757575763,True
0.05,0.9,graph_ppo,baseline2_matched,30,0.5666666666666667,0.0,30,0.07876666666666673,0.25586606589808064,-0.00621708333333329,0.1725695833333333,30,1.0151698179751933,0.047641872664632746,0.9991605950237631,1.0327769719790039,30,-0.013127777777777778,0.04264434431634678,-0.028713888888888903,0.0009891666666666616,30,-0.005475870833333157,0.0021568058335271383,-0.006201067916666225,-0.004684509062500053,30,0.9778287311305192,0.008716123245355572,0.9749340572866774,0.9811103460848584,30,-0.10912358333331189,0.04261244822111251,-0.12296229791663248,-0.09304635208331456,30,-0.001,0.0023744327816307537,-0.0019500000000000001,-0.00028333333333333335,30,0.06666666666666667,0.3651483716701107,-0.06666666666666667,0.2,30,-2.5584848484848512,8.419670776779855,-5.69061363636364,0.27433333333332793,False
0.05,0.9,graph_ppo,grid_cnn_ppo,30,0.5333333333333333,0.0,30,-0.029116666666666634,0.1756498615159565,-0.09216666666666659,0.02836666666666667,30,0.9951015661544536,0.03018429633774156,0.983627827678616,1.0048115229360042,30,0.0048527777777777874,0.029274976919326078,-0.004352847222222195,0.015872361111111125,30,-0.0035199250000008298,0.00248304266727347,-0.004364153750000748,-0.0026141470833341207,30,0.9856482930314219,0.01011014367994482,0.9822068465587026,0.9893270133472362,30,-0.07054408333332898,0.04898389178615542,-0.08709088124999148,-0.05269547291666086,30,0.00015000000000000001,0.001320592865814964,-0.00028333333333333335,0.0006333333333333333,30,-0.06666666666666667,0.2537081317024624,-0.16666666666666666,0.0,30,1.02181818181818,5.83106459701556,-0.8181818181818187,3.271515151515149,False
0.05,0.9,graph_ppo,left_if_safe,30,0.5,0.0,30,0.008516666666666744,0.22456745716174453,-0.07003666666666648,0.08747000000000006,30,1.0022704370346494,0.03992411765857154,0.9883567992134414,1.0168281842042821,30,-0.0014194444444444473,0.03742790952695743,-0.014575416666666674,0.012144791666666694,30,0.0014859291666671798,0.0018625971612253305,0.0008760346875006345,0.0021728910416673446,30,1.0062072169323544,0.007783068272858924,1.0035883346879861,1.009089254490067,30,0.029761166666664264,0.0365133196040156,0.017585589583333065,0.043560358333326235,30,-0.0002,0.0015734872319041924,-0.00075,0.00036666666666666667,30,0.03333333333333333,0.31984191497474607,-0.06666666666666667,0.13333333333333333,30,-0.3854545454545492,6.802733847710994,-2.7372878787878836,2.0103863636363597,False
0.05,0.9,graph_ppo,node_mlp_ppo,30,0.5,0.0,30,-0.01201666666666652,0.16008825601100066,-0.06931958333333327,0.044117500000000136,30,0.9983384419372219,0.028216462110570502,0.9886582752562251,1.0084234889163883,30,0.002002777777777761,0.02668137600183344,-0.007580763888888908,0.011408611111111088,30,0.0005057916666666689,0.001993521663049763,-0.00016897520833345569,0.0012507032291665635,30,1.0021196354233348,0.008292151182005054,0.9993013235160667,1.0051609274782085,30,0.010055749999996403,0.03938597617757748,-0.003210854166663607,0.024020968749994123,30,-1.6666666666666654e-05,0.0012627510561805354,-0.00048333333333333334,0.00040000000000000013,30,0.0,0.2626128657194451,-0.1,0.1,30,0.22969696969697015,5.286982639270451,-1.682507575757572,2.098484848484847,False
0.05,0.9,graph_ppo,noop,30,0.9666666666666667,0.0,30,0.4864500000000002,0.18361538465705585,0.4207500000000003,0.5490679166666667,30,1.091916134975925,0.0362079249674986,1.0788508185680639,1.104188398108035,30,-0.08107500000000002,0.03060256410950932,-0.09163902777777784,-0.07031374999999998,30,-0.007132024999991324,0.0020104733714112525,-0.007785367395823865,-0.006371098645824295,30,0.9712957945784859,0.008087091584777727,0.9686085126251881,0.9743110972261694,30,-0.14020824999998208,0.03973625660347942,-0.1533964333333118,-0.12576351666664734,30,-0.002633333333333334,0.002169273409793422,-0.0034000000000000002,-0.0018666666666666666,30,0.9333333333333333,0.2537081317024624,0.8333333333333334,1.0,30,-15.521212121212125,6.348981034669137,-17.712742424242425,-13.238424242424246,True
0.05,0.9,grid_cnn_ppo,baseline1_hdv,30,1.0,0.0,30,0.5162166666666667,0.15383481307117602,0.4614154166666667,0.5705391666666666,30,1.0978071040129342,0.031274932691342607,1.0866429411424818,1.1087641599454934,30,-0.08603611111111115,0.025639135511862674,-0.09510319444444446,-0.07701097222222228,30,-0.0036323374999899885,0.000955935289180339,-0.003976695416657285,-0.0032986243749896726,30,0.9853822048824531,0.0038451762380913076,0.984011443803635,0.9867355909102754,30,-0.07006566666664961,0.019173654427604808,-0.07703332708331853,-0.06350500833331899,30,-0.002783333333333334,0.0020831149310808453,-0.0035333333333333336,-0.0020833333333333333,30,0.9,0.3051285766293646,0.7666666666666667,1.0,30,-16.67878787878788,5.206031167844289,-18.508810606060607,-14.81877272727273,True
0.05,0.9,grid_cnn_ppo,baseline2_matched,30,0.5,0.0,30,0.10788333333333337,0.24498798997070248,0.028494583333333365,0.1987666666666666,30,1.0205619483929846,0.04636589653215069,1.0057496540080253,1.0379378911250263,30,-0.017980555555555566,0.040831331661783765,-0.033078263888888904,-0.004661111111111123,30,-0.001955945833332327,0.0014518712203924287,-0.002466285729165223,-0.0014387676041664028,30,0.9920957868381629,0.0058787672079708125,0.9901118827913519,0.9942896541775557,30,-0.038579499999982905,0.028463413285510143,-0.04832763958331491,-0.028291764583323116,30,-0.0011500000000000002,0.0024359024384517486,-0.0021,-0.0004,30,0.13333333333333333,0.34574590364176044,0.03333333333333333,0.26666666666666666,30,-3.580303030303031,8.038277295004098,-6.561515151515154,-0.9566363636363647,True
0.05,0.9,grid_cnn_ppo,left_if_safe,30,0.4,0.03333333333333333,30,0.03763333333333338,0.18696730920843796,-0.023017499999999823,0.10766666666666672,30,1.0074404335215463,0.034318171154401486,0.9963282472430373,1.0204690274408803,30,-0.006272222222222235,0.031161218201406337,-0.017958750000000002,0.0035834027777777635,30,0.005005854166668009,0.0017760447620644149,0.004299375520834719,0.005550320937501175,30,1.0209068017773597,0.007392413460873158,1.0180339931016753,1.0232197575573805,30,0.10030524999999324,0.034989641954669866,0.08698273124999499,0.11143293124999,30,-0.0003500000000000001,0.0014689311150253629,-0.0009000000000000001,0.00013333333333333334,30,0.1,0.30512857662936466,0.0,0.23333333333333334,30,-1.4072727272727292,5.741049956449674,-3.644924242424242,0.4109848484848459,False
0.05,0.9,grid_cnn_ppo,noop,30,1.0,0.0,30,0.5155666666666668,0.14206007309520888,0.46668250000000006,0.5660170833333334,30,1.097578449586017,0.029009195123770898,1.0874596826200857,1.1079283194741143,30,-0.0859277777777778,0.023676678849201493,-0.09468902777777777,-0.07798041666666669,30,-0.003612099999990494,0.0009549844828575101,-0.003958030208323137,-0.003274153958324773,30,0.9854628049961357,0.003839775005248618,0.9841068935108046,0.9868305449569023,30,-0.06966416666665311,0.01914443969575403,-0.07649174166665425,-0.06301115833332271,30,-0.002783333333333334,0.0019461869586863743,-0.003466666666666668,-0.0021333333333333334,30,1.0,0.0,1.0,1.0,30,-16.543030303030303,5.153714657374813,-18.357015151515157,-14.754780303030307,True
0.05,0.9,left_if_safe,baseline1_hdv,30,0.9666666666666667,0.0,30,0.4785833333333334,0.22120925821389176,0.3994320833333332,0.5539837499999998,30,1.090703967775495,0.04342993867513214,1.0748844693289281,1.1056573885289063,30,-0.07976388888888891,0.03686820970231531,-0.09253340277777779,-0.06662222222222221,30,-0.008638191666657998,0.0014121746011866564,-0.009055771458323867,-0.008086143333324766,30,0.9652364750952661,0.005673757762489857,0.9635476225311986,0.9674901501181761,30,-0.17037091666664284,0.027699331075291312,-0.1785292249999701,-0.15906074374997248,30,-0.002433333333333334,0.002192201433818704,-0.0032333333333333333,-0.0016666666666666668,30,0.8,0.4068381021724863,0.6666666666666666,0.9333333333333333,30,-15.271515151515151,7.221223087947943,-17.735219696969697,-12.731068181818182,True
0.05,0.9,left_if_safe,baseline2_matched,30,0.6333333333333333,0.0,30,0.07024999999999999,0.29680836003422634,-0.034152083333333395,0.17590125000000004,30,1.01400641433132,0.054731858759570394,0.9957205181956278,1.0344939620434876,30,-0.011708333333333331,0.04946806000570441,-0.029022430555555572,0.0056200000000000165,30,-0.006961800000000336,0.0017870470527509717,-0.007528995833333744,-0.0062774830208347935,30,0.9718128017726902,0.0071690320099726985,0.9695034666017958,0.9744397235463046,30,-0.13888474999997616,0.03490479795684812,-0.1499794062499736,-0.12543835208331378,30,-0.0008000000000000001,0.0027593102586422344,-0.00185,6.666666666666666e-05,30,0.03333333333333333,0.49013251785356104,-0.13333333333333333,0.2,30,-2.173030303030302,9.602199592259808,-5.590916666666666,1.0531666666666666,False
0.05,0.9,left_if_safe,noop,30,0.9666666666666667,0.0,30,0.4779333333333334,0.2292892967610905,0.3943991666666665,0.5568020833333334,30,1.0905958598362944,0.044667011984197175,1.0743874766850896,1.1058826908976003,30,-0.07965555555555556,0.038214882793515106,-0.09271125000000002,-0.0657190277777778,30,-0.008617954166658504,0.0014287794233554104,-0.009053997395824357,-0.008047024791658874,30,0.9653158055323828,0.005736598154701872,0.9635792188304901,0.9676439180198482,30,-0.16996941666664636,0.027987493371296548,-0.1784371999999809,-0.15873046458331586,30,-0.0024333333333333342,0.002284631311587289,-0.003233333333333334,-0.0016162500000000061,30,0.9,0.30512857662936466,0.7666666666666667,1.0,30,-15.135757575757577,7.754213751953889,-17.802757575757575,-12.33931818181818,True
0.05,0.9,node_mlp_ppo,baseline1_hdv,30,0.9333333333333333,0.0,30,0.4991166666666665,0.21675397953365963,0.4210304166666666,0.5730012499999999,30,1.0945499601933644,0.042470442083002366,1.079167044271508,1.1090690434901982,30,-0.08318611111111111,0.03612566325560993,-0.09535312500000004,-0.07004333333333335,30,-0.007658054166657487,0.0014783921498703358,-0.008130181458324148,-0.0070925340624906,30,0.9691792172713458,0.005950830985827957,0.9672918348261373,0.971435059140604,30,-0.15066549999997497,0.028894095517520486,-0.15969983124997325,-0.1397394437499825,30,-0.0026166666666666673,0.002184125064837308,-0.0034000000000000002,-0.0018666666666666669,30,0.8333333333333334,0.3790490217894517,0.7,0.9666666666666667,30,-15.886666666666667,7.243731671096464,-18.36578030303031,-13.240878787878794,True
0.05,0.9,node_mlp_ppo,baseline2_matched,30,0.6333333333333333,0.0,30,0.09078333333333326,0.26506413288151587,0.000999583333333313,0.1855504166666666,30,1.01732283347757,0.04913651019603775,1.000690873972622,1.0353106539970978,30,-0.01513055555555554,0.04417735548025266,-0.030736458333333324,-0.00024118055555554318,30,-0.005981662499999826,0.001823409615001874,-0.006594899479166067,-0.0052874590624998165,30,0.9757818902367948,0.007326939876500784,0.9733379397921539,0.9784482309662277,30,-0.11917933333330828,0.035712935874331705,-0.1308632541666447,-0.10610065624997694,30,-0.0009833333333333335,0.0025409858707600673,-0.001966666666666667,-0.00016666666666666663,30,0.06666666666666667,0.36514837167011077,-0.06666666666666667,0.2,30,-2.788181818181821,8.70655199214399,-5.990924242424241,0.18335606060605553,True
0.05,0.9,node_mlp_ppo,grid_cnn_ppo,30,0.6666666666666666,0.0,30,-0.017100000000000115,0.16630312995997032,-0.08152041666666675,0.03628374999999987,30,0.9970973730801543,0.02871734562881688,0.9860676400221925,1.0063210874053563,30,0.0028500000000000266,0.027717188326661715,-0.0060891666666666264,0.013419791666666703,30,-0.0040257166666674985,0.0018757070534495535,-0.004647275416667455,-0.0033308417708341645,30,0.9835745166556727,0.00762570991077746,0.9810806954826379,0.9863734012273291,30,-0.08059983333332538,0.03699352632633383,-0.0927393374999861,-0.06705596874999362,30,0.00016666666666666663,0.001227088882859258,-0.00023333333333333336,0.0006166666666666667,30,-0.06666666666666667,0.2537081317024625,-0.16666666666666666,0.0,30,0.7921212121212098,5.527359208474849,-0.9424242424242436,2.9085378787878744,False
0.05,0.9,node_mlp_ppo,left_if_safe,30,0.5,0.03333333333333333,30,0.02053333333333326,0.2593525071953339,-0.07252000000000007,0.10856958333333319,30,1.0045852132493964,0.04610502535010527,0.9883028387308767,1.0206972162247157,30,-0.003422222222222208,0.043225417865889,-0.018169999999999988,0.011958333333333345,30,0.000980137500000511,0.0022016872153253863,0.00018706197916738132,0.001744107395833991,30,1.0041232455524594,0.00911943232307627,1.0008465625514789,1.00737055154451,30,0.01970541666666786,0.04303822240713905,0.004091206250002422,0.03456442499999973,30,-0.0001833333333333334,0.0019319604717405107,-0.0008833333333333334,0.0005,30,0.03333333333333333,0.4138409933973337,-0.1,0.16666666666666666,30,-0.6151515151515193,8.163830569749582,-3.381257575757579,2.3254848484848463,False
0.05,0.9,node_mlp_ppo,noop,30,0.9666666666666667,0.0,30,0.49846666666666667,0.1982000875697175,0.42849708333333325,0.5650845833333333,30,1.0942503129603514,0.039007935227285476,1.0804273572501673,1.1078453475813215,30,-0.08307777777777776,0.03303334792828625,-0.09440354166666669,-0.07106937499999998,30,-0.007637816666657993,0.001474795274999987,-0.008098783645825084,-0.007074570416657112,30,0.9692584169000359,0.005934772691906778,0.9673943970842759,0.9714459375905844,30,-0.1502639999999785,0.02883196166044759,-0.15942401249997254,-0.13940488958331107,30,-0.0026166666666666673,0.001976950513627828,-0.003333333333333334,-0.0019500000000000003,30,0.9333333333333333,0.2537081317024625,0.8333333333333334,1.0,30,-15.750909090909094,6.721613988756725,-18.048803030303034,-13.309075757575762,True
0.05,0.9,noop,baseline1_hdv,30,0.3333333333333333,0.3333333333333333,30,0.0006499999999999358,0.07429497940989852,-0.023700416666666762,0.028133333333333226,30,1.0002459289130496,0.01400220339701771,0.9957374332701179,1.005488760697724,30,-0.0001083333333333362,0.012382496568316408,-0.004852986111111107,0.003925069444444447,30,-2.0237499999494386e-05,0.00011239695639857301,-6.670156249855076e-05,8.77927083330394e-06,30,0.9999182900485134,0.00045313416657344894,0.9997281595929809,1.0000370446574613,30,-0.00040149999999649445,0.0022844951151215907,-0.0013454937499922045,0.00023641875000729597,30,0.0,0.0010667385033281394,-0.0003833333333333334,0.00036666666666666667,30,-0.1,0.30512857662936466,-0.23333333333333334,0.0,30,-0.1357575757575745,2.449935219170586,-1.0864090909090889,0.6533484848484863,False
0.05,0.9,noop,baseline2_matched,30,0.06666666666666667,0.0,30,-0.40768333333333334,0.2198455760274711,-0.4838004166666668,-0.3304329166666667,30,0.9299663030557805,0.03714681487417572,0.9170692983945605,0.9433114443940885,30,0.06794722222222221,0.03664092933791184,0.05451638888888892,0.08094243055555556,30,0.0016561541666581673,0.001031198338143498,0.0013101827083249558,0.002030726666657843,30,1.0067297618100468,0.004231293066378309,1.0053099259065277,1.0082505096158614,30,0.031084666666670202,0.02025538680727743,0.02422306875001458,0.038564333333330765,30,0.0016333333333333334,0.0021969152877635485,0.0008666666666666665,0.002416666666666667,30,-0.8666666666666667,0.34574590364176044,-0.9666666666666667,-0.7333333333333333,30,12.962727272727273,7.302261875484039,10.288462121212117,15.474250000000001,False
0.05,0.95,baseline2_matched,baseline1_hdv,30,0.9666666666666667,0.0,30,0.5158166666666666,0.21105582213592508,0.43958125000000015,0.5882679166666664,30,1.0974213349041377,0.04124391697946104,1.082561167169458,1.1115562550510065,30,-0.08596944444444446,0.03517597035598752,-0.09814451388888887,-0.07295534722222223,30,-0.003261599999990065,0.0015535591514555457,-0.003818705937490407,-0.0027246106249912815,30,0.9868707760325486,0.006262980268407823,0.984554943210814,0.98906723621127,30,-0.06265291666665446,0.030510065524535793,-0.07357170624999519,-0.05210466249998318,30,-0.0020166666666666666,0.002163503438045981,-0.0027666666666666673,-0.0012333333333333335,30,0.8666666666666667,0.34574590364176044,0.7333333333333333,0.9666666666666667,30,-16.298787878787877,6.8788807988605285,-18.64484848484848,-13.761151515151516,True
0.05,0.95,graph_ppo,baseline1_hdv,30,1.0,0.0,30,0.5939833333333335,0.14733866005609805,0.5427991666666666,0.6452670833333334,30,1.1124181789308305,0.03046989180805669,1.1017855847655682,1.1234017450714442,30,-0.09899722222222222,0.024556443342683018,-0.10789458333333334,-0.09029145833333337,30,-0.008333791666657623,0.0015293960649979637,-0.008849550520824041,-0.007807057604158335,30,0.9664641829373514,0.006137187475860615,0.9643533375343246,0.9686241520476865,30,-0.16370591666664785,0.03036254333398788,-0.1740100354166512,-0.1525477645833197,30,-0.0028500000000000005,0.0019920099016510593,-0.003566666666666667,-0.002133333333333334,30,0.9,0.3051285766293646,0.7666666666666667,1.0,30,-18.8,5.1318472667584345,-20.629704545454548,-16.999984848484843,True
0.05,0.95,graph_ppo,baseline2_matched,30,0.4666666666666667,0.0,30,0.07816666666666672,0.19996863259768652,0.014931250000000031,0.1552845833333334,30,1.0146493103895458,0.03793002553175532,1.0029309873452739,1.0295325583907111,30,-0.013027777777777794,0.033328105432947765,-0.02578611111111113,-0.0025305555555555797,30,-0.005072191666667557,0.002122971535325098,-0.00577250416666827,-0.004277748645834264,30,0.9793583337510608,0.008612336814409188,0.9764995464322562,0.9825079771369407,30,-0.10105299999999341,0.042169759206702975,-0.11508000416666138,-0.08592855833333118,30,-0.0008333333333333334,0.0022412024687089574,-0.0017170833333333298,-0.0002,30,0.03333333333333333,0.18257418583505533,0.0,0.1,30,-2.50121212121212,6.459423620573423,-4.998818181818174,-0.5121212121212086,True
0.05,0.95,graph_ppo,grid_cnn_ppo,30,0.5333333333333333,0.0,30,0.016050000000000016,0.09100240144614602,-0.014783333333333341,0.048983333333333365,30,1.0028572828633877,0.015649239374552676,0.9975190938026821,1.0084799473507626,30,-0.002675000000000005,0.01516706690769101,-0.008122361111111118,0.0025056250000000113,30,-0.004199808333334131,0.0018365961997691012,-0.004841846041667583,-0.0035418823958341455,30,0.9828306204601269,0.007477013950568774,0.9801785532024464,0.9855088236779451,30,-0.08391591666667221,0.0365431684879558,-0.09673810000000506,-0.07125833541667193,30,1.6666666666666667e-05,0.0007821646944188943,-0.00025000000000000006,0.00030000000000000003,30,0.0,0.0,0.0,0.0,30,-0.45454545454545137,2.7764633855535465,-1.469696969696965,0.46666666666666395,False
0.05,0.95,graph_ppo,left_if_safe,30,0.3,0.03333333333333333,30,0.007883333333333405,0.12314546229990557,-0.023467083333333204,0.05870000000000004,30,1.0017834481074055,0.02311298093363106,0.9960597047973062,1.0110103511423587,30,-0.0013138888888889033,0.020524243716650927,-0.009811805555555539,0.003844583333333333,30,0.0013936625000000407,0.0017241687468513556,0.0007622397916666376,0.0019925972916667242,30,1.0058534315741718,0.007191535084627457,1.00320768050933,1.0082779770792107,30,0.027912666666664757,0.03406868307332285,0.015725099999996064,0.039420343749997915,30,-6.666666666666666e-05,0.0009259974429596532,-0.00043333333333333337,0.0002,30,0.03333333333333333,0.18257418583505533,0.0,0.1,30,-0.3363636363636355,4.112076896597848,-1.9879545454545482,0.6666666666666647,False
0.05,0.95,graph_ppo,node_mlp_ppo,30,0.4666666666666667,0.0,30,0.03813333333333334,0.15810962659809324,-0.013483750000000011,0.09696708333333326,30,1.0071654307861027,0.028444816406977737,0.9979711807892184,1.0178666355644812,30,-0.006355555555555559,0.026351604433015558,-0.0161032638888889,0.0021639583333333237,30,8.556666666673004e-05,0.0020866445959894894,-0.000651238333333383,0.0008337376041668932,30,1.0004014776430128,0.008656288483142103,0.997365718675132,1.0034159258294653,30,0.0019019999999951114,0.041230803189335294,-0.012558218750007719,0.016509402083328285,30,-0.00018333333333333334,0.0011779828853429573,-0.0006166666666666667,0.00021666666666666668,30,0.06666666666666667,0.2537081317024625,0.0,0.16666666666666666,30,-1.195757575757575,4.826768083318436,-3.0391666666666657,0.403030303030305,False
0.05,0.95,graph_ppo,noop,30,1.0,0.0,30,0.5859000000000002,0.1413429675744733,0.5361829166666668,0.6363833333333334,30,1.1106689489402215,0.0292723212561125,1.1002858990417306,1.1212082612700303,30,-0.09765000000000003,0.023557161262412227,-0.10601111111111111,-0.08956111111111115,30,-0.008314916666658106,0.0015634284411685023,-0.008846768958323932,-0.007753700729159257,30,0.9665387731366258,0.0062692709395767805,0.9644383450703746,0.9687925130417675,30,-0.16336883333331534,0.03108237213668792,-0.17404495416664542,-0.15212733541664825,30,-0.002783333333333334,0.001959430482587212,-0.0034833333333333335,-0.002116666666666667,30,1.0,0.0,1.0,1.0,30,-18.45090909090909,5.191293981305816,-20.350969696969692,-16.626628787878786,True
0.05,0.95,grid_cnn_ppo,baseline1_hdv,30,1.0,0.0,30,0.5779333333333333,0.15465666832526573,0.5225641666666665,0.631485,30,1.1094128495665851,0.03159289410526547,1.0983024412791886,1.1205530328959958,30,-0.09632222222222224,0.0257761113875443,-0.10529722222222222,-0.08714986111111113,30,-0.004133983333323491,0.0009934860903809887,-0.0045010561458237045,-0.003789342395823434,30,0.9833638550475972,0.003992835784523069,0.9819492323585204,0.9847233613414805,30,-0.07978999999997566,0.019562345801975186,-0.08681291874997485,-0.07308918124998626,30,-0.0028666666666666675,0.0020882814801242394,-0.003616666666666667,-0.00215,30,0.9,0.3051285766293646,0.7666666666666667,1.0,30,-18.345454545454547,5.350457215929564,-20.22152272727273,-16.439954545454547,True
0.05,0.95,grid_cnn_ppo,baseline2_matched,30,0.5,0.0,30,0.0621166666666667,0.2235662627736454,-0.010316666666666575,0.14606666666666662,30,1.0120300617944376,0.042108198807178594,0.9989004146791188,1.028169158297562,30,-0.010352777777777789,0.03726104379560759,-0.024439236111111123,0.0014806249999999947,30,-0.0008723833333334263,0.0016571328577145983,-0.0014462043750004124,-0.0002834431249997213,30,0.9964800830454447,0.006772490939653546,0.9941537245793324,0.9989383737901363,30,-0.01713708333332121,0.032594068909127,-0.028102570833321027,-0.005234268749984916,30,-0.0008500000000000001,0.0023494313325157844,-0.0017666666666666668,-0.00015000000000000001,30,0.03333333333333333,0.18257418583505533,0.0,0.1,30,-2.0466666666666686,7.166370726071188,-4.805530303030306,0.17886363636363273,False
0.05,0.95,grid_cnn_ppo,left_if_safe,30,0.43333333333333335,0.0,30,-0.00816666666666661,0.15442129639919877,-0.054900416666666674,0.05350125000000011,30,0.9991706442082668,0.028227777475898823,0.9907916551055851,1.0105240593857263,30,0.0013611111111111018,0.0257368827331998,-0.008486180555555538,0.009150208333333328,30,0.005593470833334171,0.0012627576092945263,0.005126490208334287,0.006023787500000879,30,1.023441672005398,0.005326346624233526,1.0214791656294564,1.025182245353824,30,0.11182858333333696,0.024801095035294686,0.10286718333333501,0.12026696041666955,30,-8.333333333333329e-05,0.0012531569330497176,-0.0005833333333333333,0.00030000000000000003,30,0.03333333333333333,0.18257418583505533,0.0,0.1,30,0.11818181818181586,5.018810441749489,-1.8970454545454547,1.621212121212115,False
0.05,0.95,grid_cnn_ppo,noop,30,1.0,0.0,30,0.5698500000000001,0.16162446628975538,0.5120495833333333,0.6264854166666666,30,1.1077342047953067,0.03275682955745814,1.0964135205010177,1.1192455068695686,30,-0.09497499999999999,0.026937411048292573,-0.10430020833333334,-0.08515520833333334,30,-0.0041151083333239745,0.001021489018230302,-0.004484138541655824,-0.0037676595833247453,30,0.9834393574663033,0.004103062767579136,0.9819725931486161,0.9848460464895387,30,-0.07945291666664313,0.020040497534125977,-0.08664599791664863,-0.07264119166664273,30,-0.002800000000000001,0.00204939015319192,-0.00355,-0.0020833333333333337,30,1.0,0.0,1.0,1.0,30,-17.996363636363636,5.7550035721711295,-20.04425757575758,-16.012674242424243,True
0.05,0.95,left_if_safe,baseline1_hdv,30,1.0,0.0,30,0.5861,0.1725184847667255,0.5242658333333333,0.64470375,30,1.1108351958875293,0.034738330801382875,1.0984501926199646,1.12277059583484,30,-0.09768333333333334,0.028753080794454256,-0.10733895833333336,-0.08726652777777778,30,-0.009727454166657663,0.0009894345936819675,-0.010022288645824889,-0.0093392344791572,30,0.9608529662200543,0.003968095630620811,0.9596540290131838,0.9624362999385947,30,-0.19161858333331264,0.019246749811636987,-0.19753186874997922,-0.18423175416664087,30,-0.002783333333333334,0.0017988661818573069,-0.0034333333333333342,-0.002166666666666667,30,0.8666666666666667,0.34574590364176044,0.7333333333333333,0.9666666666666667,30,-18.46363636363636,5.996670017323425,-20.443659090909094,-16.259583333333335,True
0.05,0.95,left_if_safe,baseline2_matched,30,0.6666666666666666,0.0,30,0.07028333333333331,0.2207916275950969,-0.004600416666666661,0.1524424999999999,30,1.0132211041686743,0.04103987489079623,0.9995983463371424,1.0283014669048882,30,-0.01171388888888889,0.03679860459918283,-0.02522229166666667,0.0007500694444444491,30,-0.006465854166667598,0.0017464637738728117,-0.007065083020834405,-0.0058565248958343695,30,0.9736712554704832,0.006991115049561562,0.9713125696652749,0.9762040580435801,30,-0.12896566666665818,0.03422005123999035,-0.14066973749999356,-0.11650656458332476,30,-0.0007666666666666668,0.002369829520033665,-0.0017000000000000001,-6.666666666666667e-05,30,0.0,0.2626128657194451,-0.1,0.1,30,-2.1648484848484846,7.253900291600815,-4.826772727272725,0.31219696969697086,False
0.05,0.95,left_if_safe,noop,30,1.0,0.0,30,0.5780166666666666,0.1652192108796013,0.5183833333333333,0.6341504166666668,30,1.1090758057173034,0.03326241439167788,1.0972639023585646,1.120778078847986,30,-0.09633611111111111,0.027536535146600226,-0.10557499999999999,-0.08653027777777778,30,-0.00970857916665815,0.0010051829352296854,-0.01001578510415751,-0.009322271874992547,30,0.9609265452605827,0.004026273753226736,0.9596975971184794,0.9625112556516232,30,-0.1912814999999801,0.019573438289311258,-0.19728679999998436,-0.18353466874998398,30,-0.002716666666666667,0.0017698788840956933,-0.0033666666666666667,-0.0021333333333333334,30,0.9666666666666667,0.18257418583505533,0.9,1.0,30,-18.114545454545453,5.950061294649691,-20.120015151515155,-16.010295454545457,True
0.05,0.95,node_mlp_ppo,baseline1_hdv,30,0.9666666666666667,0.0,30,0.5558500000000001,0.2019164281714521,0.480214166666667,0.6225029166666667,30,1.105222505012492,0.03955189347916242,1.0905828504477093,1.118275626719574,30,-0.09264166666666668,0.03365273802857536,-0.10375555555555555,-0.08000000000000003,30,-0.008419358333324353,0.0016889142275534604,-0.008954873124992366,-0.007778709895824031,30,0.9661154213609623,0.0067978348483603655,0.963936699799818,0.9687441209097559,30,-0.16560791666664298,0.03313034003855046,-0.17633475833330833,-0.15291597916664673,30,-0.002666666666666667,0.002210216611842461,-0.0034500000000000004,-0.0018666666666666669,30,0.8333333333333334,0.3790490217894517,0.7,0.9666666666666667,30,-17.604242424242425,6.82488520352008,-19.856393939393943,-14.999363636363638,True
0.05,0.95,node_mlp_ppo,baseline2_matched,30,0.6,0.0,30,0.04003333333333338,0.27275459265811075,-0.05531791666666658,0.13888333333333336,30,1.008323146486724,0.049759538248495,0.9914177636835876,1.0265762558250346,30,-0.006672222222222235,0.045459098776351806,-0.022905833333333344,0.008724999999999972,30,-0.005157758333334287,0.0025556314773011635,-0.006016583750000341,-0.004226922812501016,30,0.9790167772181846,0.010327564828181719,0.9755262958582918,0.9827057821481389,30,-0.10295499999998853,0.05025827957608227,-0.12014313541665413,-0.08472062916666054,30,-0.0006499999999999999,0.0025735725872935793,-0.0016166666666666666,0.00015000000000000007,30,-0.03333333333333333,0.31984191497474607,-0.16666666666666666,0.06666666666666667,30,-1.3054545454545452,8.631653095827831,-4.510666666666667,1.6373106060606066,False
0.05,0.95,node_mlp_ppo,grid_cnn_ppo,30,0.6333333333333333,0.0,30,-0.022083333333333323,0.17561566987529087,-0.09025958333333328,0.03389999999999995,30,0.9964241864975346,0.029710003276502042,0.9851811781534877,1.006033160591035,30,0.0036805555555555537,0.029269278312548493,-0.005705555555555567,0.014855555555555563,30,-0.0042853750000008605,0.0022019635876109303,-0.005001278437500746,-0.0034583138541673265,30,0.9824836926879142,0.008982775005464166,0.9795501276272379,0.9858266951459408,30,-0.08581791666666731,0.04333041624561633,-0.09985434999999754,-0.06952519583333502,30,0.0002,0.0012429109325317307,-0.0002,0.0006666666666666668,30,-0.06666666666666667,0.2537081317024625,-0.16666666666666666,0.0,30,0.7412121212121235,5.385482175052967,-0.9334090909090902,2.7854545454545474,False
0.05,0.95,node_mlp_ppo,left_if_safe,30,0.4,0.0,30,-0.030249999999999933,0.208316228033413,-0.10175291666666653,0.043967083333333296,30,0.9954434509323449,0.037063038646991786,0.9829110107580588,1.009201946694196,30,0.005041666666666655,0.03471937133890217,-0.007541666666666672,0.01684479166666665,30,0.0013080958333333106,0.0021866715531463996,0.0005346766666666693,0.0020997011458332875,30,1.005501255743578,0.009133563891421361,1.0022794465827065,1.00875356193492,30,0.026010666666669645,0.04286993859706065,0.011116741666671233,0.04167614791666725,30,0.00011666666666666668,0.0016277937964245231,-0.00046666666666666666,0.0006666666666666668,30,-0.03333333333333333,0.31984191497474607,-0.13333333333333333,0.06666666666666667,30,0.8593939393939394,6.676768284862263,-1.521212121212119,3.1691969696969706,False
0.05,0.95,node_mlp_ppo,noop,30,0.9666666666666667,0.0,30,0.5477666666666668,0.20312645684711853,0.4738495833333335,0.615585,30,1.1035243629032212,0.03979571302697253,1.0890339211048417,1.1168673122571555,30,-0.09129444444444443,0.033854409474519766,-0.10244222222222224,-0.07856659722222223,30,-0.008400483333324835,0.0016942796219080233,-0.008946673437492924,-0.007749850833323978,30,0.9661893001977722,0.006817174059842832,0.964018118320862,0.9688008953568701,30,-0.16527083333331044,0.0331613722128628,-0.17583638333330345,-0.15239801249997942,30,-0.0026000000000000003,0.0022221455925485077,-0.0033666666666666667,-0.001816666666666667,30,0.9333333333333333,0.2537081317024625,0.8333333333333334,1.0,30,-17.255151515151514,6.962467851465609,-19.59520454545454,-14.671780303030301,True
0.05,0.95,noop,baseline1_hdv,30,0.4,0.3,30,0.008083333333333265,0.07407138720382418,-0.016800416666666766,0.03530041666666661,30,1.0016403433162508,0.013991911177817278,0.9970702721976883,1.007007521932508,30,-0.0013472222222222256,0.012345231200637364,-0.005936111111111124,0.002775277777777775,30,-1.8874999999516732e-05,0.00011297692966884783,-6.570447916518867e-05,1.0954583333152365e-05,30,0.9999237718568783,0.00045546646710026116,0.9997380878998909,1.0000411574157637,30,-0.0003370833333325329,0.002311010665166838,-0.001272256249996877,0.0003159187500031146,30,-6.666666666666667e-05,0.0010806553992619586,-0.0004666666666666666,0.00030000000000000003,30,-0.1,0.30512857662936466,-0.23333333333333334,0.0,30,-0.34909090909090895,2.4597467241554485,-1.2657575757575756,0.467583333333337,False
0.05,0.95,noop,baseline2_matched,30,0.03333333333333333,0.0,30,-0.5077333333333333,0.20823551542678176,-0.5791704166666667,-0.43211333333333335,30,0.9138931985536346,0.03466663729299353,0.9020823923116031,0.9267880935407921,30,0.08462222222222221,0.034705919237796964,0.0722303472222222,0.0963973611111111,30,0.0032427249999905485,0.001551551802590939,0.002714781770823311,0.0038121884374911767,30,1.013266052728258,0.006439345959395617,1.0110748379788357,1.0155859346293816,30,0.06231583333332192,0.030468661799744213,0.052058666666660286,0.07324301041665214,30,0.0019500000000000003,0.0021023385993238332,0.0011833333333333338,0.0027000000000000006,30,-0.9666666666666667,0.18257418583505533,-1.0,-0.9,30,15.949696969696967,6.926658384187564,13.37905303030303,18.34699242424243,False
0.05,1.0,baseline2_matched,baseline1_hdv,30,0.9666666666666667,0.0,30,0.6045833333333334,0.18218274660603714,0.53689625,0.6670166666666667,30,1.1140539311295266,0.03622481339043408,1.1006273464160903,1.1260931551088804,30,-0.10076388888888888,0.03036379110100619,-0.11081944444444444,-0.08986104166666668,30,-0.005727312499990725,0.0015853704273669546,-0.0062516061458233,-0.005129949270824098,30,0.9769486550329488,0.006386605317583346,0.9748699700504531,0.9793938641955708,30,-0.1115233333333115,0.031149855186831322,-0.12180471249997724,-0.10000717916664138,30,-0.0024833333333333335,0.0021273398206783224,-0.0032333333333333333,-0.0017333333333333335,30,0.8666666666666667,0.34574590364176044,0.7333333333333333,0.9666666666666667,30,-18.94121212121212,5.987097713664179,-20.926378787878793,-16.736962121212123,True
0.05,1.0,graph_ppo,baseline1_hdv,30,1.0,0.0,30,0.6787333333333334,0.1341028769609191,0.6312995833333335,0.7253175000000001,30,1.1283570885727143,0.028476949408572042,1.118462744086923,1.1383710804000355,30,-0.11312222222222225,0.02235047949348652,-0.12094194444444448,-0.10539409722222225,30,-0.01040291249999109,0.0006387115643569761,-0.010612158437490204,-0.010160381562492202,30,0.9581352958243421,0.002539544810070296,0.9573057481822417,0.9590731913134518,30,-0.20466458333331813,0.012619044653511475,-0.20880224583332066,-0.19998398749997875,30,-0.0031500000000000005,0.0019349329490298572,-0.003833333333333334,-0.0024829166666666723,30,1.0,0.454858826147342,0.8333333333333334,1.1666666666666667,30,-21.290909090909103,4.770854088298285,-22.95033080808081,-19.647646464646463,True
0.05,1.0,graph_ppo,baseline2_matched,30,0.7,0.06666666666666667,30,0.07415,0.18878194637163276,0.02219958333333344,0.1479354166666666,30,1.0136532864683698,0.03702588111480624,1.0038183934408365,1.028302006092148,30,-0.012358333333333334,0.03146365772860547,-0.02518340277777777,-0.003805138888888898,30,-0.004675600000000366,0.0018742076384379227,-0.005363728958331892,-0.004035251770833889,30,0.9807877435684318,0.007549975665620058,0.9780321210320313,0.9833845944390068,30,-0.09314125000000661,0.03678298160382912,-0.1062993333333403,-0.08034859166667781,30,-0.0006666666666666666,0.002106366921786278,-0.0015166666666666666,-0.00016666666666666666,30,0.13333333333333333,0.34574590364176044,0.03333333333333333,0.26666666666666666,30,-2.349696969696971,6.202976912743779,-4.884469696969699,-0.6878030303030264,True
0.05,1.0,graph_ppo,grid_cnn_ppo,30,0.6666666666666666,0.03333333333333333,30,0.009416666666666629,0.01744156911901375,0.003383333333333263,0.015699999999999943,30,1.0015789980445908,0.002920902443500011,1.000561127401442,1.002615539864227,30,-0.001569444444444427,0.0029069281865022824,-0.002608333333333309,-0.0005665972222222164,30,-0.0033880708333339405,0.0012180774040096958,-0.0038166901041671907,-0.0029647738541673414,30,0.9859936182346847,0.004968367080111264,0.9842288429346544,0.9877241924555062,30,-0.06771433333333424,0.024351020343745918,-0.07645455208333085,-0.05926084374999849,30,-6.666666666666667e-05,0.00025370813170246247,-0.00016666666666666666,0.0,30,0.1,0.30512857662936466,0.0,0.23333333333333334,30,-0.28787878787879134,0.5198172143688053,-0.4717171717171766,-0.10909090909091122,True
0.05,1.0,graph_ppo,left_if_safe,30,0.3333333333333333,0.5333333333333333,30,0.008016666666666665,0.017199380167928057,0.0023833333333334334,0.014583333333333275,30,1.0013461202104246,0.002889516041252785,1.000417995011628,1.0024243489935387,30,-0.001336111111111112,0.0028665633613213404,-0.002422222222222211,-0.0004166666666666798,30,1.6974999999902485e-05,0.000517634277306899,-0.00016099802083335317,0.00020555531249989183,30,1.0000723719284468,0.0021741529653726923,0.9993245076974236,1.000867474705324,30,0.00037958333333335166,0.010302614961064552,-0.00312036250000196,0.00406602083333296,30,-3.3333333333333335e-05,0.00018257418583505534,-0.0001,0.0,30,0.03333333333333333,0.18257418583505533,0.0,0.1,30,-0.24747474747474976,0.5258934947178425,-0.44848484848484993,-0.07575757575757408,True
0.05,1.0,graph_ppo,node_mlp_ppo,30,0.6,0.03333333333333333,30,0.007833333333333284,0.016544784225171184,0.0021829166666666425,0.01373416666666671,30,1.0013136933957556,0.002770659108660236,1.0003581772143502,1.0023082331258146,30,-0.0013055555555555524,0.002757464037528532,-0.0023055555555555533,-0.00035555555555556045,30,-0.0003936500000000861,0.0011223168906408087,-0.0007912965624998038,-9.279375000017916e-06,30,0.9983636866976979,0.004690160998182726,0.9966836507420281,0.9999876965683883,30,-0.007833833333338654,0.022435571862537453,-0.0158455062500055,1.1799999997364671e-05,30,-1.6666666666666667e-05,9.128709291752767e-05,-5e-05,0.0,30,0.1,0.30512857662936466,0.0,0.23333333333333334,30,-0.23939393939394146,0.5115647462425285,-0.4232323232323277,-0.06969696969696976,True
0.05,1.0,graph_ppo,noop,30,1.0,0.0,30,0.6691333333333334,0.125886233076381,0.6251333333333334,0.7135999999999998,30,1.1262542167715037,0.026884268280017557,1.1170426107874158,1.1358290891689797,30,-0.11152222222222224,0.020981038846063515,-0.11892229166666668,-0.10422222222222222,30,-0.010381649999991615,0.0006631127342104218,-0.010594372291657508,-0.010138057083326829,30,0.9582178730372647,0.0026301135409257325,0.9573621723090552,0.9591808769244946,30,-0.204287333333318,0.013133661147746006,-0.20856070624998163,-0.19942707916664795,30,-0.003083333333333334,0.0018526929762828527,-0.0037500000000000007,-0.002433333333333334,30,1.1,0.3051285766293647,1.0,1.2333333333333334,30,-20.90181818181819,4.7334625499309455,-22.585813131313135,-19.282575757575763,True
0.05,1.0,grid_cnn_ppo,baseline1_hdv,30,1.0,0.0,30,0.6693166666666668,0.12901346383449566,0.6237162500000001,0.71498375,30,1.1265594610223695,0.027446750629529636,1.1169188716613023,1.136214535545971,30,-0.11155277777777779,0.021502243972415958,-0.11906986111111115,-0.10404715277777778,30,-0.007014841666657151,0.0014240732376296563,-0.007517881562490436,-0.00651699708332392,30,0.9717708762665177,0.005721405419271042,0.9697824898071302,0.9737961351941131,30,-0.1369502499999839,0.02837771393181702,-0.1471362687499836,-0.12686497499998178,30,-0.0030833333333333338,0.001974332420274541,-0.003783333333333334,-0.002383333333333334,30,0.9,0.3051285766293646,0.7666666666666667,1.0,30,-21.003030303030304,4.5970763587069,-22.60545454545455,-19.424530303030302,True
0.05,1.0,grid_cnn_ppo,baseline2_matched,30,0.5,0.03333333333333333,30,0.06473333333333336,0.19000624914103137,0.013449583333333404,0.14123375000000002,30,1.0120673309755235,0.03724156377655323,1.0021760430837205,1.027437988282326,30,-0.010788888888888907,0.031667708190171895,-0.023775277777777812,-0.002222083333333354,30,-0.0012875291666664263,0.0024869817099279147,-0.0021801882291659818,-0.0004543051041661015,30,0.9947541413348606,0.010142196978808003,0.9910232100287983,0.9981251991517374,30,-0.025426916666672385,0.049055881153277345,-0.043330537500007614,-0.008729275000008184,30,-0.0006000000000000001,0.0021431526889785202,-0.0014666666666666667,-6.666666666666667e-05,30,0.03333333333333333,0.18257418583505533,0.0,0.1,30,-2.0618181818181798,6.240361915979334,-4.679545454545456,-0.4030303030303003,True
0.05,1.0,grid_cnn_ppo,left_if_safe,30,0.43333333333333335,0.0,30,-0.0013999999999999642,0.025979235740398062,-0.01021708333333338,0.007900000000000004,30,0.9997767161698567,0.004347716882565641,0.9982664695287082,1.0013072674598715,30,0.00023333333333331504,0.004329872623399671,-0.0013361111111111492,0.0017277777777777506,30,0.0034050458333338427,0.0014477024159003675,0.0028996039583338066,0.003911093333333916,30,1.0143065711243568,0.00608884802405163,1.0121672107841342,1.0164173349753132,30,0.06809391666666759,0.028901615265405498,0.057712254166664236,0.07811670833333534,30,3.3333333333333335e-05,0.00031984191497474605,-6.666666666666667e-05,0.00016666666666666666,30,-0.06666666666666667,0.2537081317024625,-0.16666666666666666,0.0,30,0.04040404040404155,0.7851142452916497,-0.2393939393939424,0.3111111111111162,False
0.05,1.0,grid_cnn_ppo,noop,30,1.0,0.0,30,0.6597166666666667,0.12446788003705835,0.6162491666666665,0.70428375,30,1.1244763797671797,0.026513596361469972,1.1152226423115834,1.13382619522703,30,-0.1099527777777778,0.02074464667284308,-0.11728333333333336,-0.10260256944444446,30,-0.006993579166657676,0.001451435502073973,-0.007498956666657077,-0.0064812436458257005,30,0.9718549990992786,0.005828163695102765,0.9697977812297133,0.9738737043515284,30,-0.13657299999998376,0.028960769640837034,-0.14669251041664566,-0.12642993333331276,30,-0.0030166666666666675,0.0018638268628584159,-0.0037000000000000006,-0.0023833333333333337,30,1.0,0.0,1.0,1.0,30,-20.613939393939397,4.675459195125701,-22.287886363636368,-18.97512878787879,True
0.05,1.0,left_if_safe,baseline1_hdv,30,1.0,0.0,30,0.6707166666666667,0.13242516971751503,0.6246462500000001,0.7177345833333333,30,1.1268367537486508,0.02811425606702838,1.1171378407351698,1.1369144485474574,30,-0.1117861111111111,0.022070861619585845,-0.1194363194444445,-0.10399166666666669,30,-0.010419887499990994,0.00042198752502954043,-0.010557292916657265,-0.010258504791658617,30,0.9580662967082848,0.0016648043962335676,0.95752474181858,0.9586739862544351,30,-0.20504416666665148,0.008333004729161693,-0.2077613854166543,-0.20196235208331487,30,-0.0031166666666666678,0.001928387450933951,-0.0038166666666666674,-0.002466666666666667,30,0.9666666666666667,0.41384099339733366,0.8333333333333334,1.1,30,-21.043434343434345,4.7337858257187,-22.705512626262628,-19.37965909090909,True
0.05,1.0,left_if_safe,baseline2_matched,30,0.6333333333333333,0.03333333333333333,30,0.06613333333333334,0.18465041216483563,0.016049583333333325,0.14248625000000004,30,1.0122713624049675,0.036244771634719966,1.002806762447157,1.026711546192216,30,-0.011022222222222221,0.030775068694139276,-0.023519513888888878,-0.0025971527777777638,30,-0.004692575000000269,0.001639236879130541,-0.005308892083332986,-0.004145070729167302,30,0.9807121988215121,0.006567366328062422,0.9782143273687692,0.9828887639153596,30,-0.09352083333333996,0.03205021728725831,-0.10556257500000206,-0.0827901500000099,30,-0.0006333333333333333,0.0020924055341974774,-0.0014666666666666667,-0.00015000000000000001,30,0.1,0.30512857662936466,0.0,0.23333333333333334,30,-2.1022222222222213,6.086718195830061,-4.552196969696968,-0.47469696969696873,True
0.05,1.0,left_if_safe,noop,30,1.0,0.0,30,0.6611166666666667,0.1275229312261358,0.6175483333333334,0.7063675,30,1.1247514077786012,0.027138077958710555,1.1154470948745878,1.1344121135789251,30,-0.11018611111111112,0.02125382187102265,-0.11795277777777778,-0.10274437499999999,30,-0.01039862499999152,0.00045775425146969706,-0.010549540729157756,-0.010231420520826097,30,0.9581488655379462,0.00179844618439278,0.9575597959448349,0.9588407353782167,30,-0.20466691666665135,0.008927523493429316,-0.20756615416665025,-0.2012715708333134,30,-0.003050000000000001,0.0018907670401189034,-0.003716666666666667,-0.002416666666666667,30,1.0666666666666667,0.2537081317024625,1.0,1.1666666666666667,30,-20.65434343434344,4.781246675327059,-22.326075757575758,-18.98806818181818,True
0.05,1.0,node_mlp_ppo,baseline1_hdv,30,1.0,0.0,30,0.6709,0.1313635649900556,0.6248495833333334,0.7168170833333335,30,1.1268684008471115,0.02793020382771225,1.1171660871345328,1.1368489962390613,30,-0.11181666666666666,0.021893927498342607,-0.11951409722222223,-0.1042942361111111,30,-0.010009262499991005,0.0008308631089200785,-0.010286287916657864,-0.009708735624991215,30,0.9597182655526894,0.0033326834548718614,0.9585825088780815,0.9609320733962905,30,-0.19683074999997946,0.01662858280229663,-0.20256523124997633,-0.19077206666665297,30,-0.003133333333333334,0.0019384197853839133,-0.0038500000000000006,-0.002466666666666667,30,0.9,0.3051285766293646,0.7666666666666667,1.0,30,-21.05151515151515,4.681076627113117,-22.728484848484847,-19.428174242424245,True
0.05,1.0,node_mlp_ppo,baseline2_matched,30,0.5333333333333333,0.03333333333333333,30,0.06631666666666672,0.18828859376029622,0.016116250000000103,0.14266833333333334,30,1.0123255116826604,0.03696310506984462,1.0025966288250938,1.0276508605508685,30,-0.011052777777777781,0.03138143229338271,-0.02374736111111112,-0.0026415277777777626,30,-0.004281950000000281,0.001551393425945339,-0.004827879583333655,-0.0037616330208337426,30,0.9823968096443298,0.006256592708787537,0.9801495578790244,0.9845842308762287,30,-0.08530741666666795,0.03044361024828443,-0.09594545000000239,-0.07507751458333703,30,-0.0006500000000000001,0.0021056164630946384,-0.0015004166666666634,-0.00015000000000000001,30,0.03333333333333333,0.18257418583505533,0.0,0.1,30,-2.1103030303030295,6.1995779066155565,-4.746242424242425,-0.4636363636363617,True
0.05,1.0,node_mlp_ppo,grid_cnn_ppo,30,0.5333333333333333,0.0,30,0.001583333333333344,0.012465181391637981,-0.0027333333333332994,0.006049999999999878,30,1.0002666465182586,0.0020858835612147385,0.9995326351800837,1.00101506277952,30,-0.0002638888888888746,0.002077530231939656,-0.0009972222222222086,0.00046388888888888234,30,-0.002994420833333854,0.0019991544574402913,-0.003694460416667442,-0.002288937291667202,30,0.9876411463451391,0.008233792477060553,0.9848643224471109,0.9905463690681936,30,-0.059880499999995576,0.03999318244379367,-0.07356197916666343,-0.045458458333326845,30,-5e-05,0.00027386127875258305,-0.00016666666666666666,3.3333333333333335e-05,30,0.0,0.0,0.0,0.0,30,-0.048484848484849866,0.39063804362187726,-0.18787878787878942,0.08787878787878943,False
0.05,1.0,node_mlp_ppo,left_if_safe,30,0.4,0.06666666666666667,30,0.00018333333333337977,0.02682943678426599,-0.008966666666666671,0.010000416666666689,30,1.0000418091001702,0.004492111205429761,0.9985095429123505,1.0017163152480995,30,-3.055555555555959e-05,0.004471572797377663,-0.0016306250000000266,0.0015222222222222247,30,0.00041062499999998853,0.0008232450443322912,0.00013090260416687892,0.0007058583333333301,30,1.0017256629256859,0.0034574486854084137,1.0005515582794835,1.002965711808231,30,0.008213416666672005,0.016499959554332838,0.0026668270833388377,0.014177802083341084,30,-1.6666666666666667e-05,0.00020692049669866687,-0.0001,5e-05,30,-0.06666666666666667,0.2537081317024625,-0.16666666666666666,0.0,30,-0.00808080808080831,0.82574902772156,-0.29595959595959875,0.27373737373737494,False
0.05,1.0,node_mlp_ppo,noop,30,1.0,0.0,30,0.6613,0.12675142657158162,0.61769875,0.7074504166666666,30,1.1247839999990694,0.02697489467314652,1.115483998183791,1.1344573787330912,30,-0.11021666666666667,0.02112523776193028,-0.11755569444444444,-0.10286368055555559,30,-0.009987999999991533,0.000843233586536897,-0.010283462395823685,-0.009679133958325436,30,0.9598008923826394,0.003376652604146212,0.9586435995198004,0.9609943469623337,30,-0.19645349999997933,0.01673382937397726,-0.20214650208331492,-0.1904568874999766,30,-0.0030666666666666676,0.001837039096937831,-0.0037333333333333337,-0.0024333333333333342,30,1.0,0.0,1.0,1.0,30,-20.662424242424247,4.743155578397713,-22.366386363636362,-19.032075757575765,True
0.05,1.0,noop,baseline1_hdv,30,0.43333333333333335,0.23333333333333334,30,0.009599999999999949,0.08561948698587332,-0.01936666666666665,0.040602083333333185,30,1.001957479464097,0.016137723367564992,0.9966245890493454,1.0079010635344885,30,-0.001600000000000005,0.014269914497645548,-0.006750486111111115,0.0032780555555555605,30,-2.1262499999474828e-05,0.00011261069912606762,-6.655406249841352e-05,8.020833333196009e-06,30,0.9999141672215949,0.00045398963263820936,0.9997298683447786,1.0000313802089358,30,-0.00037725000000013627,0.0023095316316795633,-0.001304914583326567,0.000270379166663873,30,-6.666666666666667e-05,0.0011275035999126974,-0.0004666666666666667,0.0003333333333333333,30,-0.1,0.30512857662936466,-0.23333333333333334,0.0,30,-0.38909090909090954,2.733788871858301,-1.3976060606060607,0.5200378787878818,False
0.05,1.0,noop,baseline2_matched,30,0.03333333333333333,0.0,30,-0.5949833333333333,0.18439956070583724,-0.6557333333333335,-0.5276633333333334,30,0.9002314577183943,0.030718770258139048,0.8900918812379276,0.9116941259673963,30,0.09916388888888887,0.03073326011763953,0.08781055555555553,0.10933333333333331,30,0.00570604999999125,0.0015714340654945152,0.005126350729158912,0.006225420104156829,30,1.0235488419098038,0.006575619262323881,1.021082031891424,1.0257359163166648,30,0.11114608333331137,0.03081432207792321,0.09976263124998001,0.1213605416666473,30,0.002416666666666667,0.0021094341998929857,0.0016666666666666668,0.0031333333333333343,30,-0.9666666666666667,0.18257418583505533,-1.0,-0.9,30,18.552121212121218,6.20403160609849,16.297856060606062,20.65883333333334,False
0.1,0.9,baseline2_matched,baseline1_hdv,30,1.0,0.0,30,0.6860333333333334,0.03756647747507144,0.6722162500000001,0.6987666666666665,30,1.1361394017056983,0.007799139935861774,1.1332707684028518,1.1388110909343596,30,-0.11433888888888892,0.006261079579178568,-0.11643888888888891,-0.1120055555555556,30,0.0017447041666674194,0.0003448819723822849,0.0016224352083342095,0.0018640637500008945,30,1.003734227761239,0.0007392048897225764,1.0034680840517773,1.0039853162008319,30,0.019162125000000755,0.0034606610974899335,0.017916526041668858,0.020363225000001588,30,-0.0009833333333333335,0.0008757591124210504,-0.0013000000000000002,-0.0006833333333333334,30,1.0333333333333334,0.1825741858350553,1.0,1.1,30,-23.777979797979803,1.2894973990722904,-24.222123737373742,-23.319378787878783,True
0.1,0.9,graph_ppo,baseline1_hdv,30,1.0,0.0,30,0.6635333333333333,0.05907796329534769,0.64344875,0.6850345833333338,30,1.1316574109963615,0.011742094370374505,1.1276998556963829,1.135959815444222,30,-0.1105888888888889,0.009846327215891277,-0.11415847222222225,-0.10730833333333335,30,-0.0007820124999990556,0.0005972848302783871,-0.000994196770832669,-0.0005739135416657875,30,0.99832659036816,0.001278173380416397,0.9978601883209444,0.9987769668608498,30,-0.006161291666667612,0.005926345424895118,-0.008222386458336717,-0.004146832291667478,30,-0.0009000000000000001,0.0010034423509719618,-0.0012666666666666668,-0.00055,30,1.0333333333333334,0.1825741858350553,1.0,1.1,30,-23.020404040404042,1.7911151363619022,-23.663068181818186,-22.39402272727273,True
0.1,0.9,graph_ppo,baseline2_matched,30,0.26666666666666666,0.0,30,-0.022499999999999874,0.07292710105965766,-0.04763374999999986,0.00353500000000006,30,0.9961045938827225,0.012743172201296405,0.9918326307818952,1.0006411486472129,30,0.0037499999999999903,0.012154516843276267,-0.000649999999999977,0.0078083333333333034,30,-0.002526716666666475,0.0005761082750147039,-0.0027285964583333875,-0.0023307443749998142,30,0.994612685734197,0.0012272835039601696,0.9941649518985376,0.9950336891577818,30,-0.025323416666668368,0.005679120863821577,-0.027329057291667295,-0.023349080208335284,30,8.333333333333333e-05,0.0006308633019498967,-0.00013333333333333334,0.00030000000000000003,30,0.0,0.0,0.0,0.0,30,0.7575757575757582,2.2149178583024813,-0.054545454545451406,1.4939393939393957,False
0.1,0.9,graph_ppo,grid_cnn_ppo,30,0.5,0.0,30,0.014066666666666864,0.10342811374400913,-0.020617916666666482,0.05028375000000028,30,1.0026641627965425,0.018275777622997983,0.9963995317094144,1.0091310963007563,30,-0.002344444444444475,0.017238018957334858,-0.008400069444444491,0.0036946527777777494,30,-0.0008258791666664563,0.0005582069938068082,-0.0010215744791664144,-0.0006253305208330935,30,0.9982330779063245,0.00119390484838104,0.9978153823796413,0.9986516928011926,30,-0.008223625000000113,0.00559794078085908,-0.01017675104166489,-0.006269747916664295,30,-8.333333333333333e-05,0.0007996047874368649,-0.00038333333333333334,0.00018333333333333334,30,0.03333333333333333,0.18257418583505536,0.0,0.1,30,-0.4642424242424255,3.265365224648957,-1.619409090909094,0.6486212121212097,False
0.1,0.9,graph_ppo,left_if_safe,30,0.36666666666666664,0.0,30,-0.016649999999999863,0.10467314891340702,-0.05261666666666655,0.020933750000000202,30,0.997294548055483,0.01841058865787098,0.9911566996123309,1.0040966417206922,30,0.0027749999999999793,0.017445524818901156,-0.003619513888888897,0.008705763888888872,30,0.0009708583333334261,0.0007466565192151619,0.000711273541666859,0.0012306063541667903,30,1.002086845125398,0.0016060883611893116,1.0015287959275654,1.0026592533766725,30,0.009666958333332953,0.0073607704754132626,0.007060202083329998,0.012305520833331229,30,0.00021666666666666666,0.0005675618352053009,1.6666666666666667e-05,0.0004166666666666667,30,0.0,0.0,0.0,0.0,30,0.5303030303030302,3.0490511989209246,-0.5758333333333358,1.5424242424242427,False
0.1,0.9,graph_ppo,node_mlp_ppo,30,0.5666666666666667,0.0,30,0.016249999999999994,0.12098829738221907,-0.02586666666666669,0.058753333333333234,30,1.0031777060055789,0.021437985986109638,0.9956703769744799,1.0110044464936003,30,-0.0027083333333333386,0.020164716230369844,-0.009955833333333327,0.00445284722222222,30,0.00026769166666682496,0.0008790761704797041,-3.9529374999727675e-05,0.0005705569791666439,30,1.0005760727148052,0.001886241362646105,0.999894408611509,1.0012408359707814,30,0.0027175416666676,0.008669618557678687,-0.00036883229166546775,0.0057804760416660505,30,1.6666666666666667e-05,0.000865859482640319,-0.0003,0.00030000000000000003,30,0.1,0.30512857662936466,0.0,0.23333333333333334,30,-0.3684848484848478,3.526694789395744,-1.6206363636363645,0.8997196969696998,False
0.1,0.9,graph_ppo,noop,30,1.0,0.0,30,0.6789833333333334,0.07586858912680504,0.6531166666666668,0.7068670833333334,30,1.1351927515839575,0.015659919002397882,1.1298104983241406,1.140889226498459,30,-0.11316388888888891,0.0126447648544675,-0.11773618055555556,-0.10885548611111111,30,-0.0007449458333325646,0.0005885124417168517,-0.0009606928124992014,-0.0005454040624992385,30,0.9984057680726988,0.001259250662863736,0.9979636992010203,0.9988328711410227,30,-0.005752000000002333,0.005853246360148262,-0.007847638541667598,-0.0036916927083322174,30,-0.0010333333333333336,0.000889917986664224,-0.0013333333333333335,-0.0007166666666666669,30,1.2,0.4068381021724863,1.0666666666666667,1.3666666666666667,30,-23.610033670033665,2.3758896685208404,-24.429980639730644,-22.803585016835026,True
0.1,0.9,grid_cnn_ppo,baseline1_hdv,30,1.0,0.0,30,0.6494666666666666,0.07890488964060084,0.6210991666666668,0.6755833333333332,30,1.1288803054239038,0.01575525439761237,1.123093541857874,1.1341268013669183,30,-0.10824444444444446,0.01315081494010013,-0.11257236111111112,-0.10344715277777777,30,4.3866666667400724e-05,0.0005280087940236169,-0.00014342958333289334,0.00022655666666746043,30,1.000094194268961,0.0011299812009576535,0.9996888577984495,1.0004879093005012,30,0.0020623333333325,0.005282868668832227,0.00017608958333404214,0.0038855989583325835,30,-0.0008166666666666669,0.0011558198563054213,-0.0012166666666666671,-0.0004,30,1.0,0.2626128657194451,0.9,1.1,30,-22.55616161616161,2.6259608995284855,-23.423878787878785,-21.573734848484843,True
0.1,0.9,grid_cnn_ppo,baseline2_matched,30,0.3,0.0,30,-0.03656666666666674,0.09104287861840943,-0.06936666666666672,-0.005066666666666788,30,0.9936623606801904,0.015874536321285132,0.9878235266518725,0.9990519522510435,30,0.006094444444444466,0.015173813103068225,0.001016666666666695,0.011508541666666698,30,-0.0017008375000000186,0.0005267466635638874,-0.0018875799999999478,-0.0015176448958332937,30,0.9963737656585819,0.0011220139867437113,0.9959775864263357,0.9967670765141763,30,-0.017099791666668255,0.005278963916389573,-0.01895694479166677,-0.015244427083332965,30,0.00016666666666666663,0.0008235052638205964,-0.00011666666666666667,0.0004666666666666667,30,-0.03333333333333333,0.18257418583505536,-0.1,0.0,30,1.2218181818181837,2.9459282099117443,0.2242424242424287,2.32,False
0.1,0.9,grid_cnn_ppo,left_if_safe,30,0.36666666666666664,0.0,30,-0.030716666666666725,0.11526630958973563,-0.07048458333333335,0.009534583333333242,30,0.9948393888243564,0.020183198663933026,0.9878646182071056,1.0020473080195558,30,0.005119444444444454,0.019211051598289276,-0.0015724999999999832,0.011830625,30,0.0017967374999998823,0.000602758445740755,0.0015831057291664963,0.0020079836458333942,30,1.0038608478675377,0.0012980543780896517,1.003401407209089,1.004307699914238,30,0.017890583333333064,0.00593557457649763,0.01579758229166444,0.019910973958332898,30,0.00030000000000000003,0.0005959634332684378,0.0001,0.0005166666666666667,30,-0.03333333333333333,0.18257418583505536,-0.1,0.0,30,0.9945454545454557,3.548159566118763,-0.244863636363638,2.2521363636363643,False
0.1,0.9,grid_cnn_ppo,noop,30,1.0,0.0,30,0.6649166666666666,0.08627522952670172,0.6334999999999998,0.6948004166666666,30,1.1323871193345993,0.017574739992119125,1.12621592224714,1.1384852384532236,30,-0.11081944444444443,0.014379204921116958,-0.11576951388888888,-0.10567486111111112,30,8.093333333389166e-05,0.00044384271461433137,-7.522093749935237e-05,0.0002364965625007601,30,1.000173354273239,0.0009500612616218486,0.9998365746483616,1.0005076595322804,30,0.002471624999997779,0.004407267767636626,0.0008939468749971118,0.0039761843749977445,30,-0.0009500000000000001,0.000959076423548664,-0.0012833333333333336,-0.0006000000000000001,30,1.1666666666666667,0.461133037377414,1.0,1.3333333333333333,30,-23.145791245791248,2.8736644030470297,-24.102695286195285,-22.073469696969696,True
0.1,0.9,left_if_safe,baseline1_hdv,30,1.0,0.0,30,0.6801833333333334,0.09081446445375867,0.6479495833333334,0.7120004166666664,30,1.1349967281387592,0.018333404032417455,1.1286035669177046,1.141509490898248,30,-0.1133638888888889,0.015135744075626434,-0.1185946527777778,-0.10806944444444448,30,-0.0017528708333324817,0.0005866902218964756,-0.0019579770833324252,-0.0015495981249993268,30,0.9962487871727083,0.001254772059707577,0.9958189732637389,0.9966971622615529,30,-0.015828250000000564,0.005742975756415153,-0.017802528125002312,-0.013804584374999943,30,-0.001116666666666667,0.0009255318446181627,-0.0014500000000000003,-0.0007833333333333335,30,1.0333333333333334,0.1825741858350553,1.0,1.1,30,-23.55070707070707,2.7901227774798887,-24.514957070707077,-22.54492929292929,True
0.1,0.9,left_if_safe,baseline2_matched,30,0.5666666666666667,0.0,30,-0.005850000000000014,0.09144822824022264,-0.037867083333333454,0.025400416666666644,30,0.9990147807411502,0.015958778966726324,0.9931877738765048,1.0043971122656952,30,0.000975000000000011,0.01524137137337043,-0.004308402777777732,0.006525069444444447,30,-0.003497574999999901,0.0005962302602819558,-0.0037108288541667133,-0.0032926879166664067,30,0.9925426913512613,0.0012690982864521471,0.9920927625462157,0.9929776060439217,30,-0.03499037500000132,0.005846386254428975,-0.036999777083334004,-0.03299445416666761,30,-0.00013333333333333334,0.000524130368971462,-0.0003166666666666667,5e-05,30,0.0,0.0,0.0,0.0,30,0.22727272727272804,2.780950343045936,-0.7303030303030283,1.2333333333333323,False
0.1,0.9,left_if_safe,noop,30,1.0,0.0,30,0.6956333333333332,0.07824827125261612,0.6673662499999999,0.7223333333333333,30,1.1384580052011153,0.015648585324244367,1.1330255237581792,1.1439562053593677,30,-0.11593888888888888,0.013041378542102673,-0.12046395833333334,-0.11129416666666668,30,-0.0017158041666659907,0.0006020749177262054,-0.0019309453124993236,-0.0014995310416660872,30,0.996327863614394,0.0012876931086940027,0.9958724183488717,0.9967805209343517,30,-0.015418958333335286,0.00591631022051399,-0.017436855208337033,-0.013307806250003816,30,-0.0012500000000000002,0.0007514354080117554,-0.001516666666666667,-0.0009833333333333335,30,1.2,0.4068381021724863,1.0666666666666667,1.3666666666666667,30,-24.140336700336697,2.4299964068292366,-25.001342592592597,-23.283343434343433,True
0.1,0.9,node_mlp_ppo,baseline1_hdv,30,1.0,0.0,30,0.6472833333333334,0.10299285908735858,0.6108162500000002,0.6826004166666669,30,1.1284443696334097,0.02054775454430961,1.1212262285138337,1.1356619016112697,30,-0.10788055555555558,0.01716547651455976,-0.11389451388888892,-0.10168333333333336,30,-0.0010497041666658806,0.0005877808650749206,-0.001256097812499005,-0.0008429691666661537,30,0.9977535027041712,0.0012578179629683254,0.9973128864702347,0.9981890388277381,30,-0.008878833333335213,0.005778670770723693,-0.010865929166667272,-0.006863203125002151,30,-0.0009166666666666669,0.0011148166180830023,-0.0013166666666666667,-0.0005333333333333333,30,0.9333333333333333,0.36514837167011066,0.8,1.0666666666666667,30,-22.6519191919192,2.9826339172417136,-23.671833333333336,-21.598654040404043,True
0.1,0.9,node_mlp_ppo,baseline2_matched,30,0.36666666666666664,0.0,30,-0.03874999999999987,0.1029842430197204,-0.07511749999999989,-0.00328249999999991,30,0.9932481957147786,0.018005322316584024,0.9867697416323872,0.9996620161863221,30,0.006458333333333329,0.017164040503286723,0.0006498611111111367,0.012369444444444443,30,-0.0027944083333332997,0.0006598682004415134,-0.0030272131249999374,-0.0025646655208334413,30,0.994041983101814,0.001405623533679043,0.9935518509231606,0.9945420157217716,30,-0.028040958333335968,0.006527910952964093,-0.03033409062500298,-0.025790505208335673,30,6.666666666666667e-05,0.0007279320417946063,-0.00018333333333333334,0.0003333333333333334,30,-0.1,0.30512857662936466,-0.23333333333333334,0.0,30,1.126060606060606,2.8738686012328585,0.14180303030302843,2.112121212121207,False
0.1,0.9,node_mlp_ppo,grid_cnn_ppo,30,0.5,0.0,30,-0.0021833333333331297,0.12216195322641162,-0.04545041666666649,0.04075250000000035,30,0.9997734267908913,0.021605203515797505,0.9923212195105316,1.007481812182397,30,0.0003638888888888636,0.02036032553773526,-0.006742083333333381,0.007500069444444421,30,-0.0010935708333332814,0.0007178839997929372,-0.0013451982291665461,-0.0008424173958333215,30,0.997660520083685,0.0015351314972056249,0.9971281851001953,0.9981960559248876,30,-0.010941166666667713,0.007108276198208997,-0.013437195833335224,-0.008481943750002809,30,-0.0001,0.0007922033873296377,-0.00038333333333333334,0.00018333333333333334,30,-0.06666666666666667,0.36514837167011066,-0.2,0.06666666666666667,30,-0.09575757575757772,3.6133477997072325,-1.339712121212122,1.155780303030303,False
0.1,0.9,node_mlp_ppo,left_if_safe,30,0.43333333333333335,0.0,30,-0.03289999999999985,0.139786438097056,-0.08225041666666649,0.016483750000000158,30,0.9944827504306347,0.024435514523441917,0.985871516258704,1.0029899483027476,30,0.0054833333333333175,0.02329773968284267,-0.0026725000000000065,0.013575277777777757,30,0.000703166666666601,0.0008393036839250875,0.0004053616666667216,0.0010040382291665046,30,1.0015119506271657,0.0018040199627055698,1.000878754387389,1.0021445331334593,30,0.006949416666665353,0.008235650423753934,0.004063239583333035,0.00985885416666456,30,0.00020000000000000006,0.0006643638388299198,-1.6666666666666667e-05,0.00045000000000000004,30,-0.1,0.30512857662936466,-0.23333333333333334,0.0,30,0.898787878787878,4.0567067164745945,-0.5451742424242437,2.324931818181816,False
0.1,0.9,node_mlp_ppo,noop,30,1.0,0.0,30,0.6627333333333335,0.109519777251396,0.6231808333333334,0.7002529166666667,30,1.131952082826068,0.02203644532746214,1.1239593488778292,1.1393638816815606,30,-0.11045555555555556,0.018253296208566,-0.11663062500000003,-0.10400826388888888,30,-0.0010126374999993896,0.0006293419989718424,-0.0012291836458325261,-0.0007917745833330836,30,0.9978327701208781,0.0013469665329119127,0.997378478567385,0.9983263130967841,30,-0.008469541666669933,0.006223921060797073,-0.010649898958340422,-0.006248289583336241,30,-0.0010500000000000002,0.0010533198747867095,-0.001416666666666667,-0.0006666666666666668,30,1.1,0.48066046515042266,0.9333333333333333,1.2666666666666666,30,-23.241548821548825,3.2420076722451747,-24.33026767676768,-22.088949494949496,True
0.1,0.9,noop,baseline1_hdv,30,0.4,0.03333333333333333,30,-0.015449999999999934,0.04113609665823756,-0.030400416666666572,-0.0008999999999999749,30,0.9969573357371282,0.008151978627821873,0.9939788143950665,0.9998033266863314,30,0.00257499999999999,0.006856016109706265,0.00016388888888886695,0.004983333333333328,30,-3.7066666666490947e-05,0.00030417800789738115,-0.00014334395833312056,7.071260416690215e-05,30,0.999920877530956,0.000650997590980552,0.9996968637903376,1.000147868070842,30,-0.0004092916666652791,0.0030647938398101877,-0.0014571833333280196,0.0007088499999987905,30,0.00013333333333333334,0.001217213701616236,-0.00030000000000000003,0.00055,30,-0.16666666666666666,0.4611330373774141,-0.3333333333333333,0.0,30,0.5896296296296318,1.573132585990859,0.04370370370370999,1.1433518518518537,False
0.1,0.9,noop,baseline2_matched,30,0.0,0.0,30,-0.7014833333333333,0.04174439531517832,-0.7155170833333332,-0.6863499999999999,30,0.8775134020462555,0.006900253517172664,0.8752199979040324,0.8799434364428447,30,0.11691388888888889,0.006957399219196367,0.11446104166666665,0.11929999999999999,30,-0.0017817708333339104,0.00036405006003364856,-0.0019094543750004978,-0.0016549805208341335,30,0.9962011849249452,0.0007745933344223939,0.9959299853845859,0.9964817127113765,30,-0.019571416666666033,0.003666593933121388,-0.02086226562499727,-0.018250842708332115,30,0.0011166666666666666,0.000867848442725013,0.0008166666666666667,0.0014333333333333336,30,-1.2,0.4068381021724863,-1.3666666666666667,-1.0666666666666667,30,24.36760942760944,1.4557813824328338,23.836154040404047,24.866337542087543,False
0.1,0.95,baseline2_matched,baseline1_hdv,30,1.0,0.0,30,0.7818333333333333,0.033644524413171624,0.7691329166666667,0.7926999999999997,30,1.1551334397685422,0.006822852347928051,1.152603798687035,1.1574419440415136,30,-0.13030555555555556,0.005607420735528593,-0.13211673611111113,-0.12814993055555554,30,0.0018541875000006812,0.0003601361822610711,0.001723558750000755,0.001976490208333828,30,1.003968478524729,0.0007715204979682206,1.0036935555344098,1.0042360791422618,30,0.02049645833333399,0.0036070213808285048,0.019198831250001686,0.021716188541668464,30,-0.0011833333333333335,0.0008757591124210504,-0.0015000000000000005,-0.0008833333333333334,30,1.0333333333333334,0.1825741858350553,1.0,1.1,30,-26.650707070707064,1.1344453145230433,-27.02515404040404,-26.222409090909085,True
0.1,0.95,graph_ppo,baseline1_hdv,30,1.0,0.0,30,0.78525,0.05848765711227246,0.7639162500000002,0.8051508333333335,30,1.1558228699454067,0.011833905951454534,1.1514899935569125,1.159931509695784,30,-0.130875,0.009747942852045405,-0.13421125,-0.12735249999999998,30,-0.0018708124999989788,0.0007554693582396027,-0.002147078124998711,-0.0016078522916655488,30,0.9959963298864921,0.0016162300687419433,0.9954179882202113,0.9965463150887462,30,-0.0167449999999981,0.007494906876996546,-0.019498620833333143,-0.014052071874996902,30,-0.0010000000000000002,0.0007542980294561157,-0.0012666666666666668,-0.0007333333333333336,30,1.0333333333333334,0.1825741858350553,1.0,1.1,30,-26.741616161616154,1.8922904308917772,-27.39415404040404,-26.057924242424235,True
0.1,0.95,graph_ppo,baseline2_matched,30,0.6,0.0,30,0.0034166666666667566,0.05841647195271463,-0.01788333333333322,0.02364999999999992,30,1.000611542125594,0.010015364039596398,0.9970628256832484,1.0040985461644187,30,-0.0005694444444444631,0.009736078658785775,-0.003936111111111115,0.0029694444444444247,30,-0.00372499999999966,0.0007876034018048328,-0.004000095937499687,-0.0034473364583328158,30,0.9920597534587324,0.001676750158170418,0.9914845773036481,0.9926481708599768,30,-0.037241458333332096,0.007842448645880304,-0.039985740624997074,-0.03448741562499789,30,0.00018333333333333334,0.0006497125801318682,-3.3333333333333335e-05,0.00043333333333333337,30,0.0,0.0,0.0,0.0,30,-0.09090909090909255,1.8231905930110592,-0.7151515151515184,0.5576515151515165,False
0.1,0.95,graph_ppo,grid_cnn_ppo,30,0.5666666666666667,0.0,30,0.01695000000000002,0.0909244997521152,-0.015000416666666582,0.049567499999999896,30,1.0030461971290041,0.015766597040519633,0.9974217360481865,1.0087073403648184,30,-0.0028250000000000033,0.015154083292019198,-0.008194513888888888,0.002433472222222218,30,-0.0017452624999997168,0.0008408362437118397,-0.0020504065624997177,-0.0014600998958331187,30,0.9962646432609745,0.0017980194880767495,0.9956139262864628,0.9968758472830631,30,-0.017410249999997015,0.008332177004975369,-0.020450460416664627,-0.014457065624996438,30,-1.6666666666666667e-05,0.0007249653182350713,-0.00025,0.00025,30,0.0,0.0,0.0,0.0,30,-0.5787878787878763,2.8458529605129415,-1.5909848484848457,0.3666666666666714,False
0.1,0.95,graph_ppo,left_if_safe,30,0.43333333333333335,0.03333333333333333,30,0.002933333333333425,0.10438594942223589,-0.03390083333333325,0.04008333333333341,30,1.0007543448350391,0.01805882609001376,0.9944738925326029,1.0071295093619257,30,-0.0004888888888889017,0.01739765823703932,-0.006494444444444447,0.005722222222222207,30,0.0011813916666666795,0.0007436823967636635,0.0009303303124996896,0.0014475680208333958,30,1.0025457482314062,0.0016034776442382132,1.0019875653008958,1.0031006941325764,30,0.011821250000001152,0.007326543786653364,0.009230290625003289,0.014395479166665873,30,-0.00016666666666666658,0.0011914445979083782,-0.0006333333333333332,0.00021666666666666668,30,0.0,0.0,0.0,0.0,30,-0.19393939393939566,3.2476164250402384,-1.3303030303030303,0.9545454545454523,False
0.1,0.95,graph_ppo,node_mlp_ppo,30,0.4,0.0,30,-0.02803333333333325,0.0889000730511834,-0.059217916666666606,0.003684166666666717,30,0.9953341531833441,0.015277353133841294,0.9898974041361988,1.000822007060786,30,0.0046722222222222035,0.014816678841863896,-0.0007277777777777902,0.009869444444444424,30,0.0006197208333333407,0.0008321147043071214,0.00031886458333328795,0.0009094108333335131,30,1.0013343211102348,0.0017907550321094978,1.0006877421021017,1.0019604110865297,30,0.006127125000001765,0.00819853564083909,0.0032040843750000057,0.00896779895833558,30,6.666666666666667e-05,0.0008065821177311571,-0.00021666666666666668,0.0003500000000000001,30,0.0,0.0,0.0,0.0,30,0.9424242424242436,2.613562990201738,0.01818181818181863,1.8454545454545468,False
0.1,0.95,graph_ppo,noop,30,1.0,0.0,30,0.8002000000000001,0.069765197330909,0.7754329166666667,0.8251683333333334,30,1.1593076696814586,0.014656294605269259,1.1541984664977902,1.1646005314663768,30,-0.13336666666666666,0.011627532888484834,-0.13741118055555557,-0.12928319444444444,30,-0.0017648083333322814,0.0006910423580801916,-0.0020090807291656175,-0.0015242345833322572,30,0.996222189458485,0.0014793219343602923,0.9957025113019744,0.9967509897371801,30,-0.015647583333330908,0.006821727844922993,-0.018074979166663264,-0.013313047916665745,30,-0.0007500000000000002,0.0008382041558573615,-0.00105,-0.00045000000000000004,30,1.1666666666666667,0.3790490217894517,1.0333333333333334,1.3,30,-27.3323569023569,2.3804759430743396,-28.1806893939394,-26.498472222222215,True
0.1,0.95,grid_cnn_ppo,baseline1_hdv,30,1.0,0.0,30,0.7683,0.06120170157652528,0.7461824999999999,0.7883675000000001,30,1.152455137884324,0.012303708968012476,1.147978936616456,1.1566020964178099,30,-0.12805000000000002,0.010200283596087541,-0.13155,-0.12436937500000003,30,-0.0001255499999992619,0.0005441618105652744,-0.00031921010416586647,5.920541666751584e-05,30,0.9997316383438354,0.0011644230005192027,0.9993185075814373,1.0001237368055818,30,0.0006652499999989144,0.005411323749309903,-0.0012882000000001912,0.002520046874999259,30,-0.0009833333333333335,0.0009692098926919566,-0.0013333333333333335,-0.0006500000000000001,30,1.0333333333333334,0.1825741858350553,1.0,1.1,30,-26.162828282828286,1.9724136772213146,-26.823851010101013,-25.450570707070703,True
0.1,0.95,grid_cnn_ppo,baseline2_matched,30,0.43333333333333335,0.03333333333333333,30,-0.013533333333333264,0.05965488871103891,-0.03509999999999979,0.00643458333333342,30,0.9976943915753395,0.010263907023568946,0.9939317590975828,1.0012171818909015,30,0.00225555555555554,0.00994248145183981,-0.001063888888888909,0.005802847222222196,30,-0.0019797374999999434,0.0005260551745902927,-0.002184850312499803,-0.0018115776041665202,30,0.9957801467675939,0.0011188995829355096,0.9953561705513323,0.9961454615709019,30,-0.019831208333335078,0.0052459696401991746,-0.021845707291672335,-0.018159644791668438,30,0.00020000000000000004,0.00040683810217248615,6.62500000000037e-05,0.0003333333333333334,30,0.0,0.0,0.0,0.0,30,0.48787878787878375,1.9266224923879542,-0.17878787878788105,1.2121212121212077,False
0.1,0.95,grid_cnn_ppo,left_if_safe,30,0.36666666666666664,0.0,30,-0.014016666666666596,0.11753799703553919,-0.05584999999999989,0.027984166666666723,30,0.9978760703087406,0.020311365721976567,0.9908996544837466,1.004939688996562,30,0.0023361111111111017,0.019589666172589865,-0.00455562500000002,0.009158402777777767,30,0.0029266541666663963,0.0006393649333342411,0.0027018909374996853,0.003157053020833047,30,1.0063059144145057,0.001382722622514095,1.0058148503729816,1.0067910792740515,30,0.02923149999999817,0.006346015978006179,0.02699689062499743,0.03153542291666503,30,-0.00015,0.0012942179105544785,-0.00065,0.00025,30,0.0,0.0,0.0,0.0,30,0.3848484848484806,3.5765203833651804,-0.9000000000000038,1.6000757575757545,False
0.1,0.95,grid_cnn_ppo,noop,30,1.0,0.0,30,0.7832499999999999,0.08132297783614366,0.75506625,0.8114670833333331,30,1.1559569440431612,0.01706776294334374,1.1500163414576732,1.162246958332427,30,-0.13054166666666667,0.013553829639357265,-0.13541673611111107,-0.12579993055555555,30,-1.9545833332564507e-05,0.0004588329360848851,-0.00018192333333259984,0.00014674281250069235,30,0.999958362841239,0.000982474737213777,0.9996110832990927,1.0003121404673831,30,0.0017626666666661053,0.004650349677869996,0.00016382291666617687,0.0034234562500020846,30,-0.0007333333333333334,0.0007626330673412337,-0.0010000000000000002,-0.0004666666666666667,30,1.1666666666666667,0.3790490217894517,1.0333333333333334,1.3,30,-26.753569023569025,2.7168076431486714,-27.7335867003367,-25.821340067340067,True
0.1,0.95,left_if_safe,baseline1_hdv,30,1.0,0.0,30,0.7823166666666667,0.1007478487263549,0.7454000000000002,0.8157170833333334,30,1.1552455430371371,0.02012755100473029,1.1480547198644657,1.1620169696319942,30,-0.13038611111111112,0.016791308121059157,-0.13606673611111111,-0.12443611111111112,30,-0.003052204166665658,0.0006182835306130136,-0.003279450624998733,-0.0028363689583324474,30,0.9934680252511148,0.0013211264345489508,0.9929980591871472,0.9939200365930052,30,-0.028566249999999252,0.006109853104362783,-0.0307490927083321,-0.026459555208335747,30,-0.0008333333333333334,0.001288766674084136,-0.0012666666666666668,-0.0003666666666666667,30,1.0333333333333334,0.1825741858350553,1.0,1.1,30,-26.547676767676766,3.1367411454169947,-27.60496464646464,-25.39462373737373,True
0.1,0.95,left_if_safe,baseline2_matched,30,0.5666666666666667,0.0,30,0.0004833333333333319,0.10441400382804167,-0.03588499999999999,0.035750416666666625,30,1.000123023712516,0.017989458432898748,0.993642789864125,1.006204149414748,30,-8.055555555556149e-05,0.017402333971340285,-0.006125069444444439,0.006163888888888887,30,-0.00490639166666634,0.0006630932572541556,-0.005141319374999664,-0.004681891458332882,30,0.9895414584365126,0.0014084869899458495,0.9890463115567558,0.9900331170642388,30,-0.049062708333333246,0.006586304200855051,-0.05140776770833163,-0.046758752083334555,30,0.00034999999999999994,0.0012116531881177308,0.0,0.0008333333333333333,30,0.0,0.0,0.0,0.0,30,0.10303030303030311,3.2682600418203327,-1.0090909090909113,1.272727272727273,False
0.1,0.95,left_if_safe,noop,30,1.0,0.0,30,0.7972666666666666,0.10105202938921194,0.7618991666666663,0.8334679166666665,30,1.1587025512616644,0.020542039636677875,1.1514912991560855,1.1659901757564652,30,-0.13287777777777773,0.016842004898201996,-0.13884444444444444,-0.1269554861111111,30,-0.002946199999998961,0.000515918524709096,-0.003129923020832416,-0.0027621654166655675,30,0.9936932601925726,0.0011036605887972378,0.9933069847569728,0.9940879472920645,30,-0.02746883333333206,0.005068621915059191,-0.029270428124999387,-0.025683581249999296,30,-0.0005833333333333335,0.0013136113248003298,-0.0009833333333333335,-8.33333333333334e-05,30,1.1666666666666667,0.3790490217894517,1.0333333333333334,1.3,30,-27.138417508417508,3.206345217072596,-28.282240740740743,-25.986674242424236,True
0.1,0.95,node_mlp_ppo,baseline1_hdv,30,1.0,0.0,30,0.8132833333333335,0.06918349954429445,0.7884825000000001,0.8372341666666666,30,1.161396700439273,0.01406648025625749,1.1561957215833027,1.1662013837679657,30,-0.1355472222222222,0.011530583257382399,-0.13928333333333331,-0.13122770833333333,30,-0.0024905333333323193,0.0005513007208789924,-0.0026877037499988625,-0.002298768749999106,30,0.9946700686680943,0.001178341076812721,0.9942545812568419,0.9950850779255166,30,-0.022872124999999865,0.0054910805923934864,-0.024764687499997166,-0.02090333958333583,30,-0.001066666666666667,0.0010645812948447543,-0.0014333333333333338,-0.0006833333333333334,30,1.0333333333333334,0.1825741858350553,1.0,1.1,30,-27.684040404040406,2.08814454365149,-28.38838888888889,-26.92973737373737,True
0.1,0.95,node_mlp_ppo,baseline2_matched,30,0.7,0.0,30,0.031450000000000006,0.07686669495368881,0.003099583333333426,0.05789999999999992,30,1.0054522544976077,0.013246459936242383,1.0006397991424363,1.0099956921603683,30,-0.005241666666666667,0.01281111582561479,-0.009547361111111098,-0.000535763888888879,30,-0.0043447208333330005,0.0007185815257442764,-0.004600194791666307,-0.004093186458333319,30,0.9907390915566707,0.0015255848619241306,0.9901760857977129,0.9912526962298164,30,-0.043368583333333856,0.007176328444943934,-0.045913807291666144,-0.04091688958333275,30,0.00011666666666666667,0.000567561835205301,-6.666666666666667e-05,0.0003333333333333333,30,0.0,0.0,0.0,0.0,30,-1.033333333333336,2.1937348721473104,-1.772727272727273,-0.24848484848485458,True
0.1,0.95,node_mlp_ppo,grid_cnn_ppo,30,0.8,0.0,30,0.04498333333333327,0.08406560280348105,0.014615833333333234,0.07388374999999998,30,1.0078445392103172,0.014554999007605011,1.0028378123607178,1.0128175032816267,30,-0.007497222222222207,0.014010933800580164,-0.01228909722222221,-0.0024305555555555395,30,-0.0023649833333330575,0.0006214211411162292,-0.0025824764583329686,-0.0021489612499998203,30,0.994937904652719,0.0013267219692136736,0.9944602621659822,0.9953962628644928,30,-0.02353737499999878,0.006185911040751288,-0.02577622395833308,-0.021414307291667403,30,-8.333333333333333e-05,0.0006706061762899003,-0.00030000000000000003,0.00015000000000000001,30,0.0,0.0,0.0,0.0,30,-1.52121212121212,2.4472704604056523,-2.396969696969696,-0.6515151515151502,True
0.1,0.95,node_mlp_ppo,left_if_safe,30,0.5666666666666667,0.0,30,0.030966666666666677,0.12884794120987325,-0.013583750000000014,0.07725208333333325,30,1.005642219429315,0.022445243459479406,0.9978648703142169,1.0136399849360314,30,-0.005161111111111105,0.021474656868312205,-0.012900347222222223,0.00231986111111109,30,0.0005616708333333386,0.0006599355886174933,0.0003348750000002696,0.0007955466666665275,30,1.0012111005172606,0.0014226059182224345,1.0007253564399006,1.0017156279485913,30,0.005694124999999387,0.00649056201532422,0.003410158333334276,0.007969263541663177,30,-0.0002333333333333333,0.0013178701033088969,-0.00075,0.00018333333333333328,30,0.0,0.0,0.0,0.0,30,-1.1363636363636394,3.878663382928908,-2.539469696969701,0.20916666666666664,False
0.1,0.95,node_mlp_ppo,noop,30,1.0,0.0,30,0.8282333333333332,0.08338968899021652,0.7986658333333331,0.8569499999999995,30,1.1649120028564093,0.017504966001883372,1.1588426823553315,1.1710210906919283,30,-0.13803888888888888,0.013898281498369405,-0.1427722916666667,-0.13297208333333332,30,-0.002384529166665622,0.0004679999455256614,-0.002551481041665735,-0.002215198333332339,30,0.9948956456618574,0.0010010138688287217,0.9945411268807457,0.9952469932800826,30,-0.021774708333332674,0.004668869767000999,-0.02339912708333201,-0.020104050000000193,30,-0.0008166666666666669,0.0006497125801318683,-0.0010333333333333336,-0.0005829166666666728,30,1.1666666666666667,0.3790490217894517,1.0333333333333334,1.3,30,-28.274781144781148,2.7068561038697805,-29.23308333333333,-27.354446127946122,True
0.1,0.95,noop,baseline1_hdv,30,0.43333333333333335,0.0,30,-0.014949999999999885,0.047516122490705345,-0.03236833333333323,0.0008166666666667765,30,0.997063400145975,0.00940486349965649,0.9935378407777373,1.0001109824901298,30,0.002491666666666644,0.00791935374845089,-0.00019451388888893262,0.005363888888888857,30,-0.0001060041666666974,0.00033093195447828923,-0.00022773874999994136,6.029270833198632e-06,30,0.9997733190650654,0.0007081003175895284,0.9995179772842019,1.000019554680779,30,-0.001097416666667191,0.00332581239967421,-0.0022980062500012935,4.636458333415421e-05,30,-0.00025000000000000006,0.0010565885246134504,-0.0006333333333333334,0.0001,30,-0.13333333333333333,0.43417248545530474,-0.3,0.0,30,0.5907407407407409,1.9538722364405487,-0.06519444444444593,1.3037037037037018,False
0.1,0.95,noop,baseline2_matched,30,0.0,0.0,30,-0.7967833333333332,0.05717255842431408,-0.8166504166666664,-0.7759495833333332,30,0.8631830487393641,0.009189469480106486,0.8599835821130076,0.8664867738645023,30,0.1327972222222222,0.009528759737385675,0.12923326388888887,0.13603340277777776,30,-0.001960191666667379,0.00043038457608639676,-0.00211727791666737,-0.0018083561458341827,30,0.9958218723591148,0.0009149894053798131,0.9954943044007725,0.9961313346482132,30,-0.021593875000001185,0.0043612481450327895,-0.023149671875001217,-0.020059586458333882,30,0.0009333333333333334,0.0006660917060882385,0.0007166666666666666,0.0011670833333333275,30,-1.1666666666666667,0.3790490217894517,-1.3,-1.0333333333333334,30,27.24144781144781,2.0601463157526174,26.508266835016833,27.953394781144777,False
0.1,1.0,baseline2_matched,baseline1_hdv,30,1.0,0.0,30,0.9003333333333333,0.025368434545008287,0.8915,0.9093666666666667,30,1.1786630031909056,0.005803761106487165,1.1766570294133591,1.1807151670232734,30,-0.15005555555555555,0.00422807242416805,-0.1515277777777778,-0.14855555555555558,30,0.00155187083333412,0.00040165514845404924,0.0014092375000007975,0.001692803854167534,30,1.003321486943802,0.000860355903678105,1.0030200313417197,1.0036254650063918,30,0.01776954166666715,0.003997732486116176,0.01632940416666737,0.019155293750004295,30,-0.0012500000000000002,0.0008585272072085086,-0.0015500000000000004,-0.0009500000000000001,30,1.0333333333333334,0.1825741858350553,1.0,1.1,30,-30.068888888888885,0.9932541962866505,-30.426780303030302,-29.730590909090907,True
0.1,1.0,graph_ppo,baseline1_hdv,30,1.0,0.0,30,0.9579666666666664,0.0223108653495035,0.9502829166666666,0.9660333333333332,30,1.1900972390335292,0.005294189488580573,1.1882653051011238,1.1919514340084207,30,-0.1596611111111111,0.003718477558250592,-0.16094729166666663,-0.1583915972222222,30,-0.004616133333332297,0.0005156094202800025,-0.004801768229165972,-0.004438836666665637,30,0.9901209035894335,0.0011002360907538323,0.9897305189799377,0.9905033652638537,30,-0.043766416666668535,0.005153983276407118,-0.045553046875002445,-0.041945036458336554,30,-0.0012666666666666668,0.0008482571720209959,-0.0015666666666666672,-0.0009666666666666668,30,1.0666666666666667,0.2537081317024625,1.0,1.1666666666666667,30,-31.707272727272734,0.8958869032785364,-32.028893939393946,-31.4024090909091,True
0.1,1.0,graph_ppo,baseline2_matched,30,1.0,0.0,30,0.05763333333333322,0.010550317312872587,0.053882916666666475,0.06131666666666661,30,1.0097047352453292,0.001790997746019844,1.0090616364685405,1.0103232613021988,30,-0.009605555555555537,0.0017583862188121008,-0.010208333333333309,-0.008975000000000007,30,-0.006168004166666417,0.000591279214379446,-0.006382742604166449,-0.0059688994791663955,30,0.9868436482517257,0.0012529754779934707,0.9863834118889419,0.987265623631658,30,-0.06153595833333568,0.005914883665848082,-0.06370764583333385,-0.05953207708333662,30,-1.6666666666666667e-05,9.128709291752767e-05,-5e-05,0.0,30,0.03333333333333333,0.18257418583505536,0.0,0.1,30,-1.638383838383849,0.310863576338307,-1.7484848484848574,-1.5303030303030407,True
0.1,1.0,graph_ppo,grid_cnn_ppo,30,0.7666666666666667,0.06666666666666667,30,0.007066666666666569,0.011497925849933874,0.003266666666666484,0.011349999999999956,30,1.0011827766403185,0.0019268331555446834,1.000537824861687,1.0019221053790515,30,-0.0011777777777777555,0.0019163209749889826,-0.0018777777777777597,-0.0005444444444444249,30,-0.0031546416666663394,0.0022959902464942286,-0.003957893749999892,-0.0023444337499997038,30,0.9932492974738953,0.004900239467485362,0.9915232957083557,0.9949709924100837,30,-0.03152875000000025,0.022977935105751426,-0.03950030104166762,-0.023027771874999214,30,-5e-05,0.00020128894996822438,-0.00013333333333333334,0.0,30,0.0,0.2626128657194451,-0.1,0.1,30,-0.20000000000000379,0.3447370135317416,-0.32931818181818895,-0.08686868686868934,True
0.1,1.0,graph_ppo,left_if_safe,30,0.4666666666666667,0.5333333333333333,30,0.01163333333333325,0.014919862561383453,0.006549999999999981,0.01703333333333322,30,1.0019493319389297,0.0025029963365046713,1.0011023224830837,1.002894610348021,30,-0.0019388888888888715,0.0024866437602305697,-0.0028583333333333147,-0.0011277083333333143,30,-3.792083333333437e-05,0.0004305330077700373,-0.00019211416666667497,0.00011138770833327334,30,0.9999184655669867,0.0009305387381263422,0.9995847773446273,1.0002452093687957,30,-0.00035012500000026017,0.0043113017744425995,-0.0018740687499985969,0.0011614843750006013,30,-5e-05,0.00020128894996822438,-0.00013333333333333334,0.0,30,0.0,0.0,0.0,0.0,30,-0.3484848484848508,0.4473304072024878,-0.5121212121212163,-0.2,True
0.1,1.0,graph_ppo,node_mlp_ppo,30,0.7333333333333333,0.13333333333333333,30,0.0102833333333332,0.01808632715299208,0.004516666666666473,0.017349999999999827,30,1.0017259050466616,0.003045192132948413,1.0007660795676463,1.0028999962587661,30,-0.0017138888888888666,0.003014387858832023,-0.0028777777777777716,-0.0007666666666666485,30,-0.00045685416666672586,0.0007184298725490389,-0.0007165926041667746,-0.00020648718750017876,30,0.9990149260790837,0.0015494473981309232,0.9984444182038456,0.9995560139675744,30,-0.004542833333336323,0.0072008154092074094,-0.0071724208333383745,-0.0020716572916683828,30,-5e-05,0.00027386127875258305,-0.00015000000000000001,0.0,30,0.0,0.2626128657194451,-0.1,0.1,30,-0.29393939393939944,0.5486467601936188,-0.5030303030303116,-0.11919191919192258,True
0.1,1.0,graph_ppo,noop,30,1.0,0.0,30,0.9812833333333335,0.03510493710570358,0.9693991666666665,0.9939837499999999,30,1.1956629572422697,0.008416106124105534,1.1928570730525263,1.198703208061402,30,-0.16354722222222218,0.005850822850950589,-0.16563618055555557,-0.16152486111111114,30,-0.0045860666666654205,0.0004960919097327993,-0.004751496666665529,-0.0044032566666655,30,0.9901846461862422,0.0010588812916032448,0.9898272417496301,0.9905796954567329,30,-0.04340745833333471,0.004989990557436556,-0.04510839479166938,-0.04163003229166685,30,-0.0011000000000000003,0.0006486059321131852,-0.0013333333333333335,-0.0008833333333333334,30,1.4,0.49827287912243984,1.2333333333333334,1.5666666666666667,30,-32.702457912457916,1.609079521353551,-33.28907323232324,-32.16178198653199,True
0.1,1.0,grid_cnn_ppo,baseline1_hdv,30,1.0,0.0,30,0.9509000000000001,0.02646741653299459,0.9417166666666665,0.9604333333333329,30,1.18869697416339,0.006063387501942612,1.1866219861061966,1.1908796795839156,30,-0.15848333333333334,0.0044112360888324265,-0.16005284722222224,-0.15695833333333337,30,-0.0014614916666659576,0.0022403670332987653,-0.0022364421874985683,-0.0006720318749993538,30,0.9968726200764674,0.004794419498669543,0.995176270926249,0.9985304254161849,30,-0.012237666666668279,0.022423693496744838,-0.020018731250002215,-0.0044786197916684535,30,-0.001216666666666667,0.0009067118819016377,-0.0015500000000000002,-0.0009000000000000001,30,1.0666666666666667,0.2537081317024625,1.0,1.1666666666666667,30,-31.507272727272735,0.9958682891558136,-31.871217171717177,-31.168479797979803,True
0.1,1.0,grid_cnn_ppo,baseline2_matched,30,1.0,0.0,30,0.05056666666666665,0.013985049488486077,0.04568333333333321,0.055549999999999974,30,1.0085148395717385,0.0023646284189953147,1.0076837878884841,1.009356985476089,30,-0.008427777777777782,0.0023308415814143543,-0.009250000000000017,-0.007605555555555572,30,-0.0030133625000000773,0.0022968258488405557,-0.0038223415624999996,-0.0022065219791667853,30,0.9935733968739113,0.004898577392761585,0.9918576275945228,0.9952598507027336,30,-0.030007208333335426,0.02298920794100516,-0.038146514583335615,-0.021782621875003065,30,3.3333333333333335e-05,0.0002248882225544018,-3.3333333333333335e-05,0.00011666666666666667,30,0.03333333333333333,0.18257418583505536,0.0,0.1,30,-1.4383838383838452,0.42220238971219065,-1.586868686868692,-1.2909090909090983,True
0.1,1.0,grid_cnn_ppo,left_if_safe,30,0.5,0.03333333333333333,30,0.0045666666666666815,0.022916916404072868,-0.0034499999999999826,0.012750416666666667,30,1.0007715235022319,0.003833931552925581,0.9994221753553272,1.0021681650890133,30,-0.0007611111111111162,0.003819486067345488,-0.002100000000000006,0.0005972916666666659,30,0.003116720833333005,0.002248862770955475,0.002311657499999387,0.003897109479166324,30,1.006737265841035,0.0048616612726814085,1.0050096005211804,1.0083850060933102,30,0.031178624999999995,0.022536577305183235,0.023288898958333786,0.03912207499999907,30,0.0,0.00029361010975735173,-0.0001,0.0001,30,0.0,0.2626128657194451,-0.1,0.1,30,-0.14848484848484703,0.691352128389426,-0.398989898989898,0.09393939393939756,False
0.1,1.0,grid_cnn_ppo,noop,30,1.0,0.0,30,0.9742166666666668,0.03996780672882421,0.9605662500000001,0.9886170833333335,30,1.1942592598323352,0.009339545956839094,1.190968557325921,1.1975692327831624,30,-0.16236944444444446,0.0066613011214706995,-0.16475006944444448,-0.1600638888888889,30,-0.0014314249999990813,0.0022149935820527083,-0.0021889056249993926,-0.0006623193749989723,30,0.9969365911729088,0.004740550991184927,0.9952621128482927,0.9986210347541237,30,-0.011878708333334457,0.022198715927847702,-0.01951076770833439,-0.004218371874998202,30,-0.0010500000000000002,0.0006866962386222391,-0.0012837499999999967,-0.0008166666666666668,30,1.4,0.563241847975046,1.2,1.6,30,-32.50245791245791,1.7676919675583433,-33.148294612794615,-31.907066498316496,True
0.1,1.0,left_if_safe,baseline1_hdv,30,1.0,0.0,30,0.9463333333333332,0.028863033670140568,0.9359995833333333,0.9562670833333332,30,1.187791143001077,0.006471990640110832,1.1854901349731588,1.1900508501719655,30,-0.1577222222222222,0.004810505611690091,-0.1593667361111111,-0.15599159722222222,30,-0.004578212499998962,0.00047106137969210945,-0.004747318020832412,-0.004414008854165756,30,0.9902019561934284,0.0010056741834004364,0.9898504069665031,0.9905615468496372,30,-0.04341629166666827,0.004732296813804678,-0.04506150208333627,-0.04175251250000198,30,-0.001216666666666667,0.0008777256398502751,-0.0015333333333333338,-0.0009166666666666666,30,1.0666666666666667,0.2537081317024625,1.0,1.1666666666666667,30,-31.358787878787883,1.0755541921446892,-31.735161616161616,-30.98483333333334,True
0.1,1.0,left_if_safe,baseline2_matched,30,1.0,0.0,30,0.045999999999999965,0.017384594845179156,0.03984999999999994,0.05195041666666664,30,1.0077459467059098,0.002932789941523363,1.0066783804459736,1.0087960753029594,30,-0.007666666666666666,0.0028974324741965363,-0.008647222222222218,-0.006613888888888875,30,-0.006130083333333082,0.0006337720243176491,-0.006349475312500006,-0.005912131458333022,30,0.9869246444759664,0.001344011151953504,0.9864583990202751,0.9874111041948843,30,-0.06118583333333542,0.00634480529555365,-0.06340657395833471,-0.0588815854166699,30,3.3333333333333335e-05,0.0002248882225544018,-3.3333333333333335e-05,0.00011666666666666667,30,0.03333333333333333,0.18257418583505536,0.0,0.1,30,-1.289898989898998,0.5031601683868001,-1.459595959595966,-1.1080808080808149,True
0.1,1.0,left_if_safe,noop,30,1.0,0.0,30,0.9696499999999999,0.03535635093903409,0.9576500000000002,0.9822500000000001,30,1.193339999333638,0.008347848373001555,1.1904418678693647,1.1963227985072054,30,-0.1616083333333333,0.005892725156505689,-0.1636806944444444,-0.1595359722222222,30,-0.0045481458333320865,0.00046083041737851393,-0.004701571666665473,-0.00438688302083185,30,0.990265726553668,0.000983739643305539,0.9899398139477181,0.9906153201145803,30,-0.043057333333334454,0.004626186855325296,-0.04462214062500081,-0.041365553125001876,30,-0.0010500000000000002,0.0006740254778771988,-0.0012833333333333336,-0.0008166666666666668,30,1.4,0.49827287912243984,1.2333333333333334,1.5666666666666667,30,-32.353973063973065,1.5873239127215968,-32.92966582491583,-31.81251767676768,True
0.1,1.0,node_mlp_ppo,baseline1_hdv,30,1.0,0.0,30,0.9476833333333334,0.028696834900966493,0.9376333333333337,0.9578500000000001,30,1.1880574169157652,0.006411711600247204,1.185800812155912,1.19035023366673,30,-0.15794722222222218,0.004782805816827753,-0.15959166666666663,-0.15628611111111113,30,-0.004159279166665571,0.0006124670783579627,-0.004366221354165347,-0.003940240937499052,30,0.9910986039307929,0.0013087179912963356,0.9906411720941424,0.9915585248656533,30,-0.03922358333333221,0.00615091314475675,-0.04135339166666499,-0.03705197499999846,30,-0.001216666666666667,0.0009067118819016377,-0.0015333333333333338,-0.0009000000000000001,30,1.0666666666666667,0.2537081317024625,1.0,1.1666666666666667,30,-31.413333333333338,1.047851537097929,-31.79203787878788,-31.05877777777777,True
0.1,1.0,node_mlp_ppo,baseline2_matched,30,0.9666666666666667,0.0,30,0.04735000000000002,0.02129519534607719,0.03959999999999999,0.054366666666666674,30,1.0079742405917635,0.0035914539007047414,1.0066159399284806,1.009158661551593,30,-0.00789166666666667,0.0035491992243462016,-0.009030555555555568,-0.006563888888888901,30,-0.005711149999999691,0.0007836465169819065,-0.005984835520833092,-0.005428803333332991,30,0.9878184545112487,0.0016644644623972445,0.9872351739155519,0.9884089832136438,30,-0.05699312499999935,0.00785208793854326,-0.05970319895833042,-0.05412599583333496,30,3.3333333333333335e-05,0.0002916461404928374,-5e-05,0.00015000000000000001,30,0.03333333333333333,0.18257418583505536,0.0,0.1,30,-1.3444444444444494,0.6334702263065103,-1.5515151515151586,-1.1060606060606128,True
0.1,1.0,node_mlp_ppo,grid_cnn_ppo,30,0.4,0.06666666666666667,30,-0.0032166666666666307,0.013573353290187056,-0.00855,0.0006666666666666828,30,0.9994629646397626,0.00226701589662689,0.9985722165602745,1.0001332624353887,30,0.0005361111111111112,0.0022622255483645093,-0.00012222222222223097,0.0014472916666666618,30,-0.0026977874999996134,0.0018575622498356113,-0.003345144895832798,-0.002043545104166429,30,0.9942257869528084,0.0039644856387773654,0.992827802134326,0.9956515349441278,30,-0.02698591666666393,0.018568675023450772,-0.03350277187499877,-0.02043480937499628,30,0.0,0.0003474041668898256,-0.00011666666666666667,0.00013333333333333334,30,0.0,0.2626128657194451,-0.1,0.1,30,0.09393939393939567,0.4058055313261923,-0.023232323232323892,0.26060606060606234,False
0.1,1.0,node_mlp_ppo,left_if_safe,30,0.4666666666666667,0.0,30,0.0013500000000000512,0.02837621332663355,-0.009166666666666679,0.011083750000000094,30,1.000235369897379,0.004742993218865845,0.9985102339841723,1.0018531510990405,30,-0.00022500000000000482,0.004729368887772262,-0.0018250000000000137,0.001497222222222202,30,0.00041893333333339146,0.0006383566031068391,0.00019654281250001322,0.0006486965625001362,30,1.000906095618974,0.001380474952249297,1.0004331075737358,1.001400468404289,30,0.004192708333336063,0.006426359426852561,0.001995163541668854,0.006505292708334012,30,0.0,0.00034740416688982563,-0.00011666666666666667,0.00013333333333333334,30,0.0,0.2626128657194451,-0.1,0.1,30,-0.05454545454545136,0.8521491260657951,-0.34646464646464686,0.25555555555556186,False
0.1,1.0,node_mlp_ppo,noop,30,1.0,0.0,30,0.9710000000000001,0.04202339250038456,0.9566991666666667,0.9858670833333335,30,1.1936176060325947,0.009684487007276841,1.1902651374132753,1.1971068086775052,30,-0.16183333333333336,0.007003898750064096,-0.1643084027777778,-0.15942222222222222,30,-0.0041292124999986945,0.0005772849606635331,-0.0043298602083321185,-0.003928426979165253,30,0.9911623604130253,0.0012334966265404828,0.9907239110698323,0.9915957530340551,30,-0.03886462499999839,0.005811995465217853,-0.0408592312500012,-0.036798197916664756,30,-0.0010500000000000002,0.0006740254778771988,-0.0013000000000000002,-0.0008166666666666669,30,1.4,0.5632418479750461,1.2,1.6,30,-32.40851851851851,1.82132700763556,-33.0661069023569,-31.797739898989903,True
0.1,1.0,noop,baseline1_hdv,30,0.3,0.0,30,-0.02331666666666671,0.045216239708022285,-0.039149999999999886,-0.007916666666666718,30,0.9953983434743955,0.008944877077975238,0.9921432027743301,0.9984558465024008,30,0.003886111111111105,0.007536039951337051,0.0013472222222221993,0.006627847222222216,30,-3.006666666687622e-05,0.0003996077369904549,-0.00017553916666699553,0.00010792281249993436,30,0.9999359345089286,0.0008551549674810764,0.9996339520973027,1.0002300808257787,30,-0.00035895833333382163,0.004023852763834917,-0.0017821625000000274,0.0010465156249994622,30,-0.0001666666666666667,0.0010366834828809423,-0.0005333333333333335,0.00018333333333333334,30,-0.3333333333333333,0.47946330148538413,-0.5,-0.16666666666666666,30,0.9951851851851823,1.9882256291133977,0.3314814814814809,1.7289166666666627,False
0.1,1.0,noop,baseline2_matched,30,0.0,0.0,30,-0.9236500000000002,0.03778230519974786,-0.93725,-0.9108166666666668,30,0.8445142144499127,0.006277729291140799,0.8423052318265578,0.8466990188882434,30,0.15394166666666662,0.00629705086662465,0.1518082638888889,0.15622777777777772,30,-0.0015819375000009962,0.0005059527711430849,-0.0017609051041676228,-0.001407152708334306,30,0.9966262198707433,0.0010770260771549706,0.9962488966175214,0.997001199810542,30,-0.01812850000000097,0.005109206651505388,-0.019898165625003576,-0.016309897916666594,30,0.0010833333333333335,0.0006443833370420679,0.0008500000000000003,0.001316666666666667,30,-1.3666666666666667,0.4901325178535609,-1.5333333333333334,-1.2,30,31.064074074074068,1.677462175320918,30.50231986531985,31.67054124579124,False
0.15,0.9,baseline2_matched,baseline1_hdv,30,1.0,0.0,30,0.7219333333333335,0.041603575222141226,0.70746625,0.7367500000000002,30,1.1521671875033885,0.009422175633376455,1.1489105239005832,1.1555485193898916,30,-0.12032222222222225,0.0069339292036902,-0.12274451388888892,-0.11791104166666669,30,-0.0008470041666661913,0.0009602376100542008,-0.0011857940624995142,-0.0005061623958327776,30,0.9987608896751208,0.0014055694507074266,0.9982606184385716,0.9992603239776122,30,-0.0044434722222223815,0.006428899989937189,-0.006698642361111807,-0.002143820138889664,30,-0.0008833333333333333,0.0010882074261366033,-0.0012833333333333336,-0.0005,30,1.2,0.4068381021724863,1.0666666666666667,1.3666666666666667,30,-27.880067340067345,1.6622716490380862,-28.455637205387198,-27.293412457912453,True
0.15,0.9,graph_ppo,baseline1_hdv,30,1.0,0.0,30,0.6856833333333334,0.07530987517484401,0.6585166666666669,0.7111675000000003,30,1.1445175829241272,0.016117745532682547,1.13875648984279,1.150065203200968,30,-0.11428055555555557,0.012551645862474007,-0.11865013888888891,-0.10979437500000001,30,-0.007870579166666595,0.0011507523384666248,-0.00826913562500037,-0.00745794354166639,30,0.9884772788731044,0.0016779544404832351,0.9878909400640495,0.9890665048414045,30,-0.05132772222221809,0.007631741200509856,-0.053978036805550425,-0.048643581249997514,30,-0.0004,0.0014105513717740993,-0.0009000000000000001,9.999999999999998e-05,30,1.1666666666666667,0.3790490217894517,1.0333333333333334,1.3,30,-26.606734006734005,2.8167738709772063,-27.582500841750836,-25.593215488215495,True
0.15,0.9,graph_ppo,baseline2_matched,30,0.3333333333333333,0.0,30,-0.03625000000000004,0.08381668729415115,-0.06583499999999991,-0.0075833333333333915,30,0.9934114632102009,0.01530503296630462,0.9879058565281064,0.9987019864189229,30,0.006041666666666664,0.013969447882358514,0.0011721527777777867,0.010938888888888864,30,-0.007023575000000404,0.0009821722783034512,-0.007362270208333999,-0.006676499687500093,30,0.9897042060662845,0.0014354050054066676,0.9892035917161354,0.9902213858319966,30,-0.046884249999995714,0.006485171652142065,-0.049120696527773344,-0.04460277708332857,30,0.00048333333333333334,0.0009868386771466973,0.00013333333333333334,0.0008333333333333334,30,-0.03333333333333333,0.5560534167675356,-0.23333333333333334,0.16666666666666666,30,1.2733333333333339,2.899305577507472,0.2536287878787884,2.321825757575759,False
0.15,0.9,graph_ppo,grid_cnn_ppo,30,0.3,0.0,30,-0.07821666666666655,0.12463171147724457,-0.12148541666666655,-0.034766666666666585,30,0.9860727743444376,0.02246338371579006,0.9781520074009662,0.9939806772706138,30,0.013036111111111092,0.020771951912874103,0.005794374999999969,0.02037506944444444,30,-0.00039057083333385865,0.0017044583338829042,-0.0009686520833338393,0.0002228676041660053,30,0.9994257241657057,0.00252427881132153,0.9985606681416713,1.000321245767147,30,-0.0027341666666652388,0.011251470948961404,-0.0067251638888860136,0.0013419152777778196,30,-0.00030000000000000003,0.0022267960592867887,-0.0011499999999999998,0.00040000000000000013,30,-0.4,0.6214554662658653,-0.6,-0.16666666666666666,30,2.5296969696969693,4.360438962671466,1.0390681818181844,4.093060606060601,False
0.15,0.9,graph_ppo,left_if_safe,30,0.26666666666666666,0.0,30,-0.08209999999999994,0.12091764082245812,-0.12468416666666672,-0.04009916666666666,30,0.9854257710491132,0.021759710218524596,0.9776427283718968,0.9932442969991322,30,0.013683333333333318,0.020152940137076348,0.0067440972222222225,0.0207977083333333,30,0.0017419166666663803,0.0016288904405052356,0.0011804052083329401,0.002323186354166316,30,1.0025907221438974,0.0024244744792159705,1.001737090364771,1.0034406832558076,30,0.011475944444447854,0.010710147455199766,0.007727365972225782,0.015282588888891393,30,0.00020000000000000006,0.0016484057083468089,-0.0004166666666666667,0.0007500000000000001,30,-0.3333333333333333,0.5466722735905339,-0.5333333333333333,-0.13333333333333333,30,2.7187878787878796,3.9794047547286358,1.328113636363637,4.1149015151515185,False
0.15,0.9,graph_ppo,node_mlp_ppo,30,0.2,0.0,30,-0.07415,0.13031990810415675,-0.11881750000000008,-0.02796541666666661,30,0.9869361137589768,0.023939129454604597,0.9785056281879678,0.9955175916587167,30,0.012358333333333327,0.02171998468402613,0.004619375000000006,0.0197611111111111,30,0.0014482291666662594,0.0016193489502634244,0.0008948310416661166,0.0020497257291664534,30,1.0021538170193094,0.0024108275161529393,1.0013230769865362,1.003040814804846,30,0.009531277777779904,0.010787858103371328,0.005863613194446897,0.013377260416671428,30,-0.0006999999999999998,0.004572405991567693,-0.0025666666666666663,0.0005170833333333274,30,-0.4666666666666667,0.571346463723366,-0.6666666666666666,-0.26666666666666666,30,2.331818181818181,4.607654521965309,0.7339393939393972,3.9275833333333305,False
0.15,0.9,graph_ppo,noop,30,1.0,0.0,30,0.7425666666666667,0.07221420880978334,0.7168829166666668,0.7672337499999998,30,1.1583922909337276,0.01557798383376818,1.1527453954408418,1.1638202957591768,30,-0.12376111111111111,0.012035701468297225,-0.12782229166666667,-0.11940520833333333,30,-0.007473041666666768,0.0010937254649139804,-0.007852597916667058,-0.007093041249999899,30,0.9890528587145614,0.0015961951688116323,0.9884913128858226,0.9896280217551165,30,-0.04858266666666221,0.00723935069509461,-0.05114045972221569,-0.04607122291666248,30,-0.0004,0.001140175425099138,-0.0008166666666666667,-1.6666666666666667e-05,30,1.1666666666666667,0.3790490217894517,1.0333333333333334,1.3,30,-29.040067340067345,2.7055884905574485,-29.972755050505054,-28.064387205387213,True
0.15,0.9,grid_cnn_ppo,baseline1_hdv,30,1.0,0.0,30,0.7638999999999998,0.09767940170394875,0.7282820833333332,0.7967516666666665,30,1.1610508403108912,0.02112275411476368,1.1534549531378673,1.1681915856219107,30,-0.12731666666666666,0.016279900283991462,-0.13277229166666663,-0.12135506944444446,30,-0.007480008333332736,0.0013083232494851718,-0.00795116489583289,-0.007041122083332971,30,0.9890487210482023,0.0019117036498131604,0.9883641331421256,0.9897143659662555,30,-0.04859355555555286,0.008692036097478022,-0.0517647604166649,-0.04559256458333091,30,-0.00010000000000000002,0.0023059144345162386,-0.0008500000000000002,0.0007500000000000001,30,1.5666666666666667,0.5040069329937308,1.4,1.7333333333333334,30,-29.136430976430976,3.513239970099643,-30.317756734006732,-27.88603114478115,True
0.15,0.9,grid_cnn_ppo,baseline2_matched,30,0.6666666666666666,0.03333333333333333,30,0.0419666666666665,0.08872214796898165,0.010115833333333095,0.07274999999999973,30,1.0077073720724112,0.016251999109625517,1.0019022600843437,1.013427486092498,30,-0.006994444444444429,0.01478702466149694,-0.01203611111111108,-0.0015359027777777563,30,-0.006633004166666545,0.0013835880003927852,-0.007129454270832999,-0.006159035937499847,30,0.9902769408847434,0.002023908980821319,0.9895582195160114,0.990978473728595,30,-0.044150083333330474,0.009163660539869476,-0.047431239583330904,-0.041072708333330786,30,0.0007833333333333334,0.0018226701393235171,0.00021666666666666668,0.0014833333333333335,30,0.36666666666666664,0.6149478998583782,0.13333333333333333,0.5666666666666667,30,-1.2563636363636352,2.9304957042572646,-2.2415151515151517,-0.17997727272726952,True
0.15,0.9,grid_cnn_ppo,left_if_safe,30,0.4666666666666667,0.0,30,-0.0038833333333334013,0.13111679995288586,-0.049567500000000146,0.04221708333333335,30,0.9996350703745202,0.02385352581342883,0.9912523474413958,1.007946817231649,30,0.0006472222222222249,0.021852799992147644,-0.007022291666666663,0.008338958333333321,30,0.002132487500000239,0.0017169308844605282,0.0015214056250002937,0.0027192433333335943,30,1.0031702163796459,0.002553505851678016,1.0022480183343507,1.0040379361097698,30,0.014210111111113092,0.011328126047066695,0.010109842361111936,0.018142640972224094,30,0.0005000000000000001,0.0022089161018082116,-0.00021666666666666668,0.0013166666666666667,30,0.06666666666666667,0.6914918072835209,-0.16666666666666666,0.3,30,0.18909090909091048,4.5668246241054,-1.368575757575756,1.7787954545454547,False
0.15,0.9,grid_cnn_ppo,noop,30,1.0,0.0,30,0.8207833333333333,0.0900712058675623,0.788015833333333,0.8510008333333331,30,1.175105545799066,0.01959899471251101,1.1680320200954943,1.181521855492777,30,-0.1367972222222222,0.015011867644593717,-0.14195,-0.1313305555555556,30,-0.00708247083333291,0.0014436235575634791,-0.007604125312499783,-0.0065895557291660595,30,0.9896251521695176,0.002109239735575854,0.9888821994371942,0.9903395708733164,30,-0.04584849999999697,0.009570636617709802,-0.04937655902777735,-0.042579090277774505,30,-9.999999999999996e-05,0.0025944237284527406,-0.0009166666666666669,0.0008666666666666665,30,1.5666666666666667,0.5040069329937308,1.4,1.7333333333333334,30,-31.569764309764313,3.238885872421654,-32.65690488215488,-30.404867003367013,True
0.15,0.9,left_if_safe,baseline1_hdv,30,1.0,0.0,30,0.7677833333333334,0.1003169703501352,0.7313162500000001,0.8016833333333334,30,1.1617928510936701,0.021131151063563034,1.154231972644195,1.168914148421581,30,-0.1279638888888889,0.01671949505835587,-0.13381118055555555,-0.12201381944444445,30,-0.009612495833332976,0.0014820478650983187,-0.01012003437499962,-0.00908899968749977,30,0.9859267338967493,0.0021644683653771835,0.985185468065886,0.9867047480612885,30,-0.06280366666666595,0.009764594143310094,-0.06610136874999961,-0.05936347569444471,30,-0.0006000000000000002,0.0019493588689617927,-0.0012500000000000002,0.00011666666666666667,30,1.5,0.5085476277156078,1.3333333333333333,1.6666666666666667,30,-29.325521885521887,3.2790042291756767,-30.454021885521886,-28.20254797979798,True
0.15,0.9,left_if_safe,baseline2_matched,30,0.6,0.0,30,0.045849999999999905,0.10338162896228983,0.01008333333333328,0.08303499999999989,30,1.0083969401966537,0.018955675561345527,1.001755724882212,1.0152216946034665,30,-0.007641666666666654,0.01723027149371498,-0.013761249999999992,-0.001749999999999996,30,-0.008765491666666785,0.00145290189589981,-0.009274165520833696,-0.008256213854166554,30,0.9871507792178894,0.002124839229973052,0.9863913072436544,0.987889993775822,30,-0.05836019444444356,0.009567159479285735,-0.06176714513888802,-0.05503709374999782,30,0.00028333333333333335,0.0013625744733416587,-0.00015000000000000001,0.0008,30,0.3,0.5959634332684376,0.1,0.5,30,-1.4454545454545458,3.4566129764174547,-2.6818636363636355,-0.25419696969697303,True
0.15,0.9,left_if_safe,noop,30,1.0,0.0,30,0.8246666666666668,0.10485066008156677,0.7881995833333333,0.8609170833333333,30,1.1759072269892998,0.022537994338907734,1.1679928323279094,1.1837360140135063,30,-0.13744444444444442,0.017475110013594475,-0.14365027777777778,-0.13146659722222218,30,-0.00921495833333315,0.0016007188139285638,-0.009761911354166864,-0.008643182395833112,30,0.9865013403997038,0.0023381566218758703,0.9856934301594316,0.9873701080264191,30,-0.06005861111111006,0.010528503303734178,-0.06370043055555599,-0.056251424305556554,30,-0.0006000000000000001,0.001835474194109353,-0.001216666666666667,8.333333333333329e-05,30,1.5,0.5085476277156078,1.3333333333333333,1.6666666666666667,30,-31.758855218855217,3.5706358848822637,-33.00185437710438,-30.501997474747476,True
0.15,0.9,node_mlp_ppo,baseline1_hdv,30,1.0,0.0,30,0.7598333333333334,0.1205697918744313,0.7153324999999999,0.7982670833333334,30,1.1601636753151037,0.025692282180771655,1.1503359009800198,1.1683616023995262,30,-0.1266388888888889,0.020094965312405223,-0.13303062500000004,-0.11914166666666667,30,-0.009318808333332854,0.0015279029618791367,-0.009873748958333298,-0.008779771041666103,30,0.9863566816036665,0.00223194810363223,0.9855361583355658,0.9871406249247926,30,-0.060858999999998,0.010226342318847708,-0.06450192569444425,-0.057430747916662764,30,0.0002999999999999998,0.004534541759154638,-0.0009666666666666666,0.0020999999999999994,30,1.6333333333333333,0.4901325178535609,1.4666666666666666,1.8,30,-28.93855218855219,4.29244227026864,-30.329904882154878,-27.380706228956225,True
0.15,0.9,node_mlp_ppo,baseline2_matched,30,0.7333333333333333,0.0,30,0.037899999999999955,0.12061083041664665,-0.007269583333333421,0.0780179166666666,30,1.0069676518407504,0.022098288411181645,0.9987310358147231,1.0142347531454539,30,-0.006316666666666663,0.020101805069441116,-0.012908472222222226,0.001177986111111126,30,-0.008471804166666663,0.0015433436267745075,-0.009030686770832711,-0.007960926666666503,30,0.987581397800318,0.0022565631236321033,0.9867577298434531,0.988327561612111,30,-0.056415527777775615,0.01029668410543987,-0.06018810972222042,-0.052997165277774996,30,0.0011833333333333333,0.004165712534433963,0.00011666666666666667,0.0029166666666666664,30,0.43333333333333335,0.6260623155792925,0.2,0.6333333333333333,30,-1.0584848484848475,4.228813676288883,-2.4342651515151483,0.5007045454545435,False
0.15,0.9,node_mlp_ppo,grid_cnn_ppo,30,0.6,0.0,30,-0.004066666666666544,0.12789332390258143,-0.050617083333333195,0.03923375000000027,30,0.9994209336498382,0.02333729810830144,0.990967863934871,1.0074783729977348,30,0.0006777777777777661,0.021315553983763585,-0.006567083333333343,0.008363888888888893,30,-0.0018388000000001182,0.0013021935007372669,-0.0022977693750005023,-0.0013883987500000717,30,0.9972792833164962,0.0019258938314198639,0.9965861404856627,0.9979417269102165,30,-0.012265444444445142,0.008629698902518808,-0.015370478472223933,-0.00932085208333344,30,0.0004,0.002922563824853929,-0.00045,0.0015833333333333333,30,0.06666666666666667,0.6914918072835209,-0.16666666666666666,0.3,30,0.1978787878787879,4.577543587029627,-1.3688106060606058,1.8034015151515186,False
0.15,0.9,node_mlp_ppo,left_if_safe,30,0.4666666666666667,0.0,30,-0.007949999999999947,0.16230294949197055,-0.0681341666666665,0.04571791666666677,30,0.9989395502079926,0.02929383661307959,0.987964297852903,1.0088075406334511,30,0.001324999999999991,0.027050491581995094,-0.007666944444444459,0.011505763888888885,30,0.00029368750000012084,0.0014747246407021098,-0.00023283989583303057,0.0007943815625000234,30,1.0004382548440443,0.002190265848669006,0.9996565171930499,1.001186117475477,30,0.001944666666667949,0.009783282871083375,-0.0015694312499981327,0.005353810416668501,30,0.0009000000000000001,0.004522739481088105,-0.0003333333333333333,0.0027333333333333333,30,0.13333333333333333,0.6288102248298564,-0.1,0.36666666666666664,30,0.3869696969696984,5.418595576201346,-1.4673560606060603,2.383106060606061,False
0.15,0.9,node_mlp_ppo,noop,30,1.0,0.0,30,0.8167166666666669,0.11777643076472544,0.7727662500000001,0.8552845833333336,30,1.1742240400714374,0.025363124050800708,1.1646708631653695,1.1824027903040557,30,-0.13611944444444443,0.01962940512745425,-0.1425224305555555,-0.12861666666666666,30,-0.008921270833333028,0.001727573482357198,-0.009555328958333355,-0.008327821874999312,30,0.9869318324440942,0.0025219288211954525,0.9860313627308411,0.9877966103336417,30,-0.05811394444444211,0.011545811695897384,-0.06237401597221942,-0.054223587499997034,30,0.00030000000000000003,0.004724477712422021,-0.0009833333333333335,0.0022666666666666664,30,1.6333333333333333,0.4901325178535609,1.4666666666666666,1.8,30,-31.371885521885527,4.174570893447742,-32.73353619528619,-29.829432659932657,True
0.15,0.9,noop,baseline1_hdv,30,0.06666666666666667,0.0,30,-0.056883333333333216,0.03876869589771102,-0.07081708333333325,-0.04350000000000001,30,0.9880462744233625,0.0081122598258992,0.9851804914283395,0.9908012681053433,30,0.009480555555555532,0.0064614493162851745,0.00725277777777777,0.011744513888888879,30,-0.00039753749999982637,0.0008496994791706459,-0.0006919826041664122,-9.10991666665739e-05,30,0.9994186644087956,0.0012443765473737181,0.9989896640100838,0.9998552997190027,30,-0.0027450555555558866,0.005689389124317171,-0.004721377083333006,-0.0006593354166666824,30,1.4456028966473392e-20,0.0015701965613830998,-0.00055,0.0005666666666666667,30,0.0,0.0,0.0,0.0,30,2.4333333333333345,1.7631944963172232,1.8111111111111133,3.0740740740740735,False
0.15,0.9,noop,baseline2_matched,30,0.0,0.0,30,-0.7788166666666668,0.03351491776274674,-0.7906499999999999,-0.7668320833333333,30,0.8575723614118215,0.005662815399549316,0.8556562396510368,0.8595708367402043,30,0.1298027777777778,0.005585819627124451,0.1278138888888889,0.13175013888888887,30,0.00044946666666636494,0.0009467632461841028,0.0001267193749993574,0.0007815057291666051,30,1.000659730241183,0.0013887967138245685,1.000178648700805,1.0011629969034628,30,0.001698416666666495,0.006316986717202004,-0.0005172263888871143,0.00391589861110853,30,0.0008833333333333333,0.0012225138976245046,0.00045000000000000004,0.001316666666666667,30,-1.2,0.4068381021724863,-1.3666666666666667,-1.0666666666666667,30,30.31340067340068,1.4704596185215542,29.78403114478115,30.810740740740748,False
0.15,0.95,baseline2_matched,baseline1_hdv,30,1.0,0.0,30,0.8408666666666668,0.04431605401745694,0.8249995833333332,0.8565170833333333,30,1.177228118892142,0.010032610330842106,1.1737217890125904,1.180772548972317,30,-0.14014444444444443,0.007386009002909498,-0.14277222222222222,-0.13761097222222224,30,-0.0010960541666665269,0.0009624632923383827,-0.0014279945833332787,-0.0007546953124995256,30,0.9983960578414919,0.0014084249593792337,0.9979022826741764,0.9988905693348129,30,-0.005905583333334056,0.006436953217301724,-0.008197936111110589,-0.0036664451388897933,30,-0.0012333333333333335,0.0012780193008453875,-0.0017000000000000001,-0.0007833333333333336,30,2.0,0.0,2.0,2.0,30,-31.755218855218857,1.6864331032178232,-32.36297138047138,-31.169335016835017,True
0.15,0.95,graph_ppo,baseline1_hdv,30,1.0,0.0,30,0.8863000000000001,0.11157667844318453,0.8459166666666669,0.9239512499999999,30,1.1868385946728794,0.024063446704507795,1.1780322163914838,1.194976812398882,30,-0.14771666666666672,0.01859611307386409,-0.1541111805555556,-0.14098020833333336,30,-0.010974099999999579,0.0013982206393301905,-0.011457780937499381,-0.010463361354166667,30,0.9839326021291693,0.002043984736530735,0.9832402365190893,0.9846658568952883,30,-0.07168350000000011,0.009223892317387726,-0.07474891875000068,-0.06840011111111005,30,-0.0008166666666666668,0.0013485837611804245,-0.0013000000000000002,-0.0003333333333333333,30,1.9,0.3051285766293647,1.7666666666666666,2.0,30,-33.303703703703704,3.844756413595132,-34.63216919191918,-31.907122895622898,True
0.15,0.95,graph_ppo,baseline2_matched,30,0.6,0.0,30,0.04543333333333341,0.1140058780497088,0.005766250000000006,0.08481874999999994,30,1.008198398961987,0.020450706776315518,1.0011590821684526,1.015235925204227,30,-0.007572222222222247,0.019000979674951474,-0.014181250000000013,-0.0009303472222222296,30,-0.009878045833333052,0.0017997500178075128,-0.01049427624999963,-0.009196407499999872,30,0.9855155906308084,0.0026305942465371297,0.9846378722050642,0.986469612300596,30,-0.06577791666666606,0.011867319804671083,-0.0697586840277776,-0.06142274652777612,30,0.00041666666666666664,0.0010593046949681705,6.666666666666666e-05,0.0008,30,-0.1,0.30512857662936466,-0.23333333333333334,0.0,30,-1.54848484848485,3.7400250793017964,-2.8439621212121216,-0.2099848484848491,True
0.15,0.95,graph_ppo,grid_cnn_ppo,30,0.3,0.0,30,-0.08006666666666655,0.1386922749342471,-0.1288191666666665,-0.031849999999999934,30,0.9862157531063034,0.024216071487277727,0.9775181197552106,0.9945953832112,30,0.013344444444444421,0.02311537915570786,0.005371805555555551,0.021436597222222187,30,-0.0019934833333335603,0.0017322026707011309,-0.002611979479166855,-0.0013718734375004703,30,0.9970452148570963,0.0025671762675296772,0.9961528893097,0.997926437214223,30,-0.013423333333334349,0.011469627474601247,-0.017396781944445067,-0.009327227083333249,30,-0.0002,0.0025950881986207502,-0.001216666666666667,0.0005833333333333334,30,-0.06666666666666667,0.3651483716701107,-0.2,0.06666666666666667,30,2.3578787878787875,4.336332737370989,0.8575606060606059,3.914424242424241,False
0.15,0.95,graph_ppo,left_if_safe,30,0.1,0.0,30,-0.11804999999999989,0.1093536141653969,-0.15730041666666647,-0.08073166666666665,30,0.9795524572592893,0.018934639275384045,0.9726279705124851,0.9860746639543383,30,0.019674999999999984,0.018225602360899495,0.013380486111111064,0.026180763888888865,30,0.002339891666666638,0.0021089858479432654,0.0016249437500005612,0.0030875187499995395,30,1.003499316848708,0.0031591680032944294,1.002416066174382,1.0046064762613534,30,0.015402527777779973,0.013974218248108175,0.010609816666670447,0.020388162500001222,30,-0.00025,0.003215667464365573,-0.0015333333333333334,0.0007000000000000002,30,-0.1,0.30512857662936466,-0.23333333333333334,0.0,30,3.4909090909090867,3.4898860504603957,2.312121212121206,4.746386363636359,False
0.15,0.95,graph_ppo,node_mlp_ppo,30,0.2,0.0,30,-0.09628333333333321,0.1072266117359297,-0.13350124999999982,-0.057831666666666524,30,0.9833122566698296,0.018713847944630806,0.976754025738902,0.9900076941159882,30,0.016047222222222206,0.01787110195598828,0.009827499999999992,0.022291736111111085,30,0.0014724500000001103,0.0018998761185225748,0.0008046563541667162,0.0021621182291664937,30,1.0022002900491094,0.00283644880347272,1.001208894514106,1.003189653999865,30,0.009655861111112251,0.012537934199408058,0.005248003472222733,0.014033443055558864,30,0.0004166666666666667,0.0010178013265023213,4.958333333333698e-05,0.0007666666666666669,30,-0.06666666666666667,0.36514837167011066,-0.2,0.06666666666666667,30,2.750000000000001,3.551098915163048,1.5145454545454564,4.004606060606063,False
0.15,0.95,graph_ppo,noop,30,1.0,0.0,30,0.94905,0.10078051860867995,0.9143495833333334,0.9838333333333333,30,1.2026894361267104,0.02173813212175903,1.1947241633979586,1.2103023722357198,30,-0.158175,0.016796753101446665,-0.16406152777777777,-0.15214993055555553,30,-0.010649716666666358,0.0017968073205945076,-0.011279050520833047,-0.01001690124999979,30,0.9844015828119596,0.00261981734958434,0.9834602031173216,0.9853267623776168,30,-0.06941636111111223,0.011877482250112868,-0.07353174027778098,-0.0652762395833345,30,-0.0006833333333333334,0.0010211836719973657,-0.00105,-0.00031666666666666676,30,1.9,0.3051285766293647,1.7666666666666666,2.0,30,-36.12592592592592,3.4272896842367717,-37.302082491582496,-34.91808080808081,True
0.15,0.95,grid_cnn_ppo,baseline1_hdv,30,1.0,0.0,30,0.9663666666666667,0.08039535212733477,0.9373166666666667,0.9940841666666668,30,1.2036577587200188,0.017200663590795643,1.1973301450292904,1.2094727473571933,30,-0.16106111111111113,0.0133992253545558,-0.16556694444444447,-0.15615833333333334,30,-0.00898061666666602,0.0014392391035286103,-0.009510611770832619,-0.008500736041665694,30,0.9868517988898747,0.002102103795085888,0.9860812163168798,0.9875537619131856,30,-0.058260166666665766,0.009618376255936277,-0.06169767499999817,-0.054967966666666375,30,-0.0006166666666666665,0.0026674388249887703,-0.0014333333333333338,0.0004,30,1.9666666666666666,0.1825741858350553,1.9,2.0,30,-35.66158249158249,2.4843423985219264,-36.50505892255892,-34.759748316498325,True
0.15,0.95,grid_cnn_ppo,baseline2_matched,30,0.9333333333333333,0.0,30,0.12549999999999997,0.08638406621913394,0.09283291666666661,0.15403375000000002,30,1.0224996414442251,0.015464311882198127,1.0167964511208567,1.0275532308564033,30,-0.02091666666666667,0.014397344369855654,-0.02568895833333337,-0.015555347222222241,30,-0.007884562499999493,0.0014848121701967454,-0.008424334583332619,-0.007373931249999572,30,0.9884382842480293,0.00217206634077095,0.9876564895972116,0.9891692358558153,30,-0.05235458333333171,0.009897604180938418,-0.05588569097222037,-0.04897954097222028,30,0.0006166666666666667,0.0021643002107607093,-3.333333333333335e-05,0.0014833333333333335,30,-0.03333333333333333,0.18257418583505533,-0.1,0.0,30,-3.906363636363637,2.619684728431081,-4.800007575757579,-2.9278030303030333,True
0.15,0.95,grid_cnn_ppo,left_if_safe,30,0.36666666666666664,0.0,30,-0.037983333333333334,0.11613959223734802,-0.08045166666666664,0.002334166666666751,30,0.9935527904649247,0.020198916376933707,0.9864730194908413,1.0005271017728325,30,0.0063305555555555615,0.019356598706224668,-0.0001750694444444253,0.013169513888888883,30,0.004333375000000198,0.0017662707657954307,0.003713342812500244,0.004948470937500503,30,1.0064750135487979,0.002651094242803002,1.0055157964211618,1.0074121621119774,30,0.028825861111114324,0.011746031832762002,0.024605819444448226,0.03285062847222442,30,-4.9999999999999955e-05,0.0039596020350361055,-0.0015166666666666664,0.0012833333333333336,30,-0.03333333333333333,0.18257418583505533,-0.1,0.0,30,1.1330303030302995,3.5535703938341556,-0.10606818181818198,2.3690984848484833,False
0.15,0.95,grid_cnn_ppo,noop,30,1.0,0.0,30,1.0291166666666665,0.08971772624347343,0.9960666666666668,1.0600999999999996,30,1.219819159727986,0.0197995449136269,1.212693361841697,1.2266329630520938,30,-0.17151944444444445,0.014952954373912232,-0.1766003472222222,-0.16606944444444444,30,-0.008656233333332796,0.0014493777134267042,-0.009195353541665981,-0.008165823020832939,30,0.9873208776813386,0.002116842587294976,0.9865574733490615,0.9880574500574922,30,-0.05599302777777788,0.009697447677112989,-0.05949377361110975,-0.05273627361111099,30,-0.00048333333333333355,0.0025780349818837005,-0.0012666666666666668,0.00055,30,1.9666666666666666,0.1825741858350553,1.9,2.0,30,-38.4838047138047,2.9818982554284608,-39.52117929292928,-37.431188552188566,True
0.15,0.95,left_if_safe,baseline1_hdv,30,1.0,0.0,30,1.0043499999999999,0.06809718587532042,0.9804495833333333,1.0288004166666667,30,1.2116800644992771,0.014970083105885372,1.2065230339469744,1.2170097262739856,30,-0.16739166666666674,0.011349530979220078,-0.17137506944444444,-0.16336944444444443,30,-0.013313991666666218,0.0014394445187496728,-0.013862371874999764,-0.012866181249999244,30,0.98050635815343,0.002106555313285541,0.979678196238631,0.981175723026522,30,-0.08708602777778009,0.00958268638666846,-0.09072085069444728,-0.08396749375000188,30,-0.0005666666666666667,0.0033340803760591895,-0.0015500000000000004,0.0007666666666666665,30,2.0,0.0,2.0,2.0,30,-36.794612794612796,2.25212197781305,-37.61414141414141,-36.02456228956229,True
0.15,0.95,left_if_safe,baseline2_matched,30,0.9333333333333333,0.0,30,0.16348333333333329,0.07596102486703661,0.13511583333333327,0.18851666666666647,30,1.029314053025123,0.013662668340857699,1.0243761284581214,1.033902528209553,30,-0.02724722222222223,0.012660170811172768,-0.03147229166666667,-0.02257479166666668,30,-0.01221793749999969,0.0017598199015632018,-0.012873377916666696,-0.011628648020832704,30,0.982083567935785,0.002571507237256126,0.9811313186323088,0.9829567842806741,30,-0.08118044444444603,0.011712120976368198,-0.08546966736111658,-0.07728240347222191,30,0.0006666666666666668,0.002919415781581501,-0.00016666666666666666,0.0018166666666666665,30,0.0,0.0,0.0,0.0,30,-5.039393939393936,2.3792207873690385,-5.8454545454545475,-4.1605303030302965,True
0.15,0.95,left_if_safe,noop,30,1.0,0.0,30,1.0671,0.06367920680497174,1.04331625,1.08808375,30,1.2279010670009056,0.013996025286182026,1.222762369925296,1.2326515233960589,30,-0.17784999999999995,0.010613201134161964,-0.18148333333333333,-0.17406381944444438,30,-0.012989608333332995,0.0017354827671449725,-0.013637751874999845,-0.01241807302083301,30,0.9809733646766631,0.0025320020842593514,0.9800385474007444,0.98179569309623,30,-0.08481888888889219,0.011553436445238126,-0.08914225416666864,-0.0809371979166673,30,-0.00043333333333333337,0.0030758607803718758,-0.0013666666666666666,0.00075,30,2.0,0.0,2.0,2.0,30,-39.61683501683502,2.151504413271369,-40.34916666666667,-38.83430976430976,True
0.15,0.95,node_mlp_ppo,baseline1_hdv,30,1.0,0.0,30,0.9825833333333331,0.08610299399389448,0.9514666666666668,1.0112012499999998,30,1.2070891812776745,0.01859515869212365,1.2005468626323479,1.2136284377204438,30,-0.1637638888888889,0.014350498998982414,-0.1686000694444445,-0.1585915972222222,30,-0.01244654999999969,0.001725555539791393,-0.013054703541666417,-0.011851478124999601,30,0.9817772970692501,0.002519377573810153,0.9808985813056941,0.9826608224154434,30,-0.08133936111111237,0.011416514244480284,-0.08535783541666878,-0.0773192291666678,30,-0.0012333333333333335,0.0011798110115558789,-0.0016666666666666668,-0.0008333333333333335,30,1.9666666666666666,0.18257418583505536,1.9,2.0,30,-36.0537037037037,2.971901669826348,-37.07478114478115,-34.96212121212122,True
0.15,0.95,node_mlp_ppo,baseline2_matched,30,0.9333333333333333,0.0,30,0.1417166666666666,0.09034795604173641,0.10916625000000006,0.1730833333333333,30,1.0254088678219415,0.01627007239594862,1.0195224335606894,1.0308990942947605,30,-0.023619444444444453,0.015057992673622747,-0.02881111111111112,-0.018324722222222218,30,-0.011350495833333163,0.0018684130244800614,-0.012014024687499892,-0.010698241041666265,30,0.9833560189943659,0.0027288973943670894,0.9823713703172848,0.984298516588814,30,-0.07543377777777831,0.012357144473033758,-0.07979872569444409,-0.07111440972222476,30,0.0,0.0008709883407113854,-0.00028333333333333335,0.0003166666666666667,30,-0.03333333333333333,0.18257418583505536,-0.1,0.0,30,-4.298484848484851,2.9347827914937503,-5.30761363636364,-3.228750000000003,True
0.15,0.95,node_mlp_ppo,grid_cnn_ppo,30,0.6333333333333333,0.0,30,0.01621666666666665,0.13167028330548666,-0.03140083333333333,0.062785,30,1.0030950580150308,0.023179408534137157,0.9951040716501139,1.01121842676529,30,-0.0027027777777777835,0.02194504721758112,-0.010508402777777792,0.005258611111111105,30,-0.0034659333333336706,0.001908473621888738,-0.004126062916667195,-0.002782658645833514,30,0.99486078842453,0.0028273309391939573,0.9938928538280225,0.995857996969103,30,-0.023079194444446602,0.012572556206410911,-0.027423249305556358,-0.018501356250003303,30,-0.0006166666666666667,0.002066495172714075,-0.0014,4.1666666666061673e-07,30,0.0,0.2626128657194451,-0.1,0.1,30,-0.3921212121212136,4.120662081433112,-1.8299999999999994,1.1060681818181801,False
0.15,0.95,node_mlp_ppo,left_if_safe,30,0.5333333333333333,0.0,30,-0.02176666666666668,0.1000588390116925,-0.0577512499999999,0.013334999999999987,30,0.9963179254467882,0.01748589816681901,0.990133130454377,1.002510445192724,30,0.003627777777777778,0.01667647316861542,-0.002303055555555548,0.009358402777777752,30,0.0008674416666665278,0.0024473273982268218,5.791187499990377e-05,0.0017551292708332257,30,1.0013017349895916,0.003666666353354231,1.0000483389300567,1.0026642981812055,30,0.005746666666667721,0.01622676276812272,0.000337829166668191,0.01168330694444778,30,-0.0006666666666666666,0.0031385625232968803,-0.0019166666666666668,0.00023333333333333336,30,-0.03333333333333333,0.18257418583505536,-0.1,0.0,30,0.740909090909086,3.103632993774492,-0.36666666666667236,1.8257575757575732,False
0.15,0.95,node_mlp_ppo,noop,30,1.0,0.0,30,1.0453333333333332,0.08312551097414456,1.0144820833333332,1.0726187499999997,30,1.223250182859483,0.017971327801756597,1.2166516193651546,1.2291454260480217,30,-0.17422222222222222,0.013854251829024092,-0.17878333333333332,-0.1690221527777778,30,-0.012122166666666467,0.0019053888115001694,-0.012778906458333352,-0.011447152708333094,30,0.9822446102996453,0.0027790187155231276,0.9812199311907077,0.9832547856440587,30,-0.07907222222222447,0.012623163474275542,-0.0834450631944447,-0.07465753611111306,30,-0.0011,0.0012484473115254697,-0.0015333333333333336,-0.0006500000000000001,30,1.9666666666666666,0.18257418583505536,1.9,2.0,30,-38.87592592592593,2.8890282351777268,-39.798324915824914,-37.767807239057234,True
0.15,0.95,noop,baseline1_hdv,30,0.03333333333333333,0.0,30,-0.06274999999999989,0.03682993300994781,-0.07561666666666653,-0.04996666666666657,30,0.9868083954267811,0.00770773131174154,0.9841024328332788,0.9894977876026828,30,0.010458333333333307,0.006138322168324633,0.00830555555555553,0.012605555555555521,30,-0.00032438333333322243,0.0010430676212156852,-0.0006836477083333895,5.117781250025142e-05,30,0.9995260535168417,0.001527470399371433,0.9989980754936586,1.000062730798685,30,-0.002267138888887891,0.006972592017924445,-0.004694759027776947,0.00023575694444673132,30,-0.00013333333333333334,0.0014015590662158888,-0.0006499999999999999,0.00036666666666666667,30,0.0,0.0,0.0,0.0,30,2.822222222222221,1.7207322686083055,2.2259259259259228,3.440740740740739,False
0.15,0.95,noop,baseline2_matched,30,0.0,0.0,30,-0.9036166666666666,0.05009795290286287,-0.9215333333333331,-0.8864329166666667,30,0.8382898508128471,0.008085174201893374,0.8353480556323968,0.8410861348890261,30,0.15060277777777775,0.008349658817143814,0.14771104166666663,0.15376395833333334,30,0.0007716708333333044,0.0009476329514374696,0.0004325696875000968,0.0010972637499997754,30,1.0011325773709472,0.0013899012429999676,1.0006201148580909,1.0016266200570108,30,0.003638444444446165,0.006301671453655884,0.0013786638888905111,0.005838010416667515,30,0.0011000000000000003,0.0009948141396330238,0.0007666666666666667,0.001466666666666667,30,-2.0,0.0,-2.0,-2.0,30,34.57744107744108,1.9764899668420777,33.903030303030306,35.309436026936034,False
0.15,1.0,baseline2_matched,baseline1_hdv,30,1.0,0.0,30,1.0545833333333334,0.03612384906490963,1.0418158333333336,1.0672004166666669,30,1.2222723553378623,0.008859780155840593,1.219111425504145,1.2253087440306143,30,-0.17576388888888891,0.0060206415108182715,-0.17788333333333328,-0.17366381944444445,30,-0.0016521583333329389,0.000928413404299066,-0.0019833556249997455,-0.0013255853124994458,30,0.9975818171704753,0.0013581300363716643,0.9971006693365992,0.9980579123036771,30,-0.009256749999997638,0.00619881957288722,-0.01145786388888645,-0.007079886111108949,30,-0.001516666666666667,0.0010706373652250756,-0.0019000000000000002,-0.0011500000000000004,30,2.0,0.0,2.0,2.0,30,-38.41582491582491,1.3959220508216157,-38.91382154882155,-37.932323232323235,True
0.15,1.0,graph_ppo,baseline1_hdv,30,1.0,0.0,30,1.249766666666667,0.030909415297332772,1.2389995833333334,1.2603008333333334,30,1.2634010616224092,0.008123693215810785,1.2605464762890497,1.2662157777470848,30,-0.20829444444444445,0.005151569216222126,-0.21008062500000002,-0.20645000000000005,30,-0.017093345833333204,0.0010965058909281282,-0.017482160625000027,-0.01670496197916593,30,0.9749736091947653,0.0015900491646525722,0.9743909747478514,0.9755199823613577,30,-0.1118726944444455,0.007331302653414097,-0.11454253680555944,-0.1093477229166682,30,-0.0016000000000000003,0.0010204799411771051,-0.001966666666666667,-0.0012500000000000002,30,2.066666666666667,0.2537081317024624,2.0,2.1666666666666665,30,-43.97441077441078,1.3082478475825425,-44.42728114478116,-43.517836700336694,True
0.15,1.0,graph_ppo,baseline2_matched,30,1.0,0.0,30,0.19518333333333332,0.016849988915034406,0.18940000000000004,0.20118333333333335,30,1.0336591739896546,0.0029991698516456168,1.0326340486911132,1.0347179903704435,30,-0.03253055555555555,0.0028083314858390607,-0.033536111111111086,-0.03156104166666664,30,-0.015441187500000264,0.001085911159380359,-0.015831863645833458,-0.015064093645833422,30,0.9773378416221167,0.001579625267166298,0.9767698384859227,0.977879060317043,30,-0.10261594444444787,0.00723256341158204,-0.10518260347222405,-0.10004324861111287,30,-8.333333333333333e-05,0.00018952451089472588,-0.00015000000000000001,-1.6666666666666667e-05,30,0.06666666666666667,0.2537081317024624,0.0,0.16666666666666666,30,-5.558585858585863,0.5034118313257754,-5.73434343434344,-5.381818181818187,True
0.15,1.0,graph_ppo,grid_cnn_ppo,30,0.6666666666666666,0.03333333333333333,30,0.0782333333333333,0.13950489630100463,0.03451499999999992,0.13281749999999992,30,1.0137927588263795,0.02534481447184181,1.005962063024155,1.0238890103755398,30,-0.013038888888888881,0.02325081605016743,-0.022152847222222213,-0.005852777777777774,30,-0.0035458958333335787,0.008960035474890835,-0.0062083355208336,-6.763625000035478e-05,30,0.9948795866793355,0.013836007535214027,0.9907221575353824,1.000289187016312,30,-0.02350891666666861,0.05996083517986266,-0.04195673750000302,0.0006720604166587733,30,-0.0064,0.020491125076397134,-0.014700416666666664,-0.0005833333333333334,30,0.1,0.30512857662936466,0.0,0.23333333333333334,30,-2.382828282828285,4.430796903526473,-4.161616161616165,-1.0383838383838386,True
0.15,1.0,graph_ppo,left_if_safe,30,0.5333333333333333,0.43333333333333335,30,0.051816666666666636,0.06468497711499796,0.0301333333333333,0.07573333333333322,30,1.0088382192089236,0.011129171741583972,1.0051354138343473,1.0129685107972974,30,-0.008636111111111107,0.010780829519166335,-0.012586111111111086,-0.0050471527777777745,30,0.0006512624999997682,0.003402935886555374,-0.0002917058333335487,0.00206289260416625,30,1.0010025641974056,0.005213891427195062,0.9995678247140809,1.0030818014916865,30,0.004428111111111329,0.02274750080366938,-0.001964307638889426,0.01356237569444544,30,-0.002433333333333334,0.008149183726134712,-0.00575,-0.0001666666666666667,30,0.03333333333333333,0.18257418583505536,0.0,0.1,30,-1.52929292929293,1.9344361482446732,-2.2576010101010113,-0.8909090909090916,True
0.15,1.0,graph_ppo,node_mlp_ppo,30,0.5333333333333333,0.03333333333333333,30,0.03416666666666665,0.052043306458433636,0.01639958333333328,0.0534170833333333,30,1.0058046285124387,0.00884904480438117,1.0028369123244913,1.0090717806032063,30,-0.005694444444444443,0.008673884409738935,-0.008911180555555568,-0.002838819444444451,30,-0.0026317916666665497,0.0015046948916488364,-0.0031679996874999514,-0.0021068541666664333,30,0.9960668883667628,0.002244432170179857,0.9952708551042322,0.9968527715282607,30,-0.017488333333330885,0.01008599270526077,-0.021083169444442135,-0.01397031249999905,30,-0.0003,0.0010136992684699698,-0.0007166666666666668,-1.6666666666666667e-05,30,0.06666666666666667,0.2537081317024624,0.0,0.16666666666666666,30,-0.9828282828282843,1.4990087461414043,-1.5293434343434384,-0.47373737373737396,True
0.15,1.0,graph_ppo,noop,30,1.0,0.0,30,1.3073166666666665,0.029527451672957623,1.2968833333333332,1.3176999999999996,30,1.278910789012006,0.00805727225316027,1.2760773946954092,1.281775985883927,30,-0.21788611111111103,0.00492124194549294,-0.21960006944444443,-0.2161722222222222,30,-0.016838158333333218,0.0008703297240657416,-0.017150799999999546,-0.016539903124999762,30,0.9753374216501786,0.0012680726700495147,0.9748835723435608,0.9757745224312008,30,-0.11007552777777925,0.005814364291241091,-0.11217784166666618,-0.10806730347222294,30,-0.0012833333333333336,0.0008060475443037842,-0.0015666666666666672,-0.0010000000000000002,30,2.066666666666667,0.2537081317024624,2.0,2.1666666666666665,30,-46.57441077441079,1.3214929057767137,-47.026952861952864,-46.09426767676768,True
0.15,1.0,grid_cnn_ppo,baseline1_hdv,30,1.0,0.0,30,1.1715333333333333,0.14294699604455122,1.1164158333333334,1.216200416666667,30,1.2469243839659998,0.030559894781397538,1.235274128687251,1.256405454121034,30,-0.19525555555555557,0.02382449934075854,-0.20288055555555556,-0.18599666666666667,30,-0.013547449999999624,0.008889735365531497,-0.01693633062499942,-0.01087306645833359,30,0.9801652159344627,0.01301410637153155,0.9750904218006791,0.9841449519656376,30,-0.08836377777777689,0.05949427278560468,-0.11189409097222065,-0.07032380833333136,30,0.004799999999999999,0.020481109883718835,-0.001,0.013116666666666665,30,1.9666666666666666,0.1825741858350553,1.9,2.0,30,-41.59158249158249,4.662607823351712,-43.04851851851852,-39.752861952861956,True
0.15,1.0,grid_cnn_ppo,baseline2_matched,30,0.9,0.0,30,0.11695000000000003,0.14063705733750165,0.06188333333333335,0.16026708333333337,30,1.0201773979326594,0.0242273313957859,1.0109302110951495,1.0276455285193717,30,-0.019491666666666668,0.023439509556250283,-0.026794791666666658,-0.010541180555555587,30,-0.011895291666666686,0.008800503144984819,-0.015330921145833664,-0.00923974874999985,30,0.9825404122656234,0.012927453718664356,0.9772478094492456,0.9865081558989394,30,-0.07910702777777925,0.058898761305463,-0.10253045486110923,-0.06071270625000227,30,0.006316666666666667,0.020518907736832473,0.0004833333333333334,0.01448333333333333,30,-0.03333333333333333,0.18257418583505533,-0.1,0.0,30,-3.175757575757578,4.430646229311185,-4.509166666666671,-1.4727272727272738,True
0.15,1.0,grid_cnn_ppo,left_if_safe,30,0.5333333333333333,0.0,30,-0.02641666666666665,0.17711383848138249,-0.09326750000000002,0.032984583333333393,30,0.9957857328246266,0.029737473352868988,0.9846926689481583,1.0056296940067833,30,0.004402777777777774,0.029518973080230403,-0.005406388888888904,0.015463888888888895,30,0.004197158333333347,0.00976363088475852,0.0004501406249995728,0.007232737291666732,30,1.006339310983606,0.014718102286074005,1.000618130042911,1.0109967840012697,30,0.02793702777777994,0.06536447328847299,0.0023513666666720614,0.04927582986111505,30,0.003966666666666665,0.022770948420169572,-0.003133333333333334,0.012716666666666666,30,-0.06666666666666667,0.2537081317024625,-0.16666666666666666,0.0,30,0.853535353535355,5.507136938091297,-0.9343939393939408,2.899015151515155,False
0.15,1.0,grid_cnn_ppo,noop,30,1.0,0.0,30,1.229083333333333,0.1483542523671037,1.1733662500000002,1.2754999999999999,30,1.262267974414198,0.03224135074054978,1.2497200208857213,1.2722501158095745,30,-0.20484722222222224,0.02472570872785062,-0.21243055555555557,-0.19504701388888884,30,-0.013292262499999636,0.00881797782888342,-0.016724371979166087,-0.010655017708332586,30,0.9805301102195322,0.012917299591088447,0.9754097932729069,0.9844063997657686,30,-0.08656661111111065,0.05902595235434706,-0.11001480694444299,-0.06877420694444378,30,0.005116666666666666,0.020756255115910997,-0.0007333333333333333,0.013516666666666665,30,1.9666666666666666,0.1825741858350553,1.9,2.0,30,-44.19158249158249,4.886510214165177,-45.695690235690236,-42.34440235690237,True
0.15,1.0,left_if_safe,baseline1_hdv,30,1.0,0.0,30,1.19795,0.07690212655684836,1.1687829166666666,1.2234174999999998,30,1.2524937143401642,0.017015348564073086,1.2462074054515646,1.2580561430637816,30,-0.19965833333333333,0.01281702109280806,-0.20401111111111112,-0.1948026388888889,30,-0.01774460833333297,0.0032155413439123714,-0.019069675833333053,-0.016847343645833138,30,0.9740195937042113,0.004705528465304479,0.9721100081050099,0.9753090166782707,30,-0.11630080555555683,0.021516305140531444,-0.12471678611111184,-0.11028498819444595,30,0.0008333333333333334,0.008314230979568056,-0.0014833333333333335,0.00425,30,2.033333333333333,0.18257418583505536,2.0,2.1,30,-42.44511784511784,2.499813253928654,-43.2629797979798,-41.50000000000001,True
0.15,1.0,left_if_safe,baseline2_matched,30,0.9666666666666667,0.0,30,0.14336666666666667,0.06863382765699856,0.11791625000000001,0.16643458333333336,30,1.0247259354640734,0.011853007780563179,1.0202801555846868,1.0286141203209542,30,-0.02389444444444444,0.011438971276166434,-0.027714097222222213,-0.01956097222222225,30,-0.016092450000000032,0.0033217598007891764,-0.017417004270833536,-0.015163063020832817,30,0.9763822579732583,0.004867185250744808,0.9744024159032397,0.9777770256185319,30,-0.1070440555555592,0.022203670933172603,-0.11598483680555771,-0.10074152569444991,30,0.00235,0.008168642735358857,8.333333333333333e-05,0.005716666666666667,30,0.03333333333333333,0.18257418583505536,0.0,0.1,30,-4.029292929292933,2.0938598253611715,-4.740454545454551,-3.259595959595963,True
0.15,1.0,left_if_safe,noop,30,1.0,0.0,30,1.2554999999999998,0.06840523270970557,1.2308162499999997,1.2787337500000004,30,1.2678444989958264,0.015197646375649443,1.2623624260941628,1.2730821355454829,30,-0.20924999999999996,0.011400872118284264,-0.2130972222222222,-0.2051277777777778,30,-0.017489420833332985,0.003302794872743936,-0.018813164895832884,-0.01658952031249981,30,0.9743840998010241,0.004829473595579731,0.9724571874859961,0.9757138245013571,30,-0.11450363888889058,0.0220774281862731,-0.1232757666666694,-0.10847314930556008,30,0.0011500000000000002,0.008229624787189938,-0.001066666666666667,0.004516666666666666,30,2.033333333333333,0.18257418583505536,2.0,2.1,30,-45.045117845117844,2.1730115837122557,-45.795631313131324,-44.24644781144781,True
0.15,1.0,node_mlp_ppo,baseline1_hdv,30,1.0,0.0,30,1.2156,0.06241289102034327,1.1936495833333334,1.2368175,30,1.2562085759315484,0.01413043740210414,1.2510287892361707,1.2610709517667822,30,-0.2026,0.01040214850339055,-0.2061361805555555,-0.19889722222222225,30,-0.014461554166666652,0.0014427897439849265,-0.014970248645833236,-0.013961180833333432,30,0.9788267619711186,0.0021044547044481417,0.9780869902433289,0.9795670241000941,30,-0.09438436111111462,0.009696256418766406,-0.09775029791666832,-0.09100642777778108,30,-0.0013000000000000002,0.00143599058684841,-0.0017833333333333336,-0.0007833333333333335,30,2.0,0.0,2.0,2.0,30,-42.9915824915825,2.053643593127795,-43.70001683501684,-42.25957912457912,True
0.15,1.0,node_mlp_ppo,baseline2_matched,30,1.0,0.0,30,0.16101666666666667,0.05304690236549837,0.14141624999999997,0.17896750000000008,30,1.0277675717772436,0.00916398351991142,1.0244396730708119,1.0308089530289135,30,-0.026836111111111106,0.008841150394249738,-0.029794513888888895,-0.023608333333333318,30,-0.012809395833333714,0.0017061574643605052,-0.01339396354166682,-0.012202145312500207,30,0.981201226083559,0.0024923191616353433,0.9803309579885466,0.9821046581735435,30,-0.08512761111111698,0.011430079045201963,-0.08908450555556137,-0.08101061111111825,30,0.0002166666666666667,0.0010560444522166056,-8.333333333333333e-05,0.0006333333333333333,30,0.0,0.0,0.0,0.0,30,-4.575757575757579,1.5039291814464322,-5.096969696969699,-4.039393939393941,True
0.15,1.0,node_mlp_ppo,grid_cnn_ppo,30,0.6,0.13333333333333333,30,0.044066666666666636,0.12017700546975774,0.0075833333333333326,0.09193375000000013,30,1.00790694446808,0.02183197729432308,1.0012509543820678,1.0164171764046483,30,-0.007344444444444439,0.0200295009116263,-0.015194930555555547,-0.0012804861111111114,30,-0.0009141041666670291,0.008180695185152458,-0.0033626110416671313,0.002349504583333251,30,0.998795587132204,0.01269912407696002,0.995016712407262,1.0037847100683643,30,-0.006020583333337726,0.054726177271418194,-0.02233695069444804,0.015127211111106854,30,-0.0060999999999999995,0.019836139084839652,-0.013999999999999997,-0.00043333333333333337,30,0.03333333333333333,0.18257418583505533,0.0,0.1,30,-1.400000000000001,3.8661415444498792,-2.9000000000000017,-0.23333333333333334,True
0.15,1.0,node_mlp_ppo,left_if_safe,30,0.5333333333333333,0.0,30,0.01764999999999999,0.10491278397497282,-0.018317499999999997,0.0546675,30,1.0031472009219755,0.01779955841817864,0.9967695556928053,1.0095036285729369,30,-0.0029416666666666645,0.0174854639958288,-0.009083611111111122,0.003188958333333347,30,0.003283054166666318,0.003743477844531999,0.002158863958333293,0.0047792357291664474,30,1.0049602831002373,0.0057385418394515246,1.0032438731905011,1.0072165606918908,30,0.021916444444442216,0.025070003115732285,0.014377217361107695,0.03173622847221978,30,-0.0021333333333333334,0.008303440638481232,-0.005450000000000001,0.00016666666666666666,30,-0.03333333333333333,0.18257418583505536,-0.1,0.0,30,-0.5464646464646459,3.080231144339248,-1.6454797979798,0.5040656565656573,False
0.15,1.0,node_mlp_ppo,noop,30,1.0,0.0,30,1.2731500000000002,0.06155249371681553,1.250649583333333,1.2938166666666662,30,1.2716293727668906,0.014145841946404062,1.2665723241659772,1.276485344434173,30,-0.21219166666666667,0.01025874895280259,-0.21571118055555555,-0.2085499305555555,30,-0.014206366666666666,0.0013296935433056878,-0.014662987395833209,-0.013730846875000119,30,0.9791921497262912,0.0019443713644891128,0.9784819127597499,0.9798619788552706,30,-0.09258719444444836,0.008926785121183292,-0.09572615069445076,-0.08945749375000356,30,-0.0009833333333333335,0.0014412837508883227,-0.0014500000000000003,-0.0004333333333333333,30,2.0,0.0,2.0,2.0,30,-45.59158249158249,2.0830129085921327,-46.29834175084176,-44.82626262626262,True
0.15,1.0,noop,baseline1_hdv,30,0.1,0.0,30,-0.057549999999999844,0.04293606915499786,-0.07240041666666656,-0.04266624999999989,30,0.9879114075171852,0.008981775275473764,0.9847550040842538,0.9910668041212095,30,0.009591666666666636,0.007156011525832992,0.007091666666666644,0.012116736111111108,30,-0.00025518749999998703,0.0007277172835473842,-0.0005037513541669261,1.2488541665518187e-06,30,0.9996270682221743,0.001065600653909097,0.9992609136677035,1.000019109162909,30,-0.00179716666666625,0.004868604590733554,-0.003441615277778483,-5.212222222164991e-05,30,-0.00031666666666666665,0.001255905589833373,-0.0007500000000000001,0.00013333333333333334,30,0.0,0.0,0.0,0.0,30,2.5999999999999983,1.8570909287787298,1.9370370370370362,3.262962962962961,False
0.15,1.0,noop,baseline2_matched,30,0.0,0.0,30,-1.1121333333333332,0.030911702206985248,-1.12293375,-1.1013166666666665,30,0.8082622456890339,0.005179308229842064,0.8064545686965825,0.8101225168250281,30,0.18535555555555555,0.00515195036783088,0.18350826388888886,0.18714451388888892,30,0.0013969708333329519,0.0009427549851067265,0.0010820391666662985,0.0017401003125000214,30,1.0020514830515086,0.001386379213213365,1.001581964461649,1.0025515093510715,30,0.007459583333331387,0.006289319904686894,0.005299280555553814,0.009718243055553369,30,0.0012000000000000001,0.0008051557998728976,0.0009166666666666668,0.0014833333333333337,30,-2.0,0.0,-2.0,-2.0,30,41.0158249158249,1.358337378551194,40.5329292929293,41.48823232323232,False
0.2,0.9,baseline2_matched,baseline1_hdv,30,1.0,0.0,30,0.8097999999999996,0.07329399937803636,0.7845329166666666,0.8350333333333332,30,1.202673611865096,0.019698538304868056,1.1957899699195491,1.2098561650914124,30,-0.13496666666666665,0.012215666563006053,-0.13926118055555556,-0.13074166666666664,30,-0.004366466666666635,0.0019091454990561717,-0.005031901875000037,-0.003702119583333,30,0.9944411779925628,0.002425138578495609,0.99356206718983,0.9952865401744467,30,-0.020820083333333968,0.009549552032020472,-0.024303139583335225,-0.017535701562500828,30,-0.0034333333333333342,0.0021161665623339364,-0.004183333333333334,-0.002716666666666667,30,1.4666666666666666,0.507416263404925,1.3,1.6333333333333333,30,-42.47876984126983,3.558361660724293,-43.73421792328042,-41.230206679894174,True
0.2,0.9,graph_ppo,baseline1_hdv,30,1.0,0.0,30,0.906333333333333,0.11527570648556938,0.8654666666666665,0.9472187499999997,30,1.226926726449021,0.03081151469651871,1.2164390364760724,1.2378429404393236,30,-0.15105555555555558,0.019212617747594897,-0.15805847222222225,-0.144483125,30,-0.016450220833333456,0.0024361820364105806,-0.017317113854167142,-0.015613675729166396,30,0.979051958578059,0.003079713836738981,0.9779323634779672,0.9801048830202077,30,-0.08111818750000063,0.012138992190216554,-0.08544340312499993,-0.07702321979166728,30,-0.003216666666666667,0.002628370851560588,-0.004133333333333334,-0.0022995833333333397,30,1.6,0.6746646676632054,1.3666666666666667,1.8333333333333333,30,-46.32506613756613,5.4059243030454205,-48.27765906084657,-44.44763458994711,True
0.2,0.9,graph_ppo,baseline2_matched,30,0.8,0.0,30,0.09653333333333336,0.11236171066243397,0.05728000000000011,0.1357666666666667,30,1.0202508055411632,0.023552639828883733,1.011951909866711,1.0285695838304356,30,-0.016088888888888892,0.018726951777072332,-0.022650208333333328,-0.009522152777777793,30,-0.01208375416666682,0.0028931578861860407,-0.01312304208333329,-0.011120165416666758,30,0.9845295281996608,0.0036787417417268784,0.9832381333657576,0.9857872763144855,30,-0.060298104166666665,0.01439856404336563,-0.06556448854166634,-0.0553625286458339,30,0.00021666666666666668,0.0021998563171470886,-0.0005333333333333334,0.0010333333333333334,30,0.13333333333333333,0.34574590364176044,0.03333333333333333,0.26666666666666666,30,-3.846296296296295,4.4487642640014915,-5.433370370370368,-2.311083333333333,True
0.2,0.9,graph_ppo,grid_cnn_ppo,30,0.5666666666666667,0.0,30,0.07349999999999997,0.22904641149926283,-0.005834583333333372,0.1560170833333334,30,1.017201791931275,0.048889548711286875,1.0004154054341583,1.034591164215704,30,-0.01224999999999999,0.03817440191654381,-0.025723055555555523,0.0009972916666666453,30,0.002872087500000183,0.0065219425680662505,0.0008345151041666103,0.005406874479166748,30,1.003813123624956,0.008716693090171108,1.0011088606872172,1.0071873110446647,30,0.014452312499998588,0.03270641326230283,0.00428783229166605,0.027023899479164212,30,-0.007416666666666668,0.016092450218129883,-0.013750416666666663,-0.0027500000000000003,30,-0.03333333333333333,0.6686751354593718,-0.26666666666666666,0.2,30,-3.643518518518514,10.255412014758388,-7.341416666666664,-0.08812962962962613,False
0.2,0.9,graph_ppo,left_if_safe,30,0.7,0.0,30,0.09064999999999994,0.1704539147950715,0.033615416666666696,0.15303499999999984,30,1.01970811132218,0.03663664005253845,1.0071165005242786,1.0328894697155286,30,-0.015108333333333324,0.028408985799178596,-0.025527916666666654,-0.0053888888888888944,30,0.002013070833333341,0.004161948609239241,0.0005474777083332556,0.0034932239583329136,30,1.0026505481199204,0.00545356534808588,1.0007928883785924,1.0046377669541646,30,0.010178666666667061,0.02074745633540091,0.0028096171875011617,0.01754857500000019,30,-0.005300000000000001,0.008385743238090016,-0.00865,-0.0026500000000000004,30,0.06666666666666667,0.3651483716701107,-0.06666666666666667,0.2,30,-3.6289814814814796,7.630747653448061,-6.413712962962959,-1.0045023148148147,True
0.2,0.9,graph_ppo,node_mlp_ppo,30,0.6666666666666666,0.0,30,0.08751666666666666,0.17490600842054915,0.026697083333333274,0.1515341666666668,30,1.0192376950342272,0.03741128567216946,1.0065900330069466,1.0330259053550621,30,-0.014586111111111107,0.029151001403424855,-0.02503097222222221,-0.004580555555555555,30,0.0012939916666667975,0.004782791924000691,-0.00025356364583289774,0.0031035388541663885,30,1.00171733737626,0.006307722768675105,0.9996785102160638,1.0039891507410044,30,0.006579354166665263,0.023936999980418393,-0.0012816114583356075,0.015573766666664629,30,-0.00545,0.009714324652196666,-0.009133749999999996,-0.0023829166666666725,30,0.03333333333333333,0.5560534167675356,-0.16666666666666666,0.23333333333333334,30,-4.228981481481479,7.887298679620541,-7.093643518518517,-1.4811944444444396,True
0.2,0.9,graph_ppo,noop,30,1.0,0.0,30,0.8928166666666666,0.0827096587085098,0.8635645833333333,0.9223833333333332,30,1.2225775789421915,0.020815602912733468,1.2153826594770583,1.2298557390002076,30,-0.14880277777777778,0.013784943118084973,-0.15364444444444444,-0.14396368055555556,30,-0.017780958333333097,0.0026098783462145335,-0.01870918812499961,-0.016876132708333363,30,0.9773968560925934,0.0032845950935555357,0.9762331991309252,0.9785181561959175,30,-0.0877887708333339,0.013003577803095417,-0.09253419635416756,-0.08320565416666634,30,-0.0019500000000000003,0.0023757031626954954,-0.0027333333333333337,-0.0010833333333333333,30,1.5333333333333334,0.5713464637233658,1.3333333333333333,1.7333333333333334,30,-45.161375661375665,3.8169768980062404,-46.52530092592593,-43.861361441798934,True
0.2,0.9,grid_cnn_ppo,baseline1_hdv,30,1.0,0.0,30,0.8328333333333333,0.22521064214049344,0.7511333333333332,0.9097687499999999,30,1.2084633169417394,0.05673187540719778,1.1879813038733247,1.2277370079906365,30,-0.13880555555555557,0.03753510702341555,-0.15173423611111111,-0.12549159722222222,30,-0.01932230833333364,0.005933158731949145,-0.021681028645833357,-0.01749334791666705,30,0.9753919932769254,0.007561179203357993,0.9723678890986419,0.9777030169372756,30,-0.09557049999999921,0.0297933337686946,-0.10723598437499929,-0.08637990468749972,30,0.0042,0.01696883553194929,-0.0005,0.01110041666666666,30,1.6333333333333333,0.5560534167675355,1.4333333333333333,1.8,30,-42.68154761904763,10.387557676451543,-46.212237433862434,-38.86604530423281,True
0.2,0.9,grid_cnn_ppo,baseline2_matched,30,0.6,0.0,30,0.023033333333333388,0.22066630812208268,-0.056050416666666575,0.09983750000000004,30,1.004880897295317,0.04599341546877727,0.9884745130062872,1.0206563252334875,30,-0.003838888888888903,0.03677771802034711,-0.016514027777777794,0.009180624999999994,30,-0.014955841666667002,0.00610995107570902,-0.01726783041666699,-0.013026966145833594,30,0.9808488345951313,0.007826666061870288,0.9778296227565096,0.9833362327134205,30,-0.07475041666666525,0.030664460288201266,-0.08636109062499918,-0.06502447395833265,30,0.007633333333333333,0.01660802326532598,0.0029000000000000002,0.014267499999999989,30,0.16666666666666666,0.5306686305052325,0.0,0.3333333333333333,30,-0.20277777777778094,10.043898484382478,-3.5656712962962955,3.423879629629622,False
0.2,0.9,grid_cnn_ppo,left_if_safe,30,0.6,0.0,30,0.017149999999999967,0.23670227735163069,-0.06963333333333326,0.09704999999999994,30,1.0041405662674818,0.048859912274288965,0.9865291841372826,1.0205450663442264,30,-0.002858333333333333,0.03945037955860512,-0.0160279861111111,0.011872777777777755,30,-0.0008590166666668416,0.007687817939089369,-0.0037454589583336166,0.0016022706250001027,30,0.9989125802090087,0.010010321244582596,0.9951007983615333,1.0020826557354436,30,-0.004273645833331526,0.03853259418925413,-0.018738590104162962,0.0083298098958357,30,0.0021166666666666664,0.01926748347709762,-0.003916666666666666,0.009517083333333327,30,0.1,0.661763578993857,-0.13333333333333333,0.3333333333333333,30,0.01453703703703487,11.357819003377404,-3.8536064814814823,4.232805555555548,False
0.2,0.9,grid_cnn_ppo,noop,30,1.0,0.0,30,0.8193166666666668,0.21248859942372786,0.7413324999999998,0.8930670833333331,30,1.2042046195171363,0.05300673988184271,1.1851988250042067,1.222378602284927,30,-0.13655277777777777,0.035414766570621294,-0.1488253472222222,-0.12397756944444445,30,-0.02065304583333328,0.006436804198125494,-0.02312455458333323,-0.018627093333333157,30,0.973747257633283,0.008158190741208271,0.9705557268906962,0.9763046289999363,30,-0.1022410833333325,0.03228720793983193,-0.11500826197916685,-0.09232453072916408,30,0.005466666666666666,0.016722343783369464,0.0006833333333333338,0.012099999999999998,30,1.5666666666666667,0.7279320417946061,1.3,1.8333333333333333,30,-41.51785714285715,9.43875652500229,-44.77147123015874,-38.08586673280424,True
0.2,0.9,left_if_safe,baseline1_hdv,30,1.0,0.0,30,0.8156833333333334,0.13480135342442778,0.7677329166666668,0.8633174999999998,30,1.2040490908611012,0.03390769804360013,1.1919853897353159,1.215879340527488,30,-0.13594722222222222,0.022466892237404616,-0.14376666666666668,-0.12800277777777777,30,-0.018463291666666794,0.00436636317727165,-0.020066347291667178,-0.01700738729166677,30,0.9764883172163505,0.005542426401401327,0.9744787957210789,0.9783303102259083,30,-0.09129685416666769,0.021810810462481123,-0.09919637708333356,-0.08393464479166686,30,0.0020833333333333333,0.008557194324814861,-0.0006666666666666668,0.0053166666666666675,30,1.5333333333333334,0.6288102248298565,1.3333333333333333,1.7666666666666666,30,-42.69608465608466,6.115078808972651,-44.85083465608466,-40.52115939153438,True
0.2,0.9,left_if_safe,baseline2_matched,30,0.5,0.0,30,0.005883333333333418,0.14997250801703485,-0.048785833333333216,0.05823541666666687,30,1.0013596935168416,0.0311309216773037,0.9900709859505397,1.0120968741600933,30,-0.0009805555555555698,0.024995418002839137,-0.009577916666666674,0.007969444444444418,30,-0.014096825000000162,0.0043093611700037735,-0.015650615729166907,-0.012633726562500131,30,0.9819492335277276,0.005507804339081777,0.9799668064514122,0.9838577209838112,30,-0.07047677083333373,0.021494798409148235,-0.07833629114583361,-0.06281393541666785,30,0.005516666666666667,0.008266554272502533,0.00285,0.008716666666666668,30,0.06666666666666667,0.3651483716701107,-0.06666666666666667,0.2,30,-0.2173148148148158,6.293885756492552,-2.426342592592594,2.0836111111111117,False
0.2,0.9,left_if_safe,noop,30,1.0,0.0,30,0.8021666666666668,0.15199508461501787,0.7474995833333333,0.8560004166666668,30,1.2001246578532234,0.03883383223892751,1.1865625289387447,1.21341701583225,30,-0.13369444444444448,0.02533251410250298,-0.14253368055555554,-0.12447770833333331,30,-0.01979402916666644,0.004329651930479034,-0.021329064270833063,-0.018364609687499717,30,0.974836620595075,0.005484082973040029,0.9728216320772552,0.9766639336647807,30,-0.09796743750000098,0.02162568197446517,-0.10555595312500052,-0.09065042031250103,30,0.0033499999999999997,0.008603477644894936,0.0006000000000000001,0.006617083333333328,30,1.4666666666666666,0.6814453874610599,1.2333333333333334,1.7,30,-41.532394179894176,6.97764452797842,-43.927375,-39.08220039682539,True
0.2,0.9,node_mlp_ppo,baseline1_hdv,30,1.0,0.0,30,0.8188166666666666,0.17827064291811137,0.7565162499999999,0.8820674999999999,30,1.205013414198884,0.04566350209212343,1.1893469479257368,1.2210331692669731,30,-0.13646944444444445,0.029711773819685226,-0.14685597222222224,-0.1261661111111111,30,-0.017744212500000252,0.004529199363948685,-0.019482065729166984,-0.01628146937500035,30,0.9774039207558547,0.0057564861566033266,0.9752680232293077,0.9792187664121668,30,-0.08769754166666589,0.022659984196980426,-0.09638813645833212,-0.08043266718750075,30,0.002233333333333333,0.009570728842398192,-0.0008666666666666665,0.005850000000000002,30,1.5666666666666667,0.6789105539243627,1.3333333333333333,1.8,30,-42.09608465608467,7.968470047992237,-44.95747222222222,-39.31743882275133,True
0.2,0.9,node_mlp_ppo,baseline2_matched,30,0.5333333333333333,0.0,30,0.009016666666666702,0.18158893913477211,-0.05510041666666656,0.07158458333333347,30,1.002070473744182,0.03771181267425359,0.9885423089810214,1.015181282199576,30,-0.0015027777777777862,0.030264823189128685,-0.012175208333333363,0.00928055555555555,30,-0.013377745833333617,0.004295758672541824,-0.014973496562500209,-0.01196090531250048,30,0.9828687020270495,0.005502194789854332,0.9807433620816257,0.9847018929252895,30,-0.06687745833333193,0.021497113885659655,-0.07513678749999736,-0.05999427499999971,30,0.005666666666666667,0.009217985917097948,0.0027995833333333366,0.009283333333333334,30,0.1,0.40257789993644877,-0.03333333333333333,0.23333333333333334,30,0.38268518518518324,7.559895984071579,-2.220740740740744,3.1153749999999962,False
0.2,0.9,node_mlp_ppo,grid_cnn_ppo,30,0.5,0.03333333333333333,30,-0.014016666666666684,0.27559254291915025,-0.11463833333333329,0.08181916666666655,30,0.9991283896601479,0.056943415066487965,0.9787851126562304,1.0185527716774756,30,0.0023361111111111165,0.045932090486525044,-0.013769513888888885,0.018701041666666657,30,0.0015780958333333854,0.007046333916009516,-0.0008488720833332899,0.0041498479166662645,30,1.0021171851703323,0.00935509767458814,0.9989273130765995,1.0055450311066432,30,0.007872958333333324,0.03534297190366165,-0.004058720833333449,0.020848371354166294,30,-0.001966666666666666,0.017786537592803995,-0.008816666666666665,0.0035833333333333333,30,-0.06666666666666667,0.639683829949492,-0.3,0.16666666666666666,30,0.5854629629629642,12.120356209020096,-3.611124999999994,4.875560185185188,False
0.2,0.9,node_mlp_ppo,left_if_safe,30,0.4666666666666667,0.0,30,0.0031333333333332845,0.19685776999954907,-0.06525416666666667,0.07425041666666657,30,1.001311054255441,0.0414323364193007,0.9871652904706983,1.0161492264979624,30,-0.0005222222222222166,0.03280962833325818,-0.012075069444444442,0.010719513888888895,30,0.0007190791666665438,0.006308785276276213,-0.001619274270832904,0.0027557297916670494,30,1.0009692782654283,0.008225438837959804,0.9979247798541162,1.0037210294658632,30,0.003599312500001798,0.03156429306333485,-0.008120386458331475,0.014083297395833791,30,0.0001500000000000002,0.013218423663127577,-0.004516666666666665,0.004766666666666667,30,0.03333333333333333,0.5560534167675355,-0.16666666666666666,0.23333333333333334,30,0.5999999999999991,8.35959772329744,-2.3594861111111096,3.5306620370370343,False
0.2,0.9,node_mlp_ppo,noop,30,1.0,0.0,30,0.8052999999999998,0.1630584092513667,0.7486166666666669,0.8629175,30,1.200776727959984,0.040797435511224604,1.1862274220313807,1.2152396927775495,30,-0.13421666666666668,0.027176401541894463,-0.1438722916666667,-0.12456625000000002,30,-0.019074949999999893,0.004550497074685624,-0.02078434020833335,-0.017591229791666822,30,0.9757510670115729,0.005771222595356806,0.9735797460278351,0.9776069090435694,30,-0.09436812499999918,0.022792243923798652,-0.10302694322916586,-0.08710057135416573,30,0.003500000000000001,0.009101913402477905,0.0005833333333333336,0.006966666666666667,30,1.5,0.572351471472339,1.3,1.7,30,-40.93239417989419,6.919064198924149,-43.363293320105825,-38.528031746031736,True
0.2,0.9,noop,baseline1_hdv,30,0.6,0.0,30,0.013516666666666621,0.05911334573239924,-0.006900000000000041,0.03468416666666664,30,1.0035001881510097,0.014940209396708176,0.998506064157731,1.0089736961340454,30,-0.0022527777777777702,0.009852224288733202,-0.005817013888888867,0.0011416666666666706,30,0.001330737499999642,0.0020738588431846987,0.0005907752083334184,0.002040324791666356,30,1.001697423614977,0.002640837046594565,1.0007326392576474,1.002610561663866,30,0.00667058333333328,0.010397863771524208,0.0028725374999975816,0.01016879427083506,30,-0.0012666666666666668,0.0020372959315336785,-0.0020000000000000005,-0.0005666666666666667,30,0.06666666666666667,0.784915252764901,-0.2,0.3333333333333333,30,-1.1636904761904787,3.8004120396046215,-2.5065625000000025,0.13630952380952124,False
0.2,0.9,noop,baseline2_matched,30,0.0,0.0,30,-0.7962833333333333,0.07117628471441274,-0.82085,-0.7704149999999998,30,0.8345095020227526,0.013109787556747179,0.829921616944072,0.839069144784741,30,0.1327138888888889,0.011862714119068779,0.1284665972222222,0.13686131944444446,30,0.005697204166666277,0.0021211992850204793,0.004979820416666057,0.006446392187499646,30,1.0072998848664834,0.0027276586702936387,1.0063605850045145,1.008271119953494,30,0.02749066666666725,0.010606998415233621,0.023791245312498512,0.03122340520833586,30,0.0021666666666666666,0.0019534820076015516,0.0014833333333333337,0.0028500000000000005,30,-1.4,0.49827287912243984,-1.5666666666666667,-1.2333333333333334,30,41.315079365079356,3.3556085322922966,40.14017857142858,42.46305059523808,False
0.2,0.95,baseline2_matched,baseline1_hdv,30,1.0,0.0,30,1.0107,0.05827130363726404,0.9903162499999999,1.0310833333333334,30,1.2528761132372794,0.015856528054812764,1.24743872633047,1.2584753428310742,30,-0.16845,0.009711883939544,-0.17184180555555553,-0.16509152777777777,30,-0.004105295833333637,0.002064538493265529,-0.004821848125000661,-0.003376403750000375,30,0.9947742477517705,0.0026233661856094027,0.9938364698709734,0.9957069781811009,30,-0.01926310416666655,0.010334194854149608,-0.02289501718750038,-0.015601202083332752,30,-0.004166666666666667,0.0018631329442141515,-0.004833333333333334,-0.003516666666666667,30,2.0,0.6432675209026769,1.7666666666666666,2.2333333333333334,30,-50.54136243386244,2.963660965231387,-51.65129794973545,-49.566784060846565,True
0.2,0.95,graph_ppo,baseline1_hdv,30,1.0,0.0,30,1.1943999999999997,0.08169343450595833,1.1653995833333335,1.2219166666666663,30,1.2988537731334588,0.0219058478960053,1.2909956116802326,1.3067504013307871,30,-0.19906666666666661,0.01361557241765972,-0.20378333333333334,-0.19424152777777776,30,-0.022033708333333547,0.0026389503475398547,-0.02293419322916672,-0.02107108114583342,30,0.9719406684598904,0.0033393108834939927,0.9707998822683863,0.9731548017985583,30,-0.10867554166666708,0.013152077134049417,-0.11314149739583533,-0.10403139270833348,30,-0.003133333333333334,0.0022588268748566613,-0.00395,-0.00235,30,2.466666666666667,0.507416263404925,2.3,2.6333333333333333,30,-57.82988095238097,3.8857823681161285,-59.185574404761915,-56.466038690476196,True
0.2,0.95,graph_ppo,baseline2_matched,30,1.0,0.0,30,0.18370000000000003,0.09261922419052723,0.15145000000000008,0.21721791666666668,30,1.0367984262672636,0.01873331992978807,1.030251064912359,1.0434164650354483,30,-0.030616666666666674,0.015436537365087872,-0.03614166666666665,-0.02512493055555557,30,-0.01792841249999991,0.0021079572826161216,-0.018651898854166765,-0.01719988885416661,30,0.9770477552411128,0.0026844503100189147,0.9761118261501092,0.9779817112978215,30,-0.08941243750000052,0.01051575603475554,-0.093167790104168,-0.08568268124999964,30,0.0010333333333333334,0.001960530071414244,0.00038333333333333334,0.0017500000000000003,30,0.4666666666666667,0.507416263404925,0.3,0.6333333333333333,30,-7.2885185185185195,3.985556600552235,-8.672231481481484,-5.917370370370371,True
0.2,0.95,graph_ppo,grid_cnn_ppo,30,0.16666666666666666,0.0,30,-0.13725000000000004,0.15091506803040144,-0.18906666666666674,-0.08364916666666668,30,0.9747676884894141,0.028031222880984457,0.9649745539228013,0.9847204422660562,30,0.022875,0.025152511338400234,0.01398868055555555,0.03194722222222221,30,0.0010073958333334059,0.00801312409056716,-0.00115112385416691,0.004259416979166791,30,1.0014247969878558,0.011002315411236991,0.9985174977815037,1.0058369894882049,30,0.0048654166666664885,0.04011890843132755,-0.006099089062500339,0.021079601562499616,30,-0.002983333333333333,0.015430871058018577,-0.00921708333333333,0.0007833333333333334,30,-0.06666666666666667,0.2537081317024624,-0.16666666666666666,0.0,30,5.075151515151514,5.535977787324113,3.115106060606064,6.990340909090906,False
0.2,0.95,graph_ppo,left_if_safe,30,0.3333333333333333,0.0,30,0.03178333333333334,0.38756536007921716,-0.08223375000000004,0.1836791666666665,30,1.0126879026310793,0.09863596876106612,0.9844966642044646,1.0507371957902787,30,-0.00529722222222222,0.06459422667986953,-0.03057784722222221,0.013438958333333329,30,0.01213723749999998,0.026734163137834013,0.004449740833333692,0.023016602395833176,30,1.017609308794872,0.04114584373724299,1.0057358809640378,1.0337540872781028,30,0.0607259166666668,0.13412698840434606,0.02164603177083344,0.11431884010416664,30,-0.018683333333333333,0.056981618835002155,-0.04138375,-0.0022500000000000003,30,0.2,0.6643638388299197,0.0,0.4666666666666667,30,-2.7145767195767205,19.662218139139988,-10.614217592592592,2.8986018518518515,False
0.2,0.95,graph_ppo,node_mlp_ppo,30,0.3,0.0,30,-0.07499999999999991,0.16434944897781165,-0.13228541666666654,-0.015382916666666583,30,0.9863947282686122,0.031318186809026975,0.9757635542979218,0.9976277168413936,30,0.012499999999999982,0.027391574829635276,0.00292493055555553,0.022083333333333312,30,0.0024393833333334223,0.0032497476561407926,0.0013098148958334088,0.00359095489583345,30,1.0032189194652212,0.004291974631186662,1.0017078569430051,1.004778073295224,30,0.01210316666666548,0.01627208525144746,0.006524659374998185,0.01802055885416625,30,-0.00205,0.007075150784307685,-0.004733333333333333,0.000283749999999994,30,0.03333333333333333,0.18257418583505533,0.0,0.1,30,2.368888888888888,6.37964275134103,0.09216666666666473,4.596749999999998,False
0.2,0.95,graph_ppo,noop,30,1.0,0.0,30,1.1633166666666666,0.08664080460723167,1.1331333333333335,1.1946345833333332,30,1.2888634708966302,0.023314695523738077,1.2810575157140924,1.2971779407719772,30,-0.1938861111111111,0.014440134101205275,-0.19904743055555557,-0.1889526388888889,30,-0.02312383750000006,0.0024730073812475753,-0.02400482583333327,-0.02225981302083282,30,0.970592915931933,0.0031170113883481642,0.9694691227834844,0.9716497414249053,30,-0.11416504166666704,0.012344147802333649,-0.11856387916666833,-0.10989126927083476,30,-0.0017000000000000001,0.002171921126401772,-0.002433333333333334,-0.0009000000000000001,30,2.2666666666666666,0.44977644510880355,2.1333333333333333,2.433333333333333,30,-55.96857142857142,4.198981709438595,-57.521565476190474,-54.52688095238096,True
0.2,0.95,grid_cnn_ppo,baseline1_hdv,30,1.0,0.0,30,1.3316500000000002,0.12417855262095173,1.2845808333333335,1.3740841666666666,30,1.3332101486517858,0.03243819089563515,1.321331774304521,1.3441649502637032,30,-0.22194166666666665,0.02069642543682529,-0.22893895833333333,-0.21428881944444447,30,-0.02304110416666695,0.007668509884395949,-0.026191571666666743,-0.02112414677083353,30,0.9706562769524248,0.009767462734666001,0.9667221121231654,0.9730976466672084,30,-0.11354095833333357,0.03841996647467665,-0.12910104895833488,-0.1039776562500011,30,-0.00014999999999999966,0.015953137190123343,-0.003916666666666667,0.006217083333333328,30,2.533333333333333,0.507416263404925,2.3666666666666667,2.7,30,-62.90503246753248,4.814339415107632,-64.52442857142857,-61.08691341991341,True
0.2,0.95,grid_cnn_ppo,baseline2_matched,30,0.9666666666666667,0.0,30,0.32095000000000007,0.1401226279444864,0.27193333333333336,0.3698166666666668,30,1.0642633178606957,0.028462882240711897,1.0541780952074784,1.0739230094322607,30,-0.05349166666666667,0.02335377132408107,-0.061450069444444436,-0.045094444444444444,30,-0.018935808333333314,0.007529701511486786,-0.021975538020833872,-0.01709831458333283,30,0.975756936702638,0.009649362036445118,0.9719015554229096,0.9781165610595449,30,-0.09427785416666702,0.037711242169712125,-0.10905939895833351,-0.08512112552083465,30,0.004016666666666667,0.015390594605110311,0.00034999999999999994,0.01011749999999999,30,0.5333333333333333,0.571346463723366,0.3333333333333333,0.7333333333333333,30,-12.36367003367003,5.013184601530095,-14.101010942760945,-10.591420033670035,True
0.2,0.95,grid_cnn_ppo,left_if_safe,30,0.8,0.0,30,0.1690333333333334,0.3798665358484098,0.05378000000000009,0.3218687499999999,30,1.0391097681155654,0.09758581130260051,1.0110507714642911,1.0784812435880191,30,-0.02817222222222222,0.06331108930806831,-0.05308618055555557,-0.008873472222222267,30,0.011129841666666574,0.028700377889046384,0.002477330104166225,0.022158082291666624,30,1.0163195701475376,0.043682307627272016,1.0033600160396106,1.033654782966922,30,0.05586050000000031,0.14394601147259542,0.012459022395833705,0.11128433125000142,30,-0.015700000000000002,0.0599839921174377,-0.039517083333333335,0.0024833333333333344,30,0.26666666666666666,0.6914918072835209,0.06666666666666667,0.5333333333333333,30,-7.789728234728234,19.25590633989811,-15.745975829725829,-2.100125000000002,True
0.2,0.95,grid_cnn_ppo,noop,30,1.0,0.0,30,1.3005666666666669,0.12269746458705637,1.2568816666666671,1.3435837500000003,30,1.32291716269393,0.031866552505892834,1.3118902109361015,1.3344410668858337,30,-0.2167611111111111,0.020449577431176057,-0.2239030555555555,-0.20959152777777781,30,-0.024131233333333463,0.007671463643318169,-0.027205107916666766,-0.02218814999999943,30,0.969311009659577,0.009760853589269125,0.9652681932912944,0.9718240425565584,30,-0.11903045833333352,0.03840720819661939,-0.13455357916666724,-0.10903936197916501,30,0.0012833333333333336,0.015430982790640962,-0.002433333333333334,0.007416666666666666,30,2.3333333333333335,0.47946330148538424,2.1666666666666665,2.5,30,-61.04372294372295,4.72709159053705,-62.71406385281385,-59.35688176406926,True
0.2,0.95,left_if_safe,baseline1_hdv,30,0.9666666666666667,0.0,30,1.1626166666666664,0.361212080299127,1.018680416666667,1.2703004166666667,30,1.2909185281634745,0.09112012315295648,1.2553128299147507,1.318260264362749,30,-0.19376944444444444,0.06020201338318782,-0.21166395833333335,-0.1698439583333333,30,-0.03417094583333353,0.027432903364836097,-0.044822981875000084,-0.026120410937500012,30,0.9564817842978672,0.034932510602163354,0.9426447697300492,0.9665984015273329,30,-0.16940145833333395,0.13759422390082765,-0.223392413541668,-0.1295196401041676,30,0.01555,0.056760135051235415,-0.00075,0.03848375,30,2.2666666666666666,0.6914918072835209,2.0,2.5,30,-55.115304232804235,18.555922686140807,-60.49778736772487,-47.68588293650794,True
0.2,0.95,left_if_safe,baseline2_matched,30,0.8666666666666667,0.0,30,0.1519166666666667,0.3698381538693261,0.005859166666666768,0.2642850000000001,30,1.0305428397963958,0.07391122870561266,1.0012677237916632,1.0526555766382653,30,-0.025319444444444453,0.061639692311554334,-0.04390423611111114,-0.0014830555555555842,30,-0.03006564999999989,0.026818852707824595,-0.04075461895833307,-0.022323371354166722,30,0.9614831497807095,0.03445135925213797,0.9475962645656268,0.9715599925939034,30,-0.15013835416666732,0.13453700159683182,-0.202651923958335,-0.11122463854166867,30,0.019716666666666667,0.05688943955896677,0.0032000000000000006,0.04300124999999999,30,0.26666666666666666,0.8276819867946672,-0.03333333333333333,0.5333333333333333,30,-4.573941798941799,18.772378505977695,-10.015981481481484,3.1038710317460256,True
0.2,0.95,left_if_safe,noop,30,0.9666666666666667,0.0,30,1.1315333333333333,0.35184684984681397,0.98978,1.2353025,30,1.2807575104452404,0.08798699318075492,1.24655040673304,1.3071912957247682,30,-0.18858888888888894,0.05864114164113565,-0.20613895833333337,-0.16547923611111118,30,-0.03526107500000004,0.027102043431746232,-0.045966634687499626,-0.02738220281249993,30,0.9551419957260218,0.03452733213029393,0.941363372176383,0.9651367082899844,30,-0.17489095833333385,0.1359317790082054,-0.22988425208333324,-0.13544319322916748,30,0.016983333333333336,0.05683619586952965,0.00045000000000000015,0.04,30,2.066666666666667,0.7396799556440672,1.8,2.3,30,-53.25399470899471,18.05576085730293,-58.435900793650795,-45.942802579365086,True
0.2,0.95,node_mlp_ppo,baseline1_hdv,30,1.0,0.0,30,1.2694,0.13355977610457218,1.2217825,1.3147004166666665,30,1.317681414077103,0.035133360828864896,1.3049280117083166,1.3295534658747488,30,-0.21156666666666663,0.022259962684095348,-0.21925340277777775,-0.20334409722222216,30,-0.024473091666666967,0.0027980444313864747,-0.02551487843749993,-0.023522058958333664,30,0.9688314858483812,0.0035591852128128852,0.9675313024088243,0.9700228925816481,30,-0.12077870833333255,0.014062118825230594,-0.12594231093749886,-0.11605047812500044,30,-0.001083333333333333,0.007023462321996592,-0.0034000000000000002,0.0015670833333333275,30,2.433333333333333,0.5040069329937309,2.2666666666666666,2.6,30,-60.19876984126983,5.518549314060714,-62.14100595238095,-58.19210119047619,True
0.2,0.95,node_mlp_ppo,baseline2_matched,30,0.9333333333333333,0.03333333333333333,30,0.25869999999999993,0.12900999693955822,0.21171666666666664,0.3027670833333333,30,1.051756324677906,0.026071010314818004,1.0425526941998908,1.0606579300944596,30,-0.04311666666666667,0.02150166615659303,-0.050327847222222194,-0.03536659722222221,30,-0.02036779583333333,0.00278535950820737,-0.02143746031249954,-0.01942017916666651,30,0.973924162597051,0.0035601989588636097,0.9726510404159578,0.9751284492852124,30,-0.10151560416666601,0.01399303356874272,-0.10657167395833247,-0.09677419895833123,30,0.0030833333333333333,0.006571992997106964,0.0009499999999999999,0.005599999999999999,30,0.43333333333333335,0.5040069329937308,0.26666666666666666,0.6,30,-9.657407407407408,5.067464045722473,-11.405944444444449,-7.864074074074073,True
0.2,0.95,node_mlp_ppo,grid_cnn_ppo,30,0.3333333333333333,0.0,30,-0.06225000000000014,0.1905782376221703,-0.12950166666666674,0.003836249999999786,30,0.9889301147972606,0.036075193091107044,0.9764496384201968,1.0019795130171731,30,0.01037500000000002,0.031763039603695045,-0.0007805555555555402,0.02176395833333334,30,-0.0014319875000000167,0.007340159857317921,-0.0034615777083333824,0.0015909726041669116,30,0.9982114638185114,0.010039305580768381,0.995485124903106,1.0023226579283497,30,-0.0072377499999989915,0.03682485394493258,-0.01740018854166634,0.007330480729167426,30,-0.000933333333333333,0.016754687112264587,-0.007616666666666668,0.0039000000000000003,30,-0.1,0.30512857662936466,-0.23333333333333334,0.0,30,2.7062626262626264,7.014125620761764,0.22509595959595904,5.10002777777778,False
0.2,0.95,node_mlp_ppo,left_if_safe,30,0.5666666666666667,0.0,30,0.10678333333333324,0.38844454810696344,-0.013483750000000162,0.2543858333333332,30,1.027047805227695,0.09703794259384466,0.9986221612625892,1.0653285472462015,30,-0.0177972222222222,0.06474075801782724,-0.04243624999999999,0.002064305555555563,30,0.009697854166666556,0.026791767071623302,0.0018795105208329642,0.02025844802083267,30,1.0143542708113915,0.04100271743805751,1.0024452012596121,1.0309811898467722,30,0.04862275000000132,0.13441235752210398,0.008985183333335275,0.10168028385416597,30,-0.016633333333333337,0.05609335404320276,-0.039,-6.666666666666687e-05,30,0.16666666666666666,0.6989318615762462,-0.03333333333333333,0.43333333333333335,30,-5.083465608465608,19.045461857963407,-12.677665343915345,0.6444444444444438,False
0.2,0.95,node_mlp_ppo,noop,30,1.0,0.0,30,1.2383166666666667,0.12531116328435452,1.19381625,1.2809175,30,1.3074548369696164,0.032275928845693976,1.2956696128532799,1.3183106162949862,30,-0.2063861111111111,0.02088519388072576,-0.2135000694444444,-0.1990165972222222,30,-0.02556322083333348,0.003282658969199046,-0.026753805208333016,-0.024439897604167142,30,0.9674910194373898,0.004148642519956044,0.9659805049358937,0.9688818052541559,30,-0.12626820833333252,0.016459425716023626,-0.13235891822916437,-0.12072497083332968,30,0.00035,0.006384450398942083,-0.0017166666666666663,0.002766666666666667,30,2.2333333333333334,0.43018306715207627,2.1,2.4,30,-58.337460317460305,4.954150707031669,-60.03942162698412,-56.572883928571414,True
0.2,0.95,noop,baseline1_hdv,30,0.7,0.0,30,0.03108333333333322,0.06150709005014613,0.01006624999999987,0.0537841666666665,30,1.0078865404703792,0.015598769423767365,1.0025463725072497,1.0134662645533405,30,-0.00518055555555554,0.01025118167502436,-0.008872291666666645,-0.0018138888888888846,30,0.0010901291666665129,0.0020242237540733614,0.0004107427083333018,0.0018250189583329075,30,1.001391088823961,0.002581331805474801,1.0005192598054657,1.0023192361272124,30,0.0054894999999999545,0.010138792949778683,0.0019954916666678154,0.0092099260416671,30,-0.0014333333333333338,0.002280854850834378,-0.0022004166666666635,-0.0006333333333333334,30,0.2,0.5508613944197479,0.0,0.4,30,-1.861309523809524,3.796769350073063,-3.2208482142857147,-0.5499404761904779,True
0.2,0.95,noop,baseline2_matched,30,0.0,0.0,30,-0.9796166666666667,0.06330940488684461,-1.0016500000000002,-0.9567325000000001,30,0.8045017996835746,0.011095183036186456,0.8006142604513763,0.8085396878518095,30,0.16326944444444444,0.01055156748114078,0.15953326388888892,0.16696944444444442,30,0.00519542500000015,0.0021440174399881507,0.004454306875000293,0.005944584479166662,30,1.0066553963088898,0.0027540423267582853,1.0056691876854438,1.0076460608732192,30,0.024752604166666508,0.010732914604247773,0.020994170833331643,0.028531148958333453,30,0.0027333333333333337,0.0021080033588492075,0.002,0.0034504166666666615,30,-1.8,0.5508613944197478,-2.0,-1.6,30,48.680052910052915,3.1808424216495506,47.531356812169314,49.75577314814814,False
0.2,1.0,baseline2_matched,baseline1_hdv,30,1.0,0.0,30,1.39665,0.053422865761833686,1.3768166666666666,1.4149670833333337,30,1.3494484818173988,0.016029151305927403,1.3438046701983288,1.3552873437120736,30,-0.23277499999999998,0.008903810960305611,-0.23588333333333333,-0.22964993055555552,30,-0.006214954166666801,0.0017012090688033946,-0.006830187500000145,-0.005619263854166833,30,0.9920869303962818,0.0021569131899291626,0.9913466175394046,0.9928302104695932,30,-0.02932895833333256,0.008519133402290924,-0.03235239166666668,-0.026428544791665107,30,-0.005216666666666667,0.0017304739899475685,-0.005833749999999998,-0.004616666666666667,30,2.466666666666667,0.507416263404925,2.3,2.6333333333333333,30,-64.86654761904761,2.971727480485637,-65.92086904761904,-63.840821428571424,True
0.2,1.0,graph_ppo,baseline1_hdv,30,1.0,0.0,30,1.9704666666666664,0.057716598540856805,1.9493500000000001,1.9901666666666666,30,1.4929869353165701,0.018147492535860503,1.4864939680357925,1.4993050785364932,30,-0.32841111111111115,0.009619433090142798,-0.33168333333333333,-0.32501937499999994,30,-0.037257958333333424,0.0021471826793109253,-0.03801365468750023,-0.03650555437499994,30,0.9525508556487671,0.002682021657381387,0.9516141809829796,0.9534974909532612,30,-0.18382670833333356,0.010735206986572906,-0.18768442135416674,-0.18012357031250098,30,-0.005466666666666667,0.0017317189652806381,-0.006066666666666668,-0.004850000000000001,30,3.466666666666667,0.507416263404925,3.3,3.6333333333333333,30,-82.63533549783551,2.8406520094585774,-83.63690611471861,-81.66796266233764,True
0.2,1.0,graph_ppo,baseline2_matched,30,1.0,0.0,30,0.5738166666666668,0.06759660817512675,0.5499316666666667,0.5973674999999999,30,1.1064405674003899,0.013176665287069138,1.101793106708074,1.1111310696791377,30,-0.0956361111111111,0.011266101362521137,-0.09954444444444445,-0.09158048611111112,30,-0.03104300416666663,0.0022664979642769826,-0.031850941145833124,-0.030250075520833468,30,0.9601512182450042,0.0028625509621955985,0.9591240566110674,0.9611605914438553,30,-0.154497750000001,0.011326530544270033,-0.15852301770833502,-0.15056130729166745,30,-0.00025,0.00038840966641616584,-0.00038333333333333345,-0.00013333333333333334,30,1.0,0.0,1.0,1.0,30,-17.768787878787876,2.2561851698943394,-18.540924242424243,-16.968749999999996,True
0.2,1.0,graph_ppo,grid_cnn_ppo,30,0.8666666666666667,0.06666666666666667,30,0.07201666666666671,0.08147598369789862,0.04433250000000004,0.10160083333333349,30,1.0123919616780772,0.014076985346414264,1.007580693606423,1.0175073115273352,30,-0.012002777777777784,0.013579330616316427,-0.016922361111111117,-0.007344375000000002,30,-0.013239420833333368,0.003424536884981114,-0.014444596562500071,-0.012073818854166918,30,0.9826187405924915,0.0044458874160982894,0.9810275526737079,0.984169005354757,30,-0.06610708333333307,0.017177993079441022,-0.07229620052083137,-0.06001792812500172,30,-0.001,0.0027574350900541737,-0.0020833333333333333,-0.00023333333333333336,30,0.0,0.0,0.0,0.0,30,-2.096969696969698,2.4320850154879525,-2.9909090909090925,-1.2606060606060614,True
0.2,1.0,graph_ppo,left_if_safe,30,0.6,0.3,30,0.15454999999999997,0.3041269400918886,0.06956583333333333,0.2785670833333333,30,1.0298918284191616,0.06768480179081515,1.0120259523071282,1.0580212032914564,30,-0.025758333333333338,0.0506878233486481,-0.04568388888888893,-0.011841666666666662,30,0.003227137500000099,0.023196282560474464,-0.0015399562499996446,0.012047275520833352,30,1.0054485169813452,0.03717250113152608,0.9979571358394184,1.0194784502603476,30,0.016328875000000072,0.11631198167344071,-0.007457519270833006,0.06087756666666544,30,-0.009200000000000002,0.04700652926034262,-0.026633333333333332,-0.00030000000000000003,30,0.13333333333333333,0.5713464637233656,0.0,0.36666666666666664,30,-5.25401515151515,12.390814789119542,-10.413257575757573,-2.030893939393938,True
0.2,1.0,graph_ppo,node_mlp_ppo,30,0.6,0.03333333333333333,30,0.07583333333333338,0.12354207250228928,0.03524916666666674,0.12180000000000012,30,1.0132495931617465,0.02180185010244993,1.0059548588514535,1.021402631242661,30,-0.012638888888888906,0.020590345417048208,-0.020325208333333344,-0.005836111111111127,30,-0.01014119583333343,0.0023979813252149023,-0.010980746770833473,-0.009315947395833852,30,0.9866269591721515,0.003143184828419487,0.985540492999156,0.9877197786458548,30,-0.05061118750000076,0.011953926780469767,-0.05464840729166724,-0.04630027968750104,30,-0.0005333333333333334,0.0024667909257301,-0.0015,-1.6666666666666667e-05,30,0.0,0.0,0.0,0.0,30,-2.251515151515152,3.7361453637617426,-3.6181818181818195,-1.0484848484848508,True
0.2,1.0,graph_ppo,noop,30,1.0,0.0,30,1.9424,0.06457505657012225,1.9201162499999997,1.9653833333333337,30,1.482640931081839,0.020723662863053615,1.4754910621756974,1.4901942348050956,30,-0.3237333333333334,0.010762509428353708,-0.3276445138888889,-0.3199305555555556,30,-0.03883793750000028,0.0019651725613417464,-0.03952105687500027,-0.0381510050000001,30,0.9506369498612375,0.002458984842344065,0.9497693533569405,0.9514826492495623,30,-0.19176168750000144,0.009823564820640068,-0.1952227661458324,-0.1882869739583336,30,-0.004416666666666668,0.001587034391851525,-0.004983333333333334,-0.003866666666666667,30,3.2666666666666666,0.44977644510880355,3.1,3.433333333333333,30,-80.84307359307358,3.202846233196604,-81.98659496753245,-79.73719426406927,True
0.2,1.0,grid_cnn_ppo,baseline1_hdv,30,1.0,0.0,30,1.8984499999999997,0.08508204458253703,1.8675162500000002,1.9276000000000002,30,1.4749094200451374,0.022415636141157654,1.4667506265736694,1.4826365563042976,30,-0.3164083333333333,0.014180340763756155,-0.32133354166666667,-0.3113860416666667,30,-0.024018537500000065,0.0025536422693090083,-0.0249073736458334,-0.023138972500000094,30,0.969411361893303,0.0032384653388756596,0.9682906976651078,0.9705304389960102,30,-0.1177196250000005,0.012837537049813306,-0.12236403750000012,-0.11326264322916817,30,-0.0044666666666666665,0.0035741730013638343,-0.005550000000000001,-0.0030500000000000015,30,3.466666666666667,0.507416263404925,3.3,3.6333333333333333,30,-80.53836580086578,3.047611445154855,-81.61095779220778,-79.46312229437228,True
0.2,1.0,grid_cnn_ppo,baseline2_matched,30,1.0,0.0,30,0.5017999999999999,0.10690235634963081,0.46448291666666663,0.5398504166666664,30,1.0931055062885906,0.020280104034731076,1.086017901944822,1.100242107723073,30,-0.08363333333333331,0.017817059391605137,-0.08983888888888887,-0.07741638888888891,30,-0.017803583333333265,0.0030461073165214546,-0.018888026666666956,-0.016731520625000135,30,0.9771480075990174,0.0038871225042622784,0.975787220656918,0.9785241349480973,30,-0.08839066666666792,0.01533079921523704,-0.09386709843750161,-0.08308549583333431,30,0.00075,0.0027629007744859697,-5e-05,0.0018666666666666664,30,1.0,0.0,1.0,1.0,30,-15.67181818181818,3.303124551683261,-16.837,-14.514196969696966,True
0.2,1.0,grid_cnn_ppo,left_if_safe,30,0.5333333333333333,0.0,30,0.08253333333333325,0.34439554578133413,-0.019950416666666852,0.21610041666666666,30,1.0177847884257187,0.07354318030433304,0.9969629277816742,1.047328807273887,30,-0.013755555555555554,0.05739925763022237,-0.036123819444444434,0.0032111805555555453,30,0.016466558333333468,0.023961734794024258,0.011356158645833375,0.025739020312499927,30,1.0232802123879223,0.03900716746862085,1.0151820210299134,1.0383280312817253,30,0.08243595833333314,0.120171549287489,0.056836905729168434,0.1288012223958329,30,-0.0082,0.04728902329439603,-0.025950000000000004,0.0013504166666666608,30,0.13333333333333333,0.5713464637233656,0.0,0.36666666666666664,30,-3.157045454545452,13.392360349903383,-8.597378787878785,0.5879393939393964,False
0.2,1.0,grid_cnn_ppo,noop,30,1.0,0.0,30,1.8703833333333335,0.09912745916707204,1.83579875,1.9046999999999998,30,1.4647419876824999,0.027566841563991074,1.454816419646694,1.474522496242976,30,-0.3117305555555555,0.016521243194511988,-0.31766124999999995,-0.3059499305555555,30,-0.025598516666666918,0.0026151775891872517,-0.026516966250000783,-0.024648549895834423,30,0.9674644156673976,0.003310810333240921,0.9662949722627759,0.9686167303764727,30,-0.12565460416666838,0.01315623057013985,-0.13023457604166652,-0.12108043906250178,30,-0.003416666666666667,0.00271992435662228,-0.004250000000000001,-0.002366666666666667,30,3.2666666666666666,0.44977644510880355,3.1333333333333333,3.433333333333333,30,-78.74610389610392,4.073984692123567,-80.21166396103898,-77.31697510822512,True
0.2,1.0,left_if_safe,baseline1_hdv,30,1.0,0.0,30,1.8159166666666666,0.3087623816680611,1.6919654166666669,1.9026508333333332,30,1.4544978702492242,0.07867775214907934,1.4234954545100387,1.4771050932700223,30,-0.30265277777777777,0.05146039694467686,-0.317291875,-0.28173305555555556,30,-0.040485095833333526,0.0233390647126739,-0.0493251667708336,-0.035707159062500264,30,0.9484458534543239,0.02967518242570948,0.9371738379972397,0.9545060958999505,30,-0.20015558333333364,0.11703147470950417,-0.24450776614583242,-0.17626932812500187,30,0.003733333333333332,0.04703350481000373,-0.005433333333333334,0.02125,30,3.3333333333333335,0.8441822541139558,3.0,3.6,30,-77.38132034632034,12.929465225862453,-80.95379572510824,-72.20749053030305,True
0.2,1.0,left_if_safe,baseline2_matched,30,0.9666666666666667,0.0,30,0.4192666666666666,0.2951406074414695,0.2954491666666665,0.5004166666666667,30,1.077726313147519,0.054807335834716725,1.055564914435572,1.0927589938292794,30,-0.06987777777777776,0.04919010124024493,-0.0835861805555556,-0.05015499999999999,30,-0.03427014166666673,0.023456062048911732,-0.04328500718750026,-0.02934078697916664,30,0.9560174385910256,0.03004810630703431,0.9445135116026396,0.9623585396984011,30,-0.17082662500000106,0.1176051431399067,-0.21583788958333391,-0.1459651411458336,30,0.008950000000000001,0.04677317791655591,6.666666666666667e-05,0.026266666666666667,30,0.8666666666666667,0.5713464637233656,0.6333333333333333,1.0,30,-12.51477272727273,12.128149080741029,-15.634553030303032,-7.702765151515154,True
0.2,1.0,left_if_safe,noop,30,1.0,0.0,30,1.7878499999999997,0.30370301254282334,1.6647633333333338,1.8712841666666669,30,1.4442977779918942,0.07644365613816695,1.4130954042831239,1.4658650713435604,30,-0.2979750000000001,0.050617168757137225,-0.31191430555555566,-0.2770777777777778,30,-0.04206507500000038,0.023061886820546825,-0.05085078447916673,-0.03728837364583364,30,0.9465307264960952,0.029340586707298087,0.9353478000208353,0.9526168321347788,30,-0.20809056250000152,0.11564158019500913,-0.25218047968750323,-0.18399268593750073,30,0.004783333333333332,0.046637576113549545,-0.00425,0.022150000000000003,30,3.1333333333333333,0.7760791522613608,2.8333333333333335,3.3666666666666667,30,-75.58905844155846,12.637511117179221,-78.99125541125541,-70.58765800865802,True
0.2,1.0,node_mlp_ppo,baseline1_hdv,30,1.0,0.0,30,1.8946333333333334,0.10762738509779234,1.8554329166666668,1.9314691666666666,30,1.4739355952358815,0.027707004652039166,1.4638714353793696,1.4836788979252082,30,-0.31577222222222223,0.017937897516298717,-0.3216916666666666,-0.3092165972222222,30,-0.027116762500000002,0.0021255889884431974,-0.027843255833333413,-0.026351168854166676,30,0.9654666241191416,0.0026723300307452593,0.9645376021659372,0.9664122433239474,30,-0.1332155208333328,0.010610121221515464,-0.13689436041666414,-0.12940386927083158,30,-0.004933333333333335,0.003242320724135865,-0.005883333333333335,-0.0036000000000000008,30,3.466666666666667,0.507416263404925,3.3,3.6333333333333333,30,-80.38382034632033,3.691413167424606,-81.67176812770563,-79.12005952380953,True
0.2,1.0,node_mlp_ppo,baseline2_matched,30,1.0,0.0,30,0.4979833333333333,0.12108215245723937,0.45529916666666664,0.5405845833333334,30,1.0923684202817368,0.02275858348261827,1.0839790215493301,1.100136270458614,30,-0.08299722222222221,0.020180358742873227,-0.08986680555555553,-0.07538881944444442,30,-0.020901808333333202,0.001896211136525019,-0.021580908645833077,-0.020245588437499573,30,0.9731688756761996,0.002410726632457498,0.9723194764266166,0.974001163850523,30,-0.10388656250000024,0.009489332078502265,-0.10730544739583471,-0.10057400156249893,30,0.00028333333333333325,0.002458915282765165,-0.00030000000000000003,0.0012666666666666666,30,1.0,0.0,1.0,1.0,30,-15.517272727272728,3.73698127746321,-16.795174242424242,-14.171499999999995,True
0.2,1.0,node_mlp_ppo,grid_cnn_ppo,30,0.7,0.0,30,-0.0038166666666666535,0.10445197571077845,-0.04263666666666658,0.03198374999999998,30,0.9994356361950365,0.017837502806766135,0.9929796846557879,1.0055111770242022,30,0.0006361111111111224,0.01740866261846307,-0.005188958333333321,0.0068944444444444305,30,-0.003098224999999936,0.0035509397381734927,-0.004346538333333371,-0.0018434643749996355,30,0.9959429819710282,0.004652544227487838,0.9942930036735765,0.9975803898970274,30,-0.015495895833332307,0.01777583511854501,-0.021703716666665714,-0.009268742187499651,30,-0.00046666666666666666,0.003342344142636436,-0.0017,0.0006333333333333334,30,0.0,0.0,0.0,0.0,30,0.1545454545454542,3.109583088139981,-0.8818181818181823,1.3,False
0.2,1.0,node_mlp_ppo,left_if_safe,30,0.6666666666666666,0.0,30,0.07871666666666659,0.3562599468262517,-0.030733750000000015,0.21987124999999985,30,1.0171764844284399,0.07521668037734144,0.9957021805778237,1.0472907800447102,30,-0.013119444444444432,0.05937665780437529,-0.035884236111111065,0.004983541666666688,30,0.01336833333333353,0.022627686327789946,0.008541520208333889,0.022120408229166715,30,1.0190539819099755,0.03673095525539855,1.0114082580670722,1.0330382270730702,30,0.06694006250000083,0.1134812646854105,0.042896978124998895,0.11049761041666652,30,-0.008666666666666666,0.04717892087270165,-0.026366666666666663,0.0007504166666666607,30,0.13333333333333333,0.5713464637233656,0.0,0.36666666666666664,30,-3.0024999999999977,13.707763004311087,-8.504664772727269,0.975212121212124,False
0.2,1.0,node_mlp_ppo,noop,30,1.0,0.0,30,1.866566666666667,0.11757292185713075,1.8238,1.9058516666666665,30,1.4637647324947125,0.03139642160674383,1.4525141077659387,1.4744065774776245,30,-0.31109444444444445,0.019595486976188455,-0.3176918055555555,-0.3038271527777778,30,-0.028696741666666855,0.0021057129403120713,-0.029435456979167288,-0.02795498395833372,30,0.9635272862658653,0.0026438210631075858,0.9626115714294184,0.9644576009823678,30,-0.14115050000000068,0.01051411603009958,-0.14477227864583309,-0.13749344531250204,30,-0.003883333333333334,0.0024937277639950077,-0.004666666666666667,-0.0029000000000000002,30,3.2666666666666666,0.44977644510880355,3.1333333333333333,3.433333333333333,30,-78.59155844155843,4.429552289883599,-80.14946022727271,-77.02428841991342,True
0.2,1.0,noop,baseline1_hdv,30,0.7,0.0,30,0.028066666666666594,0.061117429837036344,0.007065833333333203,0.05025041666666661,30,1.0071149162212307,0.015427180557904156,1.0018218131899599,1.01260199212649,30,-0.0046777777777777625,0.010186238306172721,-0.008216736111111084,-0.0011999999999999858,30,0.0015799791666668524,0.0015116450284043898,0.0010435826041668155,0.0021039334375001217,30,1.002014480441142,0.0019278988601447967,1.0013561719575614,1.002699042091523,30,0.007934979166667884,0.0075583531386267016,0.005370304687501251,0.01059169010416818,30,-0.00105,0.002945920616014978,-0.0020833333333333337,-2.8912057932946785e-20,30,0.2,0.6643638388299198,-0.03333333333333333,0.43333333333333335,30,-1.7922619047619037,3.779221367940829,-3.089895833333333,-0.4315178571428552,True
0.2,1.0,noop,baseline2_matched,30,0.0,0.0,30,-1.3685833333333335,0.06668351439414422,-1.3921679166666667,-1.3452333333333333,30,0.7463625751637345,0.011135973604197293,0.7424001011814352,0.7502804837419781,30,0.22809722222222226,0.01111391906569069,0.22414986111111113,0.23202500000000004,30,0.007794933333333654,0.0017182344222731044,0.007200491770833587,0.008406909687500106,30,1.0100095886910108,0.002217505334898323,1.0092256290143526,1.0107922970689531,30,0.03726393750000045,0.008625054465017367,0.034201998958333674,0.04030274635416732,30,0.0041666666666666675,0.0015992095748737299,0.0036000000000000003,0.004733333333333334,30,-2.2666666666666666,0.44977644510880355,-2.433333333333333,-2.1333333333333333,30,63.07428571428572,3.4258191950147885,61.88485714285714,64.27953571428571,False
0.25,0.9,baseline2_matched,baseline1_hdv,30,1.0,0.0,30,0.7812666666666668,0.08975039461380287,0.7490654166666666,0.8121004166666664,30,1.251438472623137,0.03228518602382868,1.2396643919845285,1.2623752742381298,30,-0.13021111111111114,0.014958399102300476,-0.13540569444444447,-0.12479437500000001,30,-0.004337524999999875,0.001504164755770025,-0.004849818854166395,-0.0038093612499995543,30,0.9943675664707536,0.0019487255130618397,0.9936852839771372,0.9950561394553947,30,-0.016568833333333928,0.006031444856538156,-0.01866681708333448,-0.014424227916668093,30,-0.011233333333333336,0.004600849496772745,-0.012866666666666669,-0.009632916666666673,30,1.0,0.0,1.0,1.0,30,-64.57619047619048,7.931812677912578,-67.29605158730159,-61.7269246031746,True
0.25,0.9,graph_ppo,baseline1_hdv,30,1.0,0.0,30,1.028616666666667,0.13570541646327625,0.9808329166666668,1.0772666666666666,30,1.330905609015654,0.04707238925161546,1.3142050682610007,1.3478241875540118,30,-0.1714361111111111,0.02261756941054603,-0.17940013888888884,-0.16368048611111116,30,-0.013597808333333399,0.0021996977627749548,-0.014376407812500026,-0.012843115729166958,30,0.9823388716253523,0.002840745045307493,0.9813422131217879,0.9833296914941217,30,-0.0533626166666676,0.008728648658774192,-0.056473608750000355,-0.05026752333333488,30,-0.009816666666666668,0.005313423685757406,-0.011633749999999998,-0.007950000000000002,30,1.9,0.3051285766293647,1.7666666666666666,2.0,30,-79.51726190476191,9.847388608764952,-83.01214781746032,-76.09590773809522,True
0.25,0.9,graph_ppo,baseline2_matched,30,0.9666666666666667,0.0,30,0.24735000000000001,0.13126507466796403,0.20136458333333335,0.2925020833333332,30,1.0637368652529793,0.034207766975827315,1.0518184460022222,1.0756210865865208,30,-0.04122499999999999,0.02187751244466067,-0.04878333333333331,-0.03343604166666669,30,-0.009260283333333523,0.0022363582120780877,-0.010041112395833602,-0.008469548541667043,30,0.9879051563673167,0.0029107938660645405,0.9868791361286199,0.9889513018140953,30,-0.03679378333333367,0.008889781560949316,-0.040010416666666195,-0.03363397458333331,30,0.0014166666666666668,0.002652530780260596,0.0004833333333333334,0.002366666666666667,30,0.9,0.30512857662936466,0.7666666666666667,1.0,30,-14.941071428571432,8.012223670142646,-17.761517857142863,-12.017842261904763,True
0.25,0.9,graph_ppo,grid_cnn_ppo,30,0.8666666666666667,0.0,30,0.19644999999999996,0.227325391500135,0.11956666666666667,0.28103416666666664,30,1.052704646985802,0.06377227293992245,1.0311399076391434,1.0766930161588797,30,-0.032741666666666655,0.03788756525002249,-0.04636944444444442,-0.020274652777777766,30,0.006853345833333243,0.012652489879189132,0.002944907708333181,0.011592260520833411,30,1.0094405866962666,0.01783547608219969,1.0039300347801354,1.0165138543065442,30,0.027609833333331682,0.050759575726864674,0.011882546249998136,0.047907196666665555,30,-0.030883333333333332,0.04542494441067202,-0.04833375,-0.016383333333333337,30,0.43333333333333335,0.6260623155792925,0.2,0.6666666666666666,30,-12.008730158730158,15.554484893004483,-17.862316468253965,-6.851532738095243,True
0.25,0.9,graph_ppo,left_if_safe,30,0.9333333333333333,0.0,30,0.41168333333333335,0.41417911091644893,0.2770483333333334,0.5639675000000002,30,1.1261547934012908,0.1586087736073402,1.0762334697951823,1.1872834727696013,30,-0.06861388888888888,0.06902985181940817,-0.09473902777777776,-0.045798611111111116,30,0.01472323333333337,0.03788994524061771,0.0030461023958336386,0.02935913833333304,30,1.0228077795155976,0.05988422144406543,1.0043332148804165,1.0454603800755802,30,0.05930461666666552,0.15193495133124837,0.012075865416665953,0.11715687083333205,30,-0.056549999999999996,0.10015344692537788,-0.09608416666666665,-0.025183333333333335,30,1.1333333333333333,0.8995528902176071,0.8333333333333334,1.4666666666666666,30,-25.51670634920634,34.112213236089325,-38.637245039682526,-14.707719246031747,True
0.25,0.9,graph_ppo,node_mlp_ppo,30,0.9333333333333333,0.0,30,0.23620000000000002,0.2294534961523832,0.15499875000000002,0.31921750000000004,30,1.0628340564069272,0.06183278794604916,1.041128269925481,1.0849505434270694,30,-0.039366666666666654,0.03824224935873054,-0.052844930555555565,-0.025752777777777795,30,0.002934516666666542,0.005379420925757945,0.0011877268749997062,0.00491199104166688,30,1.0039425141570235,0.0072539050104036985,1.001598502526648,1.006679815038807,30,0.01197426666666653,0.021609121853310244,0.005094037916666148,0.02000142458333285,30,-0.02178333333333333,0.028959747133270833,-0.03258333333333333,-0.012566666666666669,30,0.6,0.5632418479750461,0.4,0.8,30,-14.913095238095242,14.573879899011585,-20.11376488095238,-9.82135416666667,True
0.25,0.9,graph_ppo,noop,30,1.0,0.0,30,0.9689000000000001,0.11894619183363597,0.9273654166666666,1.0103174999999998,30,1.3055997736998528,0.039099848964109916,1.291696075630997,1.3194782618204088,30,-0.1614833333333333,0.01982436530560599,-0.16861951388888888,-0.15453881944444445,30,-0.016205858333333243,0.0019969369676945802,-0.016904814895832877,-0.01548928489583292,30,0.9790210228883786,0.002571271865579915,0.9781303582796217,0.9799521658352749,30,-0.06385453333333496,0.007943623682282191,-0.06665750083333594,-0.06107546708333629,30,-0.011150000000000002,0.005933757895180818,-0.013250000000000003,-0.009116666666666667,30,1.9,0.3051285766293647,1.8,2.0,30,-73.26726190476191,7.645512098074878,-75.91627976190476,-70.5249751984127,True
0.25,0.9,grid_cnn_ppo,baseline1_hdv,30,1.0,0.0,30,0.8321666666666668,0.1976300677482071,0.7598975,0.8984033333333332,30,1.2672322906991753,0.06365564546693545,1.2448036409554073,1.289043590999233,30,-0.13869444444444443,0.03293834462470118,-0.14999166666666666,-0.12650812499999997,30,-0.02045115416666664,0.012801363411386813,-0.025371337708333486,-0.016473395416666682,30,0.973431933446111,0.016644493396456437,0.9670958439510284,0.9785980386692726,30,-0.08097244999999928,0.05135609328608928,-0.10082747624999817,-0.06488021375000093,30,0.02106666666666667,0.044878136396655124,0.006549583333333336,0.03795,30,1.4666666666666666,0.571346463723366,1.2666666666666666,1.6666666666666667,30,-67.50853174603175,13.890357428324263,-72.0077728174603,-62.25163194444446,True
0.25,0.9,grid_cnn_ppo,baseline2_matched,30,0.6,0.0,30,0.05090000000000002,0.21372575079228087,-0.026867916666666672,0.12338416666666671,30,1.0131775563216954,0.05524235727233704,0.9933752171858212,1.0321170926672416,30,-0.00848333333333334,0.03562095846538014,-0.0206836111111111,0.00427784722222222,30,-0.016113629166666765,0.013019644922246628,-0.021159630000000186,-0.012090048645833663,30,0.9789522656242224,0.01700371492538338,0.972355537117696,0.9841567561212117,30,-0.06440361666666534,0.05224231812127191,-0.08431281749999785,-0.04809766041666494,30,0.0323,0.04600104946329092,0.017549583333333337,0.049883749999999984,30,0.4666666666666667,0.571346463723366,0.26666666666666666,0.6666666666666666,30,-2.932341269841274,15.31564067905664,-8.086369047619051,2.788700396825392,False
0.25,0.9,grid_cnn_ppo,left_if_safe,30,0.7,0.0,30,0.2152333333333334,0.4562998245507634,0.06741416666666677,0.38205041666666656,30,1.0730480522994061,0.1640752676330368,1.0227884546651955,1.1375922584501044,30,-0.035872222222222215,0.07604997075846058,-0.06468999999999997,-0.011304444444444459,30,0.007869887500000127,0.034634460558311944,-0.003090052395833007,0.021014560937500173,30,1.0131238821942397,0.05338010989741488,0.9962932183910432,1.0337532300720624,30,0.03169478333333384,0.1389591735166944,-0.012153527916665586,0.0852097604166691,30,-0.02566666666666666,0.09768698545065653,-0.06290083333333332,0.006201666666666642,30,0.7,1.0221680811915899,0.36666666666666664,1.0666666666666667,30,-13.50797619047619,36.97168348659898,-27.363300595238098,-1.7758095238095262,True
0.25,0.9,grid_cnn_ppo,noop,30,1.0,0.0,30,0.7724499999999999,0.21508836796647737,0.6941658333333333,0.8463029166666668,30,1.2436944267704222,0.06897066625025254,1.2181975511097693,1.2673266089833224,30,-0.12874166666666667,0.03584806132774622,-0.1405388888888889,-0.11600770833333333,30,-0.023059204166666483,0.012930787738211921,-0.028088749583332864,-0.01904916166666682,30,0.970147600129727,0.016742769086580928,0.96384211114019,0.9753322727853263,30,-0.09146436666666664,0.05188672287631674,-0.11173498541666504,-0.0755796195833319,30,0.019733333333333332,0.04681046400357387,0.004700000000000001,0.036917083333333336,30,1.4666666666666666,0.571346463723366,1.2666666666666666,1.6666666666666667,30,-61.258531746031736,15.664878673291593,-66.50452876984127,-55.37818948412697,True
0.25,0.9,left_if_safe,baseline1_hdv,30,0.9,0.0,30,0.6169333333333334,0.3953732355664694,0.4630041666666667,0.7404012499999998,30,1.198463822672377,0.12654427837175847,1.1492348058084192,1.238381476940474,30,-0.1028222222222222,0.06589553926107823,-0.1235507638888889,-0.0776386111111111,30,-0.02832104166666677,0.03740546552268965,-0.04281429552083375,-0.016642318125000048,30,0.9631821808412127,0.04868687814502197,0.9445013908692003,0.9781429723432618,30,-0.11266723333333312,0.14999823033747625,-0.17067823375000002,-0.065916693750001,30,0.046733333333333335,0.10030167713842877,0.0152,0.08508333333333333,30,0.7666666666666667,0.8172001541568769,0.4666666666666667,1.0333333333333334,30,-54.000555555555565,33.06184447108271,-64.06496726190477,-41.36606746031747,True
0.25,0.9,left_if_safe,baseline2_matched,30,0.43333333333333335,0.0,30,-0.1643333333333334,0.4049769540768133,-0.3196841666666667,-0.035882916666666764,30,0.9582019501954839,0.10387342607412106,0.9191628396914255,0.991735073173535,30,0.027388888888888886,0.06749615901280222,0.005891597222222211,0.05322777777777776,30,-0.02398351666666689,0.03787340091687729,-0.03847687906250012,-0.012278741875000032,30,0.9686687517831859,0.049472761953738384,0.9493493069835874,0.9839646203830917,30,-0.09609839999999918,0.1518780170314425,-0.15544882624999767,-0.04834853874999863,30,0.05796666666666666,0.10067821163911572,0.02649958333333334,0.09566749999999999,30,-0.23333333333333334,0.8172001541568769,-0.5333333333333333,0.03333333333333333,30,10.575634920634919,33.95621173513407,0.0010446428571416538,24.074538690476185,False
0.25,0.9,left_if_safe,noop,30,0.9,0.0,30,0.5572166666666666,0.38894775562946166,0.40892708333333333,0.6809687499999998,30,1.1756500610708156,0.12323643150406118,1.128955894990058,1.2158649335521552,30,-0.09286944444444444,0.0648246259382436,-0.11346124999999997,-0.06813881944444444,30,-0.030929091666666613,0.03773279702666856,-0.04510030822916636,-0.01921047281249989,30,0.9599497923741261,0.04888576957097133,0.9418543257972102,0.9754091003919614,30,-0.12315915000000048,0.15130394719941392,-0.18244579375000028,-0.07593135083333542,30,0.0454,0.099548324775042,0.014182083333333345,0.08435041666666665,30,0.7666666666666667,0.8172001541568769,0.4666666666666667,1.0333333333333334,30,-47.75055555555556,32.55465063469725,-57.73907738095239,-34.99116666666666,True
0.25,0.9,node_mlp_ppo,baseline1_hdv,30,1.0,0.0,30,0.7924166666666665,0.17695762610518265,0.7303645833333333,0.8547508333333336,30,1.25479062006121,0.057451155894309464,1.234357697258703,1.27466665490412,30,-0.13206944444444443,0.029492937684197112,-0.14236118055555555,-0.1215329861111111,30,-0.01653232499999994,0.005561207897353552,-0.018647703750000084,-0.014759630520833176,30,0.9785276685600804,0.007207114908151548,0.9757973425189244,0.9808247571459625,30,-0.06533688333333412,0.022358110428718922,-0.07388110083333438,-0.05818302666666797,30,0.011966666666666669,0.028595253203060233,0.002433333333333334,0.022217083333333332,30,1.3,0.466091599699399,1.1333333333333333,1.4666666666666666,30,-64.60416666666666,12.634957376865206,-68.90139384920634,-60.21415674603174,True
0.25,0.9,node_mlp_ppo,baseline2_matched,30,0.5333333333333333,0.0,30,0.011150000000000009,0.1760866827093582,-0.05041999999999999,0.07363625,30,1.0029608488524573,0.04526242479182608,0.9867913959258324,1.0190161859165985,30,-0.0018583333333333286,0.029347780451559707,-0.012280694444444438,0.008342083333333337,30,-0.012194800000000065,0.005372977131839242,-0.014264828750000118,-0.010466970104166714,30,0.98407053745472,0.007016939299497685,0.9813669948791042,0.986348762875357,30,-0.048768050000000195,0.021576072897504347,-0.057167295000001006,-0.04171685333333321,30,0.023200000000000002,0.02834777860299,0.013933333333333334,0.03364999999999999,30,0.3,0.466091599699399,0.13333333333333333,0.4666666666666667,30,-0.027976190476191695,11.428881887844938,-3.9667410714285776,4.012708333333331,False
0.25,0.9,node_mlp_ppo,grid_cnn_ppo,30,0.36666666666666664,0.0,30,-0.039750000000000014,0.24582050326932917,-0.12440291666666675,0.050335,30,0.9923807841067496,0.0646876186852356,0.9703948929785361,1.0166985153921173,30,0.00662500000000001,0.04097008387822151,-0.008236180555555537,0.020697500000000014,30,0.003918829166666701,0.013916265342019007,-0.00044453781249973866,0.009124893020833311,30,1.0055316826301994,0.019500791219864755,0.9995490458205541,1.0133161251794232,30,0.015635566666665154,0.055820656756587025,-0.0017342212500004559,0.03716904624999824,30,-0.0091,0.04933285958144691,-0.02725083333333332,0.0071170833333333286,30,-0.16666666666666666,0.6989318615762461,-0.4,0.1,30,2.9043650793650824,17.489064890925004,-3.4316418650793565,8.758497023809522,False
0.25,0.9,node_mlp_ppo,left_if_safe,30,0.6,0.0,30,0.17548333333333338,0.44651017448602465,0.03761333333333339,0.34900416666666667,30,1.0626796070989077,0.16533079185710384,1.01223369651762,1.1285865836396238,30,-0.029247222222222213,0.07441836241433746,-0.05828145833333333,-0.0059275694444444384,30,0.011788716666666829,0.038684209591188276,-0.0003188470833332918,0.026664115625000054,30,1.0188756695286973,0.06078634822426074,1.000103590139638,1.042089128137956,30,0.04733034999999899,0.1551322575884924,-0.000858097500000167,0.10639418333333252,30,-0.03476666666666666,0.10415942135722175,-0.074235,-0.0017333333333333322,30,0.5333333333333333,1.0080138659874616,0.2,0.9,30,-10.603611111111109,37.24239199936968,-25.011680555555547,0.9952708333333421,True
0.25,0.9,node_mlp_ppo,noop,30,1.0,0.0,30,0.7327,0.1837105857329534,0.6682154166666667,0.7965666666666668,30,1.2312464819072992,0.05910377380234493,1.2106399574839333,1.2516141366300237,30,-0.12211666666666665,0.03061843095549225,-0.13290006944444444,-0.1115304861111111,30,-0.019140374999999783,0.005429995165247512,-0.021198017812499897,-0.01739919937499957,30,0.9752222140851882,0.007024939532840659,0.9725375999212461,0.9774769855363236,30,-0.0758288000000015,0.02181042948303516,-0.08402207125000126,-0.06881275708333572,30,0.010633333333333331,0.030369543878733165,0.00065,0.02196666666666666,30,1.3,0.466091599699399,1.1333333333333333,1.4666666666666666,30,-58.35416666666665,13.084626592312333,-62.96271825396824,-53.715292658730164,True
0.25,0.9,noop,baseline1_hdv,30,0.8,0.0,30,0.059716666666666654,0.07904131212845916,0.03066624999999997,0.08611666666666665,30,1.0195165182739023,0.025325546178953814,1.0103292492563054,1.0283999451407368,30,-0.009952777777777781,0.013173552021409856,-0.014377847222222217,-0.005275000000000015,30,0.0026080499999998432,0.0016496227522634693,0.002027052395833131,0.0032036420833334795,30,1.003390455371856,0.002147102693136531,1.002639863026513,1.004165606237075,30,0.010491916666667371,0.006601644729864579,0.008218998333334629,0.012788646249999926,30,0.0013333333333333333,0.006924884330334028,-0.0012500000000000002,0.0037000000000000006,30,0.0,0.0,0.0,0.0,30,-6.250000000000005,7.671756181727714,-8.850000000000007,-3.4831944444444503,True
0.25,0.9,noop,baseline2_matched,30,0.0,0.0,30,-0.7215500000000001,0.07715002737613207,-0.7466170833333333,-0.6931662500000001,30,0.8148862355894025,0.018165024902627256,0.8087928438396028,0.8217439483098262,30,0.12025833333333331,0.012858337896022002,0.11548319444444445,0.12441673611111109,30,0.006945574999999719,0.0010990529414468355,0.00655634218750015,0.007339598749999733,30,1.0090746344531611,0.0014428693016202406,1.0085727013439916,1.0095982476008902,30,0.0270607500000013,0.00440066023994224,0.02554905291666709,0.02862341791666855,30,0.012566666666666669,0.005635070805988665,0.010533333333333336,0.014500000000000004,30,-1.0,0.0,-1.0,-1.0,30,58.326190476190476,6.670539427557103,55.78095238095237,60.4317857142857,False
0.25,0.95,baseline2_matched,baseline1_hdv,30,1.0,0.0,30,0.9587666666666664,0.10178330034875586,0.9224666666666665,0.9947183333333331,30,1.3084871457425633,0.036805204038695125,1.295506902124803,1.3212334771946295,30,-0.1597944444444444,0.016963883391459305,-0.1659139583333333,-0.15376375,30,-0.005226600000000018,0.0018463708970992486,-0.005891629479166625,-0.004576485312499968,30,0.9932132958555621,0.0023900848088439196,0.9923490033872109,0.9940432956134043,30,-0.019947633333332708,0.00737610717222099,-0.022565453749998906,-0.017440787083331917,30,-0.01261666666666667,0.0049089702082765925,-0.014350416666666666,-0.010916666666666668,30,1.8666666666666667,0.34574590364176044,1.7333333333333334,1.9666666666666666,30,-75.65,7.9728147649138,-78.40304067460318,-72.7958779761905,True
0.25,0.95,graph_ppo,baseline1_hdv,30,1.0,0.0,30,1.3958666666666666,0.11824958506403352,1.3543162499999997,1.4364337499999997,30,1.4487456666737897,0.041320365464607635,1.4341037231260239,1.4632810639690177,30,-0.23264444444444446,0.019708264177338914,-0.23944729166666667,-0.22568312499999998,30,-0.018027554166666716,0.0019987600546646908,-0.01875090604166651,-0.017342275312499992,30,0.9765844678779808,0.0025710002501549076,0.9756537864623811,0.9774470313741014,30,-0.07071434999999889,0.007979427697640843,-0.07351676916666545,-0.06801603624999869,30,-0.009500000000000003,0.008050487241626198,-0.012066666666666668,-0.0064666666666666674,30,2.5,0.5085476277156078,2.3333333333333335,2.6666666666666665,30,-99.81018518518518,7.8257324789521885,-102.49125,-97.06194444444444,True
0.25,0.95,graph_ppo,baseline2_matched,30,1.0,0.0,30,0.4371000000000001,0.135764463889386,0.38974916666666665,0.4863179166666667,30,1.1077008631824958,0.03468752106678704,1.0955188659657582,1.1199839384526,30,-0.07285000000000001,0.022627410648231004,-0.08066118055555556,-0.06474722222222226,30,-0.012800954166666696,0.001946700294364982,-0.013452661041666678,-0.012094720312500189,30,0.9832601518644989,0.0025324969986052826,0.9823973504388939,0.9841712501717254,30,-0.05076671666666618,0.007754189123308777,-0.053482103749999156,-0.04790549583333293,30,0.0031166666666666678,0.006638034780499904,0.0011666666666666668,0.005833333333333333,30,0.6333333333333333,0.6149478998583782,0.43333333333333335,0.8666666666666667,30,-24.16018518518519,6.777509666441563,-26.561149140211647,-21.77520006613757,True
0.25,0.95,graph_ppo,grid_cnn_ppo,30,0.5666666666666667,0.0,30,0.02283333333333335,0.19913664228074807,-0.047551666666666735,0.0947670833333334,30,1.0064635648591025,0.045055191851937626,0.9908103671332462,1.022168919800571,30,-0.0038055555555555694,0.03318944038012466,-0.01550284722222226,0.007755833333333315,30,0.0026075958333333462,0.00696348368319476,0.0003398377083332466,0.005286799270833343,30,1.003561984037594,0.009464629355702144,1.0005142207211004,1.0071890243816268,30,0.010453216666668859,0.027932380014428163,0.0013817275000028518,0.020911716250003903,30,-0.013699999999999997,0.024108089928486662,-0.022517499999999996,-0.005682916666666672,30,0.0,0.6432675209026769,-0.23333333333333334,0.23333333333333334,30,-2.043055555555555,9.785008911527896,-5.438993055555557,1.3783564814814828,False
0.25,0.95,graph_ppo,left_if_safe,30,0.7333333333333333,0.0,30,0.2098833333333333,0.3734696978737164,0.08609166666666661,0.35165166666666653,30,1.0560216824580109,0.10508905868908983,1.0227270986933936,1.0962119190325905,30,-0.034980555555555556,0.06224494964561941,-0.05811131944444445,-0.014347152777777771,30,0.007408495833333469,0.02130946746866119,0.0010319423958332944,0.015957750520833622,30,1.0108330804184114,0.03174663456567422,1.0012866827756823,1.0232416247917084,30,0.029843866666667475,0.08555421653859634,0.004059193750001161,0.06402450083333386,30,-0.023899999999999998,0.05899698998750874,-0.04688375,-0.00555,30,0.5,1.0085838484282528,0.16666666666666666,0.8666666666666667,30,-10.862962962962964,19.094160058688477,-18.25138888888889,-4.862905092592593,True
0.25,0.95,graph_ppo,node_mlp_ppo,30,0.6333333333333333,0.0,30,0.09348333333333333,0.22120709142984218,0.0156324999999999,0.17336833333333324,30,1.0228834918868914,0.05171600315436103,1.0051038702987503,1.041906301095869,30,-0.015580555555555564,0.03686784857164036,-0.028911458333333345,-0.0027581944444444685,30,0.0014788125000001374,0.0038449543299367414,0.00016900479166683628,0.002855931666666787,30,1.001990384371138,0.0051378723332807,1.0001929846210338,1.0038017668053127,30,0.006008733333334959,0.015477269069749236,0.0006491550000011936,0.011497660000001351,30,-0.007683333333333333,0.017827953318881838,-0.014216666666666666,-0.0015833333333333333,30,0.16666666666666666,0.7466399831028447,-0.1,0.43333333333333335,30,-5.153240740740741,11.44877807980913,-9.149710648148151,-1.3531597222222236,True
0.25,0.95,graph_ppo,noop,30,1.0,0.0,30,1.334733333333333,0.11531940152383771,1.2937829166666666,1.3754845833333336,30,1.4206506192761272,0.037902547985786884,1.407362223390495,1.4339429289998469,30,-0.22245555555555557,0.019219900253972945,-0.22942520833333335,-0.21563604166666667,30,-0.021083783333333148,0.0017506030124662412,-0.021718897708333185,-0.02046337291666673,30,0.9727215396171638,0.0022467780813675707,0.9718930958952627,0.9735009927964852,30,-0.08300039999999902,0.006999812927794439,-0.08550135041666404,-0.0806039779166663,30,-0.010733333333333334,0.00868186112787334,-0.013600000000000003,-0.007483333333333334,30,2.5,0.5085476277156078,2.3333333333333335,2.6666666666666665,30,-93.53796296296295,6.6264420799440655,-95.90190972222223,-91.17810185185186,True
0.25,0.95,grid_cnn_ppo,baseline1_hdv,30,1.0,0.0,30,1.3730333333333329,0.17729703954066767,1.310465416666667,1.4362666666666661,30,1.441460316695123,0.05967118736693335,1.4204147830364473,1.4619431849850546,30,-0.2288388888888889,0.029549506590111276,-0.23921416666666667,-0.21845750000000003,30,-0.02063515000000006,0.0063807571043387025,-0.023082500520833698,-0.01858093114583316,30,0.9731910228745538,0.008310686443703648,0.9700440229877023,0.9759136073292032,30,-0.08116756666666775,0.02560401116330401,-0.0909824616666687,-0.07275318458333388,30,0.004200000000000001,0.024055467512425932,-0.0037999999999999996,0.012834166666666653,30,2.5,0.5085476277156078,2.3333333333333335,2.6666666666666665,30,-97.76712962962964,10.605407387723758,-101.4861574074074,-94.03458333333334,True
0.25,0.95,grid_cnn_ppo,baseline2_matched,30,1.0,0.0,30,0.41426666666666667,0.16767943211384925,0.35556625000000003,0.4731008333333333,30,1.101891909175546,0.04153260444549127,1.0870212257430272,1.1164983702132163,30,-0.06904444444444446,0.027946572018974873,-0.07904180555555552,-0.05926666666666668,30,-0.015408550000000043,0.006605983319952353,-0.017915727604166674,-0.013324230625,30,0.9798460655013606,0.008643866471828025,0.9764929410444194,0.9826013669312179,30,-0.06121993333333504,0.026517451958564815,-0.07130783375000216,-0.05287063375000168,30,0.016816666666666664,0.02299268374390268,0.009316666666666668,0.02556708333333333,30,0.6333333333333333,0.6149478998583782,0.43333333333333335,0.8333333333333334,30,-22.11712962962963,8.803347697895324,-25.184082341269843,-19.016924603174605,True
0.25,0.95,grid_cnn_ppo,left_if_safe,30,0.7,0.0,30,0.1870499999999999,0.4040975332507122,0.05446291666666668,0.34058499999999986,30,1.0509583184299431,0.1127050209136582,1.015425598702328,1.0934128438153286,30,-0.03117499999999999,0.06734958887511869,-0.05648902777777779,-0.009065972222222213,30,0.004800900000000123,0.023607057617957845,-0.0024600687499999993,0.013730080729166547,30,1.0073825929570694,0.03471564611820799,0.9967223493821367,1.0206865359677382,30,0.019390649999998615,0.09476988792370379,-0.009820954166668257,0.05715823624999767,30,-0.010200000000000002,0.06597590991911496,-0.03595124999999999,0.010467083333333328,30,0.5,1.0085838484282528,0.16666666666666666,0.8666666666666667,30,-8.819907407407406,21.484580156115047,-17.371342592592594,-2.005891203703704,True
0.25,0.95,grid_cnn_ppo,noop,30,1.0,0.0,30,1.3119,0.16571352513839394,1.2539166666666666,1.3674179166666667,30,1.4133543385436091,0.05242251836702589,1.3943744369082658,1.4314173192379338,30,-0.21864999999999996,0.027618920856398988,-0.22823069444444444,-0.20861944444444444,30,-0.02369137916666649,0.006820979898073197,-0.02620107229166635,-0.021478472604166365,30,0.9693470060728363,0.008826078771355043,0.9660171138131577,0.972236617754577,30,-0.09345361666666788,0.027374767923023072,-0.10385750166666505,-0.08461207750000102,30,0.0029666666666666665,0.023225629917345003,-0.004883333333333333,0.011566666666666666,30,2.5,0.5085476277156078,2.3333333333333335,2.6666666666666665,30,-91.4949074074074,8.821601226109307,-94.62733796296294,-88.3175925925926,True
0.25,0.95,left_if_safe,baseline1_hdv,30,1.0,0.0,30,1.1859833333333334,0.30986444431488863,1.0717479166666666,1.2869675000000003,30,1.3810807825030287,0.10055291057167758,1.3425278166454364,1.4134442548930377,30,-0.19766388888888892,0.051644074052481434,-0.21423118055555557,-0.17864715277777776,30,-0.025436050000000186,0.02167674317339154,-0.03398561895833348,-0.018908874374999843,30,0.9669680377895948,0.028133571370159288,0.9556449710581808,0.9753308183837737,30,-0.10055821666666635,0.0869732461879922,-0.1345959766666677,-0.07392520291666552,30,0.014400000000000001,0.05805977894407179,-0.00315,0.036850833333333326,30,2.0,0.6948083337796512,1.7333333333333334,2.2333333333333334,30,-88.94722222222222,17.764536271338955,-94.44075231481482,-82.16759259259261,True
0.25,0.95,left_if_safe,baseline2_matched,30,0.9,0.0,30,0.2272166666666668,0.32961463087226195,0.10381291666666677,0.3349837500000002,30,1.0562468357815267,0.08106740250070527,1.025955317801613,1.0820938969349752,30,-0.03786944444444446,0.05493577181204365,-0.05609472222222225,-0.017577361111111148,30,-0.020209450000000167,0.02169409962075325,-0.02888021499999974,-0.01364678718750027,30,0.9735788361296597,0.028335381436342164,0.9623484449735523,0.9821421785119894,30,-0.08061058333333365,0.08705965806561106,-0.11440186750000142,-0.054104406666668686,30,0.02701666666666667,0.05887735401741449,0.009015833333333341,0.04958416666666666,30,0.13333333333333333,0.8193072487266861,-0.16666666666666666,0.4,30,-13.29722222222222,18.23253416631816,-18.79121197089947,-6.082934854497353,True
0.25,0.95,left_if_safe,noop,30,1.0,0.0,30,1.12485,0.32872835316171584,1.0006825000000001,1.23263375,30,1.3549128878026717,0.10480049974956501,1.3161010210802486,1.38867839239683,30,-0.18747499999999997,0.05478805886028599,-0.20573083333333334,-0.16687451388888888,30,-0.028492279166666617,0.021822060085167367,-0.03697306697916654,-0.02189664062500012,30,0.9631489564010225,0.028166632622691895,0.9520387814344673,0.9717003391404059,30,-0.11284426666666648,0.08757088636658687,-0.14697970541666444,-0.08645299874999943,30,0.013166666666666667,0.05844055826713767,-0.0049,0.03625083333333332,30,2.0,0.6948083337796512,1.7333333333333334,2.2333333333333334,30,-82.675,18.60688842414115,-88.41898148148148,-75.22452546296294,True
0.25,0.95,node_mlp_ppo,baseline1_hdv,30,1.0,0.0,30,1.3023833333333334,0.18033693003190818,1.2377483333333337,1.3655004166666667,30,1.418764544667023,0.060385134554367316,1.3969727283655347,1.439781540827394,30,-0.21706388888888886,0.030056155005318025,-0.22717243055555555,-0.20618597222222224,30,-0.01950636666666685,0.0030554449537229574,-0.020604273437500247,-0.018461464270833127,30,0.9746614729939308,0.003966269535802564,0.9732554452576229,0.9759946374870567,30,-0.07672308333333384,0.012324828113148126,-0.08116823166666527,-0.07241813208333457,30,-0.0018166666666666676,0.01575375342978418,-0.00695,0.0042,30,2.3333333333333335,0.47946330148538424,2.1666666666666665,2.5,30,-94.65694444444443,11.060461154605306,-98.53844907407407,-90.61940972222223,True
0.25,0.95,node_mlp_ppo,baseline2_matched,30,0.9,0.0,30,0.34361666666666674,0.19391247062622824,0.2732325,0.4100008333333335,30,1.0847816679806475,0.0479233187358913,1.0680889128594298,1.1011279448258657,30,-0.05726944444444446,0.03231874510437136,-0.06813381944444445,-0.04533048611111112,30,-0.014279766666666834,0.003479421343328777,-0.015534699375000212,-0.013074793750000379,30,0.981326462830433,0.00454030971795056,0.97972916448918,0.9828644430603479,30,-0.056775450000001136,0.014030191473456972,-0.06171687250000069,-0.052053085833335386,30,0.010799999999999999,0.01629872006821606,0.005416666666666666,0.016817083333333326,30,0.4666666666666667,0.5713464637233658,0.26666666666666666,0.6666666666666666,30,-19.006944444444446,10.786793287379595,-22.587020502645505,-15.069120370370372,True
0.25,0.95,node_mlp_ppo,grid_cnn_ppo,30,0.36666666666666664,0.0,30,-0.07064999999999998,0.2192658263072632,-0.14822583333333336,0.005735833333333434,30,0.9853589720850198,0.048273599571838056,0.9680606933750283,1.0020376540893656,30,0.011774999999999996,0.036544304384543876,-0.0009142361111111398,0.024733541666666668,30,0.001128783333333209,0.0065631230310111,-0.0010671633333341117,0.0034892258333331,30,1.001576293606902,0.008863433593429067,0.9986402791774501,1.0047576405460619,30,0.0044444833333339,0.02636866191650438,-0.0045363795833324744,0.014120631666665977,30,-0.0060166666666666676,0.026400915388170413,-0.014884999999999983,0.003249999999999999,30,-0.16666666666666666,0.6989318615762461,-0.4,0.06666666666666667,30,3.110185185185186,11.888746739162842,-0.9601967592592587,7.3018981481481475,False
0.25,0.95,node_mlp_ppo,left_if_safe,30,0.5,0.0,30,0.11639999999999996,0.3290846867213404,0.009062916666666735,0.23757083333333334,30,1.0326762331946766,0.08931391770502933,1.003882849740948,1.0667535275152604,30,-0.019399999999999994,0.05484744778689007,-0.039533819444444424,-0.001010763888888897,30,0.005929683333333332,0.021597006865319637,-0.0007406129166669103,0.014336140624999674,30,1.0088467496997542,0.03190113748114137,0.9992800352922595,1.021606489055102,30,0.023835133333332516,0.08664217136580298,-0.002336985833334347,0.056813141249997264,30,-0.016216666666666667,0.05910097778135861,-0.0392,0.0023166666666666665,30,0.3333333333333333,0.8441822541139558,0.03333333333333333,0.6333333333333333,30,-5.709722222222222,17.226665765125727,-12.120844907407404,-0.13655092592592455,True
0.25,0.95,node_mlp_ppo,noop,30,1.0,0.0,30,1.24125,0.17918963899773313,1.1767495833333332,1.30250125,30,1.3912671468506126,0.05778407304400632,1.371009463011801,1.410975218393252,30,-0.206875,0.029864939832955528,-0.2171586111111111,-0.19636354166666664,30,-0.022562595833333286,0.0032390163729616025,-0.023733782187499875,-0.02145959677083334,30,0.9708078420021775,0.004180590560373332,0.9693119767928668,0.9722529849903222,30,-0.08900913333333398,0.013061270383592758,-0.09365898916666673,-0.08453108583333303,30,-0.003050000000000001,0.016914771141183692,-0.00876708333333333,0.0031170833333333285,30,2.3333333333333335,0.47946330148538424,2.1666666666666665,2.5,30,-88.38472222222222,10.31211073932831,-92.03287037037038,-84.55908564814816,True
0.25,0.95,noop,baseline1_hdv,30,0.8333333333333334,0.0,30,0.06113333333333335,0.07702405953418993,0.03384625000000007,0.08700125000000002,30,1.0200195108574452,0.024830012752736223,1.011313119603457,1.028615286868463,30,-0.010188888888888891,0.012837343255698318,-0.014525208333333334,-0.005560972222222219,30,0.0030562291666664317,0.0015333752637377118,0.0025155297916664835,0.003575855312499645,30,1.003972402173999,0.0019966414710257396,1.0032448644952816,1.004660946163709,30,0.01228605000000013,0.006140522313443973,0.010057264166666522,0.01440853374999991,30,0.001233333333333333,0.007160395545486024,-0.0012666666666666662,0.0038166666666666666,30,0.0,0.0,0.0,0.0,30,-6.272222222222223,8.01955026558998,-9.038888888888886,-3.427777777777783,True
0.25,0.95,noop,baseline2_matched,30,0.0,0.0,30,-0.8976333333333332,0.05800281404192049,-0.9180666666666667,-0.8774166666666666,30,0.7796920589758546,0.01115478889410327,0.7758576009092611,0.7836242948749168,30,0.14960555555555555,0.009667135673653418,0.14621645833333333,0.15298055555555554,30,0.00828282916666645,0.0017876200226411424,0.007668881770833398,0.008929898333333124,30,1.01083617212382,0.0023545239728703575,1.0100044750057873,1.0116654473640863,30,0.03223368333333284,0.007149902159303583,0.02980710124999925,0.03481196083333098,30,0.013850000000000003,0.005669260731469255,0.01186666666666667,0.0158,30,-1.8666666666666667,0.34574590364176044,-1.9666666666666666,-1.7333333333333334,30,69.37777777777778,3.814418465437168,68.04017361111111,70.74269345238096,False
0.25,1.0,baseline2_matched,baseline1_hdv,30,1.0,0.0,30,1.4320833333333327,0.08757824908413998,1.4008316666666667,1.4620833333333327,30,1.4605057130595207,0.03425586094883202,1.448562929955549,1.472092656121094,30,-0.23868055555555553,0.014596374847356673,-0.24371680555555553,-0.23344993055555552,30,-0.006086166666666496,0.0018104776500912788,-0.006721421458333243,-0.005470444479167051,30,0.9920961631179366,0.0023425353047311012,0.9912851476298377,0.9928860504200405,30,-0.022912583333332924,0.007253804799580828,-0.025430012499999818,-0.020326250416665703,30,-0.015300000000000003,0.00426007932579535,-0.016800000000000002,-0.013783333333333337,30,2.8,0.4068381021724862,2.6333333333333333,2.933333333333333,30,-101.1574074074074,6.87377483697543,-103.53015046296295,-98.6611111111111,True
0.25,1.0,graph_ppo,baseline1_hdv,30,1.0,0.0,30,2.82715,0.07774018953517879,2.799115416666666,2.8533504166666663,30,1.9087514723364103,0.03834258775281058,1.8946697973714555,1.921567957415361,30,-0.4711916666666667,0.012956698255863118,-0.4754611805555556,-0.46651097222222226,30,-0.034464229166666555,0.0015987177081756598,-0.03504297302083283,-0.03392520531250002,30,0.9552328097722615,0.002018028292778934,0.9545054436936731,0.9559225804518656,30,-0.1350297666666664,0.006383973645985866,-0.13731887458333258,-0.13281967541666623,30,-0.016600000000000004,0.004490219255840103,-0.018166666666666668,-0.015050000000000003,30,5.0,0.0,5.0,5.0,30,-152.8787878787879,5.8385956532416134,-154.88290404040404,-150.7701641414141,True
0.25,1.0,graph_ppo,baseline2_matched,30,1.0,0.0,30,1.395066666666667,0.08849875640401655,1.3633495833333333,1.42533375,30,1.3072029079755245,0.02319800411745665,1.2989253478220406,1.315664839564979,30,-0.23251111111111117,0.014749792734002759,-0.23763625000000002,-0.2272638194444445,30,-0.028378062500000054,0.0018193017002287517,-0.029015468958333818,-0.027757364166666583,30,0.9628461875101598,0.0023215121244101176,0.9620137316354317,0.9636723488706785,30,-0.11211718333333348,0.00730753498049124,-0.1147431345833334,-0.10947683083333287,30,-0.0013000000000000002,0.0009613209303008454,-0.0016333333333333339,-0.0009666666666666668,30,2.2,0.4068381021724862,2.066666666666667,2.3666666666666667,30,-51.72138047138048,4.056969702180249,-53.15766519360268,-50.33732323232324,True
0.25,1.0,graph_ppo,grid_cnn_ppo,30,0.8333333333333334,0.0,30,0.1159166666666667,0.15522181477359792,0.06328208333333331,0.17316750000000003,30,1.0205429933423718,0.027882851207236235,1.0112569494606751,1.030681656783164,30,-0.01931944444444446,0.025870302462266334,-0.028614027777777815,-0.010518888888888916,30,-0.009638987499999866,0.0036295900406965826,-0.01081050479166672,-0.008277350624999742,30,0.9870821070195313,0.004859512561566654,0.9855136892623425,0.9889248536793686,30,-0.038440033333333144,0.01458003570778154,-0.0431787512500003,-0.0328887958333336,30,-0.004516666666666667,0.009727745010458783,-0.008283333333333334,-0.0016333333333333334,30,0.06666666666666667,0.2537081317024625,0.0,0.16666666666666666,30,-3.6199999999999997,4.910846313340672,-5.382166666666669,-1.930568181818181,True
0.25,1.0,graph_ppo,left_if_safe,30,0.36666666666666664,0.5,30,0.052616666666666694,0.12082544286564062,0.014649166666666696,0.09908333333333327,30,1.0093396064121216,0.02177185586755833,1.0027138521077792,1.0178360244817564,30,-0.008769444444444456,0.020137573810940106,-0.016600208333333356,-0.00252486111111112,30,0.0005927000000000126,0.0035955970333887044,-0.0004009665625001053,0.0020351058333336635,30,1.0008300588482855,0.004991347326769423,0.9994646108622207,1.0028732142890031,30,0.002423416666667159,0.014463184579262179,-0.001624077499997891,0.008254899999999192,30,-0.00295,0.011033139735079633,-0.007533333333333334,-0.0001,30,0.03333333333333333,0.18257418583505533,0.0,0.1,30,-1.6696969696969697,3.9192100079658116,-3.212272727272728,-0.4666666666666666,True
0.25,1.0,graph_ppo,node_mlp_ppo,30,0.7666666666666667,0.0,30,0.09151666666666661,0.12902829703898913,0.0470329166666666,0.13998333333333315,30,1.0160702390158665,0.022845236971227197,1.0084404105438467,1.0244565516329907,30,-0.015252777777777766,0.021504716173164847,-0.023027847222222238,-0.008141527777777779,30,-0.011972316666666835,0.0017493665462930753,-0.012582468541666418,-0.011356773333333299,30,0.9839833155893811,0.002316301746407332,0.9831772097625253,0.9848137411382353,30,-0.04779774999999817,0.0070375076649067045,-0.050259137083331656,-0.04526630249999861,30,-0.0013000000000000002,0.0034531345081005005,-0.002716666666666667,-0.0003333333333333334,30,0.0,0.0,0.0,0.0,30,-2.8121212121212125,3.9422977803222494,-4.236363636363637,-1.5059848484848488,True
0.25,1.0,graph_ppo,noop,30,1.0,0.0,30,2.7611000000000003,0.06947765703869266,2.7355162500000003,2.7852670833333324,30,1.8689133235275894,0.03215884722492301,1.857618831551634,1.8797332440007937,30,-0.4601833333333332,0.011579609506448773,-0.4641556250000001,-0.4559387499999999,30,-0.03737515833333268,0.0016988994339175907,-0.037980884166665646,-0.03679538916666639,30,0.9516349909556059,0.002124365530021069,0.9508672261976758,0.9523869695487002,30,-0.1467395333333326,0.006793986430626418,-0.14916476874999818,-0.14431085416666636,30,-0.017716666666666665,0.004768219745379808,-0.01938333333333333,-0.016033333333333337,30,5.0,0.0,5.0,5.0,30,-146.54545454545453,4.8203385616071035,-148.1505176767677,-144.7903409090909,True
0.25,1.0,grid_cnn_ppo,baseline1_hdv,30,1.0,0.0,30,2.711233333333333,0.1688076202180404,2.6469987500000003,2.7670862499999993,30,1.871685259201927,0.0629723010363778,1.8478806283203326,1.892531536780535,30,-0.4518722222222223,0.0281346033696734,-0.4610445138888889,-0.4411163888888889,30,-0.02482524166666668,0.0033386914197750784,-0.026117549166666802,-0.023802571770833298,30,0.9677524945754258,0.00432685872008679,0.966036942831797,0.9690927554625222,30,-0.09658973333333326,0.013414993069858484,-0.10170911124999775,-0.09244318291666617,30,-0.012083333333333335,0.009464164109885804,-0.015033333333333336,-0.008399583333333339,30,4.933333333333334,0.2537081317024625,4.833333333333333,5.0,30,-149.25878787878784,8.005906815261106,-151.87025,-146.3666464646465,True
0.25,1.0,grid_cnn_ppo,baseline2_matched,30,1.0,0.0,30,1.2791500000000002,0.16101778387537788,1.2217495833333332,1.3326508333333333,30,1.2816815890426452,0.03722225281859714,1.2680854994791468,1.294039120526221,30,-0.21319166666666672,0.026836297312562964,-0.2220472222222222,-0.20352493055555557,30,-0.018739075000000185,0.003318190566947255,-0.02004253812500033,-0.017664771979166796,30,0.9754649087727362,0.004341699470189689,0.9738140166045898,0.9768818992756435,30,-0.07367715000000034,0.013361226504684362,-0.07872447916666675,-0.0694247420833331,30,0.0032166666666666663,0.009839823496220937,0.00030000000000000003,0.007199999999999999,30,2.1333333333333333,0.507416263404925,1.9666666666666666,2.3,30,-48.10138047138048,5.901109259740804,-50.09755576599326,-46.00072601010102,True
0.25,1.0,grid_cnn_ppo,left_if_safe,30,0.36666666666666664,0.0,30,-0.0633,0.21001562339255975,-0.13585083333333317,0.01418625000000006,30,0.9897985259032549,0.03646460853196794,0.9771215708381087,1.0027550262665428,30,0.010550000000000004,0.03500260389875996,-0.0022670138888888653,0.022916874999999982,30,0.01023168749999988,0.00513063797074037,0.008489347916666537,0.012076614583333605,30,1.013951639085689,0.0071093946186330985,1.0115361743436972,1.0166030422114383,30,0.04086345000000031,0.020656383076401337,0.03376080708333411,0.04848952083333407,30,0.001566666666666667,0.015617592496998341,-0.00425,0.00685,30,-0.03333333333333333,0.31984191497474607,-0.13333333333333333,0.06666666666666667,30,1.95030303030303,6.685588356236236,-0.43791666666666695,4.2294015151515145,False
0.25,1.0,grid_cnn_ppo,noop,30,1.0,0.0,30,2.6451833333333337,0.15000020019143717,2.5891162500000005,2.6958674999999994,30,1.8324004043489834,0.05181452200960028,1.8140921918954154,1.849971935175037,30,-0.4408638888888889,0.025000033365239538,-0.44922791666666667,-0.431768888888889,30,-0.02773617083333281,0.0033634809751085827,-0.02903788864583262,-0.02666138364583288,30,0.9641074018003686,0.004342543630316928,0.9625196414776162,0.9654890007732471,30,-0.10829949999999942,0.013525479684908488,-0.11332120333333304,-0.10397395083333325,30,-0.0132,0.009907851292857563,-0.016300000000000002,-0.00926666666666667,30,4.933333333333334,0.2537081317024625,4.833333333333333,5.0,30,-142.92545454545456,5.873220418985721,-144.95260101010103,-140.81177272727274,True
0.25,1.0,left_if_safe,baseline1_hdv,30,1.0,0.0,30,2.7745333333333333,0.13749482330903087,2.722065416666667,2.818433749999999,30,1.8918585019128915,0.05295789893641969,1.8727176797650917,1.9094163430952344,30,-0.46242222222222223,0.022915803884838493,-0.46988118055555556,-0.45369402777777773,30,-0.03505692916666656,0.003555129744420291,-0.036473281354166914,-0.03398347447916657,30,0.9544607614585268,0.004621211587299813,0.9526412935895723,0.9558540742479087,30,-0.1374531833333336,0.0142874715286052,-0.14309634750000097,-0.13314284166666696,30,-0.013650000000000002,0.010567639282261673,-0.016816666666666667,-0.009433333333333334,30,4.966666666666667,0.18257418583505533,4.9,5.0,30,-151.2090909090909,6.866743814131295,-153.59652777777782,-148.8014267676768,True
0.25,1.0,left_if_safe,baseline2_matched,30,1.0,0.0,30,1.3424500000000001,0.13883184755866262,1.289966666666667,1.3884691666666666,30,1.2956001363543785,0.032884157156702974,1.283424207610534,1.306664999756613,30,-0.22374166666666667,0.02313864125977711,-0.2314945138888889,-0.21536937499999997,30,-0.028970762500000066,0.00354198139719141,-0.03035701062499979,-0.027923963437500136,30,0.9620672757434111,0.004638866922471233,0.9602885850870723,0.9634416652715897,30,-0.11454060000000064,0.014256144376710349,-0.12034457250000032,-0.11033379250000194,30,0.0016499999999999996,0.010752024668998793,-0.0011833333333333335,0.00610041666666666,30,2.1666666666666665,0.461133037377414,2.0,2.3333333333333335,30,-50.05168350168349,5.238725344481714,-51.908716329966325,-48.17947916666668,True
0.25,1.0,left_if_safe,noop,30,1.0,0.0,30,2.7084833333333336,0.12871630682892576,2.6602154166666656,2.750766666666667,30,1.8523206814122244,0.04622976917624636,1.8356521781428508,1.8681375597654444,30,-0.4514138888888889,0.021452717804820977,-0.4584696527777778,-0.44325826388888884,30,-0.03796785833333269,0.0035058688753054784,-0.03933492812499999,-0.03686682114583234,30,0.9508653099691261,0.004542100746846165,0.9490825255093781,0.9522670316890338,30,-0.1491629499999997,0.014085669857469674,-0.1547918858333347,-0.14476436416666544,30,-0.014766666666666671,0.012024926219096423,-0.01831666666666667,-0.0099,30,4.966666666666667,0.18257418583505533,4.9,5.0,30,-144.87575757575755,6.062267797265448,-146.9641414141414,-142.64746212121213,True
0.25,1.0,node_mlp_ppo,baseline1_hdv,30,1.0,0.0,30,2.735633333333333,0.1311369995221721,2.686931666666667,2.780050416666666,30,1.8793021312841478,0.0502403878185509,1.861382097758428,1.8969085290883716,30,-0.45593888888888884,0.02185616658702868,-0.46337819444444434,-0.44811090277777776,30,-0.022491912499999715,0.001881782723619138,-0.023148626145832813,-0.02183672562499921,30,0.9707849203248584,0.0024156235095750883,0.9699419754104933,0.9716343509218827,30,-0.08723201666666824,0.007566792504186073,-0.08985635291666833,-0.08465386625000282,30,-0.015300000000000003,0.00535240841697165,-0.017083333333333336,-0.013350000000000002,30,5.0,0.0,5.0,5.0,30,-150.06666666666666,6.605319525504257,-152.383851010101,-147.74539141414135,True
0.25,1.0,node_mlp_ppo,baseline2_matched,30,1.0,0.0,30,1.3035500000000002,0.12681648089892023,1.2562112500000002,1.3467033333333334,30,1.2869736917587429,0.029512249540244225,1.276290235607993,1.2969746925858545,30,-0.21725833333333336,0.021136080149820036,-0.2242945138888889,-0.20941833333333337,30,-0.016405745833333218,0.0020740482849339026,-0.01716093875000008,-0.015687913958333025,30,0.9785222528300135,0.0026872807380728062,0.9775705380447339,0.9794474136779457,30,-0.06431943333333531,0.00834490257038314,-0.06730696333333529,-0.06138562916666897,30,1.4456028966473392e-20,0.0033835300888375394,-0.001,0.0013666666666666664,30,2.2,0.4068381021724862,2.066666666666667,2.3666666666666667,30,-48.909259259259265,4.728387566036975,-50.52849852693603,-47.17990109427609,True
0.25,1.0,node_mlp_ppo,grid_cnn_ppo,30,0.5666666666666667,0.0,30,0.024400000000000095,0.16286155533733732,-0.030884166666666657,0.08495000000000029,30,1.0046839591580077,0.028967465036518078,0.9948440168523529,1.0154431587923585,30,-0.004066666666666692,0.027143592556222885,-0.013783333333333354,0.005061527777777744,30,0.002333329166666968,0.0037039349758705396,0.0010965841666671131,0.003718319791667211,30,1.0031523443806085,0.005025521128576528,1.0015040042303796,1.0050224641689511,30,0.00935771666666502,0.014908061710364313,0.0044892958333315035,0.014908737916664139,30,-0.0032166666666666667,0.009243528335649436,-0.0067333333333333325,-0.00024999999999999995,30,0.06666666666666667,0.2537081317024625,0.0,0.16666666666666666,30,-0.8078787878787873,5.13156834071356,-2.692212121212118,0.9027348484848496,False
0.25,1.0,node_mlp_ppo,left_if_safe,30,0.3333333333333333,0.0,30,-0.03889999999999991,0.20766121282113534,-0.11026791666666654,0.036639583333333337,30,0.9940231444115485,0.03604676989326223,0.9817137309840607,1.0069120924708517,30,0.0064833333333333115,0.03461020213685589,-0.0058861111111111215,0.018408819444444415,30,0.012565016666666847,0.0039753101460464815,0.011405639374999462,0.014161587083333824,30,1.017126270742605,0.0055877998099419755,1.0155201794334658,1.0193680225482644,30,0.050221166666665325,0.016013880445396776,0.04552865541666552,0.05665015374999798,30,-0.00165,0.0118983844165558,-0.006533749999999997,0.0017833333333333336,30,0.03333333333333333,0.18257418583505533,0.0,0.1,30,1.1424242424242428,6.473863243161389,-1.1212878787878795,3.345530303030306,False
0.25,1.0,node_mlp_ppo,noop,30,1.0,0.0,30,2.669583333333334,0.1233548346433372,2.623332916666667,2.710817500000001,30,1.8400397305141658,0.04357598703873169,1.824098388466024,1.85465343179189,30,-0.4449305555555556,0.020559139107222856,-0.4516611111111112,-0.43723611111111116,30,-0.025402841666665843,0.0022482213477270007,-0.026188948020832478,-0.02461956645833266,30,0.9671294874131785,0.0028642290193698293,0.966124626030811,0.9681406231858178,30,-0.09894178333333441,0.009024014779238221,-0.10209020583333513,-0.09571672958333491,30,-0.01641666666666667,0.006282272998126435,-0.018516666666666667,-0.014083333333333337,30,5.0,0.0,5.0,5.0,30,-143.73333333333332,5.220459721967556,-145.51363636363638,-141.84882575757578,True
0.25,1.0,noop,baseline1_hdv,30,0.8333333333333334,0.0,30,0.06604999999999998,0.07380033057584123,0.03940000000000004,0.09158374999999995,30,1.0215309784305548,0.02376299048743787,1.013075819196363,1.0298499234780554,30,-0.011008333333333332,0.012300055095973537,-0.015133402777777775,-0.0066750000000000125,30,0.002910929166666128,0.0017235836322540535,0.0022950134374993113,0.003514452291665771,30,1.003783342671263,0.002241466600032324,1.0029720378759337,1.0045700777415436,30,0.011709766666666167,0.006888973664529285,0.009268568333331458,0.014104267083333873,30,0.001116666666666667,0.00630637790644127,-0.0011,0.0033000000000000004,30,0.0,0.0,0.0,0.0,30,-6.333333333333335,7.112128758601545,-8.79444444444444,-3.8444444444444583,True
0.25,1.0,noop,baseline2_matched,30,0.0,0.0,30,-1.3660333333333334,0.0839163102527558,-1.3930183333333335,-1.3347829166666667,30,0.699602539262214,0.015520445121837529,0.694605224817899,0.7053990251160502,30,0.22767222222222214,0.013986051708792621,0.22251659722222222,0.23227222222222219,30,0.008997095833332625,0.0019495208525723922,0.008313166562499226,0.009684996666665963,30,1.0117837268738563,0.0025675048969316804,1.0108983180654294,1.0127081381507395,30,0.034622349999999094,0.007804381005685036,0.03185807333333231,0.03734744958333189,30,0.01641666666666667,0.005078832565647843,0.014600000000000002,0.018216666666666666,30,-2.8,0.4068381021724862,-2.933333333333333,-2.6333333333333333,30,94.82407407407408,5.968459044864797,92.63929398148149,96.85004629629627,False
0.3,0.9,baseline2_matched,baseline1_hdv,30,1.0,0.0,30,0.6992333333333334,0.08299903752384756,0.6701666666666668,0.7278170833333333,30,1.2872318381178605,0.03524701384629627,1.2747607429228165,1.2994041431208294,30,-0.1165388888888889,0.013833172920641228,-0.12132243055555558,-0.11166652777777779,30,-0.0036950875000001234,0.004564412073613873,-0.0053218236458339434,-0.0020923621874995935,30,0.994984377790108,0.006242798419096949,0.9927610873988293,0.9971989714129894,30,-0.011734263888888563,0.015250745878172003,-0.017281935763888003,-0.006384116319443416,30,-0.027849999999999996,0.04639469908780826,-0.04478375,-0.011982500000000012,30,1.8333333333333333,0.3790490217894517,1.7,1.9666666666666666,30,-91.5488888888889,9.406689285851952,-94.71406944444446,-88.22606944444445,True
0.3,0.9,graph_ppo,baseline1_hdv,30,1.0,0.0,30,0.9077000000000002,0.11046981176024896,0.8697833333333337,0.9486166666666669,30,1.3726547225223138,0.04499031059093108,1.3572844499230847,1.3888017435872675,30,-0.15128333333333335,0.018411635293374817,-0.15800597222222226,-0.14476937500000003,30,-0.009076700000000274,0.004866101078529492,-0.01071460031250006,-0.007278699583333406,30,0.987639438928724,0.00662832157868712,0.9854376480010028,0.9900096956212859,30,-0.029499249999999665,0.01623197318200207,-0.03503351319444237,-0.023503614930555694,30,-0.023316666666666663,0.04605215995783052,-0.040633333333333334,-0.007799583333333339,30,2.033333333333333,0.319841914974746,1.9333333333333333,2.1333333333333333,30,-112.3339682539683,9.209533847957038,-115.69336904761904,-109.17166865079365,True
0.3,0.9,graph_ppo,baseline2_matched,30,0.9666666666666667,0.0,30,0.20846666666666677,0.1101535709607378,0.1708662500000001,0.2474008333333334,30,1.0667690985372291,0.035367338091447195,1.0543407800743154,1.079147316072405,30,-0.03474444444444445,0.018358928493456276,-0.04119173611111112,-0.02824138888888891,30,-0.005381612500000151,0.004417888732011926,-0.006935776250000213,-0.0038146208333333137,30,0.9926332376105518,0.0060570178515517905,0.9905358662226978,0.994834143481534,30,-0.017764986111111103,0.014737928388057467,-0.02295961215277849,-0.012451471180555026,30,0.004533333333333334,0.04158330511596951,-0.009967499999999994,0.019016666666666668,30,0.2,0.4068381021724863,0.06666666666666667,0.3333333333333333,30,-20.785079365079362,10.046278070915923,-24.18495634920635,-17.146178571428567,True
0.3,0.9,graph_ppo,grid_cnn_ppo,30,0.8,0.0,30,0.21215,0.2612468825090352,0.1246979166666667,0.3056520833333333,30,1.074983412855847,0.0979552288498083,1.041545023277095,1.1113052275854487,30,-0.03535833333333335,0.043541147084839214,-0.051139236111111125,-0.020513680555555545,30,0.008942512499999788,0.01670298046696785,0.0037188698958330875,0.015382520624999653,30,1.0130926054410938,0.025178552323701888,1.0055374225758655,1.0227131398711773,30,0.029985166666668304,0.055847306783938136,0.012928672916666873,0.05104093020833538,30,-0.05670000000000001,0.09445301696501339,-0.09198416666666664,-0.025532500000000007,30,0.3333333333333333,0.6064784348631227,0.13333333333333333,0.5666666666666667,30,-22.771349206349203,31.386200131838567,-34.70216666666666,-12.52325793650794,True
0.3,0.9,graph_ppo,left_if_safe,30,0.9,0.0,30,0.26213333333333344,0.2319540655081241,0.18533250000000012,0.34767166666666677,30,1.091446714712378,0.09224047211749184,1.0613518663326171,1.1262097651895198,30,-0.0436888888888889,0.03865901091802068,-0.05821416666666668,-0.03050805555555559,30,0.007881416666666618,0.01655617501051506,0.003144273750000162,0.014461769583333048,30,1.011631180074538,0.025708028479984532,1.0045124460858097,1.021949570717208,30,0.02648983333333429,0.05532353636997531,0.010726273958334347,0.0481931593750027,30,-0.05863333333333332,0.06910074271437436,-0.08417041666666661,-0.03599875000000003,30,0.36666666666666664,0.6149478998583782,0.16666666666666666,0.6,30,-24.202857142857138,22.16248128761383,-32.52222619047619,-16.845642857142856,True
0.3,0.9,graph_ppo,node_mlp_ppo,30,0.8,0.0,30,0.19546666666666673,0.2801547889062874,0.09736625000000006,0.29413375000000014,30,1.0685939648501077,0.09643394125475165,1.0353145148903522,1.1030212988136279,30,-0.03257777777777778,0.04669246481771456,-0.04899729166666667,-0.01593027777777778,30,0.005514379166666668,0.012665779066206685,0.0014680387500000068,0.010288215937499708,30,1.0079872949777444,0.01849998583066822,1.0022336764217503,1.0150984933825797,30,0.01854415277777819,0.04236655052974315,0.005310714930555117,0.03493820729166637,30,-0.04648333333333333,0.08476188588540594,-0.07640041666666668,-0.017866250000000004,30,0.2,0.6102571532587292,0.0,0.43333333333333335,30,-19.208809523809524,25.988551248136393,-28.319648809523805,-10.029605158730156,True
0.3,0.9,graph_ppo,noop,30,1.0,0.0,30,0.8211,0.11211104408976197,0.7816491666666668,0.8606837500000001,30,1.3256214052396287,0.04457970099333681,1.3095319401860408,1.3413277713415428,30,-0.13685,0.01868517401496031,-0.14328909722222222,-0.13028888888888893,30,-0.011561329166666674,0.005492415699296982,-0.013421400000000264,-0.009589406562499913,30,0.9842990545032174,0.00744740005171576,0.9817377930416744,0.9869419357261774,30,-0.03785351388888771,0.018282094744601234,-0.044239083333332686,-0.03118456527777596,30,-0.021766666666666667,0.043514312614343915,-0.03676666666666666,-0.006682916666666671,30,1.3666666666666667,0.4901325178535609,1.2,1.5333333333333334,30,-98.09396825396827,11.007707170203176,-101.8951984126984,-94.19597619047617,True
0.3,0.9,grid_cnn_ppo,baseline1_hdv,30,0.9666666666666667,0.0,30,0.6955500000000001,0.24468425643025662,0.6006495833333335,0.7756837499999999,30,1.285180065868303,0.10039426878262325,1.2488492630753043,1.3177632965308577,30,-0.11592500000000001,0.0407807094050428,-0.12970034722222223,-0.10064416666666669,30,-0.018019212500000062,0.0144057115054627,-0.023453139583333255,-0.01359888458333328,30,0.9753374346290864,0.019891214616913684,0.9675956378325012,0.981546327091586,30,-0.05948441666666797,0.04819140476580977,-0.07792080416666798,-0.04443932638888886,30,0.033383333333333334,0.08589384821347534,0.005716666666666667,0.06565249999999996,30,1.7,0.5959634332684376,1.5,1.9,30,-89.56261904761905,33.416663271740724,-100.22329563492063,-77.1468611111111,True
0.3,0.9,grid_cnn_ppo,baseline2_matched,30,0.6,0.0,30,-0.00368333333333332,0.2425462090112874,-0.09463499999999996,0.0746683333333333,30,0.9987839714117086,0.07818612658811462,0.9704738760323213,1.0246379543951056,30,0.0006138888888888879,0.040424368168547935,-0.01283895833333334,0.015156805555555559,30,-0.01432412499999994,0.015620839001196379,-0.020189272083333196,-0.009510824895833438,30,0.9803065699643742,0.021572675921298263,0.9719357560011581,0.9870209952328244,30,-0.04775015277777941,0.05224994027585151,-0.06789398645833512,-0.03158608368055703,30,0.06123333333333334,0.0909743932647262,0.03133250000000001,0.0942675,30,-0.13333333333333333,0.5713464637233657,-0.3333333333333333,0.06666666666666667,30,1.9862698412698383,30.0803303508794,-7.455246031746031,13.40724999999999,False
0.3,0.9,grid_cnn_ppo,left_if_safe,30,0.6,0.0,30,0.049983333333333387,0.3546561103508516,-0.07683333333333325,0.17057499999999998,30,1.023183836322279,0.1229065379009699,0.9799796397441813,1.0668184641042522,30,-0.00833055555555557,0.05910935172514193,-0.028144652777777807,0.012806458333333283,30,-0.00106109583333317,0.024235815346582944,-0.009248354583332981,0.0078200655208337,30,0.9991644227414604,0.03627575639057655,0.9874125846310502,1.0133460898425062,30,-0.0034953333333340125,0.08103285519906332,-0.030321839583335553,0.026925616319445237,30,-0.0019333333333333353,0.1135403417090256,-0.04018375,0.038385416666666644,30,0.03333333333333333,0.8502873077655143,-0.26666666666666666,0.3333333333333333,30,-1.4315079365079346,41.35603283567324,-15.197468253968246,14.070517857142855,False
0.3,0.9,grid_cnn_ppo,noop,30,0.9666666666666667,0.0,30,0.6089500000000002,0.246994951435212,0.5187833333333335,0.6913179166666666,30,1.2412032855139878,0.09856366344365995,1.205001276685909,1.2742797320113997,30,-0.10149166666666667,0.04116582523920206,-0.11528062500000005,-0.08612208333333335,30,-0.020503841666666463,0.014482234747407915,-0.026079312083333462,-0.015986542604166036,30,0.9720351695348175,0.019969818798810435,0.9642553080349124,0.9782585858803449,30,-0.06783868055555602,0.04844467045122604,-0.08636586041666781,-0.05256951006944522,30,0.03493333333333334,0.08302043094337072,0.007632916666666667,0.06558375,30,1.0333333333333334,0.7183954022841381,0.7666666666666667,1.3,30,-75.32261904761907,32.35192512191125,-85.41628373015872,-63.09664484126985,True
0.3,0.9,left_if_safe,baseline1_hdv,30,0.9666666666666667,0.0,30,0.6455666666666666,0.24433289661405833,0.5550779166666667,0.7259016666666664,30,1.265270341999112,0.10105712908320343,1.227418534673864,1.298791363204557,30,-0.10759444444444442,0.0407221494356764,-0.1209779861111111,-0.09267138888888887,30,-0.016958116666666894,0.018040471377922435,-0.02436327604166693,-0.011823350729166968,30,0.9768685449219728,0.02457510609301654,0.9670074319701802,0.9839499516474672,30,-0.05598908333333396,0.06028741916753921,-0.07959353263888987,-0.038803474652779675,30,0.03531666666666667,0.08271070098524898,0.008297916666666684,0.06606791666666666,30,1.6666666666666667,0.5466722735905339,1.4666666666666666,1.8333333333333333,30,-88.1311111111111,23.915357500847836,-96.12004166666665,-79.27980555555555,True
0.3,0.9,left_if_safe,baseline2_matched,30,0.5,0.0,30,-0.05366666666666671,0.2299282621756761,-0.13738375000000003,0.02303416666666655,30,0.9829101210841489,0.0740025689877436,0.9552157242859837,1.0071741310899405,30,0.008944444444444458,0.038321377029279347,-0.003925069444444445,0.023488958333333355,30,-0.01326302916666677,0.017712884090774858,-0.020504129374999725,-0.008318578020833339,30,0.9818010137906265,0.024261462143175042,0.9720286353690571,0.9885231888487026,30,-0.0442548194444454,0.05919042046969643,-0.06876493611111426,-0.027754865972223226,30,0.06316666666666666,0.07800943061173961,0.038232916666666665,0.09285,30,-0.16666666666666666,0.5920934999167601,-0.4,0.03333333333333333,30,3.417777777777773,22.971346024699173,-4.268305555555559,12.028111111111107,False
0.3,0.9,left_if_safe,noop,30,0.9666666666666667,0.0,30,0.5589666666666667,0.2486660595968061,0.46279916666666665,0.6416341666666666,30,1.2220443107907033,0.09928955840818392,1.1854123625675974,1.2551556960197379,30,-0.09316111111111111,0.041444343266134324,-0.10691972222222222,-0.07739076388888892,30,-0.019442745833333292,0.017545752243195524,-0.026576985208332602,-0.014669332395833063,30,0.9735427770089012,0.023821912693518632,0.9636033557521416,0.9801765858635304,30,-0.064343347222222,0.05863731542707655,-0.08796569270833259,-0.04817373055555404,30,0.03686666666666668,0.0756413877465894,0.012099166666666678,0.06515,30,1.0,0.6948083337796512,0.7666666666666667,1.2333333333333334,30,-73.8911111111111,24.43334616570414,-81.67166666666667,-64.62927777777779,True
0.3,0.9,node_mlp_ppo,baseline1_hdv,30,0.9666666666666667,0.0,30,0.7122333333333333,0.23108692696925104,0.6294320833333333,0.7894666666666664,30,1.2923596235484,0.09465478753331788,1.2575816415071734,1.3249983157086627,30,-0.11870555555555556,0.0385144878282085,-0.13181944444444446,-0.10446583333333335,30,-0.014591079166666942,0.013014175673290385,-0.01953087625000025,-0.010559354687499954,30,0.9801069001334943,0.01769908614050216,0.973205682257937,0.9855961231036126,30,-0.048043402777777855,0.04351446866368399,-0.06487836423611044,-0.03454907222222278,30,0.02316666666666667,0.08827644014717331,-0.006100416666666664,0.05568375000000001,30,1.8333333333333333,0.5920934999167601,1.6333333333333333,2.033333333333333,30,-93.12515873015874,22.128520127544917,-100.76460317460317,-85.10841071428572,True
0.3,0.9,node_mlp_ppo,baseline2_matched,30,0.43333333333333335,0.0,30,0.013000000000000018,0.24289251915624943,-0.07415208333333327,0.09915000000000003,30,1.004651554343314,0.07897150656043438,0.9768022096621781,1.032384086635559,30,-0.002166666666666672,0.04048208652604156,-0.016255555555555544,0.011791944444444447,30,-0.01089599166666682,0.01288530781741332,-0.0158782108333334,-0.006954066770833438,30,0.9850634952877828,0.01764081554603647,0.9783774039606147,0.9905532589753233,30,-0.03630913888888929,0.043103030148532895,-0.052977136111110254,-0.02292146944444496,30,0.05101666666666667,0.08933233991127171,0.02099958333333334,0.08416666666666667,30,0.0,0.6432675209026769,-0.23333333333333334,0.23333333333333334,30,-1.5762698412698417,22.509516206232934,-9.63255357142857,6.4157083333333285,False
0.3,0.9,node_mlp_ppo,grid_cnn_ppo,30,0.43333333333333335,0.0,30,0.016683333333333338,0.295062573239028,-0.08736708333333335,0.12368583333333331,30,1.0108045112964514,0.09993191072965452,0.976254399387987,1.045952258814792,30,-0.00278055555555556,0.04917709553983802,-0.020172222222222223,0.014408472222222217,30,0.00342813333333312,0.016552520320875595,-0.0025921182291669276,0.009172728541666498,30,1.005214591480811,0.024051778150894758,0.9968474407526573,1.013466300964039,30,0.011441013888890118,0.055371993891023714,-0.008238620833333085,0.031237448263889536,30,-0.010216666666666664,0.10075342753931274,-0.04526666666666667,0.02491749999999999,30,0.13333333333333333,0.6814453874610599,-0.1,0.36666666666666664,30,-3.56253968253968,30.555200896014654,-14.650591269841266,6.64935714285714,False
0.3,0.9,node_mlp_ppo,left_if_safe,30,0.5666666666666667,0.0,30,0.06666666666666672,0.35348860717468517,-0.05620749999999988,0.18943625000000003,30,1.029221740179843,0.12540784073608863,0.9865371411698426,1.0741217369303524,30,-0.01111111111111113,0.05891476786244752,-0.0319675,0.009869444444444415,30,0.0023670374999999505,0.022717558027312068,-0.005153920937500266,0.01085150187499991,30,1.004016931565297,0.0341331220679288,0.9929317555842332,1.0166453611603194,30,0.007945680555556105,0.07596454178624466,-0.016654240972221995,0.03605175833333343,30,-0.012149999999999996,0.11873566338139814,-0.053966666666666656,0.031100833333333328,30,0.16666666666666666,0.7914775938769181,-0.13333333333333333,0.43333333333333335,30,-4.994047619047615,34.98130361280617,-17.314450396825386,7.096777777777777,False
0.3,0.9,node_mlp_ppo,noop,30,0.9666666666666667,0.0,30,0.6256333333333335,0.24350914920619812,0.5386641666666665,0.7120525000000002,30,1.2485072426680182,0.09852445772537323,1.2131311242481158,1.2834065394429446,30,-0.10427222222222224,0.04058485820103302,-0.11810583333333334,-0.08983013888888894,30,-0.017075708333333342,0.012470630195952107,-0.021941237708333047,-0.013187937187500002,30,0.9767736563259598,0.016929921953321915,0.9699920770329529,0.9820388017217496,30,-0.0563976666666659,0.04171817994331244,-0.07233724687500062,-0.043661441666665586,30,0.02471666666666667,0.08367720030315733,-0.0028837499999999953,0.05586708333333333,30,1.1666666666666667,0.7466399831028447,0.9,1.4333333333333333,30,-78.88515873015871,24.13509645449284,-87.37380952380948,-70.61935912698414,True
0.3,0.9,noop,baseline1_hdv,30,0.9666666666666667,0.0,30,0.0866,0.048177366269750124,0.06916500000000002,0.10346750000000005,30,1.0357029736725776,0.02001908394186166,1.0284381488157002,1.0426334862991764,30,-0.014433333333333328,0.008029561044958366,-0.01712499999999999,-0.011549930555555558,30,0.0024846291666664,0.00601856484778854,0.0004697512499994442,0.004629472395833275,30,1.0034327974895667,0.00832106825978747,1.0006029452505134,1.006478000012157,30,0.008354263888888047,0.02007979641039008,0.0016462885416645842,0.015846717708331015,30,-0.0015500000000000006,0.05507711678277512,-0.022217499999999994,0.01703333333333333,30,0.6666666666666666,0.47946330148538413,0.5,0.8333333333333334,30,-14.239999999999998,9.166584743625569,-17.266666666666666,-10.809999999999995,True
0.3,0.9,noop,baseline2_matched,30,0.0,0.0,30,-0.6126333333333335,0.07034838592532777,-0.6360170833333334,-0.5871491666666668,30,0.804947802703998,0.018476725178107268,0.7986255802524294,0.8116454832957487,30,0.10210555555555557,0.011724730987554602,0.09790833333333335,0.10614166666666668,30,0.006179716666666524,0.003952904797933008,0.004769753854166489,0.007560693020833526,30,1.0084911572477482,0.005472908092264422,1.006644792721182,1.010440377028912,30,0.02008852777777661,0.013186380834795976,0.015490620486109616,0.0248377673611091,30,0.026300000000000004,0.03123895666940725,0.014782916666666668,0.03636708333333333,30,-1.1666666666666667,0.46113303737741407,-1.3333333333333333,-1.0,30,77.3088888888889,7.776429083941641,74.52331944444445,80.02840277777779,False
0.3,0.95,baseline2_matched,baseline1_hdv,30,1.0,0.0,30,0.8656166666666668,0.07644185116279825,0.8393662500000001,0.8930175000000002,30,1.3556625082739282,0.03434926891294497,1.3438310405465719,1.3680931766222806,30,-0.14426944444444445,0.012740308527133037,-0.14882499999999999,-0.13985819444444447,30,-0.0032083958333336436,0.004855433513672302,-0.0047462154166670895,-0.0013552445833333235,30,0.9956602889300067,0.006703342736305769,0.9935882070017712,0.9982961567761797,30,-0.009973305555556422,0.01620538235330023,-0.015112070833335848,-0.003747183333334926,30,-0.04249999999999999,0.050069778895264656,-0.06178333333333333,-0.026633333333333335,30,1.9666666666666666,0.1825741858350553,1.9,2.0,30,-107.14666666666666,8.528177770893032,-110.12947222222222,-104.08099999999999,True
0.3,0.95,graph_ppo,baseline1_hdv,30,1.0,0.0,30,1.2787499999999998,0.14562586391633636,1.2264495833333333,1.3289341666666663,30,1.5253769637208072,0.06277531606627108,1.5031023940656794,1.547606013881234,30,-0.21312499999999998,0.024270977319389393,-0.22134173611111108,-0.20419694444444444,30,-0.011311275000000535,0.005613950304744424,-0.013140284166667333,-0.009201402708333473,30,0.9845963784734647,0.007665977683752396,0.9821335687124816,0.987485134351849,30,-0.036638625000000515,0.018744062332239717,-0.04272625,-0.02973563645833497,30,-0.03613333333333333,0.056700807835474466,-0.057400416666666676,-0.01738291666666667,30,2.933333333333333,0.2537081317024624,2.8333333333333335,3.0,30,-140.57285714285715,11.926610764797156,-144.80494047619047,-136.36444642857145,True
0.3,0.95,graph_ppo,baseline2_matched,30,1.0,0.0,30,0.4131333333333333,0.13220333955126004,0.3656658333333333,0.4572504166666666,30,1.1253211395865181,0.04031881987878384,1.1103713006205775,1.138537841472441,30,-0.06885555555555554,0.022033889925210003,-0.07620576388888889,-0.06077472222222221,30,-0.00810287916666689,0.003024406488242441,-0.00920491166666685,-0.00703420177083392,30,0.988888940774217,0.004128279902594768,0.9874066285892632,0.9903248090394353,30,-0.026665319444444096,0.010115519874005734,-0.030233170486110864,-0.023100907291666525,30,0.006366666666666667,0.03142339709607272,-0.004650416666666664,0.017234583333333314,30,0.9666666666666667,0.18257418583505533,0.9,1.0,30,-33.426190476190484,10.385719875863272,-36.8945238095238,-29.54976190476191,True
0.3,0.95,graph_ppo,grid_cnn_ppo,30,0.5666666666666667,0.0,30,0.1600166666666666,0.3526591223961113,0.04351541666666663,0.29095041666666666,30,1.0539888714021042,0.11488726712610321,1.016107690025314,1.0964064350772196,30,-0.026669444444444433,0.058776520399351884,-0.04754736111111109,-0.006669374999999995,30,0.009568566666666297,0.012005567215939358,0.0054885273958331995,0.013977027812499512,30,1.0137270457470355,0.017413100750521396,1.0079159167896972,1.020364090356698,30,0.03202856944444362,0.040273572245088214,0.018547435416666033,0.04653404791666626,30,-0.06591666666666668,0.09372438347341241,-0.09978458333333334,-0.033748750000000015,30,0.3333333333333333,0.6608945522512667,0.1,0.5666666666666667,30,-10.840952380952384,28.25917863188774,-21.390345238095236,-1.5808650793650785,True
0.3,0.95,graph_ppo,left_if_safe,30,0.7,0.0,30,0.23213333333333336,0.3532123502481419,0.10904749999999999,0.3542233333333332,30,1.0755977304942148,0.10943815000868443,1.0380303280646948,1.1132318305625528,30,-0.038688888888888884,0.05886872504135696,-0.05923638888888886,-0.01821506944444447,30,0.01523467083333313,0.01996631799019682,0.00873925489583313,0.02302124166666644,30,1.022434824316517,0.03048168001046104,1.012729837890599,1.0337575848015184,30,0.05097568055555605,0.06676367326202672,0.028996262500000994,0.07575464305555488,30,-0.07536666666666665,0.08401107617177768,-0.10508375000000002,-0.04639916666666668,30,0.5666666666666667,0.6789105539243627,0.3333333333333333,0.8,30,-19.724126984126983,30.751273611559988,-30.740253968253963,-9.15234126984127,True
0.3,0.95,graph_ppo,node_mlp_ppo,30,0.7666666666666667,0.0,30,0.20323333333333335,0.3272477373629884,0.08723041666666657,0.3164175,30,1.0646224100626116,0.09881829768187314,1.0309060484540247,1.0995399292901447,30,-0.03387222222222222,0.05454128956049806,-0.052825416666666666,-0.014716180555555555,30,0.01042376666666637,0.015232153716300198,0.005498418229166695,0.016079405208333283,30,1.0151420569596443,0.022620399316402993,1.007955690728649,1.0238347930191676,30,0.0349152500000003,0.05094177670545141,0.018320353819444087,0.05381750902777827,30,-0.05238333333333334,0.08139004464807777,-0.08170124999999998,-0.02425,30,0.4,0.6214554662658655,0.16666666666666666,0.6333333333333333,30,-15.525079365079366,25.568293555959585,-24.552202380952373,-6.614234126984133,True
0.3,0.95,graph_ppo,noop,30,1.0,0.0,30,1.1945166666666664,0.14111926255606574,1.1428329166666664,1.2427179166666664,30,1.4743430333408014,0.0581644360274326,1.4539049158816026,1.4941222297781787,30,-0.1990861111111111,0.023519877092677638,-0.20718062499999998,-0.1906332638888889,30,-0.013465445833333334,0.005796704384252239,-0.0153340459375002,-0.011347698437499958,30,0.9817114246600795,0.007850832583325187,0.9791647043137561,0.9846444009613164,30,-0.043889388888889616,0.01935787232373291,-0.05025496631944384,-0.03670145798611133,30,-0.043533333333333334,0.05325102125187662,-0.06370041666666668,-0.025799583333333338,30,2.2666666666666666,0.5208304597621879,2.1,2.466666666666667,30,-125.79785714285713,11.268906882003725,-129.70214880952378,-121.7045119047619,True
0.3,0.95,grid_cnn_ppo,baseline1_hdv,30,1.0,0.0,30,1.1187333333333336,0.31807168822542925,1.0031808333333334,1.2268520833333334,30,1.4598222417730393,0.13259806268235458,1.4125781609785777,1.5049991399164169,30,-0.1864555555555555,0.05301194803757155,-0.20423944444444442,-0.1667942361111111,30,-0.020879841666666833,0.01156017115847726,-0.025019897812500462,-0.016929444479167076,30,0.9714970876910604,0.015751597789982127,0.9656087047490461,0.9768308996472305,30,-0.06866719444444414,0.03876919740335694,-0.08318532083333338,-0.055722321527777806,30,0.02978333333333333,0.1011705357248373,-0.004200416666666664,0.06684999999999999,30,2.6,0.6746646676632054,2.3666666666666667,2.8333333333333335,30,-129.7319047619048,26.393525622333243,-138.54941865079365,-119.97690277777778,True
0.3,0.95,grid_cnn_ppo,baseline2_matched,30,0.7666666666666667,0.0,30,0.25311666666666666,0.3319801012766852,0.13263000000000003,0.3634675,30,1.0774890098547882,0.10083526954624422,1.041026195158897,1.111869764094206,30,-0.04218611111111111,0.05533001687944753,-0.06121416666666667,-0.022627569444444457,30,-0.017671445833333188,0.012525912177950923,-0.02226700260416625,-0.013569975729166643,30,0.975774668303958,0.017142632398295148,0.9694294471973874,0.9815478358505481,30,-0.05869388888888771,0.042009948794792876,-0.07396511909722049,-0.04452103680555451,30,0.07228333333333332,0.09823236731600103,0.039450000000000006,0.10683624999999997,30,0.6333333333333333,0.6686751354593717,0.4,0.8666666666666667,30,-22.585238095238093,27.050511488477543,-31.416416666666652,-12.742047619047622,True
0.3,0.95,grid_cnn_ppo,left_if_safe,30,0.5666666666666667,0.0,30,0.0721166666666667,0.4776889711526942,-0.09400083333333324,0.23853708333333334,30,1.0303685834767191,0.1415226060779776,0.9804203249538838,1.0809241380084558,30,-0.012019444444444452,0.07961482852544902,-0.040278125,0.01588625,30,0.005666104166666834,0.021476569518713226,-0.001407288020833583,0.013552089375000275,30,1.0087914913224298,0.03198980114843407,0.9981829731854874,1.0204809862509678,30,0.01894711111111243,0.07191292656685883,-0.004654974305554101,0.04478987361111401,30,-0.009450000000000004,0.12030402220466566,-0.05126666666666667,0.03326791666666664,30,0.23333333333333334,1.0063019815944514,-0.13333333333333333,0.6,30,-8.883174603174604,39.929396222207046,-22.555273809523804,5.520726190476183,False
0.3,0.95,grid_cnn_ppo,noop,30,1.0,0.0,30,1.0345,0.308955972758981,0.9224275000000001,1.1374374999999997,30,1.4106208289242963,0.12266602056493295,1.3654824080552446,1.4524038356898363,30,-0.17241666666666663,0.051492662126496815,-0.18966951388888886,-0.15366090277777777,30,-0.02303401249999963,0.011973171566926791,-0.02734276364583261,-0.01893803781250009,30,0.9686576298558933,0.016247137886473386,0.9628152050336906,0.9740517197065023,30,-0.07591795833333323,0.04013904283490753,-0.09048158402777781,-0.062414508333331585,30,0.022383333333333342,0.09925808256269607,-0.011467083333333327,0.05838333333333333,30,1.9333333333333333,0.8276819867946674,1.6333333333333333,2.2333333333333334,30,-114.95690476190478,25.425735232245348,-122.96728769841269,-105.49950793650794,True
0.3,0.95,left_if_safe,baseline1_hdv,30,1.0,0.0,30,1.0466166666666665,0.3032273155325184,0.9397779166666665,1.1510179166666668,30,1.4292145615966192,0.12250347159705952,1.3860855997486894,1.4722283050456209,30,-0.17443611111111113,0.05053788592208639,-0.19231131944444446,-0.15713333333333335,30,-0.026545945833333664,0.019060605758532332,-0.03368405718750077,-0.020377838333333696,30,0.9637183700465926,0.02616751326190546,0.9540650411468411,0.9723596971607734,30,-0.08761430555555656,0.06372649688727061,-0.11123654791666727,-0.06685638229166792,30,0.039233333333333335,0.08237317664073092,0.011249583333333339,0.06943416666666666,30,2.3666666666666667,0.6149478998583782,2.1333333333333333,2.566666666666667,30,-120.84873015873015,28.021375749922438,-130.53593055555555,-110.5633015873016,True
0.3,0.95,left_if_safe,baseline2_matched,30,0.7,0.0,30,0.181,0.31205879198505587,0.06782749999999997,0.2896362499999999,30,1.054926642092829,0.09422994948468615,1.020478018474498,1.087779248397273,30,-0.030166666666666658,0.052009798664175974,-0.04821409722222219,-0.011788611111111104,30,-0.023337550000000023,0.019457504494421043,-0.030501944374999868,-0.01700060458333321,30,0.9679543312711625,0.026806909437058952,0.9580822878752645,0.976785016891093,30,-0.07764100000000014,0.06505917483540288,-0.10220248645833346,-0.056783417013889094,30,0.08173333333333334,0.08484303288947806,0.05229958333333333,0.11243333333333332,30,0.4,0.6214554662658653,0.16666666666666666,0.6,30,-13.702063492063493,28.16107231123418,-23.27190476190476,-3.6259960317460287,True
0.3,0.95,left_if_safe,noop,30,1.0,0.0,30,0.9623833333333333,0.3206733670471144,0.8495329166666669,1.0728508333333333,30,1.3823497725801128,0.12882987137304916,1.336536524156911,1.428633838599969,30,-0.1603972222222222,0.05344556117451907,-0.17960645833333327,-0.1414972222222222,30,-0.028700116666666463,0.01936742617614694,-0.035728191874999565,-0.022374320624999524,30,0.9609035202888561,0.026513299284171572,0.9508539610671098,0.9696297674462391,30,-0.09486506944444567,0.06475840655064301,-0.11907207916666936,-0.07389633263889107,30,0.03183333333333333,0.08765826409624947,0.0019162500000000052,0.06321708333333331,30,1.7,0.7497125886079554,1.4333333333333333,1.9666666666666666,30,-106.07373015873014,29.931156521119267,-116.43885912698413,-95.38932738095238,True
0.3,0.95,node_mlp_ppo,baseline1_hdv,30,1.0,0.0,30,1.0755166666666667,0.2726376110407788,0.9802329166666667,1.1724837499999998,30,1.4419714799250618,0.11331607810956137,1.4025075518882988,1.4816424786930364,30,-0.1792527777777778,0.04543960184012981,-0.19507291666666668,-0.1632720138888889,30,-0.021735041666666906,0.016669205793851817,-0.027917149479167166,-0.01631495583333342,30,0.9703716142804218,0.02267382972158416,0.9617866874493577,0.977683367522739,30,-0.07155387500000082,0.05570440217176745,-0.09210319791666578,-0.05315863090277803,30,0.016249999999999997,0.09123820188253724,-0.01571708333333333,0.04885041666666665,30,2.533333333333333,0.571346463723366,2.3333333333333335,2.7333333333333334,30,-125.04777777777777,23.559964951660493,-133.241376984127,-116.80365079365079,True
0.3,0.95,node_mlp_ppo,baseline2_matched,30,0.7666666666666667,0.0,30,0.2099,0.26513888358029813,0.11529958333333334,0.3032670833333333,30,1.0637414346855332,0.08048184573451997,1.0353548304798306,1.0916385775486528,30,-0.034983333333333325,0.04418981393004968,-0.05066666666666664,-0.018940416666666685,30,-0.01852664583333326,0.015602190384019375,-0.024425639999999672,-0.013637811249999715,30,0.9745911329257982,0.021364396827912024,0.9665333542519466,0.9813215076169179,30,-0.06158056944444439,0.05216170811586102,-0.08098256006944442,-0.04452387152777788,30,0.058750000000000004,0.07832951506957313,0.032600000000000004,0.0871675,30,0.5666666666666667,0.5683207771559353,0.36666666666666664,0.7666666666666667,30,-17.901111111111113,21.123047669100185,-25.21912698412699,-10.491821428571429,True
0.3,0.95,node_mlp_ppo,grid_cnn_ppo,30,0.4666666666666667,0.03333333333333333,30,-0.04321666666666667,0.3371363605052304,-0.16080125000000003,0.07321791666666662,30,0.9936330320473313,0.09910730336684671,0.9593632490495625,1.028202050354748,30,0.007202777777777788,0.05618939341753838,-0.012547499999999979,0.027386180555555573,30,-0.0008552000000000745,0.01674864248624669,-0.006959049270833614,0.005015560520832854,30,0.998975268657082,0.023786823601313296,0.990412727584843,1.007210880405913,30,-0.0028866805555566827,0.056013133571199435,-0.022754540277778703,0.016360377083331556,30,-0.013533333333333333,0.09520675625595912,-0.04765166666666665,0.019534166666666658,30,-0.06666666666666667,0.8683449709106096,-0.36666666666666664,0.23333333333333334,30,4.684126984126983,25.90340756183068,-4.583507936507932,13.636964285714281,False
0.3,0.95,node_mlp_ppo,left_if_safe,30,0.5333333333333333,0.0,30,0.028900000000000044,0.4138395782809133,-0.12013624999999992,0.17151750000000004,30,1.0164196903333016,0.12028602252473783,0.9739674170472152,1.0588190273831402,30,-0.004816666666666665,0.06897326304681885,-0.028997638888888885,0.01982506944444444,30,0.004810904166666759,0.021893811390512295,-0.002874978124999996,0.012419945520833576,30,1.0074922528350447,0.032049175349918614,0.9967533394522599,1.0190021006313885,30,0.016060430555555748,0.07322462133172632,-0.009898745833331814,0.041518641319444265,30,-0.022983333333333335,0.1100464230671995,-0.06145,0.01513374999999999,30,0.16666666666666666,0.791477593876918,-0.13333333333333333,0.43333333333333335,30,-4.1990476190476205,33.032384004094816,-15.471031746031745,7.446769841269831,False
0.3,0.95,node_mlp_ppo,noop,30,1.0,0.0,30,0.9912833333333333,0.2666126818559777,0.8950812500000002,1.0834354166666667,30,1.3935567186281943,0.10640092386126981,1.3558625367877044,1.4301707028536235,30,-0.16521388888888888,0.04443544697599628,-0.18052499999999996,-0.14957215277777772,30,-0.023889212499999705,0.016496185366262343,-0.0301721464583334,-0.018586262916666714,30,0.9675212188826088,0.0223450086018646,0.9592575827718266,0.9746863893568901,30,-0.07880463888888992,0.05511132666569261,-0.09975305000000145,-0.060767903819445565,30,0.008849999999999998,0.07972616387922193,-0.018401249999999994,0.03685041666666666,30,1.8666666666666667,0.6814453874610599,1.6333333333333333,2.1,30,-110.27277777777778,22.167301449019025,-117.9181984126984,-102.29499007936509,True
0.3,0.95,noop,baseline1_hdv,30,0.9333333333333333,0.0,30,0.0842333333333334,0.04595063568156843,0.06799958333333342,0.10011708333333337,30,1.0347218072999838,0.0190914545344577,1.0280543840355099,1.0411669162449242,30,-0.014038888888888898,0.007658439280261406,-0.016650069444444464,-0.011277708333333336,30,0.0021541708333327986,0.0034360800025507016,0.000964608124999363,0.0033372122916656547,30,1.00295107024004,0.0047134049547110455,1.0012823501718973,1.0045603692849636,30,0.0072507638888891,0.011463048193541865,0.003202427777778303,0.01132241145833315,30,0.0074,0.028941200794857767,-0.0023333333333333335,0.018033333333333332,30,0.6666666666666666,0.5466722735905339,0.4666666666666667,0.8333333333333334,30,-14.775,7.81158235990105,-17.528416666666665,-12.049791666666664,True
0.3,0.95,noop,baseline2_matched,30,0.0,0.0,30,-0.7813833333333332,0.07618112302760523,-0.8081175,-0.7545662500000001,30,0.7636028045040274,0.019258714205045515,0.7568199334760969,0.7703637137685525,30,0.13023055555555557,0.012696853837934232,0.1257359722222222,0.134630625,30,0.005362566666666443,0.005043916076479119,0.003444720208333144,0.006977623229166555,30,1.0073568333078642,0.006923972836540275,1.0047062079180495,1.009594093484684,30,0.017224069444445524,0.01682889138740423,0.010894931597223666,0.02267137048611221,30,0.04989999999999999,0.045670936959499975,0.035132916666666666,0.0675333333333333,30,-1.3,0.466091599699399,-1.4666666666666666,-1.1333333333333333,30,92.37166666666666,7.522059703559121,89.73441666666669,95.03681944444445,False
0.3,1.0,baseline2_matched,baseline1_hdv,30,1.0,0.0,30,1.2333833333333333,0.08270561455040962,1.2024666666666668,1.2587833333333334,30,1.5063670813458037,0.03348948330795283,1.493735007368236,1.5169923818825286,30,-0.2055638888888889,0.013784269091734944,-0.20988618055555558,-0.20023048611111113,30,-0.0042359291666670814,0.003163104827962457,-0.005244309479167134,-0.0030241527083332297,30,0.9942392380206435,0.004329662283096244,0.9928454625580646,0.9958171052259874,30,-0.013091944444444467,0.010530141565889838,-0.01644668958333307,-0.009045823611110188,30,-0.04463333333333334,0.0342095301637276,-0.057983333333333324,-0.034316666666666676,30,2.9,0.3051285766293647,2.7666666666666666,3.0,30,-137.56809523809522,7.618190186769574,-140.17642857142854,-134.81855357142857,True
0.3,1.0,graph_ppo,baseline1_hdv,30,1.0,0.0,30,3.3978666666666664,0.11537464710846267,3.3510991666666667,3.4302508333333335,30,2.395439209092791,0.05601797068226304,2.3738668008222765,2.4135058094514834,30,-0.566311111111111,0.019229107851410448,-0.5717863888888889,-0.5586109722222222,30,-0.02582443333333353,0.005376355057413838,-0.027538208125000456,-0.023822356249999926,30,0.964769824246286,0.007169407705305862,0.9624462455049003,0.9674491153631208,30,-0.08324988888889027,0.01789917553490063,-0.08892599027777956,-0.07640636284722244,30,-0.0615,0.05372487383852584,-0.0821,-0.044250000000000005,30,6.933333333333334,0.2537081317024624,6.833333333333333,7.0,30,-238.4409090909091,6.7348130875343495,-240.7955757575758,-236.0258977272727,True
0.3,1.0,graph_ppo,baseline2_matched,30,1.0,0.0,30,2.164483333333334,0.0975456995758764,2.1311495833333334,2.1998504166666666,30,1.5905567711184463,0.03630756423577979,1.5790166853675935,1.6047757983344646,30,-0.36074722222222216,0.016257616595979414,-0.36673888888888884,-0.355225,30,-0.021588504166666453,0.0033161712683320247,-0.02263871812499979,-0.020332466874999486,30,0.9703528267415383,0.004451442001699527,0.9689537950669039,0.9720564933352611,30,-0.07015794444444581,0.011067534886839809,-0.07375832187500128,-0.06590713784722305,30,-0.016866666666666665,0.03918104162715057,-0.03218416666666666,-0.00449958333333334,30,4.033333333333333,0.18257418583505533,4.0,4.1,30,-100.87281385281385,5.35842930375703,-102.76588095238095,-99.07994372294371,True
0.3,1.0,graph_ppo,grid_cnn_ppo,30,0.9,0.03333333333333333,30,0.2623666666666666,0.3493786833334513,0.1463158333333332,0.39147374999999995,30,1.0511763680713921,0.07162558226889258,1.027989096092074,1.0772375371978102,30,-0.04372777777777775,0.05822978055557522,-0.06530590277777776,-0.024276944444444472,30,-0.004847970833333008,0.003922495964878353,-0.006107329270833154,-0.0033263841666663486,30,0.9932109360755115,0.005542108563614903,0.9914474497978321,0.9953031801265632,30,-0.01594126388888982,0.013300484770140607,-0.02012589687500135,-0.01083387222222245,30,-0.014316666666666667,0.03234578353732798,-0.026366666666666663,-0.0037666666666666673,30,0.4,0.7701320979389589,0.13333333333333333,0.7,30,-8.935117845117839,12.59167872415565,-13.694554713804708,-4.852326599326592,True
0.3,1.0,graph_ppo,left_if_safe,30,0.5,0.43333333333333335,30,0.24244999999999997,0.45210826728210546,0.09646250000000002,0.4111362499999999,30,1.0512024109586307,0.09952377215605893,1.0193413487214242,1.0890926047950507,30,-0.04040833333333332,0.0753513778803509,-0.06829479166666665,-0.016109791666666665,30,0.005198645833333145,0.012605428468438783,0.0013483542708330263,0.010170925833333034,30,1.0077412499530995,0.01894809925860336,1.00186756124915,1.0151038738094422,30,0.017530861111111143,0.042361064501111136,0.004525182291666678,0.033705781249999504,30,-0.02491666666666666,0.05377380520696655,-0.04538333333333333,-0.007933333333333332,30,0.36666666666666664,0.8899179866642238,0.06666666666666667,0.7,30,-9.234797979797975,18.236592546908057,-16.421565025252516,-3.4609640151515135,True
0.3,1.0,graph_ppo,node_mlp_ppo,30,0.8,0.0,30,0.14770000000000008,0.1935186705774638,0.08001625000000012,0.2173004166666667,30,1.0269343949143692,0.03559281940671983,1.0147117855995818,1.0394403955506768,30,-0.02461666666666668,0.03225311176291064,-0.03602506944444446,-0.013483263888888894,30,-0.0004507083333334716,0.001555979213850983,-0.001015233020833667,9.736854166647682e-05,30,0.9993650341777591,0.0021987805830367777,0.9985909006496237,1.0001343265705096,30,-0.0013792777777804706,0.005130382150691927,-0.003204188541670839,0.0003946434027743544,30,-0.005050000000000001,0.011589494350934593,-0.0095,-0.0013666666666666664,30,0.16666666666666666,0.3790490217894517,0.03333333333333333,0.3,30,-4.836060606060603,6.3363910638973815,-7.151022727272727,-2.6544545454545463,True
0.3,1.0,graph_ppo,noop,30,1.0,0.0,30,3.326166666666667,0.12266890771316187,3.278132500000001,3.3625999999999996,30,2.3273620718011774,0.06424123395270104,2.303888504894927,2.3496398307287936,30,-0.5543611111111111,0.020444817952193637,-0.5605085416666667,-0.5462775000000001,30,-0.02650364583333353,0.006770967448183551,-0.028764820104167043,-0.024003476666666742,30,0.963904985105934,0.008975238277721028,0.9609129091535332,0.9671496550551192,30,-0.08557368055555664,0.022572047756188464,-0.09305130798611289,-0.07734741979166684,30,-0.08566666666666665,0.06047432246963103,-0.10843333333333334,-0.06509958333333335,30,6.3,0.5349830806219241,6.1,6.5,30,-225.96424242424243,8.237475335623541,-228.992981060606,-223.15588257575757,True
0.3,1.0,grid_cnn_ppo,baseline1_hdv,30,1.0,0.0,30,3.1355000000000004,0.3460801431998683,3.0067804166666665,3.2511837500000005,30,2.2876674303087112,0.14516531466603336,2.2353672730307195,2.3366845834580805,30,-0.5225833333333333,0.05768002386664474,-0.5417781944444445,-0.501713611111111,30,-0.020976462500000525,0.007004637532168435,-0.02340588770833414,-0.018450913437500556,30,0.971397843963407,0.009476977577824902,0.9681352730468402,0.9747752713686785,30,-0.06730862500000047,0.02349651313781316,-0.07544059270833456,-0.05885732847222186,30,-0.047183333333333334,0.06299349765750777,-0.07015041666666666,-0.02636666666666667,30,6.533333333333333,0.7760791522613607,6.233333333333333,6.8,30,-229.50579124579124,14.04147049826018,-234.29406186868684,-224.4940353535354,True
0.3,1.0,grid_cnn_ppo,baseline2_matched,30,1.0,0.0,30,1.9021166666666667,0.33363653781895053,1.7820316666666667,2.0184529166666665,30,1.5188402435593529,0.09368941500692246,1.4856849995433974,1.5513724819894041,30,-0.31701944444444446,0.05560608963649176,-0.33559763888888877,-0.2966827777777778,30,-0.016740533333333443,0.004933346442824444,-0.018532040312500303,-0.015049636354166692,30,0.9770129181865823,0.006746399054455754,0.9746556922559663,0.9793539950981486,30,-0.05421668055555599,0.016623433352596258,-0.06026054687500114,-0.04838247395833278,30,-0.002550000000000002,0.04762250083948654,-0.020383749999999996,0.013283333333333333,30,3.6333333333333333,0.8087168778415268,3.3333333333333335,3.9,30,-91.93769600769605,11.955242407832195,-96.06376924001924,-87.68277705627708,True
0.3,1.0,grid_cnn_ppo,left_if_safe,30,0.3,0.0,30,-0.019916666666666614,0.6631784240507502,-0.2511858333333333,0.21864291666666671,30,1.006175571554601,0.13295107217302968,0.9613532850601151,1.0556430317034564,30,0.0033194444444444417,0.11052973734179172,-0.037114375000000026,0.04103395833333333,30,0.010046616666666152,0.013662360603207493,0.005736523020832907,0.015229728020833066,30,1.014672387182102,0.02054556224789419,1.0081032567732442,1.022508970917376,30,0.03347212500000096,0.046034334429731406,0.018908172222223626,0.05032836770833416,30,-0.010600000000000002,0.0682147218411251,-0.03531749999999999,0.012683333333333331,30,-0.03333333333333333,1.2994251602637361,-0.4666666666666667,0.43333333333333335,30,-0.29968013468013527,25.249003390855417,-9.566861321548823,8.280595959595962,False
0.3,1.0,grid_cnn_ppo,noop,30,1.0,0.0,30,3.063800000000001,0.35827122263100786,2.9316166666666663,3.1823175000000004,30,2.223178786380129,0.15219085571345603,2.167685932889792,2.27481804793784,30,-0.5106333333333333,0.05971187043850132,-0.5304724305555555,-0.4887095138888889,30,-0.021655675000000523,0.008351152815939867,-0.024581687187500596,-0.018661027708333947,30,0.9705304288584516,0.011224468942283966,0.9667087041344126,0.9745381588230405,30,-0.06963241666666682,0.027999566526134355,-0.07950654479166858,-0.05941601701388767,30,-0.07135,0.06895340130641953,-0.09614999999999999,-0.04764875000000002,30,5.9,0.9228890171255885,5.566666666666666,6.2,30,-217.02912457912456,15.943224581810977,-222.44241287878788,-211.33236489898994,True
0.3,1.0,left_if_safe,baseline1_hdv,30,1.0,0.0,30,3.1554166666666665,0.46473899021169773,2.978881666666667,3.3062216666666666,30,2.2954704638226904,0.1903739612722168,2.224929229289648,2.356262659723959,30,-0.5259027777777777,0.07745649836861632,-0.5511116666666668,-0.49604319444444445,30,-0.03102307916666668,0.014182805025549486,-0.03634210572916642,-0.026528813750000244,30,0.957683565723141,0.019253428541805215,0.9503436206246273,0.963898307620031,30,-0.10078075000000143,0.04758594555333562,-0.1185061461805583,-0.08531896458333557,30,-0.03658333333333333,0.08150683103732549,-0.06488416666666666,-0.007165000000000022,30,6.566666666666666,0.8976341829703132,6.233333333333333,6.834166666666654,30,-229.20611111111108,17.97510047917741,-235.02179356060603,-222.24925631313133,True
0.3,1.0,left_if_safe,baseline2_matched,30,1.0,0.0,30,1.9220333333333335,0.46582879297851065,1.74636375,2.07106875,30,1.52441929913014,0.12817858648882413,1.476679320562518,1.5658943014682494,30,-0.3203388888888889,0.07763813216308511,-0.34555013888888886,-0.29068590277777784,30,-0.026787149999999597,0.013494750383266712,-0.0319265040624996,-0.02258093562499925,30,0.9632244146788319,0.018452259962663108,0.9562429839890345,0.9689349758854813,30,-0.08768880555555696,0.04533199054287908,-0.10502412708333457,-0.07331743680555654,30,0.008049999999999998,0.06953098416260689,-0.0157,0.032934583333333316,30,3.6666666666666665,0.9222660747548281,3.3,3.966666666666667,30,-91.63801587301587,19.509914714045777,-97.81094633838383,-84.2440442821068,True
0.3,1.0,left_if_safe,noop,30,1.0,0.0,30,3.0837166666666667,0.47751307408231275,2.903627083333334,3.23856875,30,2.231055985063304,0.19649202903543314,2.156628188964692,2.295724904597446,30,-0.5139527777777777,0.07958551234705213,-0.5398309027777778,-0.4840798611111111,30,-0.031702291666666674,0.014117824815336069,-0.03698867135416658,-0.027167203020833187,30,0.9568079510533988,0.01912143434941757,0.9498444788549363,0.9630403248081486,30,-0.10310454166666778,0.0473631115853749,-0.12064935451389114,-0.08798431458333475,30,-0.060750000000000005,0.0803778522848865,-0.08810041666666667,-0.03238333333333335,30,5.933333333333334,1.142692927446732,5.5,6.3,30,-216.72944444444445,20.380446395992333,-223.49041856060606,-209.13651136363632,True
0.3,1.0,node_mlp_ppo,baseline1_hdv,30,1.0,0.0,30,3.2501666666666673,0.19061575962152755,3.182914583333333,3.3161504166666664,30,2.334751264745466,0.08301520772384197,2.30559355378457,2.3637932738888208,30,-0.5416944444444444,0.0317692932702546,-0.5527195138888887,-0.5303444444444445,30,-0.025373725000000062,0.005557800281706568,-0.027139079270833404,-0.023274131145833085,30,0.9653869160434954,0.007429694978726439,0.9630165323008733,0.9682634149975932,30,-0.08187061111110981,0.018536793622440203,-0.0878729104166633,-0.07499246493055366,30,-0.05645000000000001,0.05626482180202647,-0.07763499999999997,-0.03841666666666667,30,6.766666666666667,0.43018306715207627,6.6,6.9,30,-233.60484848484845,8.17954312965109,-236.48215151515157,-230.67285984848485,True
0.3,1.0,node_mlp_ppo,baseline2_matched,30,1.0,0.0,30,2.016783333333333,0.19285994933492873,1.9476662499999997,2.084167083333333,30,1.550443956641619,0.059456643922111974,1.5295689433896456,1.571529470460892,30,-0.3361305555555555,0.032143324889154785,-0.3475111805555555,-0.3248830555555556,30,-0.02113779583333298,0.0035076442853622237,-0.022252525937499823,-0.019799430624999757,30,0.9709728641220413,0.00472706359794454,0.9694695252044027,0.9727721769687175,30,-0.06877866666666535,0.011710409660354599,-0.0724544902777768,-0.0644267916666662,30,-0.011816666666666668,0.041163777878073855,-0.027867083333333327,0.0005670833333333274,30,3.8666666666666667,0.43417248545530474,3.7,4.0,30,-96.03675324675326,7.807940530052518,-98.83698701298701,-93.34698484848484,True
0.3,1.0,node_mlp_ppo,grid_cnn_ppo,30,0.6666666666666666,0.0,30,0.1146666666666665,0.2759782391887939,0.024949583333333306,0.2182854166666664,30,1.0233976207732929,0.05503261588802715,1.00533236834236,1.0432540608919865,30,-0.019111111111111086,0.04599637319813233,-0.0355894444444444,-0.003747152777777733,30,-0.0043972624999995364,0.0038082799643690338,-0.005610338541666534,-0.0029838630208332212,30,0.9938434528873349,0.005379473199961396,0.9921433683730748,0.9958641800699567,30,-0.014561986111109348,0.012815617213866428,-0.018698220138887216,-0.00971269756944305,30,-0.009266666666666666,0.02329893194730302,-0.01823416666666666,-0.0018000000000000002,30,0.23333333333333334,0.7738543627276672,-0.03333333333333333,0.5333333333333333,30,-4.099057239057237,10.297181639943226,-7.9871750841750835,-0.7488728956228936,True
0.3,1.0,node_mlp_ppo,left_if_safe,30,0.4666666666666667,0.0,30,0.09474999999999989,0.5626665845283756,-0.08993375000000002,0.30253374999999993,30,1.026162261694546,0.11835387678228837,0.9878735400071295,1.0704996824713577,30,-0.015791666666666645,0.0937777640880626,-0.05023923611111107,0.014731250000000012,30,0.005649354166666617,0.012336279554372165,0.001847588854166954,0.010414447083333143,30,1.008376859991766,0.01854338089010165,1.0026598208044626,1.0154060065557589,30,0.018910138888891613,0.041523991768194546,0.0061500753472249125,0.034854429513890714,30,-0.01986666666666666,0.05729745937277422,-0.041533749999999994,-0.0017499999999999996,30,0.2,1.0305673027596214,-0.13333333333333333,0.6,30,-4.398737373737373,21.510974508190746,-12.541508838383832,2.7484999999999955,False
0.3,1.0,node_mlp_ppo,noop,30,1.0,0.0,30,3.178466666666666,0.19829427510704864,3.1038662500000007,3.2459525,30,2.268495046775627,0.08972110166884614,2.2365245385746215,2.2998668832760014,30,-0.5297444444444444,0.03304904585117477,-0.541225,-0.5179498611111111,30,-0.026052937500000057,0.0068520569845844205,-0.028356741562500027,-0.0235560541666665,30,0.9645207092609679,0.009094758563118572,0.9614820084871085,0.9678481859591963,30,-0.08419440277777616,0.0228618341004687,-0.09188118819444253,-0.07605589131944333,30,-0.08061666666666666,0.06235544432350402,-0.10336791666666666,-0.059616249999999996,30,6.133333333333334,0.5713464637233658,5.933333333333334,6.333333333333333,30,-221.1281818181818,9.399415042160669,-224.39727272727274,-217.78209848484852,True
0.3,1.0,noop,baseline1_hdv,30,0.9,0.0,30,0.07170000000000003,0.052966905737906515,0.053050000000000055,0.09018375,30,1.0295813633593103,0.02186006904076382,1.0218243355074166,1.0372043916186362,30,-0.011949999999999987,0.0088278176229844,-0.015005624999999996,-0.008816597222222215,30,0.0006792124999999964,0.004476159017716734,-0.0010138614583336582,0.002123601666666582,30,1.000930563306995,0.006109768755988735,0.9985968131837024,1.0029128610822293,30,0.0023237916666663566,0.014929492777784348,-0.003202438194445745,0.00711213124999969,30,0.024166666666666666,0.04048506181155041,0.010800000000000002,0.039266666666666665,30,0.6333333333333333,0.4901325178535609,0.4666666666666667,0.8,30,-12.476666666666668,11.289113869300062,-16.28504166666667,-8.376625000000002,True
0.3,1.0,noop,baseline2_matched,30,0.0,0.0,30,-1.1616833333333332,0.0979774325998114,-1.1947333333333332,-1.126465833333333,30,0.6837943104526178,0.02040312426692299,0.6769103031672369,0.6913721136622621,30,0.19361388888888886,0.016329572099968565,0.18763875000000002,0.19891131944444446,30,0.004915141666667078,0.005589102674545728,0.002852813645833849,0.006804727083334023,30,1.0067494789663312,0.007673136378158849,1.003822386105453,1.0092993757848676,30,0.015415736111110823,0.018644936087281995,0.00836620173611025,0.02161686631944427,30,0.0688,0.0507700359633922,0.05206666666666667,0.08770083333333334,30,-2.2666666666666666,0.5208304597621878,-2.466666666666667,-2.1,30,125.09142857142857,10.760735993758749,121.38869047619046,128.869869047619,False
0.35,0.9,baseline2_matched,baseline1_hdv,30,1.0,0.0,30,0.45189999999999997,0.11003897428669973,0.4142816666666667,0.49191750000000006,30,1.2352637531431374,0.05715661155160862,1.2156926062737219,1.2554377562690622,30,-0.07531666666666666,0.018339829047783283,-0.08188340277777777,-0.06898326388888891,30,0.0008490041666666263,0.005316290761687587,-0.0011522699999996625,0.0026218065624997247,30,1.001299271109817,0.007807452225371892,0.998429922619827,1.0039074326956527,30,0.002748511904761345,0.01521202952843774,-0.0027969315476192875,0.00786774404761869,30,-0.03816666666666666,0.05076336809383205,-0.056267499999999984,-0.02098333333333333,30,1.0666666666666667,0.36514837167011077,0.9333333333333333,1.2,30,-101.31166666666668,13.452473565079284,-106.03293055555554,-96.60937500000001,True
0.35,0.9,graph_ppo,baseline1_hdv,30,1.0,0.0,30,0.51435,0.15530199445840553,0.45986666666666676,0.5696691666666666,30,1.2679287054120263,0.08091273343497597,1.2394373069347735,1.2965609463457108,30,-0.085725,0.025883665743067583,-0.09473118055555553,-0.07673888888888888,30,-0.0022852541666666688,0.00552058813068977,-0.004216924479166909,-0.0003190200000004053,30,0.9966194760695523,0.00819737195519295,0.9937458652090808,0.9994656478150015,30,-0.006161904761904968,0.015780522880653954,-0.011712506547619251,-0.0005795860119040306,30,-0.03766666666666666,0.043979292410400835,-0.053550416666666656,-0.022432916666666674,30,1.2333333333333334,0.5040069329937308,1.0666666666666667,1.4,30,-108.55666666666667,31.10612676958293,-119.37615277777776,-97.35487500000002,True
0.35,0.9,graph_ppo,baseline2_matched,30,0.7,0.0,30,0.06244999999999997,0.1388252653890668,0.014582499999999962,0.11041833333333323,30,1.0270237650291623,0.057143354092577155,1.0066512856271992,1.0468142727979888,30,-0.01040833333333333,0.02313754423151113,-0.018330555555555555,-0.0021859027777777875,30,-0.003134258333333295,0.005968749577895804,-0.005268001770832972,-0.001104643645833623,30,0.9953608537154113,0.00879477671700171,0.9921647729888918,0.9982932268916385,30,-0.008910416666666313,0.017106943826059637,-0.01516843065476117,-0.002916749107141524,30,0.0005000000000000004,0.05577108384372182,-0.01800083333333332,0.02146666666666667,30,0.16666666666666666,0.4611330373774141,0.0,0.3333333333333333,30,-7.244999999999999,24.607558938191165,-15.66175,1.7534999999999967,True
0.35,0.9,graph_ppo,grid_cnn_ppo,30,0.6333333333333333,0.0,30,0.01473333333333328,0.13742877361052142,-0.034452916666666715,0.06236833333333328,30,1.0069296412255946,0.05598510146123056,0.9869087869461708,1.026037022839786,30,-0.0024555555555555515,0.022904795601753576,-0.010444513888888887,0.005806041666666665,30,0.002331891666666312,0.00662440977166899,-1.1517916667165681e-05,0.00463343906249975,30,1.0035807123901972,0.009984440420112707,1.0000547415136096,1.0071025553914186,30,0.006673071428572186,0.01895410741481402,-2.1222023808480067e-05,0.013327620535714964,30,-0.0038666666666666684,0.05725862882319697,-0.025451249999999984,0.015600833333333314,30,0.03333333333333333,0.490132517853561,-0.13333333333333333,0.2,30,-2.7966666666666677,25.826379635122517,-11.778374999999999,6.597416666666655,False
0.35,0.9,graph_ppo,left_if_safe,30,0.7666666666666667,0.0,30,0.14709999999999998,0.2957191526455114,0.048916249999999994,0.25716791666666666,30,1.0775889804320633,0.15934520810455816,1.026764650171302,1.1389313576563194,30,-0.024516666666666676,0.049286525440918556,-0.04237895833333331,-0.008133194444444455,30,0.015236449999999931,0.03322585189893735,0.005148261041666754,0.02826580499999994,30,1.02627416403482,0.060541888377807725,1.0082942079868706,1.0496674352767064,30,0.04363778571428535,0.09510108947383326,0.014668169345237358,0.08094765535714281,30,-0.04146666666666667,0.09859363948615771,-0.07850083333333334,-0.008983333333333333,30,0.26666666666666666,0.6914918072835209,0.03333333333333333,0.5333333333333333,30,-22.907222222222224,54.490183249480275,-43.03391666666667,-4.733041666666671,True
0.35,0.9,graph_ppo,node_mlp_ppo,30,0.6666666666666666,0.0,30,0.061949999999999936,0.17187336707688258,0.0009483333333332943,0.12234999999999983,30,1.0286780689901567,0.07428887457847566,1.0029108525342505,1.0547178378923907,30,-0.010324999999999999,0.02864556117948042,-0.020272222222222216,-0.00032486111111115415,30,0.007838012499999785,0.010047056358787994,0.004607535104166813,0.011729320104166397,30,1.0121235753736137,0.01589078507550546,1.0069666385082117,1.0180296617445805,30,0.022438571428571013,0.028765941737520593,0.013167338690475658,0.03316279702380936,30,-0.025133333333333334,0.05508519003252634,-0.04583374999999999,-0.007049583333333332,30,0.1,0.5477225575051662,-0.1,0.3,30,-9.966111111111111,30.16983392382298,-20.515138888888888,0.5445277777777777,True
0.35,0.9,graph_ppo,noop,30,1.0,0.0,30,0.4865833333333333,0.15563097839691686,0.4332645833333333,0.5428191666666665,30,1.2498269065000402,0.08029966783949578,1.2224712987326898,1.2785779636875771,30,-0.08109722222222222,0.02593849639948615,-0.09046416666666668,-0.07200541666666668,30,-0.0016779458333333905,0.0058475689315423025,-0.00373346229166685,0.0003327643750001937,30,0.9975255916345179,0.008700540798047152,0.994460280386113,1.0006393154628084,30,-0.004446571428571381,0.01674957112914305,-0.010327137797619377,0.0012055145833338773,30,-0.05848333333333334,0.05310099085596292,-0.07723333333333332,-0.040066666666666674,30,1.2,0.4842341981115023,1.0333333333333334,1.3666666666666667,30,-100.71222222222221,27.299282453530722,-110.31390277777777,-90.86095833333336,True
0.35,0.9,grid_cnn_ppo,baseline1_hdv,30,1.0,0.0,30,0.4996166666666666,0.13087488651204335,0.45254875000000006,0.5451699999999999,30,1.2605251434219122,0.06990775818800157,1.236053017490896,1.2856257232080281,30,-0.08326944444444445,0.021812481085340577,-0.0908722916666667,-0.0754277083333333,30,-0.00461714583333298,0.007219062067600381,-0.00716808635416652,-0.0020834293749996883,30,0.9931347549502867,0.01073483744427657,0.9893423355089953,0.996867993413709,30,-0.012834976190477155,0.020656858287668244,-0.02010169732142963,-0.005720143750000712,30,-0.03379999999999998,0.06419630454505446,-0.05628375000000001,-0.010699999999999994,30,1.2,0.48423419811150237,1.0333333333333334,1.3666666666666667,30,-105.76,22.797472300564788,-113.88951388888889,-97.91887499999999,True
0.35,0.9,grid_cnn_ppo,baseline2_matched,30,0.6666666666666666,0.0,30,0.04771666666666669,0.11765185955806762,0.006016666666666705,0.08900000000000001,30,1.021130635368435,0.04981564399097388,1.003771063244686,1.0382415836992887,30,-0.007952777777777779,0.01960864325967792,-0.014766666666666654,-0.0010138194444444706,30,-0.005466149999999607,0.007829062971536575,-0.008391306979166317,-0.0028306313541664823,30,0.9918843896440914,0.011514893601426246,0.9877132706398809,0.9957779068729359,30,-0.015583488095238499,0.022427499421308904,-0.023668318452381154,-0.007830259821428915,30,0.004366666666666668,0.07444923442015457,-0.02003416666666665,0.03235,30,0.13333333333333333,0.507416263404925,-0.03333333333333333,0.3,30,-4.4483333333333315,17.708085447893144,-10.706708333333331,1.8617083333333335,True
0.35,0.9,grid_cnn_ppo,left_if_safe,30,0.7333333333333333,0.0,30,0.13236666666666672,0.23971444698214167,0.05248291666666673,0.21960208333333334,30,1.0689370257474795,0.13390993370434798,1.0262127446013718,1.1200367954757684,30,-0.022061111111111125,0.03995240783035693,-0.036850069444444446,-0.00883597222222221,30,0.01290455833333362,0.03358093889102143,0.0027573475000002676,0.026155595104166963,30,1.0226979056748808,0.06114338664741157,1.0044455956353224,1.0464422767477979,30,0.036964714285713164,0.09608337150433179,0.007528768154760665,0.07430853988095282,30,-0.0376,0.08773180133518999,-0.07156791666666665,-0.009332500000000004,30,0.23333333333333334,0.6789105539243627,0.0,0.5,30,-20.110555555555553,42.41591219059668,-35.740138888888886,-6.101041666666674,True
0.35,0.9,grid_cnn_ppo,noop,30,1.0,0.0,30,0.47184999999999994,0.11802126853913326,0.4282970833333334,0.5118341666666667,30,1.2421157064754014,0.06058586311751865,1.2201381911316862,1.2631094554182236,30,-0.07864166666666667,0.0196702114231889,-0.08541666666666667,-0.07148604166666667,30,-0.004009837499999702,0.00849774453183842,-0.0070781345833330275,-0.0010410969791668709,30,0.9940547710358071,0.012590743506582116,0.989621837808631,0.9984072394491671,30,-0.011119642857143567,0.02431906568800944,-0.019538049702381922,-0.002652074404762379,30,-0.05461666666666666,0.07239792854406309,-0.07961708333333335,-0.028549999999999996,30,1.1666666666666667,0.3790490217894517,1.0333333333333334,1.3,30,-97.91555555555556,23.414488152164285,-105.80754166666665,-89.2855,True
0.35,0.9,left_if_safe,baseline1_hdv,30,0.9333333333333333,0.0,30,0.36725,0.22362236294006144,0.28184541666666674,0.4396841666666667,30,1.1917804528380322,0.1176140219262227,1.1479821915775041,1.2305016361283105,30,-0.06120833333333331,0.037270393823343566,-0.0732000694444444,-0.04745277777777777,30,-0.0175217041666666,0.03309313574753914,-0.030511065312499953,-0.007416375208333135,30,0.9738859119198879,0.04939870913937307,0.9544902405361482,0.9887613084591017,30,-0.049799690476190324,0.09468725485155127,-0.08604827291666632,-0.021064248511904315,30,0.0037999999999999996,0.09034842517185611,-0.026433749999999992,0.03715083333333332,30,0.9666666666666667,0.5560534167675355,0.7666666666666667,1.1666666666666667,30,-85.64944444444446,36.19962703903187,-97.14684722222225,-72.10823611111111,True
0.35,0.9,left_if_safe,baseline2_matched,30,0.3,0.0,30,-0.08465000000000003,0.22525468918537525,-0.17143624999999998,-0.010914166666666678,30,0.9657741611247779,0.09415957986456286,0.929096848340701,0.9966293137689778,30,0.014108333333333344,0.037542448197562514,0.002430486111111122,0.028369791666666644,30,-0.018370708333333225,0.03244091339861039,-0.03093836010416649,-0.008491877708333146,30,0.9726051082884838,0.0485134066963122,0.954081867561018,0.98748215284374,30,-0.05254820238095167,0.09283093587179578,-0.08854639553571286,-0.024263721726189375,30,0.04196666666666666,0.10049617708746639,0.008698750000000007,0.07948416666666666,30,-0.1,0.4806604651504226,-0.3,0.03333333333333333,30,15.662222222222223,39.07035871037458,3.348708333333336,30.430749999999996,False
0.35,0.9,left_if_safe,noop,30,0.9333333333333333,0.0,30,0.3394833333333333,0.220226274049236,0.25282708333333337,0.4096837499999999,30,1.1745683377128808,0.11372748845415519,1.132358929517765,1.2112547606903592,30,-0.056580555555555544,0.036704379008206,-0.06859173611111112,-0.04252749999999999,30,-0.01691439583333332,0.03178007977428964,-0.029648958645833612,-0.0072142963541667006,30,0.9746758692756121,0.047828192743485896,0.9560309617605564,0.9892819319344731,30,-0.048084357142856735,0.09093211638234941,-0.08359489851190434,-0.019999567559523722,30,-0.017016666666666676,0.08055513033313585,-0.043667083333333336,0.01280041666666665,30,0.9333333333333333,0.5208304597621878,0.7333333333333333,1.1,30,-77.805,41.14513750175486,-91.48848611111111,-62.102680555555544,True
0.35,0.9,node_mlp_ppo,baseline1_hdv,30,1.0,0.0,30,0.4524000000000001,0.15406365679428613,0.39713208333333333,0.5047675,30,1.235921272854566,0.08128676271138074,1.206144836772586,1.2637856284781717,30,-0.0754,0.025677276132380994,-0.08419736111111112,-0.06601631944444443,30,-0.010123266666666454,0.010665227600587942,-0.014054148020833077,-0.006612330624999918,30,0.9848907021428671,0.015914204368348207,0.979060689284602,0.990032258287917,30,-0.02860047619047598,0.030519619976833848,-0.03979250922619018,-0.018525961904760895,30,-0.01253333333333333,0.0569276512010145,-0.03156666666666666,0.008383333333333336,30,1.1333333333333333,0.43417248545530474,1.0,1.3,30,-98.59055555555557,28.982062652948155,-108.56290277777778,-88.22762500000002,True
0.35,0.9,node_mlp_ppo,baseline2_matched,30,0.5,0.03333333333333333,30,0.0005000000000000337,0.17593200097059444,-0.06161708333333333,0.0627504166666667,30,1.0020736427980423,0.07396374113615561,0.9761623100242197,1.0278127015894503,30,-8.333333333333156e-05,0.029322000161765713,-0.010122847222222226,0.01058895833333332,30,-0.010972270833333079,0.010126056665279421,-0.014669585208332898,-0.0075983165624998695,30,0.9836299945081526,0.015145779600250531,0.9780879538164524,0.9886820941951888,30,-0.031348988095237326,0.02901310972367853,-0.04217555386904723,-0.02171187857142736,30,0.02563333333333333,0.06879341053715343,0.0029166666666666655,0.051467083333333316,30,0.06666666666666667,0.5208304597621879,-0.1,0.23333333333333334,30,2.721111111111113,28.286020311861016,-7.228888888888886,12.545569444444448,False
0.35,0.9,node_mlp_ppo,grid_cnn_ppo,30,0.4666666666666667,0.0,30,-0.04721666666666666,0.1579483592678389,-0.10597041666666665,0.00625000000000003,30,0.9819440579455461,0.06424868634551326,0.9588149571490221,1.0038907635780239,30,0.007869444444444448,0.026324726544639816,-0.0010722916666666517,0.0174057638888889,30,-0.005506120833333472,0.008691806603697607,-0.008744637395833484,-0.0025452512499997567,30,0.9917126961491926,0.0131416521326047,0.9869213157553306,0.99608222313301,30,-0.015765499999998826,0.024895573311538122,-0.02483808749999742,-0.007368794047618858,30,0.021266666666666663,0.05629444348970946,0.0020824999999999993,0.04105041666666665,30,-0.06666666666666667,0.5832922809856748,-0.3,0.13333333333333333,30,7.169444444444443,22.950073699717777,-0.8505833333333345,15.112263888888886,False
0.35,0.9,node_mlp_ppo,left_if_safe,30,0.6333333333333333,0.0,30,0.08515000000000006,0.289997150699439,-0.012986249999999899,0.19508500000000012,30,1.0505502500705095,0.16255484536557227,0.9994011838968252,1.112857099066432,30,-0.014191666666666677,0.04833285844990646,-0.032433541666666656,0.0014472916666666584,30,0.007398437500000147,0.0350285638588225,-0.0035797993750000126,0.0210074790625012,30,1.0142581500288876,0.062822080036978,0.9950555250066861,1.0392644216561526,30,0.021199214285714342,0.1002547104865826,-0.010190956249999952,0.06067736160714285,30,-0.016333333333333328,0.09805420152538905,-0.05195124999999999,0.015634583333333316,30,0.16666666666666666,0.7466399831028446,-0.1,0.43333333333333335,30,-12.941111111111109,52.43671605176798,-32.35016666666667,4.170611111111109,False
0.35,0.9,node_mlp_ppo,noop,30,1.0,0.0,30,0.42463333333333336,0.15500516861979335,0.36841625000000006,0.4766333333333334,30,1.2182863616504587,0.08031670874524165,1.1883346336126268,1.2456578405946483,30,-0.07077222222222224,0.025834194769965544,-0.07963354166666664,-0.06140000000000002,30,-0.009515958333333175,0.010703134772601852,-0.013436735104166118,-0.005966417812500004,30,0.9857837753483789,0.016053879893626888,0.9798094329704625,0.9911068781238594,30,-0.026885142857142393,0.030642583466402473,-0.03815819821428502,-0.01669876874999937,30,-0.033350000000000005,0.05684145372937752,-0.053399999999999996,-0.013082916666666668,30,1.1,0.5477225575051661,0.9,1.3,30,-90.7461111111111,29.93187081499104,-101.04280555555555,-79.93208333333332,True
0.35,0.9,noop,baseline1_hdv,30,0.7333333333333333,0.0,30,0.02776666666666668,0.041659070571959965,0.013950000000000002,0.042650000000000014,30,1.0147139038847859,0.022054027453331907,1.0074462094070005,1.0228009300989416,30,-0.0046277777777777715,0.006943178428659996,-0.007147291666666656,-0.00226937500000001,30,-0.0006073083333332785,0.005813289506423077,-0.002776511979166651,0.0012781158333334767,30,0.9991311899820438,0.00852787016793206,0.9959271730103745,1.0019636607720934,30,-0.001715333333333587,0.016613117695245188,-0.007985501190475771,0.0037163830357137433,30,0.020816666666666674,0.04434416404734079,0.007083333333333334,0.03803375000000001,30,0.03333333333333333,0.31984191497474607,-0.06666666666666667,0.13416666666665453,30,-7.844444444444446,14.719938737101115,-12.916944444444434,-2.616527777777789,True
0.35,0.9,noop,baseline2_matched,30,0.0,0.0,30,-0.42413333333333336,0.1042212445525957,-0.46010041666666673,-0.387515,30,0.8228549124914237,0.035603896587898795,0.8106366788406643,0.8353913808868569,30,0.07068888888888888,0.0173702074254326,0.06454444444444446,0.07670854166666667,30,-0.0014563124999999047,0.0030278470018024212,-0.0025131385416664676,-0.00039229749999979054,30,0.997838655563543,0.004507497004002802,0.9962533754900699,0.9993972644866351,30,-0.004463845238094932,0.008676963247114623,-0.007526938392856462,-0.0013628068452383707,30,0.058983333333333325,0.04153218181647554,0.04448333333333334,0.07366708333333334,30,-1.0333333333333334,0.319841914974746,-1.1333333333333333,-0.9333333333333333,30,93.46722222222222,15.262976693133009,87.98815277777777,98.68633333333334,False
0.35,0.95,baseline2_matched,baseline1_hdv,30,1.0,0.0,30,0.5323333333333333,0.09919211013303263,0.49845000000000006,0.568,30,1.277192288694202,0.05222285404253743,1.2592558514267715,1.295967754580442,30,-0.08872222222222217,0.01653201835550544,-0.09476965277777773,-0.08309138888888884,30,0.0009464416666671305,0.003441835781388856,-0.0002286195833331195,0.0021963075000001014,30,1.0014304495906095,0.005077704847388655,0.9997209883448354,1.0032472004169484,30,0.0030843571428565086,0.009841984792646648,-0.0002317630952394132,0.006647320238095003,30,-0.04336666666666666,0.03872291786288957,-0.05838333333333332,-0.03108333333333333,30,1.2,0.48423419811150226,1.0333333333333334,1.3666666666666667,30,-115.75,16.636677617408886,-121.64670833333334,-109.97065277777779,True
0.35,0.95,graph_ppo,baseline1_hdv,30,1.0,0.0,30,0.8584333333333334,0.22083543308479078,0.7804329166666666,0.9363383333333332,30,1.447320154119268,0.11703845374399806,1.4072403953229902,1.4876926599147722,30,-0.14307222222222224,0.03680590551413179,-0.15637506944444446,-0.13023326388888887,30,-0.00470646249999969,0.003282452204091301,-0.005886065208332739,-0.003552215104166213,30,0.9929633307986321,0.00488684805414484,0.9912390788153207,0.9946695956335677,30,-0.012833869047619007,0.009402451598377853,-0.016154101190476465,-0.009543406249999184,30,-0.060016666666666656,0.040674164326734014,-0.07463375,-0.045582916666666654,30,2.033333333333333,0.490132517853561,1.8666666666666667,2.2,30,-159.58555555555554,28.35743387886367,-169.3929583333333,-149.66729166666667,True
0.35,0.95,graph_ppo,baseline2_matched,30,1.0,0.0,30,0.32610000000000006,0.16825731525830018,0.26756583333333345,0.3855508333333334,30,1.132475724572997,0.06726424987673166,1.108593425932241,1.1561825516059467,30,-0.05435000000000003,0.028042885876383355,-0.06446965277777782,-0.04478875000000008,30,-0.00565290416666682,0.004497919434698408,-0.0072698501041668214,-0.004098684479167329,30,0.9915670374291288,0.006614676430950818,0.9891782700452522,0.993871529280323,30,-0.015918226190475514,0.01288971415830167,-0.020609732738094605,-0.011539828273808247,30,-0.016649999999999995,0.04173296679175085,-0.030517083333333337,-0.0012825000000000095,30,0.8333333333333334,0.3790490217894517,0.7,0.9666666666666667,30,-43.83555555555556,22.100197955690696,-51.53370833333333,-36.00911111111111,True
0.35,0.95,graph_ppo,grid_cnn_ppo,30,0.7666666666666667,0.0,30,0.11184999999999999,0.19104066862572877,0.045397916666666684,0.17875166666666667,30,1.0433819995058065,0.07257314510326329,1.0184603455528791,1.0688564219580352,30,-0.018641666666666678,0.03184011143762145,-0.030125138888888896,-0.007622083333333373,30,0.0016641666666667777,0.00687845196561334,-0.0006406273958331127,0.004142859374999978,30,1.0025588569059871,0.010468796574331961,0.9990588358948603,1.0064703483082411,30,0.004834654761905025,0.019717241565211496,-0.001733809523809292,0.011985960714286066,30,-0.02153333333333333,0.06092589242527426,-0.04440041666666666,-0.0016666666666666692,30,0.16666666666666666,0.5306686305052324,-0.03333333333333333,0.36666666666666664,30,-12.480000000000002,23.696298998090324,-20.684555555555566,-4.047805555555566,True
0.35,0.95,graph_ppo,left_if_safe,30,0.6333333333333333,0.0,30,0.35275000000000006,0.5999731279902,0.15191166666666672,0.57332,30,1.240527916732237,0.49789004900182304,1.0888130384624526,1.4320645728342654,30,-0.05879166666666668,0.09999552133169996,-0.09547291666666667,-0.0256380555555556,30,0.03873226250000034,0.07053267126642615,0.015953959687500505,0.06496646354166712,30,1.0785184229245204,0.1570746860100581,1.0291063867054098,1.140424880610535,30,0.11091557142857122,0.20193181131350277,0.046572421130951974,0.1880633199404765,30,-0.09556666666666666,0.1737831949601995,-0.15983791666666658,-0.03796666666666667,30,0.6666666666666666,1.3217891045025336,0.23333333333333334,1.1333333333333333,30,-111.89333333333335,279.0213403722765,-224.1923055555555,-33.25652777777782,True
0.35,0.95,graph_ppo,node_mlp_ppo,30,0.7666666666666667,0.0,30,0.13399999999999995,0.21148432729083066,0.05929625,0.2070004166666666,30,1.0528752366239602,0.08265265614345306,1.0239986770790355,1.0823265119550258,30,-0.022333333333333323,0.03524738788180509,-0.0347083333333333,-0.009947152777777782,30,0.007399508333333549,0.013243506410183464,0.0034821608333338405,0.012543968020833308,30,1.01158738133329,0.02146111161762823,1.005261893887871,1.0202094821156056,30,0.021237166666666817,0.0379169679453855,0.009910109226190017,0.03585214583333367,30,-0.033850000000000005,0.061521674061344796,-0.05593374999999999,-0.012899999999999998,30,0.23333333333333334,0.6260623155792925,0.0,0.43333333333333335,30,-17.080000000000002,27.216073963603513,-26.65947222222222,-7.640472222222236,True
0.35,0.95,graph_ppo,noop,30,1.0,0.0,30,0.8306666666666668,0.21378841995240788,0.7547483333333334,0.9057020833333334,30,1.4263342872894023,0.10911952939796839,1.387341236970944,1.4641350692818005,30,-0.13844444444444443,0.035631403325401295,-0.15094506944444444,-0.12579145833333333,30,-0.004631104166666614,0.004855055523680659,-0.00624559833333334,-0.002869808437500007,30,0.9930830760703908,0.0072188426088590435,0.9906149630495731,0.9956335781119172,30,-0.012638392857142982,0.013916742003570074,-0.017544083630952,-0.007679259226191042,30,-0.07851666666666665,0.05174564504969665,-0.09718375000000001,-0.060833333333333336,30,1.9,0.6074253182419871,1.6666666666666667,2.1,30,-148.88,28.038792708526596,-158.8101388888889,-138.98991666666666,True
0.35,0.95,grid_cnn_ppo,baseline1_hdv,30,1.0,0.0,30,0.7465833333333334,0.16187985558332502,0.6898995833333332,0.8030004166666664,30,1.388353018002481,0.08279739927034256,1.3605722144891288,1.4176140209223145,30,-0.12443055555555554,0.026979975930554165,-0.13411673611111108,-0.1149776388888889,30,-0.006370629166666467,0.006972310038204106,-0.008970847708333389,-0.004017240000000159,30,0.9905214549627981,0.010319926046545228,0.9868250611413025,0.9939419353265482,30,-0.017668523809524033,0.019921995967208922,-0.024814313690475574,-0.011019344047619105,30,-0.03848333333333332,0.053160213819484714,-0.05708374999999999,-0.01971666666666667,30,1.8666666666666667,0.43417248545530474,1.7,2.0,30,-147.10555555555553,25.382574396897734,-156.35276388888892,-138.26831944444442,True
0.35,0.95,grid_cnn_ppo,baseline2_matched,30,0.9333333333333333,0.0,30,0.21425000000000008,0.12506493141150937,0.17004874999999997,0.25766708333333344,30,1.0871818503191137,0.0502716084789972,1.069259461903502,1.1048666042697188,30,-0.035708333333333356,0.020844155235251554,-0.042894722222222216,-0.02818590277777781,30,-0.007317070833333598,0.007635615171983134,-0.010138744583333926,-0.004735516979166601,30,0.9891285149649314,0.011207496018858619,0.9849130241347843,0.9928764490887261,30,-0.02075288095238054,0.02183061851565316,-0.028849440773809402,-0.013514380654761484,30,0.004883333333333334,0.06191257508796568,-0.015517083333333332,0.027384166666666657,30,0.6666666666666666,0.47946330148538413,0.5,0.8333333333333334,30,-31.35555555555555,18.74278422243303,-37.7622361111111,-24.469930555555553,True
0.35,0.95,grid_cnn_ppo,left_if_safe,30,0.6,0.0,30,0.2409,0.5594828338557942,0.056395833333333374,0.45058375000000006,30,1.1891717483280686,0.4757868557874423,1.0442534184906278,1.3739247876321747,30,-0.04015,0.0932471389759657,-0.07509638888888885,-0.009649861111111099,30,0.037068095833333564,0.06944829483986305,0.014711206666667042,0.06324850625000032,30,1.0756903366655912,0.1563157119423014,1.0277334297976113,1.1355861754101333,30,0.1060809166666662,0.19880028085938983,0.04281819255952318,0.1822112940476192,30,-0.07403333333333334,0.16334841825719168,-0.13341708333333335,-0.020482083333333356,30,0.5,1.1670771035014103,0.1,0.9333333333333333,30,-99.41333333333333,277.1971052189442,-209.33201388888887,-20.93984722222223,True
0.35,0.95,grid_cnn_ppo,noop,30,1.0,0.0,30,0.7188166666666668,0.15493872444722573,0.6661825,0.7737033333333335,30,1.368340808657902,0.0767513053195952,1.3420141088989563,1.3957044631971256,30,-0.11980277777777777,0.025823120741204277,-0.1290001388888889,-0.11082222222222224,30,-0.006295270833333392,0.007953693106434359,-0.009231560937500237,-0.0036285221874996555,30,0.9906427886731201,0.011748814616301907,0.9863333231939458,0.994560879717571,30,-0.017473047619048006,0.022729661068757737,-0.0257260339285721,-0.009877312797620452,30,-0.05698333333333332,0.05698842643139427,-0.07671666666666667,-0.03655,30,1.7333333333333334,0.44977644510880355,1.5666666666666667,1.8666666666666667,30,-136.4,24.87664240135213,-145.09280555555554,-127.49473611111111,True
0.35,0.95,left_if_safe,baseline1_hdv,30,0.8666666666666667,0.0,30,0.5056833333333334,0.5243542248908839,0.3091,0.6762679166666665,30,1.2642241399794036,0.27282323631416067,1.1649285359605912,1.3543537008352946,30,-0.08428055555555555,0.08739237081514732,-0.11323416666666664,-0.05201388888888889,30,-0.04343872500000003,0.07127452727779278,-0.07072168760416636,-0.02046477083333342,30,0.9354412598077114,0.10609151079753204,0.8965070858690496,0.9699437545650135,30,-0.12374944047619024,0.20399054064316902,-0.19930341279761926,-0.05863527678571376,30,0.03555,0.1701887061166374,-0.020967083333333313,0.10008416666666664,30,1.3666666666666667,1.1290317283753193,0.9333333333333333,1.7333333333333334,30,-47.692222222222235,277.1071635499106,-126.25612499999998,66.08406944444427,True
0.35,0.95,left_if_safe,baseline2_matched,30,0.6666666666666666,0.0,30,-0.02664999999999995,0.5601576155961328,-0.23503583333333328,0.1616183333333333,30,0.9934159933124107,0.22254791766011264,0.9100272038178332,1.0657987584528605,30,0.00444166666666664,0.09335960259935545,-0.02664736111111114,0.039758333333333305,30,-0.044385166666667156,0.07253937931866251,-0.07130168322916733,-0.020970942708333797,30,0.9343078364096778,0.10719618095496303,0.8939955132803049,0.9683325200391454,30,-0.12683379761904673,0.20763938946539306,-0.20426931041666638,-0.05891845208333207,30,0.07891666666666668,0.18837751363599148,0.018780833333333358,0.15065499999999993,30,0.16666666666666666,1.2887666740841357,-0.3,0.6,30,68.05777777777776,279.27681699728106,-10.017902777777774,181.45088888888884,False
0.35,0.95,left_if_safe,noop,30,0.8666666666666667,0.0,30,0.4779166666666667,0.5295742936276877,0.28205958333333336,0.6508704166666668,30,1.2469682113849103,0.27233307404419843,1.1446141260401055,1.3356575098133319,30,-0.07965277777777778,0.08826238227128129,-0.10822847222222218,-0.04724076388888888,30,-0.04336336666666696,0.07171056818072713,-0.06991272645833338,-0.020416494062500092,30,0.9356109946782815,0.10639259401688081,0.8945944728265542,0.9686258426280528,30,-0.12355396428571422,0.20524095498535896,-0.20201144047618985,-0.05843839910714266,30,0.017050000000000003,0.16947756183494392,-0.03796708333333334,0.07958374999999998,30,1.2333333333333334,1.1351236704106018,0.8,1.6,30,-36.98666666666665,276.2413670015986,-113.88633333333331,76.21286111111107,True
0.35,0.95,node_mlp_ppo,baseline1_hdv,30,1.0,0.0,30,0.7244333333333335,0.17113740866239086,0.6648991666666666,0.7846199999999999,30,1.3772517726821474,0.09011771123973454,1.345160382374264,1.4084588598040497,30,-0.1207388888888889,0.0285229014437318,-0.13088618055555556,-0.11087208333333334,30,-0.012105970833333238,0.013408115953725354,-0.017336411041666618,-0.00801498729166671,30,0.9819819945880447,0.019739903720063432,0.9743498606231881,0.9879165741127437,30,-0.034071035714285824,0.0383472881376937,-0.049588076488095385,-0.022720004464285754,30,-0.026166666666666658,0.055596193948949386,-0.0451,-0.006216249999999997,30,1.8,0.48423419811150237,1.6333333333333333,1.9666666666666666,30,-142.50555555555556,27.245755524946617,-152.0222361111111,-132.91148611111115,True
0.35,0.95,node_mlp_ppo,baseline2_matched,30,0.9,0.0,30,0.1921000000000002,0.14111009397165628,0.14068291666666674,0.24158416666666677,30,1.0784788097084037,0.05814411712537766,1.0581162481049005,1.0987092252752988,30,-0.032016666666666714,0.02351834899527604,-0.040419513888888946,-0.02378333333333338,30,-0.013052412500000369,0.014137595490437714,-0.01847856062500069,-0.008857665625000084,30,0.9806119038684348,0.020641160370696097,0.9723329481680529,0.9866018229433402,30,-0.03715539285714233,0.04044992778111829,-0.05321683214285663,-0.025355080357143726,30,0.0172,0.06323636557420487,-0.004017916666666661,0.04005041666666667,30,0.6,0.563241847975046,0.4,0.8,30,-26.755555555555556,22.666890775317615,-34.487138888888886,-18.426652777777775,True
0.35,0.95,node_mlp_ppo,grid_cnn_ppo,30,0.4666666666666667,0.0,30,-0.022149999999999965,0.15491043852987202,-0.07820083333333333,0.03077083333333333,30,0.9932919540732363,0.058049223478139025,0.9729473299171294,1.0139058941793546,30,0.0036916666666666448,0.025818406421645332,-0.005055972222222243,0.01300923611111109,30,-0.005735341666666771,0.009874555867627699,-0.009498868020833598,-0.0026156579166667303,30,0.9913421833788066,0.015030591284097151,0.9854910796749768,0.9961472089080857,30,-0.01640251190476179,0.028298945900954855,-0.027449828869046653,-0.007304056547620034,30,0.012316666666666665,0.058145993922156004,-0.007950416666666666,0.03266666666666667,30,-0.06666666666666667,0.639683829949492,-0.3,0.16666666666666666,30,4.600000000000002,24.45399073434127,-4.136416666666656,13.371555555555547,False
0.35,0.95,node_mlp_ppo,left_if_safe,30,0.5666666666666667,0.0,30,0.21875000000000006,0.5499383311821866,0.03964000000000013,0.4241837500000001,30,1.1787128829505598,0.47106418075677664,1.0359263340053946,1.3589673251052177,30,-0.036458333333333356,0.0916563885303644,-0.07183659722222224,-0.0063871527777778206,30,0.031332754166666796,0.07074137464716392,0.009047608333333042,0.05919121197916698,30,1.0666104858425818,0.15883777599406906,1.017542387952606,1.1282446101579477,30,0.08967840476190443,0.20249151880104543,0.025321233928572152,0.1672157184523792,30,-0.06171666666666666,0.16029174281943517,-0.12135125,-0.01031625000000001,30,0.43333333333333335,1.222866427231762,0.03333333333333333,0.9,30,-94.81333333333333,280.0096356237507,-206.73356944444438,-15.889444444444452,True
0.35,0.95,node_mlp_ppo,noop,30,1.0,0.0,30,0.6966666666666668,0.16292749251152172,0.6381991666666665,0.7530008333333335,30,1.3573151607073148,0.08316464133437736,1.3278046755492907,1.3864307253254633,30,-0.11611111111111111,0.027154582085253606,-0.12547520833333337,-0.10651659722222222,30,-0.012030612500000164,0.013743977971222402,-0.017458130937500583,-0.008044012395833402,30,0.9820961985824734,0.02013088381284746,0.9741747517132583,0.9879022221403881,30,-0.0338755595238098,0.0393091333867433,-0.049231765773809416,-0.022537861607143602,30,-0.04466666666666666,0.05484953294575823,-0.06326708333333335,-0.02493291666666666,30,1.6666666666666667,0.4794633014853841,1.5,1.8333333333333333,30,-131.8,24.504675447227335,-140.50781944444446,-123.12459722222223,True
0.35,0.95,noop,baseline1_hdv,30,0.8666666666666667,0.0,30,0.027766666666666644,0.029853877855121374,0.01775,0.038750416666666634,30,1.0145507482917384,0.015671462249516897,1.009086392759775,1.0202157475227478,30,-0.004627777777777775,0.004975646309186886,-0.0064249999999999915,-0.00295833333333334,30,-7.53583333330754e-05,0.004306411286171129,-0.0016723954166665623,0.0013254518750004268,30,0.999912708530997,0.006333457717797463,0.9974706938844189,1.00195121921247,30,-0.00019547619047602567,0.012294806020372967,-0.005010407142856917,0.00377748898809545,30,0.018500000000000006,0.03191853855439306,0.00863291666666667,0.030916666666666683,30,0.13333333333333333,0.34574590364176044,0.03333333333333333,0.26666666666666666,30,-10.705555555555561,12.475910376362492,-15.186388888888885,-6.422152777777791,True
0.35,0.95,noop,baseline2_matched,30,0.0,0.0,30,-0.5045666666666667,0.09008020691673015,-0.5367179166666667,-0.4728995833333334,30,0.7954096370413456,0.028934592826540477,0.7852721164682703,0.8058005187824832,30,0.0840944444444444,0.01501336781945503,0.0789054861111111,0.08939444444444442,30,-0.0010218000000002058,0.0036259437856720022,-0.0023035829166670593,0.00023758999999989842,30,0.9984913505084592,0.005383177267706572,0.9965822534256102,1.0003917341835833,30,-0.003279833333332534,0.01037157494643699,-0.006967431845237036,0.00026448869047667893,30,0.06186666666666667,0.04105377745930527,0.048315833333333336,0.07705,30,-1.0666666666666667,0.5208304597621879,-1.2333333333333334,-0.9,30,105.04444444444445,18.874793817012623,98.20590277777778,111.33227777777778,False
0.35,1.0,baseline2_matched,baseline1_hdv,30,1.0,0.0,30,0.7369833333333333,0.14037317771920851,0.6898495833333335,0.788085,30,1.3839516801094736,0.0749179157195856,1.358405067261175,1.4120265480522933,30,-0.12283055555555553,0.023395529619868086,-0.13146951388888886,-0.1150717361111111,30,-0.0001548291666665813,0.007183414882972483,-0.002864151875000032,0.002202817708333281,30,0.999828373809948,0.010516241267066044,0.9959047309440571,1.0032359298531601,30,8.404761904761878e-05,0.020565311821814213,-0.007698501785713662,0.006765639285713801,30,-0.03545000000000001,0.07298787688660216,-0.060500000000000005,-0.01024958333333333,30,1.9666666666666666,0.319841914974746,1.8666666666666667,2.066666666666667,30,-144.745,20.24530083596431,-152.05452777777776,-137.87275,True
0.35,1.0,graph_ppo,baseline1_hdv,30,1.0,0.0,30,2.2992166666666667,0.6976475580333418,2.07174875,2.55698875,30,2.1956492194865205,0.3582568093855282,2.072752032008747,2.3267138714480287,30,-0.3832027777777778,0.11627459300555697,-0.42656715277777785,-0.34283881944444444,30,-0.00764854583333359,0.0037253360405132816,-0.009017105833333662,-0.006377114687499824,30,0.9885802940058673,0.005452239178479871,0.986624573180872,0.9904503059923642,30,-0.020210690476190233,0.010541878861929001,-0.02402505565476103,-0.0166391247023806,30,-0.1043,0.06227962527294084,-0.12546708333333334,-0.08146624999999999,30,4.866666666666666,1.4558640835892123,4.366666666666666,5.4,30,-276.2983994708995,35.28886991929545,-288.88938347763343,-264.10386204304956,True
0.35,1.0,graph_ppo,baseline2_matched,30,1.0,0.0,30,1.5622333333333331,0.6159068689861867,1.3573320833333336,1.7892008333333336,30,1.5825762142388202,0.21455222515573785,1.511729138544072,1.6621265150725326,30,-0.26037222222222217,0.10265114483103112,-0.29770125000000003,-0.22608284722222222,30,-0.007493716666667009,0.006067438376135669,-0.009606635104167203,-0.00534262895833365,30,0.9888279871232097,0.008953591853831457,0.9857402483614071,0.9919863811246584,30,-0.020294738095237852,0.01745814641729554,-0.02631083809523851,-0.014059053273809779,30,-0.06885000000000001,0.06968873529908694,-0.09498374999999999,-0.04583291666666669,30,2.9,1.3222238320605804,2.466666666666667,3.3666666666666667,30,-131.55339947089948,26.20765175914849,-141.3789448953824,-122.69744910413658,True
0.35,1.0,graph_ppo,grid_cnn_ppo,30,0.7333333333333333,0.0,30,0.14944999999999997,0.30201553825064636,0.046213749999999935,0.2566670833333334,30,1.036878914769525,0.0687538864354656,1.0128459880021832,1.0613020306857368,30,-0.02490833333333333,0.05033592304177439,-0.04282243055555555,-0.007390902777777785,30,-0.0026133750000004135,0.003306153366197419,-0.0037717351041673375,-0.001425086666667131,30,0.9960613752733173,0.004959463925176329,0.994313657177746,0.9978011101065178,30,-0.007360035714285296,0.00961362169117465,-0.010742869642857082,-0.004013627380951605,30,-0.014733333333333336,0.04295260686828691,-0.02988375,0.00019999999999999359,30,0.26666666666666666,0.7396799556440673,0.0,0.5333333333333333,30,-6.721461038961039,14.552007675794055,-11.613285383597894,-1.457040253727758,True
0.35,1.0,graph_ppo,left_if_safe,30,0.16666666666666666,0.6666666666666666,30,0.03434999999999997,0.3928507251379069,-0.08883541666666665,0.18346708333333325,30,1.018771404078077,0.13739465150621788,0.9816379083970829,1.0740892339707697,30,-0.005724999999999998,0.06547512085631782,-0.030690486111111092,0.01460569444444444,30,0.005910879166666396,0.029368564504985272,-0.0005579256250002688,0.01742520947916637,30,1.0116154097588386,0.05862140516689632,0.9991647690785465,1.0339849547919615,30,0.016912761904762083,0.08413217342234282,-0.0015058244047616558,0.049689283035714044,30,-0.00235,0.06321626127552285,-0.02705041666666666,0.017500416666666657,30,0.16666666666666666,0.912870929175277,-0.13333333333333333,0.5333333333333333,30,-5.578341750841752,40.181513334938884,-21.51082178932179,4.433246272246268,False
0.35,1.0,graph_ppo,node_mlp_ppo,30,0.4,0.0,30,0.07939999999999996,0.4074694911363262,-0.049737500000000094,0.23533916666666654,30,1.0208499797851969,0.09902840774443492,0.9887259390063833,1.058495171604757,30,-0.013233333333333326,0.06791158185605435,-0.03858631944444443,0.008638958333333351,30,0.0008332749999994338,0.005460555189126193,-0.0009086907291669684,0.0028877316666663256,30,1.0012907658030894,0.008338881778589198,0.9987071019291629,1.0045023835590345,30,0.0024375000000011657,0.015869172460173334,-0.0025481276785688464,0.008531584226191428,30,-0.004583333333333337,0.05687313215323682,-0.02650041666666666,0.01405,30,0.13333333333333333,0.9371024061116424,-0.16666666666666666,0.4666666666666667,30,-2.828612313612312,19.988280700390643,-10.2229157046657,3.9086041065416017,False
0.35,1.0,graph_ppo,noop,30,1.0,0.0,30,2.2646,0.6782148016973526,2.0436608333333335,2.5156925,30,2.153786216888132,0.32684709083137914,2.04228377911447,2.267735121847943,30,-0.3774333333333333,0.1130358002828921,-0.4177282638888889,-0.3388554861111111,30,-0.006524045833333573,0.0044333190860865535,-0.008155680520833859,-0.005042999895833114,30,0.9902409200667939,0.006512337979646561,0.9878935068176503,0.9924134073159553,30,-0.0170225595238088,0.01275092533245897,-0.02154889821428408,-0.012656523511904778,30,-0.1305333333333333,0.06973075477090104,-0.15490083333333335,-0.10626666666666668,30,4.7,1.2635472781569872,4.266666666666667,5.166666666666667,30,-268.0845105820106,34.55817596270463,-280.44828977272726,-256.2562291666667,True
0.35,1.0,grid_cnn_ppo,baseline1_hdv,30,1.0,0.0,30,2.1497666666666664,0.6123319013992855,1.940282083333333,2.376409583333332,30,2.118702792139578,0.3171485566108462,2.008890230164898,2.233947504415415,30,-0.35829444444444436,0.10205531689988093,-0.39508659722222217,-0.32339430555555543,30,-0.005035170833333176,0.004589713195636051,-0.006689369062499485,-0.0034494933333329763,30,0.9925087792749612,0.0067410529794552755,0.9900805006970032,0.9948465345328139,30,-0.012850654761904938,0.013036106061689562,-0.01759948125000087,-0.008308161309524456,30,-0.08956666666666667,0.054638267083474176,-0.10873333333333335,-0.07013250000000001,30,4.6,1.3287276776598393,4.166666666666667,5.1,30,-269.5769384319384,33.14422165337197,-281.3696025132275,-258.0435804473304,True
0.35,1.0,grid_cnn_ppo,baseline2_matched,30,1.0,0.0,30,1.4127833333333333,0.5294245686125406,1.2320320833333334,1.6097062500000003,30,1.527359071876821,0.18472069041255676,1.4659755439515054,1.5935596482794872,30,-0.2354638888888889,0.0882374281020901,-0.2683058333333333,-0.20586062500000002,30,-0.004880341666666595,0.005686948912571204,-0.006913568229166531,-0.002931286562500177,30,0.9927447528001416,0.008354250395379301,0.9897626069399401,0.9956475477813285,30,-0.012934702380952557,0.016326802395746864,-0.018742328869048114,-0.007236020238095667,30,-0.05411666666666666,0.0649963769989413,-0.07703333333333333,-0.032,30,2.6333333333333333,1.2452207485597395,2.2,3.1,30,-124.8319384319384,25.111664500490836,-134.01899062049063,-116.17232407407406,True
0.35,1.0,grid_cnn_ppo,left_if_safe,30,0.2,0.0,30,-0.11510000000000002,0.5054433083255079,-0.2687212499999999,0.0793287499999997,30,0.988944088291054,0.18027630134302045,0.9428780882153418,1.0619020354597142,30,0.019183333333333333,0.08424055138758466,-0.014125138888888902,0.04546812499999998,30,0.008524254166666809,0.03112857015197337,0.0016499132291668273,0.02059116739583348,30,1.0157830042717866,0.06235300681820957,1.0026452027546446,1.0402098068991297,30,0.024272797619047378,0.08924504554095683,0.0046531446428573365,0.05912228720238012,30,0.012383333333333333,0.07764560108477551,-0.017700833333333322,0.03643333333333333,30,-0.1,1.061878621546056,-0.43333333333333335,0.3,30,1.1431192881192875,48.09598717371837,-18.4533783970659,12.845109848484846,False
0.35,1.0,grid_cnn_ppo,noop,30,1.0,0.0,30,2.1151500000000003,0.5940539588576805,1.9080258333333335,2.331068333333333,30,2.078774622623684,0.2891408130760607,1.9802100049323883,2.1805384012458093,30,-0.35252499999999987,0.09900899314294673,-0.38846673611111104,-0.3186050000000001,30,-0.003910670833333159,0.004624310665600948,-0.005514240937500055,-0.0022794166666663157,30,0.9941703520639973,0.006842810935892934,0.9917872612728171,0.9965455975233871,30,-0.009662523809523505,0.013232169611645578,-0.014376349404760985,-0.004942315178571772,30,-0.1158,0.05769832364743483,-0.13568333333333332,-0.09584791666666669,30,4.433333333333334,1.19433528860584,4.033333333333333,4.866666666666666,30,-261.3630495430495,32.839396019490714,-272.92061676286676,-249.7872368626744,True
0.35,1.0,left_if_safe,baseline1_hdv,30,1.0,0.0,30,2.2648666666666672,0.7560700562018425,2.002710416666667,2.538856666666666,30,2.1772890589238707,0.3858487629463694,2.0429674962797693,2.3123614847288914,30,-0.3774777777777778,0.12601167603364044,-0.4213152777777778,-0.3353044444444444,30,-0.013559424999999986,0.029287824131769443,-0.02524709083333337,-0.006874766250000218,30,0.9796794179448921,0.0440744933975296,0.9620423432232282,0.9896894679412362,30,-0.03712345238095231,0.08391982205811592,-0.07005529940476159,-0.017986672619047465,30,-0.10194999999999997,0.08398771975095835,-0.12960041666666666,-0.07123166666666668,30,4.7,1.622046387363389,4.133333333333334,5.3,30,-270.7200577200577,55.10375430667581,-288.49238053150555,-249.23215683621933,True
0.35,1.0,left_if_safe,baseline2_matched,30,0.9666666666666667,0.0,30,1.5278833333333333,0.6977292687506124,1.2810641666666667,1.77420875,30,1.5708772757963336,0.24548929250620488,1.484840036979432,1.657604541863724,30,-0.2546472222222222,0.11628821145843542,-0.29580986111111107,-0.21366368055555557,30,-0.013404595833333404,0.030912255050109964,-0.02578745260416639,-0.006068910625000288,30,0.9800062970520762,0.046020865810120354,0.9616058457212209,0.990952125537643,30,-0.037207499999999935,0.08859250621745926,-0.07285757232142877,-0.016091884523809327,30,-0.06649999999999999,0.09187735453234419,-0.09856666666666664,-0.03308291666666666,30,2.7333333333333334,1.507071454117585,2.2,3.2666666666666666,30,-125.97505772005772,49.72099080985956,-140.47756622775373,-106.326216991342,True
0.35,1.0,left_if_safe,noop,30,1.0,0.0,30,2.23025,0.7411034846767353,1.9700450000000003,2.498066666666667,30,2.1362656275776883,0.3627011259360834,2.011449283302898,2.2663377929355724,30,-0.3717083333333333,0.12351724744612252,-0.4161177083333332,-0.3289078472222222,30,-0.012434924999999968,0.02936838640539613,-0.0241915616666668,-0.005475424791666893,30,0.9813237124048281,0.044310466988089305,0.9632686623475396,0.9917378841610152,30,-0.033935321428570885,0.08416894349409597,-0.06770832827380943,-0.014084443749999799,30,-0.12818333333333332,0.09067281873566777,-0.15978416666666667,-0.0964666666666667,30,4.533333333333333,1.4793599112881344,4.033333333333333,5.033333333333333,30,-262.5061688311688,53.98422808530689,-279.7588841991342,-241.39743007455505,True
0.35,1.0,node_mlp_ppo,baseline1_hdv,30,1.0,0.0,30,2.2198166666666665,0.6280391554251425,2.0123975,2.45245,30,2.1556695278638314,0.32801243320678825,2.048119100087675,2.276363395350225,30,-0.3699694444444444,0.10467319257085712,-0.40869749999999994,-0.3354527083333334,30,-0.008481820833333023,0.006622313947810487,-0.010863260624999486,-0.006293507812499299,30,0.9873708127931865,0.009740233174882347,0.9837638297554887,0.9906171083783172,30,-0.022648190476191397,0.01891798261032192,-0.029764920535715434,-0.01637742321428583,30,-0.09971666666666665,0.0585686575198558,-0.12101666666666665,-0.07926625,30,4.733333333333333,1.412587094253156,4.266666666666667,5.266666666666667,30,-273.46978715728716,32.05177194775552,-284.92009364478116,-262.7092630170755,True
0.35,1.0,node_mlp_ppo,baseline2_matched,30,1.0,0.0,30,1.4828333333333332,0.5731307898716057,1.2943129166666665,1.6949024999999998,30,1.5558830550598486,0.20712059816982226,1.4883308533726736,1.6327275496241578,30,-0.24713888888888894,0.0955217983119343,-0.28325326388888894,-0.21635833333333335,30,-0.008326991666666443,0.008050225622235382,-0.011341813437499897,-0.005616843333333007,30,0.9876153406365916,0.011770326174571277,0.9832672757539187,0.9916030030298553,30,-0.022732238095239016,0.02316114849681529,-0.03116074464285827,-0.014919251488096232,30,-0.06426666666666667,0.07970297590313734,-0.09248333333333332,-0.0362825,30,2.7666666666666666,1.3565507307349294,2.3333333333333335,3.2666666666666666,30,-128.72478715728715,26.367380023890217,-138.33996645021648,-120.00380690836941,True
0.35,1.0,node_mlp_ppo,grid_cnn_ppo,30,0.6,0.0,30,0.07005000000000003,0.2765404612785224,-0.02946666666666659,0.16687333333333326,30,1.0198194495838868,0.06687370091357829,0.9960230658938276,1.0435340912691733,30,-0.011675000000000007,0.04609007687975374,-0.02819180555555555,0.004327847222222204,30,-0.0034466499999998477,0.00404743427461507,-0.004919218645833147,-0.002097457187499806,30,0.9948163949234453,0.0060765684355949395,0.9925864490719135,0.9968547790527943,30,-0.009797535714286461,0.011731100515418275,-0.014043047619047677,-0.005844778571429083,30,-0.01015,0.045024734581537856,-0.02585124999999999,0.0060833333333333295,30,0.13333333333333333,0.7760791522613609,-0.13333333333333333,0.4,30,-3.8928487253487276,15.118247154455453,-9.352067069504573,1.4676133357383256,False
0.35,1.0,node_mlp_ppo,left_if_safe,30,0.5,0.0,30,-0.04504999999999999,0.592918371860457,-0.25098374999999995,0.1685225,30,1.007885085516277,0.18635958904097205,0.95455909378301,1.081784173532906,30,0.007508333333333328,0.0988197286434095,-0.029549305555555558,0.04103722222222222,30,0.005077604166666962,0.031136035650793616,-0.002429856979166314,0.017697424895833435,30,1.0104898687051367,0.06162311266365499,0.9964603732082542,1.0346587732768968,30,0.014475261904760917,0.08929378242098343,-0.007006934523810279,0.04988260863095163,30,0.0022333333333333363,0.08263178954662763,-0.029283333333333328,0.0292,30,0.03333333333333333,1.2994251602637363,-0.4,0.5,30,-2.74972943722944,49.12189746830818,-22.559388528138534,10.913606180856176,False
0.35,1.0,node_mlp_ppo,noop,30,1.0,0.0,30,2.1852,0.6058925391234962,1.9848241666666668,2.4113125,30,2.1144422910021485,0.29291425937422966,2.016646083926469,2.220357331421488,30,-0.36419999999999997,0.10098208985391603,-0.4017813194444444,-0.33074951388888896,30,-0.007357320833333006,0.00607548575641398,-0.009612471666666652,-0.00532175989583274,30,0.9890157794183432,0.008947211019262602,0.9857678668667568,0.9920484410447609,30,-0.019460059523809966,0.01740344209603349,-0.02583776369047609,-0.013674613690476829,30,-0.12594999999999998,0.05743772489731214,-0.14530083333333335,-0.10594916666666666,30,4.566666666666666,1.250746903290971,4.133333333333334,5.0,30,-265.25589826839825,30.45071044930087,-276.04704665704674,-254.82034827441072,True
0.35,1.0,noop,baseline1_hdv,30,0.8333333333333334,0.0,30,0.03461666666666666,0.04418450409701177,0.01949875000000002,0.050517083333333324,30,1.0181752729053104,0.023145813476385578,1.0103670821355006,1.026379087280619,30,-0.005769444444444442,0.007364084016168634,-0.008394444444444446,-0.0032861111111111008,30,-0.0011245000000000172,0.004591202356536478,-0.002786397916666681,0.0005081784375001741,30,0.998351393598106,0.00676327586425062,0.9959524711856538,1.000766022828576,30,-0.0031881309523814332,0.013123223055439347,-0.007763825000000611,0.0014692086309518089,30,0.026233333333333338,0.03748740784752177,0.013149583333333338,0.03935041666666667,30,0.16666666666666666,0.4611330373774141,0.0,0.3333333333333333,30,-8.213888888888892,13.515772029390225,-13.07506944444445,-3.5555555555555696,True
0.35,1.0,noop,baseline2_matched,30,0.0,0.0,30,-0.7023666666666667,0.13327117372907932,-0.7506341666666667,-0.6574829166666667,30,0.7374194627681184,0.0364877463783706,0.7242811791706163,0.7499991917070927,30,0.11706111111111109,0.022211862288179864,0.10961104166666666,0.12528624999999996,30,-0.0009696708333334358,0.006138676966252414,-0.0031002010416664744,0.0012488607291666802,30,0.9985946308997079,0.009094448554879358,0.9953285295681691,1.001774641986171,30,-0.003272178571429052,0.017589654332450282,-0.009445932738095936,0.0029957035714277707,30,0.06168333333333334,0.06579546197187125,0.03966583333333335,0.08623499999999996,30,-1.8,0.4068381021724863,-1.9333333333333333,-1.6333333333333333,30,136.5311111111111,18.710650015705408,129.97493055555557,143.0512222222222,False
0.4,0.9,baseline2_matched,baseline1_hdv,30,1.0,0.0,30,0.3338333333333334,0.060467622190171634,0.3126658333333333,0.35518458333333336,30,1.2201926573542967,0.04205082598288445,1.205251637981926,1.2347891410258418,30,-0.0556388888888889,0.010077937031695258,-0.05926673611111112,-0.05210277777777779,30,0.002192229166667096,0.0011156291333755475,0.001795495729167089,0.0025872289583336746,30,1.0036331154613796,0.0018476469146183588,1.0029777596966332,1.0042720849444713,30,0.005689218749999059,0.002790532737245547,0.00469969843749947,0.006651697395832416,30,-0.05053333333333334,0.022277224078499504,-0.0582,-0.04264958333333334,30,0.23333333333333334,0.4301830671520762,0.1,0.4,30,-116.93888888888888,23.57735630904422,-125.22222222222223,-108.85527777777781,True
0.4,0.9,graph_ppo,baseline1_hdv,30,0.9,0.0,30,0.2773666666666666,0.15326126742250964,0.2190975,0.3270841666666666,30,1.1827941476171806,0.1015434191775055,1.1451732186942167,1.2157866664655708,30,-0.0462277777777778,0.025543544570418287,-0.05443340277777779,-0.03673013888888889,30,-0.010887204166666475,0.02464376431478936,-0.02052590968749983,-0.0031586080208329983,30,0.9819597696028767,0.04084152781384565,0.9660281172027242,0.9947018089528141,30,-0.02704465625000009,0.06168739245982469,-0.050717319010417254,-0.007872094010416462,30,-0.03401666666666666,0.03513139948657123,-0.045899999999999976,-0.021232916666666667,30,0.13333333333333333,0.5074162634049248,-0.03333333333333333,0.3,30,-86.37222222222222,84.13731345820497,-112.04458333333335,-53.11055555555555,True
0.4,0.9,graph_ppo,baseline2_matched,30,0.4,0.0,30,-0.056466666666666686,0.15273071486890846,-0.11220375,-0.006382083333333373,30,0.9698219771181251,0.08299556684204423,0.9386967124462092,0.9965834776549575,30,0.009411111111111108,0.02545511914481808,0.0011524305555555318,0.01915576388888889,30,-0.013079433333333572,0.024707550354980456,-0.022242268541666808,-0.005268166041666807,30,0.978410810308695,0.04079809266436116,0.9629725688053467,0.9910868069315072,30,-0.03273387499999915,0.06184122719789459,-0.05618524687499941,-0.013334911197915368,30,0.016516666666666676,0.033931341257607696,0.0051833333333333375,0.028983750000000003,30,-0.1,0.30512857662936466,-0.23333333333333334,0.0,30,30.566666666666674,76.12615059621562,6.455555555555562,59.86680555555556,False
0.4,0.9,graph_ppo,grid_cnn_ppo,30,0.3333333333333333,0.0,30,-0.06805000000000001,0.18593609163477054,-0.1382020833333333,-0.005782916666666679,30,0.9659453288276113,0.09869385663078332,0.9288497211385326,0.9989030504551114,30,0.011341666666666679,0.030989348605795105,0.0013554166666666595,0.02265555555555556,30,-0.011106100000000096,0.023741463989702845,-0.020333513541666848,-0.0037106909374999926,30,0.98155148220381,0.03946793804761467,0.9665632452432589,0.9938097630542245,30,-0.027807781249999098,0.05944057045184581,-0.05037682656249926,-0.009416498177083557,30,0.006583333333333338,0.03822823548773533,-0.00650041666666666,0.0207,30,-0.13333333333333333,0.43417248545530474,-0.3,0.0,30,35.48888888888889,80.97681818282346,10.166666666666673,66.05166666666663,False
0.4,0.9,graph_ppo,left_if_safe,30,0.5,0.0,30,0.016016666666666634,0.17528943962394927,-0.04730041666666668,0.07676708333333329,30,1.0136572584961026,0.10485456232441515,0.9760984374633022,1.0509243351467512,30,-0.0026694444444444504,0.029214906603991543,-0.012850138888888916,0.007655624999999999,30,0.0022606374999999588,0.018275191919671193,-0.004168558749999928,0.008773469375000136,30,1.00418972563853,0.03187194244350547,0.9933071214032857,1.0156351796026646,30,0.005661604166667366,0.04576746178890305,-0.010269192447915887,0.021897488802084124,30,-0.011283333333333338,0.05024949533686081,-0.02875041666666667,0.006833749999999994,30,-0.06666666666666667,0.3651483716701107,-0.2,0.06666666666666667,30,6.616666666666669,73.7746925998288,-18.34999999999999,33.3397222222222,False
0.4,0.9,graph_ppo,node_mlp_ppo,30,0.4666666666666667,0.0,30,-0.00811666666666669,0.19306219666627952,-0.07893333333333334,0.056869166666666617,30,0.9999962926444411,0.10668884389749647,0.9612776249781156,1.0356533631902793,30,0.0013527777777777917,0.032177032777713256,-0.00934180555555551,0.013008541666666675,30,-0.004029824999999765,0.025973843822767143,-0.013925315416666341,0.004205117291666673,30,0.993642829701931,0.04352843060299382,0.9771268473619128,1.0075461874204104,30,-0.0100796354166657,0.06503107455739235,-0.035046208593748185,0.010306366927084198,30,0.0023500000000000023,0.0442551672416477,-0.01363333333333333,0.01755041666666667,30,-0.1,0.30512857662936466,-0.23333333333333334,0.0,30,11.186111111111115,77.74720086907138,-14.153541666666651,40.608958333333334,False
0.4,0.9,graph_ppo,noop,30,0.9,0.0,30,0.26366666666666666,0.16121496322555204,0.20276458333333336,0.31546833333333335,30,1.1727201024710352,0.10509945876662269,1.1326514743467142,1.2060680868955662,30,-0.043944444444444446,0.02686916053759201,-0.05253631944444444,-0.03394409722222225,30,-0.011068400000000108,0.024540996547767726,-0.020453112187500257,-0.0034660014583336096,30,0.981660222840262,0.0406592197138877,0.96603149659722,0.9945041474292936,30,-0.027506208333332283,0.061436085574578324,-0.05099203411458276,-0.008315494010416563,30,-0.041816666666666655,0.03682542303367601,-0.053917083333333324,-0.028249583333333335,30,-0.06666666666666667,0.3651483716701107,-0.2,0.06666666666666667,30,-80.66111111111111,85.49033109870693,-107.26708333333335,-47.02763888888887,True
0.4,0.9,grid_cnn_ppo,baseline1_hdv,30,1.0,0.0,30,0.34541666666666665,0.08557483953195319,0.31508249999999993,0.3750508333333334,30,1.22771693409211,0.05757692247543368,1.207168194188018,1.2481896585678256,30,-0.05756944444444448,0.014262473255325543,-0.06251125000000003,-0.05251930555555555,30,0.00021889583333362106,0.002203941041723441,-0.0005632596874995215,0.0009992750000001342,30,1.000363082341532,0.003650101967765287,0.9990664564321639,1.001711402476001,30,0.000763124999999006,0.005514448237025564,-0.0011408244791674023,0.002726870052082286,30,-0.04059999999999998,0.025643914381926678,-0.049567083333333324,-0.03176625000000001,30,0.26666666666666666,0.44977644510880366,0.13333333333333333,0.43333333333333335,30,-121.8611111111111,28.937609042795252,-132.12777777777777,-112.04972222222221,True
0.4,0.9,grid_cnn_ppo,baseline2_matched,30,0.6,0.0,30,0.011583333333333331,0.0896440358357406,-0.019184166666666676,0.04385041666666664,30,1.006804765500627,0.04882249868121781,0.9897179815889534,1.0243955988965594,30,-0.0019305555555555723,0.014940672639290099,-0.0073027777777778064,0.0033027777777777548,30,-0.001973333333333475,0.0023077043611486026,-0.002793944270833348,-0.00115206374999981,30,0.9967440450538091,0.003801774827377997,0.995372672237979,0.9980597685583429,30,-0.004926093750000053,0.005758163738673509,-0.0070151346354178626,-0.002942653906250162,30,0.00993333333333334,0.024832797186220362,0.0011162500000000066,0.018466666666666673,30,0.03333333333333333,0.18257418583505533,0.0,0.1,30,-4.922222222222217,23.63429603170849,-13.544444444444432,3.1,False
0.4,0.9,grid_cnn_ppo,left_if_safe,30,0.6,0.0,30,0.08406666666666666,0.16563330569068221,0.028798749999999988,0.14303375,30,1.0544305747398541,0.10378292218091059,1.0194607323355926,1.0927240417694317,30,-0.01401111111111113,0.02760555094844705,-0.023961597222222252,-0.004555486111111121,30,0.013366737500000055,0.02215644049901928,0.006215500833333315,0.021681848020833106,30,1.0241965011354235,0.04158658671518849,1.01081063700889,1.0401613654931476,30,0.03346938541666646,0.05545946826109949,0.015948989062499492,0.054415495312499035,30,-0.017866666666666677,0.03867792146943011,-0.031950000000000006,-0.004949583333333339,30,0.06666666666666667,0.2537081317024625,0.0,0.16666666666666666,30,-28.872222222222224,61.45477238206394,-51.895277777777764,-9.444166666666678,True
0.4,0.9,grid_cnn_ppo,noop,30,1.0,0.0,30,0.33171666666666677,0.08393990906197919,0.3027495833333333,0.36153375,30,1.2166751873108756,0.05558521656787554,1.1970689540582846,1.235804032940239,30,-0.05528611111111113,0.013989984843663207,-0.060269652777777814,-0.050430486111111124,30,3.769999999998867e-05,0.0017790407232677386,-0.0006025176041668154,0.0006490809375002015,30,1.000062474930719,0.0029461233958762312,0.9990063160932603,1.0010512382462469,30,0.0003015729166668146,0.0044542172945635965,-0.0013294098958332422,0.001824678125000174,30,-0.048399999999999985,0.0275469505165022,-0.058366666666666664,-0.03884999999999999,30,0.06666666666666667,0.2537081317024624,0.0,0.16666666666666666,30,-116.15,31.027992243810967,-127.15,-105.28319444444442,True
0.4,0.9,left_if_safe,baseline1_hdv,30,0.9333333333333333,0.0,30,0.26134999999999997,0.14653075174480118,0.20817750000000004,0.31076708333333336,30,1.1723821539641484,0.09668486635158406,1.137482188621082,1.2053823745982126,30,-0.04355833333333333,0.02442179195746685,-0.051822222222222214,-0.03472493055555556,30,-0.013147841666666434,0.02292921764832745,-0.021761750104166293,-0.005803958645833315,30,0.9782145503737038,0.03801668521545355,0.9640470417248724,0.9903839152854359,30,-0.03270626041666746,0.05739674576346249,-0.055009842968750715,-0.014270980989583721,30,-0.02273333333333332,0.046215897647912216,-0.038150416666666645,-0.005615833333333339,30,0.2,0.48423419811150237,0.03333333333333333,0.36666666666666664,30,-92.9888888888889,65.39865859951243,-113.29444444444447,-68.02222222222224,True
0.4,0.9,left_if_safe,baseline2_matched,30,0.36666666666666664,0.0,30,-0.07248333333333333,0.13569517584323487,-0.12193333333333331,-0.026465833333333338,30,0.9608665032320939,0.07371831622948219,0.9339511027761126,0.986236061865832,30,0.012080555555555558,0.02261586264053914,0.004224722222222226,0.020269722222222182,30,-0.01534007083333353,0.022829965736666704,-0.023976843020833524,-0.008083599895833968,30,0.9746690186003476,0.0377244525711996,0.9602641328556472,0.9865273697560467,30,-0.03839547916666652,0.05714229751435583,-0.059636209374999916,-0.020254792187499673,30,0.027800000000000005,0.044783309698884555,0.012448750000000015,0.043783333333333355,30,-0.03333333333333333,0.18257418583505533,-0.1,0.0,30,23.950000000000003,59.29837453271567,5.322222222222231,46.88374999999999,False
0.4,0.9,left_if_safe,noop,30,0.9333333333333333,0.0,30,0.24765000000000006,0.14528166163317568,0.19456625000000002,0.29701666666666676,30,1.1618348404175558,0.09523165012105478,1.1271664631460885,1.1938820589739287,30,-0.041274999999999985,0.02421361027219594,-0.04958340277777777,-0.032516527777777776,30,-0.013329037500000066,0.0228825792227845,-0.02202043468750006,-0.006011373125000606,30,0.9779199571637186,0.03792365613821808,0.9638775640215402,0.9900716191722206,30,-0.03316781249999965,0.057281102144752585,-0.05435284921874967,-0.014479087239583395,30,-0.030533333333333322,0.04648116662235054,-0.04651749999999998,-0.013897916666666683,30,0.0,0.2626128657194451,-0.1,0.1,30,-87.27777777777777,66.27628999560173,-107.87805555555558,-61.266666666666666,True
0.4,0.9,node_mlp_ppo,baseline1_hdv,30,0.9333333333333333,0.03333333333333333,30,0.2854833333333333,0.13692185559738038,0.23573250000000004,0.33148374999999997,30,1.1886931385289792,0.09113386237965646,1.1551235997306462,1.2186815919551257,30,-0.04758055555555559,0.022820309266230056,-0.05529201388888891,-0.039122222222222267,30,-0.00685737916666671,0.014755597074656486,-0.012480867812500176,-0.0022574362499998726,30,0.9886379623985729,0.024438107488586606,0.9791225329416416,0.9962077880283969,30,-0.016965020833334392,0.03695991456552695,-0.03146900104166705,-0.0055396674479177115,30,-0.03636666666666666,0.03941182505318661,-0.0495508333333333,-0.021883333333333334,30,0.23333333333333334,0.5040069329937308,0.06666666666666667,0.4,30,-97.55833333333334,51.71501793001638,-113.7363888888889,-77.33138888888892,True
0.4,0.9,node_mlp_ppo,baseline2_matched,30,0.36666666666666664,0.0,30,-0.04835,0.12420597117635716,-0.0939508333333333,-0.005000000000000026,30,0.9741515938685501,0.06782720131198257,0.9494192855717073,0.9972574718172771,30,0.008058333333333315,0.020700995196059526,0.000955347222222222,0.015494930555555522,30,-0.009049608333333807,0.01498086955103382,-0.014821933125000221,-0.004477158333333742,30,0.9850695355186542,0.02467676180923976,0.9754425156904595,0.9926842372084573,30,-0.02265423958333345,0.03751420932766062,-0.03700690234375091,-0.01093628854166742,30,0.014166666666666673,0.03261355052981688,0.002966666666666669,0.02630041666666667,30,0.0,0.2626128657194451,-0.1,0.1,30,19.380555555555556,53.53939933628234,1.880555555555558,39.60006944444443,False
0.4,0.9,node_mlp_ppo,grid_cnn_ppo,30,0.3333333333333333,0.0,30,-0.059933333333333325,0.16004545331385325,-0.11963375,-0.007914583333333352,30,0.9700290835982458,0.08270957425575755,0.9392537734517412,0.9977578101597104,30,0.009988888888888887,0.026674242218975564,0.0013191666666666569,0.019819791666666666,30,-0.007076275000000331,0.014277929241490019,-0.012669431562500147,-0.0025403005208330266,30,0.9882670319316802,0.023718724092148927,0.9790772685828697,0.9956619989183865,30,-0.017728145833333396,0.035776296220095004,-0.03163151171875038,-0.006599925260417117,30,0.0042333333333333355,0.03991148251796228,-0.009083749999999998,0.018933749999999982,30,-0.03333333333333333,0.4138409933973337,-0.2,0.1,30,24.30277777777777,61.208747478444195,5.280069444444444,47.71395833333332,False
0.4,0.9,node_mlp_ppo,left_if_safe,30,0.5666666666666667,0.0,30,0.024133333333333326,0.17100312224077066,-0.03573333333333332,0.08533458333333327,30,1.0193266516849717,0.10412772822752078,0.9834162870682679,1.0573666940703785,30,-0.004022222222222242,0.028500520373461773,-0.014480902777777782,0.00568895833333332,30,0.006290462499999723,0.02805871690451529,-0.0031324606250001763,0.016453611666666156,30,1.0123174376885073,0.0507629898947868,0.9957752285495975,1.0304436548546463,30,0.015741239583333066,0.07023812275008516,-0.008462481510416573,0.04093672005208327,30,-0.013633333333333336,0.05334741911692432,-0.03251708333333332,0.0050333333333333246,30,0.03333333333333333,0.31984191497474607,-0.06666666666666667,0.16666666666666666,30,-4.569444444444447,81.64850279863839,-33.62791666666667,22.881041666666654,False
0.4,0.9,node_mlp_ppo,noop,30,0.9666666666666667,0.0,30,0.2717833333333334,0.12754909016648783,0.22541541666666676,0.31421708333333337,30,1.1775527726189516,0.08340795478073232,1.146453804280368,1.2055943485662204,30,-0.04529722222222223,0.021258181694414645,-0.052358333333333354,-0.03740555555555559,30,-0.007038575000000343,0.014529848538669567,-0.01267633093750045,-0.002537414687500763,30,0.9883343407837374,0.024070908399085614,0.9792318098139065,0.9957714055690361,30,-0.017426572916666584,0.036393240873086055,-0.03161386874999953,-0.006241933593750384,30,-0.04416666666666666,0.038018673572731136,-0.05679999999999999,-0.030533333333333315,30,0.03333333333333333,0.31984191497474607,-0.06666666666666667,0.13333333333333333,30,-91.84722222222223,54.243968198202566,-108.75284722222223,-70.16638888888892,True
0.4,0.9,noop,baseline1_hdv,30,0.7333333333333333,0.03333333333333333,30,0.013699999999999957,0.02787397748240562,0.004132499999999953,0.023733333333333287,30,1.009185876863663,0.01850917137694018,1.0029064555324267,1.016034572898809,30,-0.0022833333333333447,0.004645662913734255,-0.0039861111111111165,-0.0006583333333333496,30,0.0001811958333336324,0.001125633937615888,-0.00017389510416659183,0.000617404479167215,30,1.0003000327052605,0.0018637186780048184,0.9997244556038748,1.0010006406268415,30,0.0004615520833321914,0.0028154595999901177,-0.00042327812500101363,0.0015309700520816161,30,0.0078,0.012887176197477389,0.0033499999999999992,0.012333333333333337,30,0.2,0.48423419811150237,0.03333333333333333,0.36666666666666664,30,-5.711111111111109,16.085555104317926,-11.41680555555555,-0.06652777777776865,True
0.4,0.9,noop,baseline2_matched,30,0.0,0.0,30,-0.3201333333333333,0.050769922764086095,-0.33784999999999993,-0.30213291666666664,30,0.8277323227949533,0.023366820743487483,0.8194348105122269,0.8357293203805118,30,0.05335555555555556,0.008461653794014352,0.05037763888888886,0.0564111111111111,30,-0.0020110333333334634,0.0012600489543608175,-0.002444729166666928,-0.0015524241666668296,30,0.9966810377087064,0.0020765196109497628,0.9959791789677436,0.9974309296607932,30,-0.005227666666666867,0.0031472665682549562,-0.006317439843750316,-0.004083920833333028,30,0.058333333333333334,0.024580035820143557,0.04971625,0.06710041666666665,30,-0.03333333333333333,0.18257418583505533,-0.1,0.0,30,111.22777777777777,23.22365368922134,103.18319444444444,119.35569444444445,False
0.4,0.95,baseline2_matched,baseline1_hdv,30,1.0,0.0,30,0.38321666666666665,0.06932590242561897,0.35884916666666666,0.4069679166666667,30,1.2527876810671268,0.048299725966526784,1.235470314763577,1.269576556330005,30,-0.06386944444444445,0.011554317070936477,-0.06783340277777777,-0.059774861111111105,30,0.0018033208333335844,0.0009830454552643,0.0014800329166669453,0.0021703151041669463,30,1.0029883761616667,0.0016296084260117682,1.0024644715637072,1.0035931895734165,30,0.0047478124999997375,0.002470039861096787,0.0039237182291667495,0.0056645026041656265,30,-0.04746666666666666,0.026005613894368812,-0.05686708333333331,-0.03851666666666666,30,0.23333333333333334,0.4301830671520762,0.1,0.4,30,-130.39444444444445,23.879064851590456,-138.61694444444444,-121.93333333333332,True
0.4,0.95,graph_ppo,baseline1_hdv,30,1.0,0.0,30,0.4982833333333333,0.10422668294051003,0.4615325,0.5358333333333333,30,1.3282211873428582,0.06957461051689896,1.3037229796260552,1.3527900934984727,30,-0.0830472222222222,0.017371113823418327,-0.08914180555555555,-0.07695819444444442,30,-0.00482094583333302,0.006828684802127735,-0.0073759572916662465,-0.0025748420833330145,30,0.9920118740783447,0.011319913994546982,0.987720345040903,0.9957610884213739,30,-0.0117409375000003,0.017064273831787397,-0.017981133333332722,-0.006255409374999897,30,-0.06416666666666666,0.04363886541504767,-0.08028333333333332,-0.04921625,30,0.8,0.6102571532587293,0.6,1.0333333333333334,30,-164.47500000000002,26.610331568181994,-173.47798611111108,-154.76340277777774,True
0.4,0.95,graph_ppo,baseline2_matched,30,0.8333333333333334,0.0,30,0.11506666666666666,0.12613018270226103,0.07201624999999996,0.15993499999999994,30,1.06167350371916,0.06801832787565792,1.0383292889839413,1.086335629801286,30,-0.01917777777777778,0.021021697117043506,-0.026630694444444453,-0.011966319444444441,30,-0.006624266666666604,0.006584374402421416,-0.009068080104166303,-0.004436255520833387,30,0.9890531365155554,0.010889615639749974,0.98495569231498,0.9925746965461366,30,-0.016488750000000038,0.016445884749954186,-0.022548990625000164,-0.011063904687500325,30,-0.016700000000000003,0.0479638153841716,-0.03465083333333332,-0.000582916666666677,30,0.5666666666666667,0.5040069329937308,0.4,0.7333333333333333,30,-34.080555555555556,26.90315827125268,-43.66972222222222,-24.622083333333336,True
0.4,0.95,graph_ppo,grid_cnn_ppo,30,0.5,0.0,30,-0.020650000000000005,0.13208103246844732,-0.0674004166666667,0.025783749999999977,30,0.9917332436714515,0.06481172998489769,0.9686894316085682,1.014956581142201,30,0.0034416666666666576,0.0220135054114079,-0.004455625000000001,0.01117222222222221,30,-0.004632941666666549,0.0074322058011619865,-0.007447618541666732,-0.00228434541666676,30,0.9923388137400911,0.012288497527147,0.9878015969647147,0.9964279512790503,30,-0.011595260416666371,0.018566867630624657,-0.01853001979166554,-0.00557950625000034,30,-0.0062333333333333355,0.04587383998971852,-0.02345041666666667,0.008783749999999998,30,-0.1,0.6074253182419872,-0.3,0.1,30,0.7083333333333409,31.121330893617614,-10.395416666666648,11.89180555555556,False
0.4,0.95,graph_ppo,left_if_safe,30,0.5333333333333333,0.03333333333333333,30,0.046016666666666685,0.23314245620447915,-0.029566666666666668,0.13206708333333336,30,1.035306864809158,0.144214628568204,0.9895746923617594,1.090879369280954,30,-0.007669444444444454,0.03885707603407986,-0.02228763888888889,0.004680902777777768,30,0.01161490416666658,0.0256593755282274,0.0033637637499996354,0.021327916562500084,30,1.0221052081327362,0.04916697495575655,1.0063417955351648,1.0410366327052705,30,0.029066020833333872,0.0642746353122603,0.008090191666667499,0.05324643125000068,30,-0.012083333333333335,0.06332729478169595,-0.03583333333333332,0.008917083333333334,30,0.03333333333333333,0.7183954022841381,-0.2,0.3,30,-19.91388888888889,56.388573385864056,-41.716875000000016,-1.7777083333333374,False
0.4,0.95,graph_ppo,node_mlp_ppo,30,0.5,0.0,30,0.015283333333333338,0.22073656804268832,-0.05445124999999991,0.10061874999999992,30,1.0226866033710527,0.16693348895210866,0.9760827030767955,1.0909959475978643,30,-0.0025472222222222302,0.03678942800711471,-0.016339097222222213,0.009008819444444425,30,0.0020941500000002666,0.028017419543500073,-0.005255488333332682,0.013569928541667073,30,1.0059657968852074,0.05905550833923049,0.9913811380768637,1.0298504977306042,30,0.005244927083333476,0.07014133493433428,-0.013228679687500109,0.03371026354166627,30,-0.00873333333333334,0.06824091872553995,-0.034700416666666685,0.01326749999999998,30,0.0,0.6432675209026769,-0.23333333333333334,0.23333333333333334,30,-9.43333333333333,88.6867804081143,-45.31458333333334,14.105763888888893,False
0.4,0.95,graph_ppo,noop,30,1.0,0.0,30,0.47909999999999997,0.10539804683134343,0.44251624999999994,0.5153504166666667,30,1.3117189163278007,0.06932198274256948,1.2869544089076408,1.336209826223432,30,-0.07985,0.01756634113855724,-0.08597784722222222,-0.073733125,30,-0.0048397291666665105,0.006720998744532572,-0.0072695527083332726,-0.002628816458333169,30,0.9919799376496345,0.011145492823559672,0.9878587332824963,0.9956484506186859,30,-0.011799885416666604,0.016797112638350698,-0.018003567968750123,-0.006321999218750457,30,-0.07166666666666667,0.044120198934535504,-0.08760083333333331,-0.05673333333333334,30,0.6666666666666666,0.47946330148538413,0.5,0.8333333333333334,30,-156.84166666666667,27.666894733168835,-166.22583333333336,-146.62493055555555,True
0.4,0.95,grid_cnn_ppo,baseline1_hdv,30,1.0,0.0,30,0.5189333333333332,0.10474564704422158,0.4827000000000001,0.5572,30,1.3420634240180813,0.0710699669406538,1.31682610856162,1.3680734862360207,30,-0.08648888888888889,0.017457607840703597,-0.0928917361111111,-0.08042756944444442,30,-0.0001880041666664704,0.0025738547412330155,-0.0010915480208331285,0.0007277986458338089,30,0.9996907964656289,0.004264644740620058,0.998205562489711,1.0011767456797394,30,-0.00014567708333392825,0.006460703078442366,-0.0024398960937505026,0.0020517013020829905,30,-0.05793333333333333,0.027362424944631182,-0.06771666666666665,-0.04863291666666667,30,0.9,0.661763578993857,0.6666666666666666,1.1333333333333333,30,-165.1833333333333,27.42827113529513,-174.58895833333332,-155.0804166666667,True
0.4,0.95,grid_cnn_ppo,baseline2_matched,30,0.8666666666666667,0.0,30,0.13571666666666668,0.10011163452774154,0.10046125000000004,0.17111791666666662,30,1.0718776763212123,0.053095893490721996,1.0532894638515278,1.0907264655422744,30,-0.022619444444444435,0.016685272421290254,-0.028516805555555563,-0.01675819444444445,30,-0.001991325000000055,0.002624585770600503,-0.002916425729166545,-0.0010597853125002223,30,0.9967138610572074,0.004335595693930915,0.9952029746478045,0.9982266062073746,30,-0.004893489583333665,0.006586594645284666,-0.007175284114583282,-0.0025672369791673103,30,-0.01046666666666667,0.03194875566443468,-0.021717083333333335,0.0006666666666666617,30,0.6666666666666666,0.47946330148538413,0.5,0.8333333333333334,30,-34.7888888888889,23.93249339500944,-43.26944444444443,-26.169375000000006,True
0.4,0.95,grid_cnn_ppo,left_if_safe,30,0.5333333333333333,0.0,30,0.0666666666666667,0.21111732043701614,-0.004319583333333255,0.1413841666666667,30,1.0443737884283295,0.12653029869241883,1.0027189968546981,1.0924224963661802,30,-0.011111111111111112,0.03518622007283602,-0.024189305555555558,0.00044451388888886936,30,0.01624784583333313,0.029824127531781666,0.006628464062499541,0.02728684416666636,30,1.0304364865311466,0.05743536389412033,1.0118600066139642,1.0524734551594725,30,0.04066128125000024,0.07465910870841809,0.016191677083333682,0.0684784328125,30,-0.005849999999999999,0.054061929686049025,-0.026166666666666658,0.011883333333333326,30,0.13333333333333333,0.8193072487266861,-0.16666666666666666,0.43333333333333335,30,-20.62222222222223,58.95754176119988,-42.46680555555556,-0.6690277777777983,False
0.4,0.95,grid_cnn_ppo,noop,30,1.0,0.0,30,0.49974999999999997,0.10710064151905489,0.46294875,0.5382691666666667,30,1.3254524143781232,0.0726116648008373,1.3007209980654233,1.351702782754866,30,-0.08329166666666667,0.017850106919842467,-0.08975312499999995,-0.077225,30,-0.0002067874999999608,0.0025013866402622312,-0.001089258750000032,0.0006755147916666875,30,0.9996600717840958,0.004145658224639831,0.9982353079516222,1.0011123910318724,30,-0.00020462500000023215,0.006277203264860989,-0.0024103375000004545,0.0020583197916674728,30,-0.06543333333333332,0.025163853842960646,-0.0745833333333333,-0.05699999999999999,30,0.7666666666666667,0.6260623155792925,0.5333333333333333,0.9666666666666667,30,-157.55,29.14319745419857,-167.4251388888889,-146.88041666666663,True
0.4,0.95,left_if_safe,baseline1_hdv,30,0.9666666666666667,0.0,30,0.4522666666666666,0.19261086074819594,0.38071458333333325,0.5158866666666665,30,1.2984167399053805,0.12707289099709299,1.2498628957169284,1.3398115757212778,30,-0.07537777777777777,0.03210181012469932,-0.08591388888888885,-0.06342673611111112,30,-0.0164358499999996,0.02910581148667511,-0.027326707395833358,-0.0070051011458327995,30,0.9727512510864504,0.04826015677291492,0.954781663514654,0.9883330752626817,30,-0.04080695833333417,0.07286769861768769,-0.06849082057291707,-0.016969044270834593,30,-0.052083333333333336,0.05740060124239557,-0.07050041666666665,-0.030616250000000008,30,0.7666666666666667,0.7279320417946062,0.5,1.0333333333333334,30,-144.5611111111111,56.11966353015837,-163.55041666666668,-123.96083333333333,True
0.4,0.95,left_if_safe,baseline2_matched,30,0.7666666666666667,0.0,30,0.06904999999999997,0.18728368441558343,-0.000684583333333329,0.13113375000000002,30,1.0368106032582034,0.09978137428218016,1.0000081730018842,1.0700357534182092,30,-0.011508333333333324,0.031213947402597232,-0.022091736111111072,-0.00018319444444444064,30,-0.018239170833333186,0.028916105507044047,-0.02915636312500012,-0.008717453541666552,30,0.9698397297742661,0.047846315447060354,0.9518168613625031,0.9852786460984196,30,-0.04555477083333391,0.07238816331709429,-0.07315365052083343,-0.022163582291666567,30,-0.004616666666666669,0.05519302856610471,-0.023317083333333335,0.014449999999999996,30,0.5333333333333333,0.5713464637233658,0.3333333333333333,0.7333333333333333,30,-14.166666666666666,50.441461082809475,-30.839166666666667,4.473402777777767,False
0.4,0.95,left_if_safe,noop,30,0.9666666666666667,0.0,30,0.43308333333333326,0.19611331538491814,0.3589333333333334,0.49700041666666667,30,1.2825139611157579,0.1282365001696221,1.2359998147113458,1.3242781953777398,30,-0.07218055555555554,0.032685552564153016,-0.08275291666666663,-0.060124652777777794,30,-0.01645463333333309,0.029084934522178824,-0.027098860937499636,-0.007184676145832821,30,0.9727202380098008,0.04822320610942432,0.9541343417608568,0.9881283047521944,30,-0.04086590625000048,0.07281833295954926,-0.06838220911458416,-0.017280187760418352,30,-0.05958333333333333,0.05458291436182099,-0.07709999999999999,-0.038566249999999996,30,0.6333333333333333,0.5560534167675355,0.43333333333333335,0.8333333333333334,30,-136.92777777777778,54.164247219764626,-154.67784722222225,-116.85826388888889,True
0.4,0.95,node_mlp_ppo,baseline1_hdv,30,0.9666666666666667,0.0,30,0.4829999999999999,0.2039461558420718,0.40253041666666656,0.5447675,30,1.3182008688528166,0.13363635773942498,1.2646745100854464,1.3583812740184442,30,-0.08049999999999999,0.0339910259736786,-0.09078055555555557,-0.0669409027777778,30,-0.0069150958333332865,0.02601336251926957,-0.017288463645833297,-0.0008144454166664521,30,0.9885325361738563,0.04316284962909834,0.9712562671094774,0.9986319741413983,30,-0.016985864583333777,0.06514133600076873,-0.042897698697917035,-0.001713927343749835,30,-0.05543333333333333,0.05122730503949233,-0.07073333333333331,-0.03508291666666665,30,0.8,0.7611243951073873,0.5333333333333333,1.0666666666666667,30,-155.04166666666669,85.2921555359988,-176.1529166666667,-120.84409722222223,True
0.4,0.95,node_mlp_ppo,baseline2_matched,30,0.9,0.0,30,0.09978333333333331,0.20923916703855547,0.018916666666666627,0.16411708333333327,30,1.05327379748251,0.11024132069361847,1.0109353927835774,1.087169185722319,30,-0.016630555555555548,0.034873194506425884,-0.02760277777777775,-0.0030332638888888783,30,-0.00871841666666687,0.025944950695085154,-0.019075818750000327,-0.002658454062500415,30,0.9855838330436201,0.042937688435295523,0.9683521267429062,0.9956383888545599,30,-0.021733677083333514,0.0649686163264952,-0.048296235156249895,-0.00641689739583319,30,-0.007966666666666665,0.055425615473124995,-0.025466666666666672,0.013200833333333334,30,0.5666666666666667,0.5683207771559353,0.36666666666666664,0.7666666666666667,30,-24.647222222222226,89.74104583806584,-47.5861111111111,10.569861111111107,True
0.4,0.95,node_mlp_ppo,grid_cnn_ppo,30,0.5666666666666667,0.0,30,-0.035933333333333345,0.2379117386811732,-0.1283345833333333,0.03880291666666663,30,0.9853016335779218,0.11535627527676663,0.9414494845445756,1.0227868092560897,30,0.005988888888888888,0.03965195644686219,-0.006295000000000026,0.02155840277777778,30,-0.006727091666666816,0.026722072026813037,-0.017266456250000055,-0.00046696062500008824,30,0.9888965329664838,0.04408256860124861,0.9715247904239104,0.9992038343717936,30,-0.016840187499999847,0.06692264109507996,-0.04357108333333193,-0.0011119721354158015,30,0.002500000000000004,0.05801010613499259,-0.015083333333333329,0.02548333333333334,30,-0.1,0.7588557629520365,-0.36666666666666664,0.16666666666666666,30,10.141666666666671,90.81147092694682,-14.605833333333324,47.41159722222223,False
0.4,0.95,node_mlp_ppo,left_if_safe,30,0.4666666666666667,0.0,30,0.030733333333333345,0.32501877222531406,-0.08973791666666665,0.13929083333333325,30,1.0296901842895416,0.17374365674850836,0.9674481118724289,1.0915530660604063,30,-0.005122222222222224,0.05416979537088566,-0.023083680555555527,0.015063888888888877,30,0.009520754166666314,0.0416039099455837,-0.005516239270833567,0.02403407229166638,30,1.0191902942122963,0.07511229611861804,0.992526024860579,1.0452660490369885,30,0.023821093750000397,0.10418873298868411,-0.01439476770833284,0.05894650026041667,30,-0.0033499999999999958,0.08394509186531314,-0.03119999999999999,0.027483333333333335,30,0.03333333333333333,0.9278574999588488,-0.3,0.36666666666666664,30,-10.48055555555556,108.61582682484845,-43.009027777777774,32.34951388888886,False
0.4,0.95,node_mlp_ppo,noop,30,0.9666666666666667,0.0,30,0.46381666666666665,0.20356852965124012,0.38428124999999996,0.5262675,30,1.3017494741883053,0.13350365503130307,1.2489179833924664,1.3423373271089667,30,-0.07730277777777775,0.03392808827520668,-0.08780006944444446,-0.06379118055555555,30,-0.006933879166666777,0.025965403070025348,-0.017160478020833456,-0.0008971543749999952,30,0.9884993378840419,0.04308650932327909,0.9712150702965828,0.9985331390541826,30,-0.01704481250000008,0.06501928201650121,-0.043054815364583984,-0.0018763713541660228,30,-0.06293333333333331,0.05028740387518278,-0.07813333333333333,-0.0435495833333333,30,0.6666666666666666,0.7111590022187596,0.4,0.9333333333333333,30,-147.40833333333333,83.93368616575616,-169.08062500000003,-113.90527777777781,True
0.4,0.95,noop,baseline1_hdv,30,0.7666666666666667,0.0,30,0.019183333333333323,0.029409558419615556,0.009100000000000004,0.029917499999999993,30,1.0127946729775679,0.019556025726165643,1.0062321213020249,1.0199692058175915,30,-0.003197222222222229,0.004901593069935926,-0.004958402777777793,-0.0015555555555555618,30,1.8783333333490435e-05,0.0006599835551223414,-0.0002030710416665691,0.0002637760416667422,30,1.0000308280676362,0.00109248788372376,0.9996696942646454,1.0004386798115625,30,5.894791666630391e-05,0.0016493860401853072,-0.00048700572916750935,0.0006613221354160359,30,0.007499999999999997,0.010209866762614725,0.0038329166666666646,0.011083750000000002,30,0.13333333333333333,0.43417248545530474,0.0,0.3,30,-7.633333333333334,12.05347281477631,-12.311250000000008,-3.6109722222222405,True
0.4,0.95,noop,baseline2_matched,30,0.0,0.0,30,-0.3640333333333333,0.06664534716580427,-0.3872,-0.34003291666666663,30,0.8094149976156181,0.030194890129985514,0.7990936719443664,0.819855047795154,30,0.06067222222222222,0.011107557860967369,0.05680548611111111,0.06449166666666666,30,-0.001784537500000094,0.0010017628906932735,-0.0021411443750001214,-0.001435801250000415,30,0.9970532821737663,0.001651599615331262,0.9964582454921245,0.9976337809934367,30,-0.004688864583333434,0.002518499873247521,-0.005602721875000829,-0.0038153270833340973,30,0.05496666666666665,0.02685174281036564,0.04569999999999999,0.06464999999999997,30,-0.1,0.30512857662936466,-0.23333333333333334,0.0,30,122.7611111111111,23.012477180924144,114.51638888888886,130.8558333333333,False
0.4,1.0,baseline2_matched,baseline1_hdv,30,1.0,0.0,30,0.49775,0.053052145785197,0.47883250000000005,0.5161337500000001,30,1.327978111295783,0.03717546544446598,1.314949259009353,1.3407820716018768,30,-0.08295833333333333,0.008842024297532811,-0.08605006944444442,-0.07981937499999997,30,0.0015200250000001988,0.0012105690994784661,0.0011115957291673224,0.0019677158333334913,30,1.002518700110773,0.0020045474723263896,1.0018405752644979,1.003268398087898,30,0.004111156249999633,0.0030331723742882343,0.003079373437499806,0.005219417708332464,30,-0.04283333333333332,0.02131711847858158,-0.05023333333333332,-0.03531625,30,0.8666666666666667,0.6814453874610598,0.6333333333333333,1.1,30,-158.68333333333337,23.87157730576541,-166.77513888888888,-149.88319444444443,True
0.4,1.0,graph_ppo,baseline1_hdv,30,1.0,0.0,30,1.268933333333333,0.17410186937405422,1.2100491666666664,1.3302679166666667,30,1.8360953670724929,0.1191534412333028,1.7940406959535227,1.8779832498355977,30,-0.21148888888888884,0.02901697822900902,-0.22170006944444448,-0.20139722222222228,30,-0.005230045833333215,0.013361695423766657,-0.010581768541666939,-0.0013738078125002523,30,0.9913301130510281,0.0221694031876364,0.9823940619131108,0.9978052275142684,30,-0.012282031250000698,0.03340257459356004,-0.025329935937500256,-0.0025763244791671266,30,-0.08925000000000002,0.057369755037854644,-0.11038374999999999,-0.06943333333333332,30,2.3,0.5959634332684376,2.1,2.5,30,-292.2277777777777,26.3879167798363,-301.5523055555556,-283.16772222222227,True
0.4,1.0,graph_ppo,baseline2_matched,30,1.0,0.0,30,0.7711833333333333,0.1718019350445666,0.7103995833333333,0.8317512499999997,30,1.3830133519670496,0.08827002257235278,1.3526105807310032,1.4142150731503893,30,-0.12853055555555556,0.028633655840761097,-0.1391116666666667,-0.11862201388888888,30,-0.006750070833333414,0.013257467099571318,-0.01193592781249997,-0.002932076145833157,30,0.9888377816755433,0.02194142465024403,0.9799005079408709,0.9951671585349309,30,-0.016393187500000333,0.03314521798163056,-0.02960567630208391,-0.007064857552084425,30,-0.046416666666666655,0.05539327784023127,-0.06700249999999998,-0.028350000000000007,30,1.4333333333333333,0.5683207771559354,1.2333333333333334,1.6333333333333333,30,-133.54444444444445,28.979928095827567,-144.05501388888888,-123.56755555555556,True
0.4,1.0,graph_ppo,grid_cnn_ppo,30,0.8,0.0,30,0.16999999999999998,0.160143039509834,0.11230000000000005,0.22643375,30,1.0659167853933094,0.06150551531158108,1.0444621609179336,1.0873431855494018,30,-0.02833333333333332,0.026690506584972358,-0.037425069444444445,-0.01874152777777775,30,-0.004882091666666459,0.013301531750535072,-0.010124545937499615,-0.0010658545833331103,30,0.9919020562116394,0.02208018929472053,0.9829248885596645,0.9983224058403152,30,-0.012098979166666912,0.03327202369896659,-0.025510369010416704,-0.0024737611979169663,30,-0.041550000000000004,0.051377968913291744,-0.05993333333333332,-0.024066666666666667,30,0.23333333333333334,0.5040069329937308,0.06666666666666667,0.4,30,-20.108888888888888,21.28339419488023,-27.65738888888889,-12.609180555555554,True
0.4,1.0,graph_ppo,left_if_safe,30,0.36666666666666664,0.5333333333333333,30,0.11366666666666668,0.3634167915325544,0.008715833333333381,0.2589841666666667,30,1.1063590197609394,0.46138012888925517,1.0053243874022801,1.287198293898026,30,-0.018944444444444437,0.06056946525542576,-0.04297805555555555,-0.0012604861111110855,30,0.009546287499999886,0.05088435583233932,-0.0042135226041665075,0.0302662134374999,30,1.0272572596863698,0.13911671942913414,0.9928628947866013,1.083605350956493,30,0.023936760416665932,0.12741835772124188,-0.01135180234375184,0.07665493723958318,30,-0.02196666666666667,0.07298203998875025,-0.050218333333333316,0.0005170833333333239,30,0.16666666666666666,0.6477192523656046,-0.03333333333333333,0.43333333333333335,30,-56.92777777777778,269.7435363612714,-160.16013888888892,-1.2121388888888847,True
0.4,1.0,graph_ppo,node_mlp_ppo,30,0.6333333333333333,0.0,30,0.032966666666666734,0.21356489497999456,-0.04545541666666657,0.10676833333333337,30,1.0146117200149871,0.07569784642784418,0.987600595033934,1.040959747146679,30,-0.005494444444444446,0.03559414916333242,-0.017522222222222227,0.007295069444444446,30,-0.0016466000000001238,0.01793434960699336,-0.007978695625000485,0.004576079999999954,30,0.9976394906764846,0.031082633081567418,0.9863837076282409,1.0085210188103193,30,-0.0040958958333332665,0.04483946420742538,-0.020219864062499933,0.011417515624999819,30,-0.012700000000000005,0.0751844398795389,-0.03858375,0.013817083333333324,30,0.03333333333333333,0.41384099339733366,-0.1,0.16666666666666666,30,-4.158333333333331,27.21681808701394,-13.310111111111109,5.544444444444433,False
0.4,1.0,graph_ppo,noop,30,1.0,0.0,30,1.2586833333333332,0.17171319729839285,1.1987833333333335,1.3188687499999998,30,1.823454982052096,0.11476099857086687,1.783156490558646,1.8635385467038688,30,-0.20978055555555553,0.02861886621639878,-0.21973340277777773,-0.19970826388888888,30,-0.005174883333333506,0.013205704751947914,-0.010468520104166849,-0.001399051770833222,30,0.9914163504388173,0.02192398571091535,0.9826309969568005,0.9976689903216263,30,-0.012150531250000015,0.03301262937773621,-0.025382778906249917,-0.0026786921875001663,30,-0.1005,0.05685325939159756,-0.12103333333333331,-0.08190000000000001,30,2.1,0.4025778999364489,1.9666666666666666,2.2333333333333334,30,-286.56666666666666,22.702324893181224,-294.5401111111111,-278.38375,True
0.4,1.0,grid_cnn_ppo,baseline1_hdv,30,1.0,0.0,30,1.0989333333333335,0.12257128350568039,1.0562833333333335,1.1422183333333333,30,1.7236696788881012,0.0819360856390282,1.6956958891916007,1.753023641951487,30,-0.18315555555555557,0.020428547250946717,-0.19034729166666672,-0.17611069444444447,30,-0.00034795416666675666,0.0016054710295777968,-0.000898554583333284,0.00022879062499973855,30,0.9994246710671327,0.002657950540542513,0.9985000770497562,1.0003789545218498,30,-0.00018305208333378639,0.004040955631826634,-0.0015511794270842393,0.0012826515624992732,30,-0.04769999999999999,0.03374922732193414,-0.05958375,-0.035900000000000015,30,2.066666666666667,0.5832922809856748,1.8666666666666667,2.2666666666666666,30,-272.1188888888889,18.77081410925998,-278.9129027777778,-265.58997222222223,True
0.4,1.0,grid_cnn_ppo,baseline2_matched,30,1.0,0.0,30,0.6011833333333333,0.1155617825005855,0.5612320833333335,0.64128375,30,1.2982961819415142,0.05778459824311321,1.2781815616787624,1.3185836266288116,30,-0.10019722222222226,0.019260297083430907,-0.10699756944444445,-0.09347763888888888,30,-0.0018679791666669555,0.0016614045736718806,-0.0024684961458336856,-0.0013028904166672325,30,0.9969159051010603,0.00274019330622749,0.9959399331389116,0.9978725420957326,30,-0.00429420833333342,0.004185813649550907,-0.005800107031250182,-0.0028724393229162355,30,-0.004866666666666671,0.033985020364793096,-0.01703375,0.006600416666666657,30,1.2,0.6102571532587293,0.9666666666666667,1.4,30,-113.43555555555555,21.603157466351178,-121.3886111111111,-106.27538888888891,True
0.4,1.0,grid_cnn_ppo,left_if_safe,30,0.23333333333333334,0.0,30,-0.05633333333333333,0.3741276366505783,-0.15601708333333328,0.0989695833333333,30,1.0444511680817732,0.4755819213864438,0.9454482207223968,1.2254791939541463,30,0.009388888888888884,0.06235460610842973,-0.015844861111111108,0.02616395833333333,30,0.014428379166666344,0.04971645705123035,0.0013947252083329616,0.03498412218749973,30,1.035694120151892,0.13832699654963032,1.0020307202240823,1.0911888406477346,30,0.036035739583332844,0.12450504611575924,0.0029604226562492653,0.0867303005208338,30,0.019583333333333328,0.07805944721076735,-0.010850416666666664,0.04363333333333332,30,-0.06666666666666667,0.9071871393197363,-0.3333333333333333,0.3,30,-36.818888888888885,276.1422259987881,-141.53245833333332,19.112458333333326,False
0.4,1.0,grid_cnn_ppo,noop,30,1.0,0.0,30,1.0886833333333334,0.12471771459312954,1.0451833333333334,1.1326358333333333,30,1.712077403462545,0.08273307986157043,1.6832235866420848,1.74236316208598,30,-0.18144722222222223,0.02078628576552158,-0.18895583333333335,-0.1741357638888889,30,-0.0002927916666670471,0.0014489907863240732,-0.0008083500000006557,0.00020997156249950041,30,0.9995165232916173,0.002400796593121534,0.9986996118070182,1.0003558344621042,30,-5.1552083333102534e-05,0.0036608518495059804,-0.001338076562499419,0.001254039583334142,30,-0.058949999999999995,0.034612721898766914,-0.07138416666666665,-0.04696541666666667,30,1.8666666666666667,0.43417248545530474,1.7,2.0,30,-266.4577777777778,17.79077300419646,-272.8685416666666,-260.28644444444444,True
0.4,1.0,left_if_safe,baseline1_hdv,30,0.9666666666666667,0.0,30,1.1552666666666667,0.40796815150655835,0.9891658333333335,1.2703016666666667,30,1.760745916433978,0.2704107245953429,1.6524192818734431,1.836609378603784,30,-0.19254444444444438,0.06799469191775973,-0.21144215277777778,-0.1651763888888889,30,-0.014776333333333102,0.049662424780729665,-0.03528517437499967,-0.0016386901041666713,30,0.9755235021201655,0.0822894450997817,0.9417266132807803,0.9972712158837527,30,-0.03621879166666663,0.12437802357545637,-0.08745195729166678,-0.00360787187499954,30,-0.06728333333333332,0.08361897195771045,-0.09365041666666667,-0.03481624999999999,30,2.1333333333333333,0.8995528902176071,1.7666666666666666,2.4,30,-235.3,281.32682552259513,-293.9266944444445,-127.79511111111113,True
0.4,1.0,left_if_safe,baseline2_matched,30,0.9666666666666667,0.0,30,0.6575166666666667,0.39697416930066626,0.49991624999999995,0.7673504166666668,30,1.3253626793069553,0.19848677913246332,1.2463957828703538,1.3794644711267896,30,-0.1095861111111111,0.06616236155011104,-0.1279779861111111,-0.08322965277777777,30,-0.0162963583333333,0.04917592233647513,-0.03638554395833329,-0.003289977083333656,30,0.9730108643945357,0.08155328438822813,0.9398108282151022,0.9944343661116144,30,-0.04032994791666626,0.12315866345804911,-0.09111803593750038,-0.007944824218749078,30,-0.024449999999999996,0.07895943415057702,-0.0492175,0.005550833333333323,30,1.2666666666666666,0.784915252764901,0.9666666666666667,1.5,30,-76.61666666666666,280.5248073321424,-134.61056944444448,30.507597222222216,True
0.4,1.0,left_if_safe,noop,30,0.9666666666666667,0.0,30,1.1450166666666668,0.4097890854332627,0.9780325000000002,1.2595170833333336,30,1.7490970546613174,0.2683489869694577,1.6353680209729298,1.8245667689819818,30,-0.19083611111111107,0.06829818090554378,-0.20996409722222217,-0.16285256944444443,30,-0.01472117083333339,0.0495976605170934,-0.0353640435416668,-0.0016141806250000801,30,0.9756052824147667,0.08221482152824341,0.942069488331168,0.9972488439828572,30,-0.036087291666665945,0.12421877985047153,-0.08704452447916596,-0.0033748567708326276,30,-0.07853333333333334,0.08664303833519472,-0.10595083333333331,-0.04604791666666668,30,1.9333333333333333,0.8276819867946675,1.6,2.1666666666666665,30,-229.63888888888889,280.67356068789405,-287.2802222222223,-123.6474166666667,True
0.4,1.0,node_mlp_ppo,baseline1_hdv,30,1.0,0.0,30,1.2359666666666662,0.16491904666842758,1.1801662499999996,1.2946354166666667,30,1.8142518254442959,0.11231952364478487,1.7751442445282026,1.8536821246167228,30,-0.20599444444444442,0.027486507778071236,-0.2159672222222222,-0.19676666666666667,30,-0.0035834458333330915,0.011372085721966968,-0.008158306562499627,-0.0008759971874999449,30,0.9940730883840871,0.018802425362870405,0.9864854898386182,0.9985921067028654,30,-0.008186135416667432,0.028431180590059515,-0.019945100000000226,-0.0013636328125016172,30,-0.07654999999999998,0.05125836348915372,-0.09591749999999999,-0.05973333333333333,30,2.2666666666666666,0.6396838299494921,2.033333333333333,2.5,30,-288.0694444444444,24.266021718146188,-296.7923194444445,-279.3854861111111,True
0.4,1.0,node_mlp_ppo,baseline2_matched,30,1.0,0.0,30,0.7382166666666666,0.15813202053834707,0.6847158333333332,0.7951504166666666,30,1.3664169705605842,0.08056774663896492,1.339789869367915,1.396365630846429,30,-0.12303611111111111,0.02635533675639117,-0.1327945138888889,-0.11404430555555554,30,-0.00510347083333329,0.011513247468419174,-0.009755236666666472,-0.0023503917708330773,30,0.9915817234777488,0.01895981995174237,0.9839002965045657,0.9961275554407163,30,-0.012297291666667065,0.02878105150247519,-0.023742498177083012,-0.0055041257812504735,30,-0.03371666666666666,0.054652457327681266,-0.054450416666666654,-0.01646666666666667,30,1.4,0.6214554662658653,1.1666666666666667,1.6,30,-129.3861111111111,27.670937934846478,-139.58668055555557,-120.13049999999998,True
0.4,1.0,node_mlp_ppo,grid_cnn_ppo,30,0.8333333333333334,0.0,30,0.13703333333333328,0.13998263028536506,0.0887495833333333,0.18743583333333327,30,1.0530579954559298,0.05386452712329937,1.0347195005440146,1.0727341429276644,30,-0.022838888888888874,0.023330438380894176,-0.03142243055555554,-0.015069374999999998,30,-0.0032354916666663346,0.01138998534226089,-0.007774274062499694,-0.0006584017708328853,30,0.9946492613366734,0.018816667918774885,0.9872517704989895,0.9988957693221886,30,-0.008003083333333645,0.028461431529999835,-0.019432827864584022,-0.0015056614583329544,30,-0.028849999999999997,0.05161681595812718,-0.04826749999999999,-0.012199999999999997,30,0.2,0.48423419811150237,0.03333333333333333,0.36666666666666664,30,-15.950555555555553,18.66460399283764,-22.656694444444437,-9.447833333333335,True
0.4,1.0,node_mlp_ppo,left_if_safe,30,0.4666666666666667,0.0,30,0.08069999999999995,0.354935025622709,-0.01793375000000002,0.2222183333333333,30,1.093575103049877,0.4605282233000823,0.99518223454121,1.2694964587772082,30,-0.013449999999999991,0.05915583760378485,-0.037730902777777776,0.003117291666666648,30,0.011192887500000009,0.05060672056724794,-0.002697482395833341,0.03245585875000009,30,1.0300574381974452,0.13766640988423354,0.9956798606303309,1.0886210836444579,30,0.028032656249999198,0.12669863011486954,-0.007085127864583761,0.0791230726562489,30,-0.009266666666666664,0.08531975691210232,-0.04118458333333333,0.018534583333333316,30,0.13333333333333333,0.6814453874610598,-0.06666666666666667,0.4,30,-52.76944444444445,270.2888613760691,-155.36419444444445,2.6111388888888896,False
0.4,1.0,node_mlp_ppo,noop,30,1.0,0.0,30,1.2257166666666666,0.16413864426219038,1.1690158333333334,1.28440125,30,1.8018799642155783,0.1097658696751639,1.7642308232354484,1.8405115218066541,30,-0.20428611111111109,0.027356440710365044,-0.2142139583333333,-0.19484715277777778,30,-0.003528283333333382,0.011000709901560468,-0.007838887291666777,-0.0008832580208333939,30,0.9941540594947257,0.018245135282490686,0.9867431969274978,0.9985096761128349,30,-0.008054635416666749,0.027500880231930425,-0.01909729322916654,-0.0015080679687493887,30,-0.0878,0.05233193130854963,-0.10713333333333332,-0.07036666666666666,30,2.066666666666667,0.44977644510880355,1.9,2.2333333333333334,30,-282.40833333333336,20.919488407002877,-289.61336111111115,-274.9119027777778,True
0.4,1.0,noop,baseline1_hdv,30,0.8,0.0,30,0.010250000000000004,0.028278403481248285,-6.666666666662323e-05,0.019816666666666673,30,1.0069791124594267,0.018560048869532185,1.000386458617208,1.013373208261988,30,-0.0017083333333333525,0.004713067246874687,-0.003294444444444437,2.4999999999986235e-05,30,-5.5162499999709494e-05,0.0010868053757370287,-0.0004014253124995611,0.00035222135416714315,30,0.9999090368138318,0.0017993074514152762,0.9993330809910971,1.0006011051315797,30,-0.00013150000000068386,0.002716145821499622,-0.0009910520833332744,0.0009245031249990712,30,0.011249999999999994,0.013959763608313717,0.0064499999999999965,0.01643375,30,0.2,0.40683810217248634,0.06666666666666667,0.36666666666666664,30,-5.661111111111112,13.240877965511691,-10.516666666666662,-1.26111111111112,False
0.4,1.0,noop,baseline2_matched,30,0.0,0.0,30,-0.4875,0.04819840460945315,-0.5044833333333334,-0.4711829166666667,30,0.7586640395459586,0.018602021904089952,0.7520452774319644,0.7652129656632988,30,0.08125,0.008033067434908852,0.07843326388888888,0.08407499999999997,30,-0.0015751874999999083,0.0011902494987786416,-0.001997071770833236,-0.0011572676041667065,30,0.9973991292562907,0.001963610089319246,0.9967062428569711,0.9980704619202901,30,-0.004242656250000317,0.0029799592080087763,-0.00528489687500054,-0.0032255947916675514,30,0.054083333333333324,0.025704247379243234,0.04496666666666666,0.06301666666666665,30,-0.6666666666666666,0.5466722735905339,-0.8666666666666667,-0.4666666666666667,30,153.02222222222224,20.299162607218044,145.48881944444443,159.730625,False
0.45,0.9,baseline2_matched,baseline1_hdv,30,1.0,0.0,30,0.3155333333333333,0.04276981963095434,0.30093291666666666,0.3303666666666666,30,1.256981394161208,0.03717579629616522,1.244056714904748,1.2700586631900703,30,-0.05258888888888887,0.007128303271825705,-0.055066736111111084,-0.05009416666666667,30,0.0019474500000000506,0.0007981894298651726,0.0016764927083334023,0.002232745208333558,30,1.0035263120020173,0.0014468327688456695,1.0030334926751778,1.0040444052772275,30,0.004502962962962635,0.0017732611706997407,0.0038871171296286995,0.005122015740741476,30,-0.07211666666666666,0.019776633431528672,-0.07896708333333337,-0.06490000000000001,30,0.8666666666666667,0.34574590364176044,0.7333333333333333,0.9666666666666667,30,-166.49444444444444,23.825655194897696,-174.67791666666673,-157.9275,True
0.45,0.9,graph_ppo,baseline1_hdv,30,1.0,0.0,30,0.27673333333333333,0.07845081188271713,0.2483829166666667,0.30358458333333327,30,1.2252188677848999,0.0655931767616676,1.2006534230351122,1.2478290216855703,30,-0.04612222222222222,0.013075135313786188,-0.05060833333333332,-0.04146652777777776,30,4.461249999997419e-05,0.006642436849688643,-0.0025257003125001266,0.002046710520833399,30,1.0000815408052928,0.012018324334339789,0.9955138236336062,1.0036771038385468,30,0.0002528796296293212,0.01478980842202823,-0.005574825694444116,0.004662948842591489,30,-0.026416666666666692,0.03203287194519829,-0.03753416666666668,-0.01491666666666669,30,0.6333333333333333,0.4901325178535609,0.4666666666666667,0.8,30,-154.73888888888888,37.48063825408513,-167.00569444444446,-140.91111111111113,True
0.45,0.9,graph_ppo,baseline2_matched,30,0.36666666666666664,0.0,30,-0.038800000000000015,0.08048640921898255,-0.06910000000000001,-0.012948333333333367,30,0.9751996937720752,0.05212366950552565,0.9554923166386693,0.9920423427387278,30,0.006466666666666665,0.01341440153649708,0.002119375000000004,0.011491736111111114,30,-0.0019028375000000764,0.006571542213986226,-0.0044736242708333564,8.645083333327917e-05,30,0.9965668577687835,0.011857354015588755,0.9918887164963921,1.0001294997527592,30,-0.004250083333333313,0.014636655359747754,-0.009873974768518853,0.00018175416666737235,30,0.045699999999999984,0.03256441891559474,0.03459958333333333,0.05726708333333333,30,-0.23333333333333334,0.6260623155792925,-0.43333333333333335,0.0,30,11.755555555555542,37.97969646469606,-0.35000000000001513,26.611388888888875,False
0.45,0.9,graph_ppo,grid_cnn_ppo,30,0.3333333333333333,0.0,30,-0.02510000000000001,0.09919654818799793,-0.06068458333333332,0.009050416666666684,30,0.9853809853146214,0.0657232187597933,0.9625014619412797,1.0078501253118795,30,0.0041833333333333245,0.016532758031332966,-0.001544861111111111,0.010127916666666662,30,-0.0018188375000002552,0.006856720240384779,-0.004527481458333384,0.0002796193749996948,30,0.9967264177395678,0.012364080563485704,0.9918173003276142,1.0004504861577141,30,-0.0040558055555560395,0.015271133719767582,-0.01004051736111211,0.0005853275462964033,30,0.009533333333333328,0.028180738510346123,-0.0002670833333333337,0.01941666666666665,30,-0.03333333333333333,0.5560534167675355,-0.23333333333333334,0.16666666666666666,30,1.5444444444444343,47.908956067939904,-15.116944444444457,19.04499999999999,False
0.45,0.9,graph_ppo,left_if_safe,30,0.43333333333333335,0.0,30,0.0014166666666666661,0.10740521750420898,-0.03558416666666666,0.039767916666666646,30,1.0045441897652418,0.07904105568302708,0.9776354948156706,1.033660453086597,30,-0.0002361111111110962,0.017900869584034838,-0.0067027777777777615,0.005950138888888905,30,0.002694600000000047,0.009733104854972294,-0.00038762520833281785,0.0064011672916667005,30,1.0051224536790928,0.018482318219441657,0.9992827654751772,1.0121819957287383,30,0.00598878703703721,0.02167642479118277,-0.0009486708333334868,0.014084817361111007,30,0.0030666666666666676,0.0339273395334219,-0.009266666666666671,0.014666666666666672,30,0.06666666666666667,0.6914918072835208,-0.16666666666666666,0.3,30,0.1555555555555505,42.32557022976281,-15.999999999999996,13.483611111111092,False
0.45,0.9,graph_ppo,node_mlp_ppo,30,0.5666666666666667,0.0,30,0.00848333333333331,0.10156130162865057,-0.026751250000000004,0.04438374999999993,30,1.0078616359124273,0.07037157771267111,0.9834663877777129,1.0331735889333231,30,-0.0014138888888888886,0.016926883604775095,-0.0075556249999999955,0.0045111805555555435,30,0.003897274999999848,0.01197327762554983,2.3919791666463954e-05,0.008558774166666375,30,1.0074853892563704,0.022994401600149313,1.0002383194286562,1.0163650019716932,30,0.008665324074074129,0.026634563157636813,0.00012069467592574469,0.01890980439814881,30,0.005433333333333321,0.02959809329056151,-0.005083333333333351,0.01584999999999999,30,0.13333333333333333,0.6814453874610598,-0.1,0.36666666666666664,30,-10.538888888888895,60.574622029129515,-31.794583333333343,11.122222222222216,False
0.45,0.9,graph_ppo,noop,30,0.9666666666666667,0.0,30,0.2614166666666667,0.07863272146541457,0.23233249999999997,0.2878504166666666,30,1.2101334476985042,0.06411682252618021,1.1859625882583467,1.2313756098338817,30,-0.04356944444444446,0.013105453577569093,-0.047933402777777794,-0.03879715277777777,30,-8.381666666686567e-05,0.006748835244472947,-0.002716443229166793,0.001942065104166622,30,0.9998514241230004,0.012203729631123204,0.9951127532400202,1.0035235339033752,30,-4.102777777808727e-05,0.015028872093879703,-0.00592355995370411,0.004439443749999621,30,-0.035200000000000016,0.03172500373631129,-0.046133333333333346,-0.023733333333333346,30,0.6333333333333333,0.4901325178535609,0.4666666666666667,0.8,30,-149.38888888888886,34.075680177595466,-160.29444444444442,-136.01069444444445,True
0.45,0.9,grid_cnn_ppo,baseline1_hdv,30,1.0,0.0,30,0.3018333333333334,0.07058259203833886,0.27573291666666666,0.3259170833333334,30,1.2457079580517652,0.058067627135482844,1.22478422155066,1.2654247367398341,30,-0.050305555555555534,0.011763765339723136,-0.05427249999999998,-0.045955555555555555,30,0.0018634500000002292,0.0013905505338837857,0.0013781111458337082,0.0023538626041670558,30,1.0033737853916957,0.0025173456378151265,1.0024920083324014,1.0042474585156709,30,0.004308685185185361,0.0031020837307202042,0.0032080043981483662,0.005388635185185012,30,-0.035950000000000024,0.027392532961903433,-0.045600416666666685,-0.02625000000000001,30,0.6666666666666666,0.47946330148538413,0.5,0.8333333333333334,30,-156.28333333333333,36.6148837584346,-168.84458333333333,-143.07763888888886,True
0.45,0.9,grid_cnn_ppo,baseline2_matched,30,0.3,0.0,30,-0.0137,0.06521735542227901,-0.03571666666666669,0.010068749999999994,30,0.991261796030592,0.04271449017912673,0.9764730769925523,1.0068284433712626,30,0.0022833333333333408,0.01086955923704649,-0.0015666666666666572,0.005991736111111124,30,-8.399999999982125e-05,0.0015627104789271327,-0.0006191971874999361,0.00047460208333344547,30,0.999849812716715,0.0028202882342243515,0.9988644882723293,1.0008411808195843,30,-0.00019427777777727417,0.0034735331108600334,-0.0013911703703690613,0.0010243134259263465,30,0.036166666666666666,0.023388891164077392,0.027816666666666674,0.04426666666666667,30,-0.2,0.48423419811150237,-0.36666666666666664,-0.03333333333333333,30,10.211111111111109,33.51964979074972,-1.5391666666666595,22.033611111111092,False
0.45,0.9,grid_cnn_ppo,left_if_safe,30,0.4666666666666667,0.0,30,0.026516666666666678,0.1253905267370797,-0.01540124999999998,0.07208666666666662,30,1.0226180974105816,0.0936323771683182,0.9924598368397253,1.057769886547076,30,-0.00441944444444442,0.02089842112284661,-0.01204999999999996,0.002700138888888883,30,0.004513437500000302,0.009021463360605848,0.0017558508333337006,0.008026377708333437,30,1.0084779040100627,0.017229463158878366,1.0030380327548278,1.0151614766829598,30,0.010044592592593249,0.020099788951205906,0.00370026805555541,0.017865607407408786,30,-0.00646666666666666,0.034031662066206905,-0.01918333333333333,0.00496666666666667,30,0.1,0.7588557629520365,-0.16666666666666666,0.36666666666666664,30,-1.3888888888888837,59.8445037012083,-23.078194444444435,19.177916666666675,False
0.45,0.9,grid_cnn_ppo,noop,30,1.0,0.0,30,0.2865166666666667,0.0644668430324823,0.26371666666666665,0.30895,30,1.2300816443812972,0.05132950591906632,1.2117801848144345,1.2480306795267824,30,-0.04775277777777777,0.010744473838747038,-0.051511180555555536,-0.043969374999999984,30,0.0017350208333333894,0.0014601096181703797,0.0012302201041666802,0.002248835312500145,30,1.0031409644342895,0.0026439124651398754,1.0022242654564497,1.004078400060578,30,0.004014777777777952,0.003253727776143693,0.0028900854166664567,0.005169797916666938,30,-0.04473333333333333,0.023728250779555395,-0.05296666666666667,-0.036550000000000006,30,0.6666666666666666,0.47946330148538413,0.5,0.8333333333333334,30,-150.93333333333334,32.35872921364248,-162.15,-139.21611111111113,True
0.45,0.9,left_if_safe,baseline1_hdv,30,0.9666666666666667,0.0,30,0.27531666666666665,0.10109542123856201,0.23756625,0.30740124999999996,30,1.224396560682242,0.08289694009399162,1.1932339460572865,1.2513384404221113,30,-0.045886111111111114,0.016849236873093674,-0.051238958333333355,-0.03951944444444446,30,-0.002649987500000073,0.009018331014017339,-0.006247652291666699,0.0001760988541664126,30,0.9952053320647932,0.016322504541914633,0.9886172589434044,1.0003418243199467,30,-0.005735907407407888,0.020088423337370504,-0.013484595370371206,0.00048348333333250195,30,-0.029483333333333354,0.03271730622219351,-0.04070000000000002,-0.01730000000000003,30,0.5666666666666667,0.5040069329937308,0.4,0.7333333333333333,30,-154.89444444444445,46.863654097298195,-169.91138888888887,-137.18333333333334,True
0.45,0.9,left_if_safe,baseline2_matched,30,0.3333333333333333,0.0,30,-0.04021666666666668,0.10635607754089588,-0.07935041666666667,-0.005666250000000033,30,0.9746364671310126,0.06793854316046294,0.9489262740607055,0.9965840728096034,30,0.0067027777777777615,0.017726012923482644,0.0009137499999999674,0.013530624999999982,30,-0.004597437500000123,0.008982392138866245,-0.008074834895833284,-0.001797298958333334,30,0.9917082254411069,0.01619491785539162,0.9854173016165484,0.9967420249531884,30,-0.010238870370370523,0.020012043653976408,-0.017923439351851117,-0.004034574768519231,30,0.042633333333333336,0.03431093455277862,0.031183333333333334,0.05511666666666667,30,-0.3,0.5959634332684376,-0.5,-0.1,30,11.599999999999993,52.567282192330644,-5.18902777777779,30.91708333333331,False
0.45,0.9,left_if_safe,noop,30,0.9666666666666667,0.0,30,0.26,0.10294390839608755,0.22028249999999996,0.29330041666666673,30,1.209420372181043,0.08352461432723154,1.1785196301766865,1.2369368811262884,30,-0.043333333333333356,0.017157318066014594,-0.048930763888888874,-0.0369775,30,-0.0027784166666669128,0.009009964720304839,-0.006267736770833613,-1.0741666667834214e-06,30,0.9949738529742796,0.016306675566386698,0.9885995020195733,0.9999324688306986,30,-0.0060298148148152965,0.020070045688051513,-0.01381155185185255,9.993703703694845e-05,30,-0.038266666666666685,0.0323903277744041,-0.04886708333333335,-0.026116666666666687,30,0.5666666666666667,0.5040069329937308,0.4,0.7333333333333333,30,-149.54444444444442,47.015484800046444,-164.78388888888887,-132.0888888888889,True
0.45,0.9,node_mlp_ppo,baseline1_hdv,30,1.0,0.0,30,0.26825,0.07675405751377308,0.24174958333333332,0.29523416666666663,30,1.2183842873439652,0.0631119384437897,1.1963476608234402,1.2407334609689453,30,-0.04470833333333332,0.012792342918962174,-0.0492778472222222,-0.04036374999999999,30,-0.003852662499999874,0.011143260386054529,-0.008087932916666506,-0.0004206243750001274,30,0.9930269195430232,0.020169788561152834,0.9853496012710549,0.9993979797127449,30,-0.008412444444444807,0.024782546270743725,-0.01802185601851882,-0.0006987840277778529,30,-0.03185,0.024350228349846254,-0.040300000000000016,-0.02321666666666667,30,0.5,0.5085476277156078,0.3333333333333333,0.6666666666666666,30,-144.2,46.66443754938836,-160.1448611111111,-126.97208333333333,True
0.45,0.9,node_mlp_ppo,baseline2_matched,30,0.16666666666666666,0.0,30,-0.04728333333333332,0.06729293698313436,-0.07134999999999997,-0.023500000000000004,30,0.9693818568909328,0.04316893108567356,0.954245298184288,0.9844697108767919,30,0.007880555555555554,0.011215489497189063,0.0040359722222222125,0.011908333333333338,30,-0.005800112499999925,0.011177644737489754,-0.010135777291666549,-0.002271187708333277,30,0.9895396993068026,0.020163769485741716,0.9817963911397556,0.9958087000612247,30,-0.012915407407407441,0.024857554526497284,-0.022522168518519143,-0.0051531668981491495,30,0.04026666666666667,0.022410639919671987,0.03238333333333334,0.04825000000000001,30,-0.36666666666666664,0.4901325178535609,-0.5333333333333333,-0.2,30,22.294444444444437,40.17837820708065,8.866666666666664,37.32777777777777,False
0.45,0.9,node_mlp_ppo,grid_cnn_ppo,30,0.43333333333333335,0.0,30,-0.03358333333333332,0.08158337002335596,-0.06238416666666664,-0.005665833333333292,30,0.9792017409363903,0.05201932291277825,0.960794451200168,0.9966780306898866,30,0.005597222222222213,0.013597228337225988,0.0009832638888888886,0.010450069444444422,30,-0.005716112500000104,0.010960006438642152,-0.010096628854166876,-0.0022895807291668834,30,0.9896845742961002,0.01977322010079394,0.9821102134751385,0.9958216883151464,30,-0.012721129629630169,0.02437350407673877,-0.022289233101851966,-0.005244585185186243,30,0.0041000000000000055,0.020332749190780184,-0.0031666666666666527,0.01126666666666667,30,-0.16666666666666666,0.461133037377414,-0.3333333333333333,0.0,30,12.08333333333333,47.622935288758086,-3.539027777777783,29.584305555555527,False
0.45,0.9,node_mlp_ppo,left_if_safe,30,0.4,0.0,30,-0.007066666666666643,0.1280504166154968,-0.04940041666666666,0.03968333333333334,30,1.0001852509561577,0.09484361421054244,0.9699166327849355,1.036322261557293,30,0.0011777777777777923,0.0213417361025828,-0.006655833333333319,0.008300069444444454,30,-0.0012026749999998014,0.013161681451223987,-0.0059389820833331795,0.0031154723958338386,30,0.9980281050321342,0.024242981322094237,0.9892230570186616,1.0060779457468674,30,-0.002676537037036919,0.029299488331533292,-0.013633944212963435,0.006983643055555788,30,-0.002366666666666654,0.03812726722107326,-0.016183749999999993,0.010383333333333347,30,-0.06666666666666667,0.7396799556440673,-0.3333333333333333,0.2,30,10.694444444444446,68.03640398288327,-13.683333333333326,34.02874999999998,False
0.45,0.9,node_mlp_ppo,noop,30,1.0,0.0,30,0.25293333333333334,0.07321552187670426,0.2274,0.27868333333333334,30,1.203185490152955,0.05883574332719761,1.1817607420379952,1.223948289331173,30,-0.04215555555555555,0.012202586979450718,-0.04641680555555556,-0.03797777777777778,30,-0.003981091666666714,0.01119182459677103,-0.008295811979167048,-0.0004954140624999523,30,0.9927979016020634,0.020254787398210784,0.9848529201645698,0.999170073016993,30,-0.008706351851852217,0.02488894921993165,-0.018188204861111126,-0.0009680057870377952,30,-0.04063333333333334,0.022627772580482222,-0.04848375000000002,-0.032616666666666676,30,0.5,0.5085476277156078,0.3333333333333333,0.6666666666666666,30,-138.85,46.937276765824095,-155.08361111111114,-121.73833333333334,True
0.45,0.9,noop,baseline1_hdv,30,0.7,0.03333333333333333,30,0.015316666666666652,0.027089087805995223,0.005599583333333334,0.02471666666666664,30,1.0127128537549714,0.02220304510539392,1.0048425884903052,1.0204181280841509,30,-0.0025527777777777667,0.004514847967665866,-0.004125069444444441,-0.000938888888888885,30,0.00012842916666683986,0.00048271200528568763,-4.098124999970585e-05,0.00029750958333342014,30,1.0002327748556112,0.0008738888771127988,0.999922120746847,1.0005416877741864,30,0.00029390740740740847,0.0010692461898473525,-7.979745370359169e-05,0.0006738060185188422,30,0.008783333333333332,0.013447652873869545,0.004083333333333339,0.013599999999999998,30,0.0,0.0,0.0,0.0,30,-5.35,17.856298994839428,-11.416666666666666,0.9837499999999939,True
0.45,0.9,noop,baseline2_matched,30,0.0,0.0,30,-0.30021666666666663,0.03777238622220658,-0.31315041666666676,-0.2869995833333333,30,0.8060779712505035,0.020682821379792733,0.7989321718077386,0.8133716372991956,30,0.05003611111111111,0.00629539770370109,0.04774722222222224,0.05217229166666667,30,-0.0018190208333332106,0.0007020368289066862,-0.002067367083333129,-0.001571621458333472,30,0.9967194436989364,0.001263549600719758,0.9962719557143522,0.9971637620905475,30,-0.0042090555555552266,0.0015608309640101007,-0.004767189351851463,-0.003661243055555001,30,0.08090000000000001,0.020888208189773237,0.07349958333333333,0.08833333333333335,30,-0.8666666666666667,0.34574590364176044,-0.9666666666666667,-0.7333333333333333,30,161.14444444444445,22.25142525605777,153.38875,168.93902777777782,False
0.45,0.95,baseline2_matched,baseline1_hdv,30,1.0,0.0,30,0.3742,0.04366696060267834,0.3593333333333334,0.38983375000000003,30,1.3046381980443633,0.03779347491340842,1.2912777817216683,1.3182669510394989,30,-0.062366666666666654,0.007277826767113042,-0.06491951388888888,-0.05982500000000002,30,0.0019003000000002953,0.0008458253057486182,0.0015984508333335972,0.00219277958333359,30,1.0034405624023972,0.0015318932600036509,1.002894271412854,1.0039744737045264,30,0.004430777777777628,0.0018837720493437746,0.0037640437499995042,0.005084737731481802,30,-0.07981666666666667,0.024991889488989935,-0.08863333333333338,-0.07118291666666669,30,1.0,0.0,1.0,1.0,30,-185.9333333333334,20.960078821763993,-193.20027777777779,-178.37208333333336,True
0.45,0.95,graph_ppo,baseline1_hdv,30,0.9666666666666667,0.0,30,0.4002499999999999,0.1462778856409478,0.34396625,0.4466854166666666,30,1.3254902823373989,0.11851342421035067,1.2802936093051636,1.3631352650567867,30,-0.06670833333333333,0.024379647606824643,-0.07431944444444444,-0.057488819444444415,30,-0.0057134833333331745,0.0162151516562657,-0.012151278958333086,-0.0007580904166667784,30,0.9896592528810523,0.02934573871492114,0.9780460433665157,0.9983761247989704,30,-0.01247426851851885,0.036103724667156084,-0.026976262268518316,-0.0016455490740745356,30,-0.05258333333333335,0.04726741301714462,-0.06750000000000002,-0.034649583333333366,30,0.8666666666666667,0.34574590364176044,0.7333333333333333,0.9666666666666667,30,-189.35000000000002,80.64664839007088,-212.86680555555557,-157.26111111111112,True
0.45,0.95,graph_ppo,baseline2_matched,30,0.6666666666666666,0.0,30,0.026049999999999997,0.14732870532857167,-0.029168749999999983,0.07415041666666664,30,1.0164724570331753,0.0927346413956231,0.9813193951107589,1.0464244459868624,30,-0.00434166666666667,0.024554784221428625,-0.012241944444444448,0.004867430555555556,30,-0.00761378333333347,0.01612960675851071,-0.013998037187500085,-0.002817226354166907,30,0.9862626644671942,0.029118943639272858,0.9748410590734287,0.9950927210370463,30,-0.016905046296296477,0.03591072337336838,-0.031053580092592136,-0.006186979861111022,30,0.027233333333333335,0.04992817830149371,0.011365833333333342,0.046167083333333324,30,-0.13333333333333333,0.34574590364176044,-0.26666666666666666,-0.03333333333333333,30,-3.416666666666663,82.13581815822543,-28.211388888888887,29.455972222222222,False
0.45,0.95,graph_ppo,grid_cnn_ppo,30,0.5333333333333333,0.0,30,-0.045050000000000014,0.18368481015794041,-0.11265333333333334,0.014583749999999987,30,0.976069537946982,0.10619577609842744,0.9363733596691554,1.0107437598862283,30,0.0075083333333333165,0.030614135026323413,-0.0023556944444444615,0.019503055555555548,30,-0.007025399999999832,0.016615763083641776,-0.013620191145832879,-0.0019930043750000922,30,0.9873410103607458,0.02993728872180862,0.975531447620456,0.9964453055250583,30,-0.015637027777778232,0.03700770001023606,-0.030532171064815115,-0.004585808333332974,30,0.006250000000000011,0.05610377545842751,-0.011583333333333312,0.027368749999999983,30,-0.1,0.40257789993644877,-0.23333333333333334,0.03333333333333333,30,19.033333333333346,92.44431273936976,-8.38930555555554,55.3222222222222,False
0.45,0.95,graph_ppo,left_if_safe,30,0.4666666666666667,0.0,30,-0.015966666666666653,0.1560882781464151,-0.07529999999999998,0.03845125000000001,30,0.994785842626752,0.10182863887942173,0.9576485437153311,1.0291729416765434,30,0.002661111111111103,0.0260147130244025,-0.006425138888888887,0.012172361111111097,30,-0.000397366666666645,0.022090792158904415,-0.00824642562500037,0.007348232187499991,30,1.000432179014777,0.04280975614564957,0.9859054621033192,1.0160437570332321,30,-0.0008919074074077882,0.049160305489351755,-0.018314890972222275,0.01650457986111073,30,-0.000899999999999999,0.04659832023019566,-0.01680041666666667,0.015900416666666656,30,-0.06666666666666667,0.36514837167011066,-0.2,0.06666666666666667,30,7.883333333333334,94.93462309839992,-23.88499999999999,42.34569444444443,False
0.45,0.95,graph_ppo,node_mlp_ppo,30,0.5,0.0,30,0.03253333333333332,0.24953373530941916,-0.05098749999999999,0.12359999999999997,30,1.041544134594327,0.20628150870490036,0.974722003145238,1.120184567737746,30,-0.005422222222222214,0.0415889558849032,-0.020223194444444433,0.008617152777777788,30,0.004802708333333722,0.03331545277953666,-0.00627084406249945,0.016944662916666988,30,1.0117724210741925,0.06870989872877632,0.9895062495707254,1.0375060428066651,30,0.010690759259258687,0.07416206105298775,-0.013745350462963934,0.03823679351851741,30,-0.006716666666666663,0.07112079129216003,-0.033449999999999994,0.017267083333333315,30,0.06666666666666667,0.6396838299494921,-0.13333333333333333,0.3,30,-3.2111111111111046,117.51329046326833,-46.13902777777773,38.85569444444445,False
0.45,0.95,graph_ppo,noop,30,0.9666666666666667,0.0,30,0.3794166666666667,0.15005700545145326,0.3204495833333333,0.4260683333333333,30,1.3038602880985897,0.11974858098862065,1.2581507056069174,1.3410767523562073,30,-0.06323611111111112,0.025009500908575552,-0.07106944444444445,-0.05369708333333337,30,-0.005700220833333305,0.0162352807204513,-0.011982872395833365,-0.0008241123958333067,30,0.9896843106807223,0.02938593840486766,0.9779192984341566,0.998546059054337,30,-0.012456370370369766,0.036151301425951195,-0.026390355787036388,-0.0016702935185174293,30,-0.06415000000000001,0.04590547822465726,-0.07843416666666665,-0.04709958333333335,30,0.8666666666666667,0.34574590364176044,0.7333333333333333,0.9666666666666667,30,-178.18333333333337,89.15663118948288,-204.1501388888889,-142.48291666666665,True
0.45,0.95,grid_cnn_ppo,baseline1_hdv,30,1.0,0.0,30,0.4452999999999999,0.08604635879611038,0.4142666666666667,0.47521833333333324,30,1.3627688673930416,0.0725746146149463,1.337247858508733,1.3876407940029443,30,-0.07421666666666665,0.014341059799351739,-0.07941388888888888,-0.06916659722222221,30,0.001311916666666657,0.0018929470627188619,0.0006114590624997127,0.0019539244791669853,30,1.002374703976961,0.003428499339270874,1.0010903639983877,1.0035190631789894,30,0.0031627592592593807,0.004228468642061937,0.0015840173611116816,0.00457740185185123,30,-0.058833333333333356,0.034470210360525076,-0.0709504166666667,-0.04713333333333336,30,0.9666666666666667,0.18257418583505533,0.9,1.0,30,-208.3833333333333,29.697038243901865,-218.92777777777778,-198.02763888888887,True
0.45,0.95,grid_cnn_ppo,baseline2_matched,30,0.7666666666666667,0.0,30,0.0711,0.0847217962428836,0.04091541666666668,0.10046666666666668,30,1.044836554289789,0.05263002704604635,1.0262609739885615,1.0628709609630023,30,-0.011849999999999987,0.014120299373813944,-0.016674999999999995,-0.006685902777777763,30,-0.0005883833333336382,0.0021736558351274863,-0.0013823047916672227,0.00012663749999984234,30,0.9989407178296551,0.003920224066636519,0.9974718505824296,1.0002354328615684,30,-0.0012680185185182473,0.004852382494440822,-0.0030720932870363497,0.00030850439814861735,30,0.02098333333333333,0.03031116880001476,0.010549999999999993,0.03165041666666664,30,-0.03333333333333333,0.18257418583505533,-0.1,0.0,30,-22.450000000000006,25.502653682069745,-31.133611111111097,-13.366527777777806,True
0.45,0.95,grid_cnn_ppo,left_if_safe,30,0.5333333333333333,0.0,30,0.029083333333333357,0.16702096107010522,-0.0280670833333333,0.08806666666666668,30,1.0263721061141178,0.11543881902488062,0.9881935405949653,1.068437422418607,30,-0.004847222222222214,0.027836826845017534,-0.014955694444444414,0.004650069444444475,30,0.006628033333333187,0.02057135673705454,0.0005502062500001216,0.014910625104166264,30,1.0136679281855163,0.04350981769448465,1.0011274087647954,1.0314121337574327,30,0.014745120370370441,0.045780612212581936,0.0015271712962959274,0.03315445532407473,30,-0.00715000000000001,0.05078235336997592,-0.02588333333333335,0.009733749999999989,30,0.03333333333333333,0.31984191497474607,-0.06666666666666667,0.13416666666665453,30,-11.150000000000011,88.97508530255928,-45.76138888888891,17.422361111111098,False
0.45,0.95,grid_cnn_ppo,noop,30,1.0,0.0,30,0.4244666666666667,0.0799339094818805,0.39696624999999996,0.45271791666666666,30,1.3398448951844946,0.06570709272882594,1.317067969974004,1.3629166200441223,30,-0.07074444444444444,0.013322318246980092,-0.07538354166666666,-0.06605548611111108,30,0.0013251791666665273,0.0019315862779664492,0.0006041402083329857,0.001962773541666544,30,1.0023992770559746,0.0034977357193784267,1.001072392114411,1.0035412503174022,30,0.003180657407408464,0.00431201651708435,0.001581119907408486,0.004600836111111787,30,-0.07040000000000002,0.030432627681260226,-0.08116708333333333,-0.059949583333333355,30,0.9666666666666667,0.18257418583505533,0.9,1.0,30,-197.21666666666664,28.51245442734217,-207.08347222222224,-187.3111111111111,True
0.45,0.95,left_if_safe,baseline1_hdv,30,1.0,0.0,30,0.4162166666666665,0.13529155511360447,0.3654329166666667,0.46104999999999996,30,1.3382487860694454,0.1100955937624037,1.296219985861811,1.3737336990920883,30,-0.06936944444444443,0.022548592518934072,-0.07702520833333337,-0.06083034722222221,30,-0.005316116666666529,0.020316169525756638,-0.013461554583333393,0.0006437122916667902,30,0.9903789751026986,0.036765059767345745,0.9756847499896266,1.0011527889842227,30,-0.01158236111111106,0.04520680246825375,-0.02950764004629641,0.001582719212963165,30,-0.051683333333333366,0.041846287548708505,-0.06638375000000005,-0.03643291666666667,30,0.9333333333333333,0.2537081317024625,0.8333333333333334,1.0,30,-197.23333333333332,84.91800868622461,-223.5615277777778,-163.65444444444444,True
0.45,0.95,left_if_safe,baseline2_matched,30,0.8,0.0,30,0.042016666666666654,0.12632139383425867,-0.005619166666666669,0.08313499999999995,30,1.0258075886722877,0.07959447118585303,0.9962389959445456,1.051760317514655,30,-0.007002777777777773,0.021053565639043113,-0.013814027777777772,0.0009253472222222154,30,-0.007216416666666825,0.020315319872683712,-0.015105523020833466,-0.0013402826041672147,30,0.9869841916552811,0.03661523545443479,0.9722711465205318,0.9974488219195773,30,-0.016013138888888688,0.045202681314040254,-0.03459529166666691,-0.0028424476851848495,30,0.028133333333333337,0.04107309156339115,0.014366250000000004,0.04315124999999999,30,-0.06666666666666667,0.2537081317024625,-0.16666666666666666,0.0,30,-11.299999999999995,81.11096887616775,-35.77805555555554,20.13972222222221,False
0.45,0.95,left_if_safe,noop,30,0.9333333333333333,0.0,30,0.39538333333333336,0.14141188820759304,0.34349874999999985,0.4426166666666667,30,1.3165990705565573,0.11402118493755439,1.273511578827033,1.3543195930666316,30,-0.06589722222222223,0.023568648034598835,-0.07359729166666663,-0.0573471527777778,30,-0.00530285416666666,0.020410698063324777,-0.013529716145833549,0.000666846979166797,30,0.9904091120168048,0.03691569536981477,0.9757187453832649,1.0012070282811318,30,-0.011564462962961979,0.04541970730720048,-0.029880914351850994,0.0017391805555564057,30,-0.06325000000000001,0.03998183854943522,-0.07666791666666667,-0.048583333333333374,30,0.9333333333333333,0.2537081317024625,0.8333333333333334,1.0,30,-186.06666666666666,88.23925373881593,-213.3393055555556,-150.88875,True
0.45,0.95,node_mlp_ppo,baseline1_hdv,30,0.9,0.0,30,0.36771666666666664,0.1969566153581375,0.29311624999999997,0.4306004166666667,30,1.2994820193371999,0.16155378223442682,1.2391692517596071,1.350266319153157,30,-0.061286111111111125,0.032826102559689596,-0.07183895833333331,-0.04884166666666667,30,-0.010516191666666896,0.026094126326601515,-0.02053721072916673,-0.0024443703125002557,30,0.9809561597315678,0.04725013117912858,0.9624785851138558,0.9952650301718863,30,-0.023165027777777535,0.058086299505131445,-0.045295209722222445,-0.005333437268518334,30,-0.045866666666666674,0.05868309592315692,-0.06490083333333334,-0.02374958333333336,30,0.8,0.4842341981115023,0.6,0.9333333333333333,30,-186.13888888888886,82.46380935373404,-211.36694444444444,-154.0276388888889,True
0.45,0.95,node_mlp_ppo,baseline2_matched,30,0.7333333333333333,0.0,30,-0.006483333333333323,0.1859473174989558,-0.07850083333333331,0.053350833333333327,30,0.995586622559297,0.11762116790643806,0.9507553475389142,1.0331301731243854,30,0.0010805555555555438,0.03099121958315932,-0.008783472222222243,0.0129282638888889,30,-0.012416491666667192,0.026253089794570472,-0.022714538229167306,-0.004540828750000429,30,0.9776068878447113,0.04735437493373305,0.9590956014921935,0.9923836639165153,30,-0.027595805555555165,0.05843228247761332,-0.05030795092592559,-0.00980548611111059,30,0.03395000000000001,0.0545159498963693,0.016366666666666675,0.05471791666666665,30,-0.2,0.48423419811150237,-0.4,-0.06666666666666667,30,-0.20555555555555807,79.6010368265198,-24.922222222222228,31.961250000000003,False
0.45,0.95,node_mlp_ppo,grid_cnn_ppo,30,0.3333333333333333,0.0,30,-0.07758333333333335,0.19242486591651428,-0.14943374999999995,-0.01473208333333335,30,0.9544539137558203,0.11620957621838304,0.9098998629845899,0.99268019223709,30,0.01293055555555553,0.03207081098608571,0.002574930555555542,0.024894583333333307,30,-0.011828108333333554,0.025716571989013212,-0.02186385062500021,-0.003890595833333405,30,0.978606509964315,0.046517304380802794,0.9604310919222352,0.9925170404338626,30,-0.026327787037036917,0.057239908247403784,-0.048453119675925416,-0.008648052083332856,30,0.012966666666666677,0.053159313799918076,-0.0046666666666666575,0.033100416666666674,30,-0.16666666666666666,0.461133037377414,-0.3333333333333333,-0.03333333333333333,30,22.24444444444445,80.05859603745962,-2.0999999999999965,54.111666666666665,False
0.45,0.95,node_mlp_ppo,left_if_safe,30,0.3,0.0,30,-0.04849999999999998,0.2333887536811223,-0.13371666666666665,0.029683749999999995,30,0.9780006269827245,0.15173751128420687,0.9247670112899172,1.0306168844089698,30,0.008083333333333316,0.0388981256135204,-0.005264652777777791,0.02219722222222221,30,-0.005200075000000367,0.034114179015435654,-0.017506665937500537,0.006471833333332702,30,0.9921279286128556,0.06580930846218619,0.9694765528205717,1.0145009358099186,30,-0.011582666666666474,0.07592584965908401,-0.0390502601851843,0.014361556018518273,30,0.005816666666666666,0.06540213580469749,-0.016400416666666667,0.029267083333333326,30,-0.13333333333333333,0.5713464637233656,-0.3333333333333333,0.06666666666666667,30,11.094444444444434,117.45359141658417,-29.5725,53.186111111111046,False
0.45,0.95,node_mlp_ppo,noop,30,0.9,0.0,30,0.3468833333333334,0.18788751602530945,0.27618291666666656,0.4075883333333333,30,1.2767910387592745,0.15128618675455904,1.2177945766678993,1.3248251401719553,30,-0.05781388888888891,0.03131458600421826,-0.06786986111111114,-0.046122152777777814,30,-0.010502929166667027,0.026252230309022056,-0.02097792864583378,-0.0024387356250003427,30,0.9809930812941552,0.04749659572898593,0.9628667788509017,0.9955584409355999,30,-0.023147129629628452,0.05843356909665035,-0.04614832731481295,-0.005058178935184508,30,-0.057433333333333336,0.05403171695200522,-0.07478375000000002,-0.03679916666666668,30,0.8,0.4842341981115023,0.6,0.9333333333333333,30,-174.9722222222222,80.29113790642818,-199.39569444444447,-143.5663888888889,True
0.45,0.95,noop,baseline1_hdv,30,0.7333333333333333,0.0,30,0.020833333333333297,0.02792426127610346,0.011182916666666608,0.030717083333333305,30,1.0171317226540415,0.02292539882132773,1.0090417583072098,1.0250212856615295,30,-0.00347222222222221,0.004654043546017238,-0.005108333333333315,-0.0018277777777777726,30,-1.3262499999870206e-05,0.0005995292301390056,-0.00022653385416656163,0.00019517958333370726,30,0.9999762897089295,0.0010848390437848063,0.9995985512025239,1.0003625045389273,30,-1.7898148149083266e-05,0.0013321376057667251,-0.000473918518519562,0.0004605574074063041,30,0.011566666666666654,0.011578616835187698,0.007449999999999983,0.015566666666666657,30,0.0,0.0,0.0,0.0,30,-11.166666666666666,15.655412930452792,-16.76708333333333,-5.783333333333333,True
0.45,0.95,noop,baseline2_matched,30,0.0,0.0,30,-0.35336666666666666,0.04000343376066206,-0.36793333333333333,-0.33965000000000006,30,0.7800140552961686,0.020488571786811505,0.7727800174247037,0.7869674546459613,30,0.05889444444444444,0.006667238960110343,0.05662770833333334,0.06130833333333334,30,-0.0019135625000001656,0.0007906823519131636,-0.002187749895833561,-0.001624361145833586,30,0.9965491444461148,0.0014241899453500998,0.9960708024663039,0.9970642339333817,30,-0.004448675925926711,0.0017635775808848397,-0.005032310648149298,-0.0037964342592599755,30,0.09138333333333334,0.024516244907567226,0.08271625,0.10005041666666666,30,-1.0,0.0,-1.0,-1.0,30,174.76666666666674,24.144028239232536,166.23874999999998,183.28958333333335,False
0.45,1.0,baseline2_matched,baseline1_hdv,30,1.0,0.0,30,0.4738166666666667,0.05314772570041389,0.45548250000000007,0.49251666666666666,30,1.385784520481552,0.04625986890488246,1.3694554581213714,1.4021248653228615,30,-0.07896944444444444,0.008857954283402318,-0.08208611111111108,-0.07585833333333333,30,0.0017842333333334477,0.0009557231181633381,0.001450490520833461,0.002116746354166836,30,1.003230287802341,0.0017302030233405255,1.002612856518778,1.0038492231828,30,0.004228194444444333,0.002127904485575705,0.0034737946759253787,0.004983861805556125,30,-0.08030000000000002,0.03182023862586352,-0.09191666666666667,-0.0692,30,1.0,0.0,1.0,1.0,30,-222.26666666666668,24.67860847931049,-230.96124999999998,-213.48861111111114,True
0.45,1.0,graph_ppo,baseline1_hdv,30,1.0,0.0,30,1.10895,0.11501606709349425,1.0683320833333336,1.1483675,30,1.9032766222927515,0.10571517867937932,1.8659489901195299,1.9405650104672745,30,-0.18482500000000002,0.019169344515582377,-0.19170006944444448,-0.17810243055555555,30,-0.0009597749999997889,0.006596607457119282,-0.003525903645833298,0.0010173010416670387,30,0.9982644733476348,0.011935726462630507,0.9934303055054536,1.0018881538299094,30,-0.0015167500000004294,0.014627939446946448,-0.007290516666666142,0.00290443263888862,30,-0.08738333333333337,0.05209667461313753,-0.10658333333333334,-0.07071666666666669,30,2.066666666666667,0.2537081317024624,2.0,2.1666666666666665,30,-381.675,29.261036084845337,-391.75008333333335,-371.3465416666666,True
0.45,1.0,graph_ppo,baseline2_matched,30,1.0,0.0,30,0.6351333333333333,0.09747855054365522,0.6021329166666667,0.6704170833333333,30,1.3733985981962975,0.06072018339931251,1.353047925057364,1.3958043813370289,30,-0.10585555555555555,0.016246425090609196,-0.11171951388888887,-0.10025812499999999,30,-0.0027440083333332365,0.006493032767461248,-0.005298728749999843,-0.0007636624999997682,30,0.9950494540248884,0.011721836996192624,0.9905070657886832,0.998646869915289,30,-0.005744944444444762,0.01439417865890874,-0.011393086342593511,-0.001383622453703595,30,-0.007083333333333332,0.056054020024611434,-0.02873375,0.010599999999999995,30,1.0666666666666667,0.2537081317024625,1.0,1.1666666666666667,30,-159.40833333333336,20.80258869372159,-167.0986527777778,-152.33555555555554,True
0.45,1.0,graph_ppo,grid_cnn_ppo,30,0.9666666666666667,0.0,30,0.1626,0.11599765158146001,0.1236829166666667,0.20375,30,1.0762855682264008,0.05607345098025118,1.05753217899932,1.0968450958747538,30,-0.027099999999999982,0.01933294193024331,-0.03415590277777776,-0.020427499999999998,30,-0.0027241999999997805,0.006766762670780916,-0.005351709375000098,-0.0006499727083332215,30,0.9950918915118339,0.012195149660708763,0.9903853945865023,0.9987950878648991,30,-0.005963444444444936,0.014999416496136139,-0.011843577083333614,-0.0014186094907416783,30,-0.044016666666666676,0.055601954092015286,-0.06565,-0.026316666666666662,30,0.1,0.30512857662936466,0.0,0.23333333333333334,30,-29.70555555555556,21.92197253781955,-37.63672222222222,-22.172152777777782,True
0.45,1.0,graph_ppo,left_if_safe,30,0.3333333333333333,0.5666666666666667,30,0.07896666666666667,0.24462011129621927,0.005999166666666665,0.17603624999999998,30,1.0507066618856487,0.1643909108840186,1.0036495570555584,1.1160985570933712,30,-0.013161111111111123,0.040770018549369895,-0.0295084027777778,-0.0010443055555555759,30,0.010760929166666688,0.029503263982469535,0.0013220729166665414,0.022332887083333548,30,1.023858510738649,0.0671289070053308,1.00286829862293,1.050422206945899,30,0.023957046296296153,0.06568402843816828,0.0030554057870370217,0.050136093518518256,30,-0.008133333333333331,0.05306143695711626,-0.028900416666666665,0.008350000000000002,30,0.1,0.6074253182419871,-0.1,0.3333333333333333,30,-30.425,99.38534526502524,-70.7035,-1.7699166666666686,True
0.45,1.0,graph_ppo,node_mlp_ppo,30,0.4666666666666667,0.0,30,0.009550000000000022,0.15228168941482909,-0.043419166666666634,0.06486791666666662,30,1.0068841408877651,0.06711862926456048,0.9842051215460614,1.0320951326016798,30,-0.00159166666666668,0.025380281569138175,-0.010541805555555566,0.007050138888888887,30,0.00011139166666702487,0.01322659579890161,-0.004068033333333296,0.005322505104167229,30,1.0006324154924553,0.025527732959944857,0.9927100913414234,1.0102916933796857,30,0.0002528425925926244,0.029362912999682703,-0.009195899768517736,0.011870329166666855,30,-0.009183333333333323,0.07164020294611761,-0.03558374999999998,0.015450416666666671,30,-0.03333333333333333,0.41384099339733366,-0.16666666666666666,0.1,30,-4.658333333333333,27.93760006024921,-14.483833333333333,4.975,False
0.45,1.0,graph_ppo,noop,30,1.0,0.0,30,1.0911000000000002,0.10794805583529833,1.0531483333333334,1.1288854166666669,30,1.8755820474881573,0.09388218478884866,1.8428124462065858,1.909107681697251,30,-0.18184999999999998,0.017991342639216378,-0.18818888888888885,-0.17561659722222214,30,-0.0009065458333332314,0.006646854836389877,-0.003576386979166465,0.0010751178124998814,30,0.9983616447688788,0.012023746336259451,0.9935621405725267,1.0020000723540943,30,-0.0014083796296302299,0.01474516278979454,-0.007283183101852386,0.0030119071759249277,30,-0.10014999999999999,0.05421415866727069,-0.1207,-0.08283208333333338,30,2.066666666666667,0.2537081317024624,2.0,2.1666666666666665,30,-375.89166666666665,27.63799572095025,-385.263375,-365.99945833333334,True
0.45,1.0,grid_cnn_ppo,baseline1_hdv,30,1.0,0.0,30,0.9463500000000001,0.10723669839545892,0.9099658333333334,0.9841999999999999,30,1.7702809392078223,0.09150789227166184,1.7383945691824474,1.8028979845554223,30,-0.15772500000000003,0.017872783065909812,-0.1639640277777778,-0.15156930555555556,30,0.0017644249999999918,0.0013604484355128803,0.0012967522916666754,0.0022623680208332273,30,1.003194732228063,0.002463609480439515,1.002357827338293,1.004079559301044,30,0.0044466944444445065,0.0030602866728046208,0.0033977613425929245,0.0055446245370375175,30,-0.04336666666666668,0.0319241918141792,-0.05486666666666666,-0.03233333333333334,30,1.9666666666666666,0.1825741858350553,1.9,2.0,30,-351.9694444444444,28.17738083762319,-361.83645833333327,-342.1911111111111,True
0.45,1.0,grid_cnn_ppo,baseline2_matched,30,1.0,0.0,30,0.4725333333333333,0.07390440392520752,0.4468499999999999,0.4995666666666666,30,1.2771280513617944,0.04057358752810573,1.2630982861180802,1.2912653561406469,30,-0.07875555555555556,0.012317400654201248,-0.0831833333333333,-0.07444715277777775,30,-1.980833333345607e-05,0.0016950818922635393,-0.0006102249999999182,0.0005769029166666346,30,0.9999676028015965,0.0030584931116082056,0.9989462056269844,1.0010495818866505,30,0.00021850000000017317,0.0037858513237909613,-0.0010981900462959863,0.0015924472222225107,30,0.03693333333333334,0.024133869937515602,0.028550000000000013,0.04546708333333335,30,0.9666666666666667,0.18257418583505533,0.9,1.0,30,-129.70277777777775,16.293930940827934,-135.4589583333333,-123.9998611111111,True
0.45,1.0,grid_cnn_ppo,left_if_safe,30,0.13333333333333333,0.0,30,-0.08363333333333338,0.2429499711993132,-0.16033416666666664,0.010717083333333256,30,0.9769422606809421,0.1446088826897615,0.9329229218502407,1.0352670319549369,30,0.01393888888888886,0.04049166186655219,-0.0018586111111111299,0.026513958333333282,30,0.013485129166666469,0.033780780983226726,0.002769241249999776,0.026865857499999785,30,1.0295216025437057,0.07664353455834184,1.005732756601862,1.0594725240930274,30,0.02992049074074109,0.07517636156893698,0.006431056250000293,0.058225349305556576,30,0.03588333333333334,0.06126844315336225,0.014933333333333349,0.058183333333333344,30,0.0,0.6432675209026769,-0.2,0.23333333333333334,30,-0.7194444444444438,101.32164879731472,-40.12020833333331,29.074444444444445,False
0.45,1.0,grid_cnn_ppo,noop,30,1.0,0.0,30,0.9285,0.1062115650563729,0.89174875,0.9672679166666667,30,1.744943113949367,0.08958087124737729,1.7141948957823299,1.7777134052971943,30,-0.15475,0.017701927509395473,-0.16105006944444444,-0.14869444444444443,30,0.0018176541666665492,0.001431977263534405,0.0013009049999997847,0.002332003541666758,30,1.0032916438209203,0.002593561463850058,1.002396238878072,1.0042236900010517,30,0.0045550648148147055,0.0032181193348679374,0.003419311111110949,0.005709626851851703,30,-0.05613333333333334,0.028926164427828093,-0.06666666666666667,-0.046333333333333324,30,1.9666666666666666,0.1825741858350553,1.9,2.0,30,-346.1861111111111,29.955360173581475,-356.90333333333325,-335.78541666666666,True
0.45,1.0,left_if_safe,baseline1_hdv,30,1.0,0.0,30,1.0299833333333335,0.24394577843465942,0.9362162499999999,1.1083679166666667,30,1.8377442410964269,0.20016153366785208,1.7617540376673801,1.9016300658443896,30,-0.17166388888888887,0.04065762973910989,-0.1845502777777778,-0.15609645833333335,30,-0.011720704166666478,0.033560690537068616,-0.02493900927083316,-0.0014918098958332335,30,0.978789912545584,0.060731040768850046,0.9551752714817157,0.9976333264253897,30,-0.025473796296296584,0.07468652508191755,-0.054238722453704626,-0.002189110416666541,30,-0.07925000000000003,0.06428475847674778,-0.10233333333333333,-0.056716666666666665,30,1.9666666666666666,0.6149478998583782,1.7333333333333334,2.1666666666666665,30,-351.25,101.19894455630624,-381.55670833333335,-312.65937499999995,True
0.45,1.0,left_if_safe,baseline2_matched,30,0.9333333333333333,0.0,30,0.5561666666666666,0.23809945521716894,0.46144791666666674,0.6302670833333333,30,1.326493772909067,0.13964625553640056,1.2728103800457338,1.3692570774167359,30,-0.09269444444444443,0.03968324253619481,-0.10473638888888887,-0.07719951388888886,30,-0.013504937499999925,0.03319314689751262,-0.026644772083333455,-0.0033442521874999373,30,0.9756010318667293,0.06000567551582189,0.951975342292984,0.9941186734446079,30,-0.029701990740740918,0.07386752067016192,-0.05896208333333322,-0.00737938287037038,30,0.001049999999999999,0.0642313101757745,-0.022817499999999987,0.022950416666666664,30,0.9666666666666667,0.6149478998583782,0.7333333333333333,1.1666666666666667,30,-128.9833333333333,99.34623238396559,-157.4072638888889,-89.65,True
0.45,1.0,left_if_safe,noop,30,1.0,0.0,30,1.0121333333333333,0.2446351940357714,0.9195166666666669,1.0885179166666668,30,1.8116578346573222,0.19842125565270743,1.7361196797272898,1.8740787838657915,30,-0.16868888888888883,0.04077253233929521,-0.1816808333333333,-0.15347159722222217,30,-0.01166747499999992,0.03357144768136837,-0.024778199479166672,-0.0013133760416667647,30,0.9788852886687367,0.060748956557809236,0.95477951135318,0.9972382181427044,30,-0.025365425925926385,0.07471173682982797,-0.05497565740740744,-0.002291619212963634,30,-0.09201666666666666,0.06486105618316282,-0.11473416666666668,-0.06964958333333335,30,1.9666666666666666,0.6149478998583782,1.7333333333333334,2.1666666666666665,30,-345.46666666666664,104.23482386298316,-376.83374999999995,-304.65999999999997,True
0.45,1.0,node_mlp_ppo,baseline1_hdv,30,1.0,0.0,30,1.0994,0.13579963688946425,1.0518825,1.1480025,30,1.8946474498468304,0.11380959473682661,1.8557331797800183,1.9350028236842463,30,-0.18323333333333333,0.022633272814910704,-0.19135013888888885,-0.17540798611111108,30,-0.0010711666666668137,0.01092468335360055,-0.005530133229166951,0.0019483492708334206,30,0.9980646057059365,0.019761950260789137,0.9900394665481063,1.0034477646735183,30,-0.0017695925925930538,0.024274967405168386,-0.011675601388889052,0.004841515046295868,30,-0.07820000000000003,0.04628968008917993,-0.09525000000000002,-0.06226583333333337,30,2.1,0.3051285766293647,2.0,2.2333333333333334,30,-377.01666666666665,28.551035168543404,-386.91004166666664,-366.6780416666667,True
0.45,1.0,node_mlp_ppo,baseline2_matched,30,1.0,0.0,30,0.6255833333333333,0.11009377533637445,0.5879995833333332,0.6652,30,1.366928650635522,0.06201076542440972,1.346448026586317,1.3891075016937278,30,-0.10426388888888886,0.018348962556062408,-0.11075874999999995,-0.09794999999999998,30,-0.0028554000000002616,0.011095196426318154,-0.007472964062500245,0.00021841385416665409,30,0.994858269228146,0.019993430698415957,0.9867884128941736,1.0003939789635365,30,-0.005997787037037387,0.024653338603245808,-0.016031142824074574,0.000761197685184776,30,0.0020999999999999908,0.04228421895239159,-0.013500000000000007,0.016467499999999975,30,1.1,0.3051285766293647,1.0,1.2,30,-154.75,19.466488544296094,-161.97694444444448,-148.2613888888889,True
0.45,1.0,node_mlp_ppo,grid_cnn_ppo,30,0.9666666666666667,0.0,30,0.15304999999999996,0.09708717643224667,0.11978333333333338,0.18813333333333335,30,1.0706811388997939,0.04505934753867263,1.0557186287495752,1.0871613830557885,30,-0.025508333333333303,0.016181196072041115,-0.03143895833333331,-0.020049930555555512,30,-0.0028355916666668052,0.01074291317005051,-0.007178948958333497,4.545468750013243e-05,30,0.9948828966140952,0.019378549705938598,0.9871006440289074,1.000134937355047,30,-0.00621628703703756,0.023863392668930564,-0.016231266435185875,0.00017341782407350278,30,-0.03483333333333335,0.04232781211167097,-0.05098375000000002,-0.021216666666666686,30,0.13333333333333333,0.34574590364176044,0.03333333333333333,0.26666666666666666,30,-25.047222222222224,19.804745204897404,-32.01075,-18.32975,True
0.45,1.0,node_mlp_ppo,left_if_safe,30,0.6333333333333333,0.0,30,0.06941666666666664,0.24457503902206298,-0.00976916666666662,0.1625699999999999,30,1.0448792265503335,0.15133422036622804,0.9987678883362339,1.1026623639796302,30,-0.011569444444444443,0.04076250650367716,-0.027039374999999997,0.0011947916666666778,30,0.010649537499999664,0.036211935763984786,-0.0009239470833335103,0.02455703812499976,30,1.0243579680860244,0.08029272436319221,0.9989936155737131,1.0556457497502523,30,0.02370420370370353,0.08055876758243921,-0.002206131018517922,0.05527339560185118,30,0.0010499999999999917,0.07591139912583209,-0.024650416666666664,0.028817499999999996,30,0.13333333333333333,0.6814453874610598,-0.1,0.4,30,-25.766666666666666,97.91630427910441,-63.92191666666666,3.3849999999999985,False
0.45,1.0,node_mlp_ppo,noop,30,1.0,0.0,30,1.08155,0.13661980658646874,1.0335320833333332,1.1289175,30,1.8676650122276357,0.11314007050784725,1.8279884521600969,1.908189734004386,30,-0.1802583333333333,0.02276996776441145,-0.18818374999999996,-0.17228333333333332,30,-0.0010179375000002563,0.010880619153153819,-0.005515214791666811,0.001988789791666474,30,0.9981591857417056,0.019697826371491176,0.9898797390388259,1.0035612688359543,30,-0.0016612222222228542,0.024177694571801838,-0.01151422847222258,0.004979651388888171,30,-0.09096666666666667,0.04590149372772939,-0.10765041666666669,-0.07538333333333336,30,2.1,0.3051285766293647,2.0,2.2333333333333334,30,-371.23333333333335,30.169270542349402,-381.67337499999996,-360.4665833333333,True
0.45,1.0,noop,baseline1_hdv,30,0.7333333333333333,0.03333333333333333,30,0.017849999999999994,0.02870844823392583,0.007700000000000017,0.02764999999999999,30,1.0147572429931908,0.023519301705689902,1.0064673997970226,1.0229237236826372,30,-0.0029750000000000015,0.004784741372320973,-0.004616666666666666,-0.0012666666666666716,30,-5.3229166666557415e-05,0.00048018645027706565,-0.00022061802083343232,0.00011482312500010588,30,0.9999040868848057,0.0008691235964333945,0.9995991527398526,1.0002171701353932,30,-0.00010837037037019955,0.0010648380661582905,-0.0004687967592586077,0.00026903981481555395,30,0.012766666666666659,0.013495039531399045,0.008032916666666655,0.017599999999999987,30,0.0,0.0,0.0,0.0,30,-5.783333333333333,18.625475385432,-12.166666666666666,0.9333333333333333,True
0.45,1.0,noop,baseline2_matched,30,0.0,0.0,30,-0.4559666666666667,0.05184325403083553,-0.47395000000000004,-0.4374995833333333,30,0.7328477534116085,0.024096870860336177,0.724580144596315,0.7412525772691703,30,0.07599444444444445,0.008640542338472583,0.07283333333333335,0.07901951388888892,30,-0.0018374625000000052,0.0009595201370895963,-0.0021788250000001085,-0.0015014143749999917,30,0.9966870215265332,0.0017251316838419596,0.9960737831943193,0.9972885861514512,30,-0.004336564814814533,0.0021409482242875535,-0.005105263657406823,-0.003584533101851858,30,0.09306666666666667,0.028550841926511448,0.08293333333333335,0.10308375000000002,30,-1.0,0.0,-1.0,-1.0,30,216.48333333333332,24.132312085459986,207.83819444444444,224.9169444444444,False
0.5,0.9,baseline2_matched,baseline1_hdv,30,1.0,0.0,30,0.31651666666666667,0.02957733385822527,0.30581583333333323,0.32695041666666663,30,1.313268529787734,0.031747726844159406,1.3018867242374168,1.3241284193678797,30,-0.05275277777777776,0.004929555643037535,-0.05449166666666665,-0.050975000000000006,30,0.0015140416666666544,0.0005133955100238958,0.0013385782291666878,0.0016945386458333427,30,1.0030151097112916,0.0010231983806595318,1.0026572456218985,1.003389620849662,30,0.00318634166666687,0.0010288046828044678,0.0028239662499998895,0.0035597241666672315,30,-0.10773333333333333,0.01923167884674574,-0.11460000000000001,-0.10116666666666665,30,0.23333333333333334,0.43018306715207627,0.1,0.4,30,-235.53333333333333,27.07840892454831,-244.93416666666667,-225.91625,True
0.5,0.9,graph_ppo,baseline1_hdv,30,0.9666666666666667,0.0,30,0.2185,0.11697936747047791,0.17331624999999998,0.25443375,30,1.216543838136873,0.11544568178739899,1.1710113040061485,1.2532069818435636,30,-0.03641666666666666,0.019496561245079643,-0.042536388888888874,-0.02903048611111111,30,-0.0025081291666668153,0.010355598897679048,-0.0065146696875000585,0.0007387172916664828,30,0.995008409369046,0.020614282257805903,0.9869817948386036,1.001498747201237,30,-0.004907008333333455,0.020753082234258962,-0.012626921666666834,0.0016294047916668578,30,-0.02201666666666666,0.04181125144176429,-0.035117083333333333,-0.00658083333333337,30,0.2,0.48423419811150237,0.03333333333333333,0.36666666666666664,30,-180.13333333333333,74.91350568044011,-204.13416666666666,-151.28291666666667,True
0.5,0.9,graph_ppo,baseline2_matched,30,0.1,0.0,30,-0.09801666666666665,0.10703467721461479,-0.13888541666666665,-0.06289958333333331,30,0.925891623778128,0.08285423258698328,0.8948021231833306,0.9526288112357734,30,0.016336111111111107,0.017839112869102468,0.010491388888888873,0.023211180555555558,30,-0.004022170833333469,0.010330487296224699,-0.008058950729166736,-0.0008068693750001785,30,0.9920168691644851,0.02050616391547463,0.9838967931578904,0.998427032143624,30,-0.008093350000000325,0.020699427323891375,-0.01604719354166712,-0.0015959850000003067,30,0.08571666666666666,0.04161661706688752,0.07210000000000001,0.10160041666666667,30,-0.03333333333333333,0.18257418583505533,-0.1,0.0,30,55.4,67.29866525294231,33.23208333333334,80.51749999999998,False
0.5,0.9,graph_ppo,grid_cnn_ppo,30,0.36666666666666664,0.0,30,-0.05871666666666666,0.12678958154558975,-0.10818333333333331,-0.018200000000000032,30,0.9559423197459987,0.09627007098659096,0.9197627603921946,0.9866870079438108,30,0.009786111111111107,0.021131596924264962,0.0028944444444444512,0.01791395833333333,30,-0.005003741666666822,0.010258811250144382,-0.009021441145833574,-0.001799231875000234,30,0.9900868903210378,0.020332867945284543,0.9822693838263773,0.9964535431080666,30,-0.010036841666666584,0.020561278348416395,-0.01798778166666718,-0.0035162056250002158,30,0.02023333333333335,0.047360272405243306,0.00523291666666669,0.039017083333333334,30,-0.03333333333333333,0.18257418583505533,-0.1,0.0,30,39.766666666666666,80.96462971179338,12.549583333333338,69.6,False
0.5,0.9,graph_ppo,left_if_safe,30,0.5333333333333333,0.0,30,-0.0023500000000000226,0.1417900433010384,-0.052100833333333346,0.04526916666666661,30,1.0057308946342893,0.12881654234374795,0.9608912300155441,1.0513433703832769,30,0.0003916666666666716,0.023631673883506395,-0.007603055555555537,0.008650069444444441,30,9.244999999979224e-05,0.016319525561068186,-0.005389628958333506,0.006059952083333302,30,1.0008036635572366,0.03427370465891844,0.9891333494223293,1.0133184257533316,30,0.00018372500000000125,0.03269622621944131,-0.011113020208333707,0.012053649791666458,30,0.0019166666666666776,0.051722749502438034,-0.01618458333333331,0.020183333333333345,30,0.03333333333333333,0.31984191497474607,-0.06666666666666667,0.13333333333333333,30,12.9,137.99727633494103,-39.766666666666666,55.3,False
0.5,0.9,graph_ppo,node_mlp_ppo,30,0.36666666666666664,0.0,30,-0.030816666666666697,0.1736189586885371,-0.09501833333333333,0.02861999999999994,30,0.985636016954368,0.1457531094229842,0.9350302578668953,1.0382110396078286,30,0.005136111111111108,0.02893649311475619,-0.004625625000000011,0.015444652777777759,30,-3.57791666669105e-05,0.015058008315426814,-0.005473528333333694,0.005090761249999745,30,1.0004265035226085,0.030706202435333747,0.989628463694948,1.0113212802017266,30,-8.696666666663984e-05,0.03018928447840095,-0.010758838125000423,0.010278256041666621,30,0.012366666666666677,0.05843681133960194,-0.007699999999999985,0.03346708333333334,30,0.0,0.2626128657194451,-0.1,0.1,30,29.766666666666666,111.6070487618651,-9.067499999999992,69.88375,False
0.5,0.9,graph_ppo,noop,30,0.9666666666666667,0.0,30,0.21329999999999996,0.11409876242189002,0.16901624999999998,0.24893416666666665,30,1.2100698823402418,0.11240118627807423,1.1669338853596498,1.2450306228101051,30,-0.03555,0.019016460403648343,-0.0416445138888889,-0.028374930555555546,30,-0.0025389416666669845,0.010356801256203077,-0.006465965208333841,0.0007033190624995319,30,0.9949474031895236,0.020615024670203184,0.9871014986992668,1.001405730203566,30,-0.0049712333333334765,0.02075359159578738,-0.012771672708333511,0.001597846874999626,30,-0.03778333333333334,0.038608709785026084,-0.05001666666666666,-0.023332499999999985,30,0.1,0.40257789993644877,-0.03333333333333333,0.23333333333333334,30,-174.61666666666667,69.37773707969187,-197.3,-148.81625,True
0.5,0.9,grid_cnn_ppo,baseline1_hdv,30,1.0,0.0,30,0.27721666666666667,0.04444013472878591,0.2618,0.2925504166666667,30,1.274172429146176,0.044212744846109035,1.2581045855529618,1.2892740853392513,30,-0.04620277777777778,0.007406689121464329,-0.048783333333333324,-0.043552708333333315,30,0.002495612500000007,0.0011865545175935763,0.002082777916666908,0.0029086336458332934,30,1.0049696410137379,0.0023634062720678663,1.0041397298222223,1.0057954024699804,30,0.00512983333333313,0.0023817175175349465,0.0043082277083338755,0.005968616249999586,30,-0.04225000000000002,0.024536654494716745,-0.05071708333333336,-0.0337,30,0.23333333333333334,0.43018306715207627,0.1,0.4,30,-219.9,43.919479615031555,-235.05083333333334,-203.68291666666667,True
0.5,0.9,grid_cnn_ppo,baseline2_matched,30,0.23333333333333334,0.0,30,-0.03929999999999999,0.0550461561813795,-0.05881666666666664,-0.02024958333333333,30,0.9707904108720586,0.04115707173243604,0.9559780036895573,0.9850486295938041,30,0.00655,0.009174359363563261,0.0034083333333333314,0.009827847222222219,30,0.0009815708333333524,0.001309965982252334,0.0005143509375001291,0.0014389831250000698,30,1.0019497476552097,0.002601786705501664,1.001035259922926,1.0028762232454964,30,0.00194349166666626,0.0026308813362693976,0.000982650624999658,0.0028870749999995444,30,0.06548333333333331,0.028412747058359184,0.055832499999999986,0.07565041666666665,30,0.0,0.0,0.0,0.0,30,15.633333333333333,44.06772478601649,0.9166666666666666,31.70041666666666,False
0.5,0.9,grid_cnn_ppo,left_if_safe,30,0.6666666666666666,0.0,30,0.05636666666666665,0.11470343569797524,0.01971666666666665,0.09876749999999997,30,1.0551823571962855,0.11865525661307189,1.0185757505703943,1.1002174996038057,30,-0.009394444444444434,0.019117239282995867,-0.01644444444444443,-0.0031777083333333176,30,0.005096191666666614,0.01139755505900241,0.0017236043749998776,0.009689366249999833,30,1.0107582956250472,0.024993704954718175,1.0036798231196478,1.020960905462802,30,0.010220566666666587,0.022839893916386442,0.003584600208333304,0.019299578541666685,30,-0.01831666666666668,0.040713355288536146,-0.03285041666666667,-0.004383333333333361,30,0.06666666666666667,0.2537081317024624,0.0,0.16666666666666666,30,-26.866666666666667,136.62463889805156,-81.18416666666667,11.883749999999994,True
0.5,0.9,grid_cnn_ppo,noop,30,1.0,0.0,30,0.27201666666666663,0.04548824845085197,0.2557829166666667,0.2878179166666667,30,1.267757015242028,0.045525708901935615,1.2521542964593513,1.2834536692850957,30,-0.04533611111111111,0.007581374741808671,-0.047972291666666673,-0.042744375,30,0.0024647999999998374,0.0012504239395755119,0.002020782395833298,0.002900680104166429,30,1.0049082741048152,0.002490898546247654,1.0040443138267632,1.0057797673443936,30,0.005065608333333109,0.002511029331701884,0.004165131666666385,0.00594580708333307,30,-0.05801666666666668,0.02027121423192951,-0.06505,-0.05090000000000002,30,0.13333333333333333,0.34574590364176044,0.03333333333333333,0.26666666666666666,30,-214.38333333333333,37.23566221017004,-227.1175,-201.21625,True
0.5,0.9,left_if_safe,baseline1_hdv,30,0.9333333333333333,0.0,30,0.22085000000000002,0.10856621608890155,0.18023333333333333,0.25598375,30,1.218381319954913,0.10778918538328108,1.1775227174446057,1.2534055093921865,30,-0.036808333333333346,0.018094369348150265,-0.04267777777777777,-0.030019444444444456,30,-0.0026005791666666076,0.011531162917925712,-0.007237692604166529,0.0007657669791666324,30,0.9948189950927865,0.022971831456621784,0.9859574720956048,1.0015886781601466,30,-0.005090733333333456,0.023108047915317956,-0.014438982708333383,0.0017699145833334736,30,-0.023933333333333338,0.04162864011904447,-0.03805041666666668,-0.00865000000000001,30,0.16666666666666666,0.4611330373774141,0.0,0.3333333333333333,30,-193.03333333333333,129.62279049647077,-229.31708333333333,-141.14958333333334,True
0.5,0.9,left_if_safe,baseline2_matched,30,0.13333333333333333,0.0,30,-0.09566666666666662,0.11123788840180288,-0.13731833333333326,-0.05919999999999998,30,0.9281743011417954,0.08334456199007623,0.8967197596943001,0.9549702276387595,30,0.015944444444444435,0.018539648066967153,0.009963819444444437,0.023058611111111085,30,-0.004114620833333262,0.011597546529167628,-0.008742732708333091,-0.0006915912499999693,30,0.9918319543342722,0.023033580275395756,0.9826199974575976,0.9985639634125819,30,-0.008277075000000326,0.023241583250545633,-0.017436841041666852,-0.0013663606250004818,30,0.0838,0.04486466238627549,0.06879916666666666,0.10061708333333332,30,-0.06666666666666667,0.2537081317024624,-0.16666666666666666,0.0,30,42.5,126.07428023959143,8.149583333333338,92.33458333333331,False
0.5,0.9,left_if_safe,noop,30,0.9333333333333333,0.0,30,0.21565000000000004,0.10793677507593555,0.17488250000000002,0.25016791666666666,30,1.2121441866110814,0.1060327825936082,1.1718820738882212,1.2466088007568503,30,-0.03594166666666667,0.017989462512655922,-0.04171673611111113,-0.02905819444444445,30,-0.0026313916666667768,0.01152660198370103,-0.007167859895833491,0.0007405732291664972,30,0.9947577418721227,0.0229762045850552,0.9856547211907986,1.001478043820905,30,-0.005154958333333477,0.02309893903613763,-0.014120888750000811,0.0017180212499999657,30,-0.039700000000000006,0.038300670742303526,-0.05236666666666666,-0.025783333333333342,30,0.06666666666666667,0.3651483716701107,-0.06666666666666667,0.2,30,-187.51666666666668,131.12862094098702,-223.26708333333335,-134.01375000000004,True
0.5,0.9,node_mlp_ppo,baseline1_hdv,30,0.9333333333333333,0.0,30,0.2493166666666667,0.10839936404996474,0.20781666666666668,0.2848341666666667,30,1.246431010301777,0.10717742436404919,1.2054747690719545,1.2817145570884327,30,-0.04155277777777777,0.01806656067499413,-0.04738090277777777,-0.03500826388888888,30,-0.002472349999999905,0.011231374530875615,-0.006581072291666688,0.001114043854166641,30,0.9950764639270447,0.022367937057103878,0.9865092201766741,1.0021818835641467,30,-0.004820041666666815,0.02251154973526067,-0.013197052083333492,0.0023997381250005496,30,-0.034383333333333335,0.039929395302150554,-0.04786666666666666,-0.019833333333333338,30,0.2,0.4842341981115023,0.03333333333333333,0.36666666666666664,30,-209.9,85.13866984777408,-237.93375,-177.24958333333333,True
0.5,0.9,node_mlp_ppo,baseline2_matched,30,0.3333333333333333,0.0,30,-0.06719999999999995,0.1164622626462738,-0.10925083333333326,-0.02854791666666667,30,0.9498998675993936,0.08769972242500208,0.9177811264562944,0.9797876123964679,30,0.011199999999999998,0.0194103771077123,0.004658263888888894,0.018402986111111106,30,-0.003986391666666559,0.011111580329207373,-0.008271244166666506,-0.00035998406249965914,30,0.9920806090325468,0.0220772798713116,0.9837992258903,0.99901330531106,30,-0.008006383333333684,0.02227201391250151,-0.016298510833333234,-0.0008900879166672392,30,0.07335000000000001,0.04378949448881783,0.05879958333333333,0.0893008333333333,30,-0.03333333333333333,0.18257418583505533,-0.1,0.0,30,25.633333333333333,80.30318984231307,-1.9345833333333222,55.516666666666666,False
0.5,0.9,node_mlp_ppo,grid_cnn_ppo,30,0.4666666666666667,0.03333333333333333,30,-0.02789999999999997,0.1138499769054843,-0.07088708333333331,0.008100000000000026,30,0.9791545153595851,0.08757330267906402,0.9468023544466944,1.0077715649003411,30,0.004649999999999999,0.018974996150914063,-0.0015750694444444692,0.011719722222222213,30,-0.0049679624999999115,0.011493903297019667,-0.009307661875000012,-0.0013002238541666687,30,0.9901696730360521,0.02275657102780714,0.981378763128874,0.9975092351793529,30,-0.009949874999999945,0.023033481381753058,-0.01861976166666595,-0.0026248006250004234,30,0.007866666666666676,0.03766960114700862,-0.004567083333333334,0.02173333333333334,30,-0.03333333333333333,0.18257418583505533,-0.1,0.0,30,10.0,72.86619764074896,-14.167499999999992,36.66708333333332,False
0.5,0.9,node_mlp_ppo,left_if_safe,30,0.6333333333333333,0.0,30,0.028466666666666675,0.16212255545884338,-0.02841833333333333,0.08443624999999998,30,1.0333782712900643,0.1495464956001118,0.9836270928318699,1.0869653951662217,30,-0.0047444444444444366,0.027020425909807237,-0.014461388888888885,0.004758402777777796,30,0.00012822916666670273,0.01642039066042015,-0.005630356666666318,0.006113983229166621,30,1.0008399601314912,0.034381051210610254,0.9888577283733893,1.013336009283485,30,0.0002706916666666411,0.03291188764970387,-0.011061252500000115,0.011963261458333263,30,-0.01045,0.05214127857115207,-0.02908458333333333,0.00793374999999999,30,0.03333333333333333,0.31984191497474607,-0.06666666666666667,0.16666666666666666,30,-16.866666666666667,157.46263559713267,-76.86749999999999,34.38333333333333,False
0.5,0.9,node_mlp_ppo,noop,30,0.9333333333333333,0.0,30,0.24411666666666673,0.10651256064292437,0.20381583333333336,0.2788837500000001,30,1.2399236165509953,0.10515164053809983,1.2014493888420772,1.2742399581313644,30,-0.04068611111111111,0.017752093440487386,-0.046455624999999987,-0.03415805555555556,30,-0.002503162500000074,0.011267521470276166,-0.006809373854166489,0.0011155991666667144,30,0.995016964664851,0.022434825348806944,0.9865702336377074,1.0021394528696679,30,-0.004884266666666836,0.02258165356286667,-0.013618075416666639,0.0023992927083330015,30,-0.05015000000000001,0.0363614872993486,-0.06258333333333334,-0.03645,30,0.1,0.40257789993644877,-0.03333333333333333,0.23333333333333334,30,-204.38333333333333,81.33844611308943,-231.0675,-174.16666666666666,True
0.5,0.9,noop,baseline1_hdv,30,0.5333333333333333,0.0,30,0.00519999999999999,0.019175055635400135,-0.0017000000000000127,0.011933333333333329,30,1.0052711552000209,0.018842160605687348,0.9985649121539126,1.0117448090209082,30,-0.0008666666666666674,0.003195842605900027,-0.0019916666666666694,0.00027506944444446096,30,3.081250000016948e-05,0.0003838716472221523,-9.795072916662483e-05,0.00017074750000036038,30,1.0000616463605116,0.0007646063889828115,0.9998101366216381,1.0003412240944058,30,6.422500000002144e-05,0.0007643731045030622,-0.0001995583333331691,0.00034066458333384186,30,0.015766666666666665,0.013718684297357916,0.010932916666666669,0.020650416666666664,30,0.1,0.30512857662936466,0.0,0.23333333333333334,30,-5.516666666666667,25.53411623600909,-14.433333333333334,3.4833333333333334,False
0.5,0.9,noop,baseline2_matched,30,0.0,0.0,30,-0.3113166666666667,0.029231974502816838,-0.32138333333333335,-0.30103291666666654,30,0.7657807698177874,0.01874706247030245,0.7593051080650941,0.7723716344894458,30,0.051886111111111105,0.004871995750469479,0.050152777777777754,0.053577777777777766,30,-0.001483229166666485,0.0006098029289523143,-0.0017023936458329836,-0.0012700703124998234,30,0.9970563420962246,0.0012079092264136028,0.9966286774647329,0.9974861563306825,30,-0.0031221166666668483,0.0012198140310729173,-0.0035486235416669503,-0.0027037620833331977,30,0.12349999999999998,0.018759825012050577,0.11725000000000001,0.13031666666666666,30,-0.13333333333333333,0.34574590364176044,-0.26666666666666666,-0.03333333333333333,30,230.01666666666668,28.187330038736263,220.41666666666666,240.35,False
0.5,0.95,baseline2_matched,baseline1_hdv,30,1.0,0.0,30,0.36716666666666664,0.03074094577475515,0.3561833333333334,0.37808375000000005,30,1.3632114652538088,0.03167930999537755,1.3522929969393906,1.3741222788801637,30,-0.061194444444444454,0.0051234909624592,-0.06298055555555555,-0.059408263888888875,30,0.0017849666666666319,0.0009492536161266753,0.0014692496875001889,0.0021331488541665175,30,1.0035550182511042,0.001891794565792369,1.0028931060928057,1.0042619415948573,30,0.003753516666666316,0.0018974608861231882,0.003119433124999428,0.004440284374999706,30,-0.1201,0.027058812064553517,-0.12921666666666665,-0.11023333333333335,30,0.23333333333333334,0.43018306715207627,0.1,0.4,30,-263.8333333333333,23.206841044493064,-272.3170833333333,-255.88291666666666,True
0.5,0.95,graph_ppo,baseline1_hdv,30,1.0,0.0,30,0.3867,0.08147991078829782,0.3564158333333332,0.4133341666666667,30,1.382677009236476,0.081751826467851,1.3529003169342255,1.409867243387818,30,-0.06445000000000001,0.01357998513138297,-0.06883340277777779,-0.05937493055555558,30,-0.0018509458333332656,0.013687393845584487,-0.007216344479166602,0.0017588095833334445,30,0.9963125734858628,0.027263946192376695,0.9852208333924531,1.0035183622233388,30,-0.0035085416666667275,0.027402768734709412,-0.014799230416666897,0.0037749470833335305,30,-0.056383333333333334,0.03129219450248911,-0.06706666666666669,-0.044816666666666685,30,0.26666666666666666,0.4497764451088037,0.13333333333333333,0.43333333333333335,30,-287.4277777777778,76.49232655444182,-311.7002777777778,-257.93208333333337,True
0.5,0.95,graph_ppo,baseline2_matched,30,0.7,0.0,30,0.019533333333333344,0.08535210371862782,-0.011967083333333314,0.04775041666666666,30,1.0146672446894498,0.06216341753777389,0.9920333913781105,1.0355538304492249,30,-0.003255555555555563,0.014225350619771307,-0.008019722222222211,0.001958333333333325,30,-0.0036359124999998976,0.013762667188105272,-0.009083459375000012,6.39975000002126e-05,30,0.9927888521202882,0.02730769051471116,0.9818767557743306,1.0001504310639222,30,-0.0072620583333330435,0.02755500756353072,-0.018751883124999758,0.0001291595833341158,30,0.06371666666666666,0.04027249496337063,0.05006625,0.0784833333333333,30,0.03333333333333333,0.18257418583505536,0.0,0.1,30,-23.594444444444445,71.8947810805178,-46.35569444444445,3.501805555555529,False
0.5,0.95,graph_ppo,grid_cnn_ppo,30,0.43333333333333335,0.0,30,-0.038166666666666654,0.07410108814563936,-0.06551874999999995,-0.012899166666666666,30,0.9736849243760893,0.05232403308158128,0.9545385152119426,0.9913881978532129,30,0.006361111111111103,0.01235018135760657,0.002180486111111094,0.010927777777777765,30,-0.004845333333333242,0.013514730439275056,-0.010340054374999763,-0.0012571607291667816,30,0.9904007484996472,0.02679327083838178,0.9797014072950774,0.9974808179018335,30,-0.009709750000000109,0.02705346175383831,-0.02070541312500031,-0.00258687145833296,30,0.008049999999999998,0.03459627994751598,-0.004250000000000004,0.019866666666666654,30,0.0,0.2626128657194451,-0.1,0.1,30,20.38888888888889,63.778777342748484,-0.7723611111111123,44.495138888888874,False
0.5,0.95,graph_ppo,left_if_safe,30,0.4666666666666667,0.0,30,0.03283333333333335,0.14710155613076278,-0.01586916666666663,0.08578541666666664,30,1.0398176269849018,0.13700618781265522,0.9950455235513668,1.0910583737851378,30,-0.005472222222222238,0.024516926021793783,-0.014466875000000004,0.0028613888888888764,30,0.0065703374999999415,0.016296303818391894,0.0010955417708330719,0.012635536041666773,30,1.0140048514263516,0.03499537202626524,1.002124866979623,1.026626045725343,30,0.013157091666666666,0.032627969574952044,0.0022416387500003594,0.025115654583333084,30,-0.01155,0.051022197670939406,-0.030350000000000002,0.005150416666666672,30,-0.03333333333333333,0.49013251785356104,-0.2,0.13333333333333333,30,-28.68888888888889,70.24637449001237,-53.73888888888889,-4.821388888888904,False
0.5,0.95,graph_ppo,node_mlp_ppo,30,0.4,0.0,30,0.00925,0.15887219706418113,-0.042517083333333344,0.06981916666666664,30,1.0175070736182594,0.14051760049035858,0.9725875327259624,1.0699730828605023,30,-0.0015416666666666634,0.02647869951069686,-0.011606180555555548,0.007197291666666669,30,0.0013641208333335078,0.021164454148057416,-0.005871181249999943,0.009059107395833856,30,1.003820372315397,0.04564640820577678,0.9884395399868076,1.0206930392751923,30,0.002732866666666896,0.04239682910291316,-0.011816816249999985,0.018128232500000088,30,-0.004733333333333339,0.05492781051358312,-0.024733750000000002,0.013550416666666662,30,0.0,0.3713906763541037,-0.13333333333333333,0.13333333333333333,30,-21.066666666666666,151.26264615762003,-81.395,25.950277777777774,False
0.5,0.95,graph_ppo,noop,30,1.0,0.0,30,0.37673333333333336,0.08467307650639294,0.3446995833333333,0.4048504166666667,30,1.3695083341148775,0.08473968295550488,1.3378535120224153,1.397168024430214,30,-0.0627888888888889,0.01411217941773216,-0.06733340277777779,-0.057424791666666655,30,-0.0019147458333333349,0.013827032537636475,-0.007540200208333211,0.0017134930208333315,30,0.9961933347529821,0.027497486906634852,0.9850425508965142,1.0034874574202792,30,-0.003641124999999912,0.027684603072839372,-0.014956448750000169,0.0036610887500003178,30,-0.0721666666666667,0.030769816528465083,-0.08251708333333337,-0.06093333333333333,30,0.13333333333333333,0.34574590364176044,0.03333333333333333,0.26666666666666666,30,-281.9111111111111,75.53819329473295,-306.01125,-253.47638888888892,True
0.5,0.95,grid_cnn_ppo,baseline1_hdv,30,1.0,0.0,30,0.4248666666666667,0.05313611884995725,0.4068329166666666,0.4443516666666667,30,1.4205837223004603,0.056063008223770916,1.401463086039814,1.4407507438637266,30,-0.07081111111111112,0.008856019808326215,-0.07394166666666666,-0.06785000000000001,30,0.002994387499999977,0.0011803048295584149,0.002584066145833411,0.003421150729166623,30,1.00596272217856,0.0023501108996132982,1.0051390121910577,1.006798649422808,30,0.006201208333333382,0.002364777928521621,0.005386237708333164,0.0070640075000005485,30,-0.06443333333333334,0.02739611517052703,-0.07416708333333334,-0.054900000000000025,30,0.26666666666666666,0.5208304597621879,0.1,0.4666666666666667,30,-307.81666666666666,39.92244277072245,-322.08374999999995,-293.8833333333333,True
0.5,0.95,grid_cnn_ppo,baseline2_matched,30,0.8666666666666667,0.0,30,0.057699999999999994,0.05781549130192322,0.03821666666666666,0.07853374999999999,30,1.0424244759979575,0.042883681392531375,1.0281575212882788,1.0578046773085699,30,-0.009616666666666666,0.009635915216987201,-0.013186319444444445,-0.006438888888888898,30,0.001209420833333345,0.0015403862793240406,0.0006650912499999328,0.0017616043750002003,30,1.0024027567768128,0.003056942876094422,1.001322932543439,1.0034668309113224,30,0.002447691666667066,0.0030844984786862002,0.0013778745833336401,0.0035380008333339547,30,0.05566666666666666,0.030617870974130535,0.04495000000000001,0.06623374999999998,30,0.03333333333333333,0.18257418583505533,0.0,0.1,30,-43.983333333333334,34.79211249628316,-56.30083333333332,-31.732916666666675,True
0.5,0.95,grid_cnn_ppo,left_if_safe,30,0.6,0.0,30,0.071,0.16297064470168474,0.01721500000000003,0.13110041666666666,30,1.072303601548558,0.17075865089273512,1.0185801774907384,1.1396207490791999,30,-0.01183333333333334,0.027161774116947448,-0.022030694444444446,-0.002927708333333323,30,0.011415670833333185,0.01549596019488677,0.006271623854166508,0.017112742499999972,30,1.0241650598931364,0.03353730426773801,1.0131439386430885,1.0364752758723008,30,0.022866841666666773,0.031053367170449746,0.012708701041666881,0.0345218595833334,30,-0.0196,0.057641639642619924,-0.04068374999999999,-0.0009329166666666682,30,-0.03333333333333333,0.490132517853561,-0.2,0.13333333333333333,30,-49.07777777777778,91.0870150829992,-82.2033333333333,-18.62111111111113,True
0.5,0.95,grid_cnn_ppo,noop,30,1.0,0.0,30,0.4149000000000001,0.052341451892423625,0.39733291666666665,0.43361666666666665,30,1.406766500703502,0.05489752662639127,1.3881002459712821,1.4267818773794505,30,-0.06914999999999999,0.008723575315403949,-0.07239444444444444,-0.06617500000000001,30,0.0029305874999999075,0.0012524479633994976,0.0024963797916665704,0.0033821023958330045,30,1.005835239626932,0.0024945608428417667,1.0049890306703704,1.0067599995635395,30,0.006068625000000198,0.0025101045363500212,0.005205696041666744,0.006980467499999795,30,-0.08021666666666667,0.027331516269852203,-0.08980000000000002,-0.0708166666666667,30,0.13333333333333333,0.34574590364176044,0.03333333333333333,0.26666666666666666,30,-302.3,36.17572056809221,-315.33416666666665,-289.69916666666666,True
0.5,0.95,left_if_safe,baseline1_hdv,30,0.9333333333333333,0.0,30,0.35386666666666655,0.17596497169711875,0.28855000000000003,0.41168333333333335,30,1.3503559108210368,0.17520317317285322,1.2845781319171607,1.4066868270434087,30,-0.05897777777777776,0.029327495282853125,-0.06874451388888889,-0.047579513888888876,30,-0.008421283333333206,0.015949109556099524,-0.014404994687499798,-0.003246458124999829,30,0.9832294816291042,0.031759726022990736,0.9715493926952329,0.9937120034841219,30,-0.01666563333333339,0.031964137108474094,-0.028561075833333067,-0.006184015833333834,30,-0.04483333333333334,0.05407790251322517,-0.06216708333333335,-0.024798750000000022,30,0.3,0.7497125886079554,0.06666666666666667,0.5666666666666667,30,-258.7388888888889,105.0582002844077,-293.4240277777778,-220.65513888888887,True
0.5,0.95,left_if_safe,baseline2_matched,30,0.6666666666666666,0.0,30,-0.013300000000000008,0.174613395623115,-0.08033624999999998,0.044267499999999974,30,0.9906461724780218,0.12677947506391643,0.9420762550295153,1.0310248221452227,30,0.002216666666666674,0.02910223260385248,-0.007339097222222212,0.013011597222222225,30,-0.010206249999999839,0.015812783312100072,-0.01600724770833311,-0.004928312187499649,30,0.9797399122163541,0.03139547734157983,0.9680813250959996,0.9902475503822784,30,-0.02041914999999971,0.03169251084869768,-0.03265721791666649,-0.010132831666666474,30,0.07526666666666666,0.060878444933089935,0.05478291666666666,0.09753374999999996,30,0.06666666666666667,0.44977644510880366,-0.1,0.23333333333333334,30,5.094444444444446,100.55403689503278,-28.022638888888885,42.006249999999994,False
0.5,0.95,left_if_safe,noop,30,0.9333333333333333,0.0,30,0.3439,0.1777787951359779,0.27771583333333333,0.40203375,30,1.337543947036212,0.1740958950430791,1.271052326116746,1.3934206458082599,30,-0.057316666666666655,0.02962979918932965,-0.06692777777777775,-0.046455486111111104,30,-0.008485083333333277,0.015971344988332938,-0.014340788854166642,-0.0032289947916667974,30,0.9831059057307242,0.031797732043684405,0.9713338352844947,0.9938156917686367,30,-0.016798216666666577,0.032010254093261976,-0.028387079583333225,-0.006137099374999621,30,-0.06061666666666667,0.05813416161884884,-0.07948333333333335,-0.03846666666666667,30,0.16666666666666666,0.5306686305052325,-0.03333333333333333,0.36666666666666664,30,-253.22222222222223,99.98218551411446,-285.9127777777778,-216.2548611111111,True
0.5,0.95,node_mlp_ppo,baseline1_hdv,30,0.9666666666666667,0.0,30,0.37745,0.12752919544031935,0.3297658333333334,0.41855208333333327,30,1.373827979107336,0.12751865640036913,1.326072981031073,1.4145414968703718,30,-0.06290833333333336,0.021254865906719888,-0.0696501388888889,-0.05474437500000001,30,-0.0032150666666667734,0.015606051180659886,-0.009591925625000155,0.0013866172916665127,30,0.9936053912424944,0.03104669682547356,0.981198169804245,1.002786925303337,30,-0.006241408333333624,0.031267555218992944,-0.01840584979166648,0.002871829999999646,30,-0.05165,0.047768506072660394,-0.06709999999999997,-0.03421583333333335,30,0.26666666666666666,0.639683829949492,0.06666666666666667,0.5,30,-266.36111111111114,120.52921366781527,-302.0836111111111,-218.3325,True
0.5,0.95,node_mlp_ppo,baseline2_matched,30,0.6333333333333333,0.0,30,0.010283333333333344,0.12620718347590018,-0.03790083333333328,0.05123541666666663,30,1.0078596564118103,0.09174657964560057,0.9736215737762896,1.0374331622962012,30,-0.0017138888888889,0.0210345305793167,-0.008572569444444456,0.006125138888888878,30,-0.005000033333333405,0.015646029060602685,-0.01123680020833322,-0.0003712511458334726,30,0.9900896408684174,0.03102615132996237,0.9778544456227559,0.9992360649692111,30,-0.00999492499999994,0.0313480475460421,-0.02223577750000004,-0.0008104835416665704,30,0.06845,0.04635941856467974,0.05313250000000002,0.08588375,30,0.03333333333333333,0.31984191497474607,-0.06666666666666667,0.13333333333333333,30,-2.527777777777779,123.49503288856663,-38.77791666666667,46.590555555555525,False
0.5,0.95,node_mlp_ppo,grid_cnn_ppo,30,0.4666666666666667,0.03333333333333333,30,-0.047416666666666656,0.13972590677103697,-0.09863499999999999,-0.0016491666666666304,30,0.9684213864024281,0.09605468225000054,0.9327880475561177,0.999469511310622,30,0.007902777777777766,0.02328765112850616,0.000419374999999977,0.016572361111111086,30,-0.00620945416666675,0.01592925148993543,-0.012608674999999856,-0.0015519704166666326,30,0.9877376741623283,0.03142150745546351,0.9754052590275036,0.9969856983538378,30,-0.012442616666667006,0.0319165088333075,-0.025634929166667007,-0.0030545908333335426,30,0.012783333333333338,0.05360595105495049,-0.005349999999999997,0.032284166666666655,30,0.0,0.3713906763541037,-0.13333333333333333,0.13333333333333333,30,41.45555555555555,124.56144472561654,4.182916666666671,90.71680555555555,False
0.5,0.95,node_mlp_ppo,left_if_safe,30,0.5666666666666667,0.0,30,0.023583333333333355,0.22864586694551112,-0.0551195833333333,0.10460416666666664,30,1.0409262575333242,0.21080619457300645,0.9704939079379604,1.1189575289758489,30,-0.003930555555555574,0.03810764449091852,-0.017075625000000004,0.00921402777777776,30,0.0052062166666664335,0.023995506103872043,-0.0034589311458334488,0.013565387604166106,30,1.011775133969977,0.04969832146447435,0.9942863739860496,1.0288895678844467,30,0.010424224999999768,0.04808444646801218,-0.007041541666667015,0.026825939791666382,30,-0.00681666666666666,0.07438593250086328,-0.03290083333333332,0.019000416666666665,30,-0.03333333333333333,0.49013251785356104,-0.2,0.13333333333333333,30,-7.6222222222222245,170.98656112936322,-62.534305555555555,57.758611111111065,False
0.5,0.95,node_mlp_ppo,noop,30,0.9666666666666667,0.0,30,0.3674833333333333,0.1307574408335271,0.3177458333333334,0.40936833333333333,30,1.3608803618401355,0.13026821084833895,1.3120756142281014,1.4031488930764562,30,-0.06124722222222223,0.02179290680558784,-0.06832527777777779,-0.05285256944444447,30,-0.003278866666666843,0.015566422831855147,-0.009492606770833122,0.001310905937500073,30,0.9934767773511879,0.030978280237061794,0.9809001796342074,1.0026574647710873,30,-0.006373991666666808,0.031190118170697452,-0.019006189166666198,0.00278162187499959,30,-0.06743333333333333,0.0478578594657521,-0.08308375000000003,-0.049766666666666695,30,0.13333333333333333,0.507416263404925,-0.03333333333333333,0.3333333333333333,30,-260.8444444444445,125.49374466049863,-298.19458333333336,-210.9111111111111,True
0.5,0.95,noop,baseline1_hdv,30,0.7,0.03333333333333333,30,0.009966666666666672,0.014463350432978063,0.00485000000000001,0.014950000000000008,30,1.0099043198315474,0.014316342740151549,1.0048717827255702,1.014877929150507,30,-0.0016611111111111132,0.0024105584054963667,-0.0024916666666666737,-0.0007832638888888707,30,6.380000000006935e-05,0.00043668928036552955,-8.971697916660924e-05,0.00021683947916649614,30,1.000127442784111,0.0008696127264561186,0.9998138866738304,1.0004372775960806,30,0.00013258333333318422,0.0008732425783107546,-0.0001723002083337865,0.0004445554166668221,30,0.01578333333333334,0.013895970225419578,0.010816666666666678,0.020583333333333335,30,0.13333333333333333,0.43417248545530474,0.0,0.3,30,-5.516666666666667,22.434380686384216,-13.36708333333333,2.7504166666666605,True
0.5,0.95,noop,baseline2_matched,30,0.0,0.0,30,-0.35719999999999996,0.03506240741582219,-0.36983333333333324,-0.34495000000000003,30,0.7412253691766516,0.020623832117913223,0.7339621198107865,0.7484701667715719,30,0.059533333333333334,0.0058437345693037115,0.05748048611111111,0.061613888888888885,30,-0.0017211666666665626,0.0007500482350388727,-0.0019972561458333716,-0.001467514895833452,30,0.996586976161747,0.0014808199663550938,0.9960488941443785,0.997083270531882,30,-0.0036209333333331317,0.0015000378341970219,-0.004168602916666438,-0.0031183481249998455,30,0.13588333333333338,0.02743163393292285,0.1262666666666667,0.14556666666666665,30,-0.1,0.30512857662936466,-0.23333333333333334,0.0,30,258.31666666666666,26.779264795518674,249.39958333333334,268.55041666666665,False
0.5,1.0,baseline2_matched,baseline1_hdv,30,1.0,0.0,30,0.45858333333333334,0.04132755683588116,0.44368291666666665,0.47259999999999996,30,1.4537236236605418,0.04304497898980477,1.4383348285939284,1.468379807261523,30,-0.07643055555555554,0.00688792613931353,-0.0787888888888889,-0.07393881944444441,30,0.00174335416666667,0.0006544153476867681,0.0015120844791667173,0.0019711392708334657,30,1.0034717558370738,0.001303862050964075,1.0030059084716942,1.003921846023073,30,0.0037159999999997937,0.0013078213375157875,0.0032546500000000585,0.004164776666666528,30,-0.12399999999999999,0.024085336789753685,-0.13248333333333334,-0.11555000000000001,30,0.4,0.4982728791224399,0.23333333333333334,0.5666666666666667,30,-306.3444444444445,29.834278330032028,-316.9559722222222,-295.9054166666667,True
0.5,1.0,graph_ppo,baseline1_hdv,30,1.0,0.0,30,0.9929333333333333,0.09487857333540024,0.9606666666666667,1.0267341666666665,30,1.9820849118302906,0.09455796688331705,1.9497830233529119,2.015534064722194,30,-0.16548888888888888,0.01581309555590005,-0.17120277777777776,-0.1599666666666667,30,-0.001085170833333406,0.007604767273346974,-0.0039806235416665545,0.0013117053124998997,30,0.9978376044161031,0.015148111879775827,0.9921595534665251,1.002560900982481,30,-0.0016738749999998582,0.015187687332710599,-0.007501032083333569,0.0031608008333336235,30,-0.09171666666666668,0.059163228813834706,-0.11301666666666668,-0.07153249999999998,30,1.7333333333333334,0.6914918072835209,1.5,1.9666666666666666,30,-494.1138888888889,28.921560281319593,-504.5695138888888,-483.8553472222222,True
0.5,1.0,graph_ppo,baseline2_matched,30,1.0,0.0,30,0.53435,0.09759258645529631,0.49998291666666667,0.5697504166666667,30,1.364229597122359,0.06930153704229718,1.3407500749171717,1.3891513830194078,30,-0.08905833333333334,0.016265431075882728,-0.09492784722222224,-0.0835192361111111,30,-0.002828525000000076,0.0076324420877206985,-0.0058003004166667,-0.00045818541666705677,30,0.9943869655468336,0.015146849043419319,0.9886165290559703,0.9992841760028544,30,-0.005389874999999652,0.015238506835106278,-0.011172149374999763,-0.00047426958333297517,30,0.032283333333333324,0.06293492579686952,0.009198750000000009,0.05335,30,1.3333333333333333,0.6064784348631227,1.1,1.5333333333333334,30,-187.76944444444445,27.815558741643756,-197.5084027777778,-178.42479166666666,True
0.5,1.0,graph_ppo,grid_cnn_ppo,30,0.9,0.0,30,0.11668333333333333,0.08487805485166527,0.08583333333333334,0.1457833333333333,30,1.0625031675468999,0.04418441905034675,1.0464972421357106,1.077590799719747,30,-0.019447222222222234,0.014146342475277537,-0.024269513888888903,-0.014277500000000009,30,-0.003913875000000054,0.007525000159453688,-0.006799302812499959,-0.0015598422916668878,30,0.9922475890416557,0.014915758611964489,0.9867098634845786,0.996941543444717,30,-0.0077694083333332276,0.015030724509128759,-0.013399487083332955,-0.0030396472916666374,30,-0.04496666666666666,0.057274736160883785,-0.06546666666666669,-0.025016666666666673,30,0.43333333333333335,0.5040069329937308,0.26666666666666666,0.6,30,-29.999999999999993,21.009439586151213,-37.36416666666667,-22.355555555555558,True
0.5,1.0,graph_ppo,left_if_safe,30,0.4,0.4,30,0.05254999999999999,0.18904872342226015,-0.006383750000000003,0.12421791666666665,30,1.035912895271928,0.123369588361912,0.9976920737571927,1.0839459501604423,30,-0.008758333333333309,0.03150812057037668,-0.02060569444444443,0.0013390277777778092,30,0.00619914999999985,0.020459954312042335,-0.00017731875000000374,0.014087629374999619,30,1.0147476058726648,0.04763205261462528,1.0000922746386738,1.0327069957948123,30,0.012424575000000219,0.040999615056706074,-0.00015116854166662952,0.02795919937500038,30,-0.016800000000000002,0.057129858127385295,-0.037900416666666666,0.001983333333333328,30,0.13333333333333333,0.5713464637233657,-0.06666666666666667,0.3333333333333333,30,-24.91666666666666,81.73681013024792,-56.99194444444444,-1.3484027777777974,False
0.5,1.0,graph_ppo,node_mlp_ppo,30,0.4,0.0,30,0.04416666666666665,0.3123780129722733,-0.03325,0.17016708333333336,30,1.1637894037931247,0.9248340708649047,0.9841578901724972,1.5089600231857467,30,-0.007361111111111111,0.05206300216204554,-0.028411111111111102,0.005444444444444448,30,0.004760574999999919,0.035983282831017226,-0.0044328561458332645,0.019235717395833404,30,1.0167943684690681,0.10923652011882094,0.991317265159835,1.06060044624131,30,0.009543233333333671,0.07210291653084529,-0.008984560208333667,0.03856524083333398,30,-0.018183333333333326,0.09542486512988883,-0.053783749999999984,0.012817083333333335,30,0.1,0.8448627719625692,-0.16666666666666666,0.4,29,-0.3706896551724118,16.816375035918387,-6.347701149425291,5.698347701149434,False
0.5,1.0,graph_ppo,noop,30,1.0,0.0,30,0.9809666666666668,0.09937311553913376,0.9466495833333334,1.0174166666666666,30,1.9595651709011541,0.10339760587827,1.924111459139199,1.9965051365836952,30,-0.16349444444444444,0.016562185923188966,-0.16951118055555559,-0.15769986111111112,30,-0.001034350000000034,0.007591877445395435,-0.0038665302083335604,0.0013934574999999961,30,0.9979381503794541,0.015123333578980156,0.9921328822329896,1.0027358735789929,30,-0.0015782166666661434,0.015159322531112959,-0.007427605208332874,0.003200407500000384,30,-0.10695000000000002,0.061222509664788906,-0.12943375000000001,-0.08606666666666668,30,1.6333333333333333,0.6149478998583782,1.4333333333333333,1.8333333333333333,30,-483.8638888888889,28.983046664103295,-494.08409722222217,-473.794375,True
0.5,1.0,grid_cnn_ppo,baseline1_hdv,30,1.0,0.0,30,0.8762499999999999,0.08494042029564015,0.8469825000000001,0.9068841666666667,30,1.8670617947094585,0.08901297253127008,1.8363785463574271,1.899039398328154,30,-0.14604166666666668,0.014156736715940022,-0.15121395833333337,-0.14126104166666667,30,0.0028287041666666475,0.0009843806195699142,0.002481112083333149,0.0031778368749999014,30,1.0056332304103761,0.001961516903606842,1.0049220057463901,1.0063230853020841,30,0.00609553333333337,0.0019891302419756144,0.005395132499999634,0.0067707018750003106,30,-0.04675000000000001,0.02594947012946508,-0.05616666666666667,-0.03788333333333334,30,1.3,0.5349830806219241,1.1333333333333333,1.5,30,-464.1138888888889,29.90983003346736,-474.4889583333333,-453.44444444444446,True
0.5,1.0,grid_cnn_ppo,baseline2_matched,30,1.0,0.0,30,0.4176666666666666,0.08329086274071094,0.38929958333333325,0.4484341666666666,30,1.284792294125414,0.05927917901056326,1.2650203802824895,1.3063694684367217,30,-0.0696111111111111,0.013881810456785146,-0.07465569444444443,-0.06481388888888891,30,0.0010853499999999776,0.001268148270082563,0.0006466373958333785,0.0015260798958332076,30,1.002156031824256,0.0025198695323592596,1.0012868324919941,1.0030496024604412,30,0.002379533333333576,0.002559334099591941,0.0014994945833334571,0.003286740208333932,30,0.07725000000000001,0.027851128250532084,0.06726666666666666,0.08701708333333336,30,0.9,0.48066046515042266,0.7333333333333333,1.0666666666666667,30,-157.76944444444447,29.471572797002054,-168.26409722222218,-147.37222222222223,True
0.5,1.0,grid_cnn_ppo,left_if_safe,30,0.16666666666666666,0.0,30,-0.06413333333333333,0.15577868548224022,-0.11328416666666664,-0.003916666666666657,30,0.9741583815518529,0.09626344099219283,0.9452813088319159,1.0114982541420456,30,0.010688888888888925,0.02596311424704003,0.0008443750000000517,0.01908340277777783,30,0.010113024999999904,0.024657889360176367,0.0024159669791666643,0.019599368958333346,30,1.02323144666118,0.05805300839699113,1.0050379725043028,1.045391350631217,30,0.020193983333333446,0.04937872609218273,0.004834964166666554,0.038703417916667086,30,0.02816666666666666,0.04432235625920418,0.012949583333333322,0.04441666666666665,30,-0.3,0.534983080621924,-0.5,-0.13333333333333333,30,5.083333333333333,76.70929911608648,-25.5507638888889,27.57541666666666,False
0.5,1.0,grid_cnn_ppo,noop,30,1.0,0.0,30,0.8642833333333333,0.08740893619325647,0.8339829166666668,0.8960004166666666,30,1.8456681295586221,0.0943429462470609,1.8140928096003242,1.8798107704576659,30,-0.1440472222222222,0.014568156032209392,-0.149275,-0.1391360416666667,30,0.00287952500000002,0.0010438931882991234,0.002500623437500265,0.003238488229166522,30,1.005735170906907,0.0020805212680483232,1.0050033235015603,1.0064581176799177,30,0.006191191666667084,0.0021063589577704836,0.005445628541666892,0.006919375833333895,30,-0.06198333333333334,0.028009075910021265,-0.07208333333333332,-0.052549999999999986,30,1.2,0.4842341981115023,1.0666666666666667,1.4,30,-453.8638888888889,34.84547500082622,-466.68902777777777,-442.1690277777779,True
0.5,1.0,left_if_safe,baseline1_hdv,30,1.0,0.0,30,0.9403833333333333,0.17050799775626532,0.8758312499999998,0.9951837499999998,30,1.9307912597997114,0.17176866891263057,1.8653411585435307,1.9864698354445025,30,-0.15673055555555562,0.028417999626044216,-0.16585631944444448,-0.14553548611111117,30,-0.007284320833333256,0.024726344605507232,-0.0168072113541664,0.0004170160416665936,30,0.9854971109841172,0.04922754657184944,0.9661220851140535,1.0008773151185082,30,-0.014098450000000077,0.04951925549185168,-0.03317394312500044,0.0013251964583335842,30,-0.07491666666666666,0.04898875369414645,-0.09213375,-0.05810000000000001,30,1.6,0.7239737088005909,1.3666666666666667,1.8666666666666667,30,-469.1972222222222,81.6830486833679,-493.49534722222216,-436.11381944444446,True
0.5,1.0,left_if_safe,baseline2_matched,30,0.9666666666666667,0.0,30,0.4818,0.16128212590963398,0.42446416666666664,0.5349341666666667,30,1.3279896748257682,0.11260005279375236,1.2862995885320425,1.3658545266966433,30,-0.08030000000000004,0.02688035431827233,-0.08911944444444447,-0.07049416666666672,30,-0.009027674999999926,0.0246860872791469,-0.018663266562499933,-0.0013219198958332899,30,0.9820845566616767,0.04899192885644955,0.9631296084787168,0.9972880550178874,30,-0.01781444999999987,0.04943058932593769,-0.037371182083333204,-0.0022545727083330184,30,0.04908333333333334,0.04897713811025777,0.031183333333333348,0.06563333333333332,30,1.2,0.6102571532587293,1.0,1.4,30,-162.85277777777776,72.20339208917147,-184.69736111111112,-133.90534722222225,True
0.5,1.0,left_if_safe,noop,30,1.0,0.0,30,0.9284166666666668,0.16151268143513628,0.8677487500000002,0.9812504166666667,30,1.907063134442392,0.15830613925511516,1.8492102324349637,1.9592318384924992,30,-0.15473611111111113,0.02691878023918939,-0.16345298611111117,-0.1445276388888889,30,-0.007233499999999883,0.02470175109868906,-0.01675460052083287,0.00038351302083359563,30,0.9855944548964829,0.049188747713304816,0.9661917499173684,1.000931718471969,30,-0.014002791666666363,0.0494649802998985,-0.03326634291666666,0.0013129608333337732,30,-0.09015,0.05031849423491293,-0.10815083333333333,-0.07276666666666667,30,1.5,0.572351471472339,1.3,1.7,30,-458.9472222222222,74.65703025400475,-481.8335416666667,-430.0720138888889,True
0.5,1.0,node_mlp_ppo,baseline1_hdv,30,0.9666666666666667,0.0,30,0.9487666666666666,0.31987017122073386,0.8204629166666668,1.0263833333333334,30,1.9388715467769124,0.3170978636713851,1.81119523909073,2.0171592232622113,30,-0.15812777777777773,0.053311695203455654,-0.17100284722222223,-0.13708333333333336,30,-0.0058457458333333245,0.03418746387138747,-0.019437966979166624,0.002036515729166577,30,0.9883541065923278,0.06810958071359006,0.9613408971269781,1.0041690745965757,30,-0.011217108333333529,0.0685256460139725,-0.03852211833333354,0.0045465127083328385,30,-0.07353333333333335,0.08508007722275458,-0.09808375000000001,-0.039333333333333345,30,1.6333333333333333,1.0333518722845685,1.2666666666666666,1.9666666666666666,29,-494.66091954022994,27.80713169195577,-504.7103448275863,-484.9969827586207,True
0.5,1.0,node_mlp_ppo,baseline2_matched,30,0.9666666666666667,0.0,30,0.49018333333333336,0.3124532650110925,0.3669420833333334,0.5667675,30,1.3332218194950938,0.21614202240837377,1.2440721418305718,1.3864217556344378,30,-0.08169722222222224,0.052075544168515404,-0.09436131944444447,-0.060665902777777794,30,-0.007589099999999995,0.03444460112380475,-0.02134911374999991,0.00029558864583301706,30,0.98496897019479,0.06818719860658365,0.9575861436615895,1.0006048707495305,30,-0.014933108333333323,0.06903746533088596,-0.04214833166666676,0.0009106983333334739,30,0.05046666666666664,0.0772131993956962,0.02733291666666665,0.08148416666666664,30,1.2333333333333334,0.8172001541568767,0.9333333333333333,1.5,29,-187.33908045977012,25.077883950005866,-196.25581896551725,-178.65208333333328,True
0.5,1.0,node_mlp_ppo,grid_cnn_ppo,30,0.9,0.0,30,0.07251666666666669,0.29939638940459146,-0.048237916666666596,0.14643333333333333,30,1.0376606014158658,0.1671666075034573,0.9692844630286908,1.078669989905895,30,-0.012086111111111124,0.049899398234098565,-0.024464166666666686,0.008297708333333318,30,-0.008674449999999972,0.034119329672413476,-0.0220520564583332,-0.0007824144791665377,30,0.9828106531669472,0.06766294551098467,0.9554253510888986,0.9984732106204897,30,-0.0173126416666669,0.06838162038874164,-0.044714893333333505,-0.001480705833334005,30,-0.026783333333333346,0.07899680082275409,-0.04973375000000001,0.004350416666666642,30,0.3333333333333333,0.8441822541139558,0.0,0.6,29,-28.836206896551722,20.0613083481164,-36.077658045976996,-21.77241379310346,False
0.5,1.0,node_mlp_ppo,left_if_safe,30,0.7333333333333333,0.0,30,0.008383333333333335,0.3537989318743095,-0.13265458333333333,0.11386666666666666,30,1.012619163462409,0.19309709435873446,0.939480477032378,1.0736984739260669,30,-0.001397222222222198,0.058966488645718254,-0.01901986111111107,0.022291736111111148,30,0.001438574999999931,0.04412411113106138,-0.01555479062500032,0.01563988395833333,30,1.0060225245774135,0.09328305398554756,0.9707908201497484,1.0372314425828293,30,0.0028813416666665483,0.0884117826376435,-0.03158106999999998,0.03090601895833363,30,0.0013833333333333178,0.08769064780604417,-0.02666708333333335,0.034983749999999966,30,0.03333333333333333,0.889917986664224,-0.3,0.3333333333333333,29,-25.405172413793103,77.5372565470703,-56.247988505747124,-2.3562500000000046,False
0.5,1.0,node_mlp_ppo,noop,30,0.9666666666666667,0.0,30,0.9368,0.3217872932061885,0.80559875,1.0152841666666665,30,1.9170091852392517,0.3136423791094741,1.7918110282690138,1.993136433305427,30,-0.15613333333333337,0.053631215534364736,-0.1691251388888889,-0.13432722222222218,30,-0.0057949249999999525,0.03413719084922007,-0.019161636458333117,0.002094408958333277,30,0.9884474710727277,0.06805190316924503,0.9612146819489492,1.0041589096440129,30,-0.011121449999999814,0.06842602031729536,-0.03818350666666634,0.004690716875000325,30,-0.08876666666666667,0.08319417806774591,-0.11335041666666668,-0.05661291666666671,30,1.5333333333333334,0.8603661343041527,1.2,1.8,29,-484.2988505747127,24.47833222733192,-493.1496408045977,-475.7010057471265,True
0.5,1.0,noop,baseline1_hdv,30,0.6666666666666666,0.03333333333333333,30,0.01196666666666667,0.021262697355946502,0.004566666666666675,0.019416666666666683,30,1.0119571926677018,0.02112349979146448,1.004512125670298,1.0192131417659773,30,-0.0019944444444444432,0.0035437828926577356,-0.0032277777777777665,-0.0007055555555555737,30,-5.082083333337225e-05,0.0003142841031673,-0.00016194229166647663,5.892104166652528e-05,30,0.9998990597723431,0.0006258270719674368,0.999672942280633,1.0001185686049674,30,-9.565833333371465e-05,0.0006269501385446912,-0.0003111358333334294,0.00012344812499976755,30,0.015233333333333328,0.013766359129347198,0.010266666666666672,0.019983333333333332,30,0.1,0.5477225575051662,-0.1,0.3,30,-10.25,29.2653584788663,-20.600416666666664,0.15,True
0.5,1.0,noop,baseline2_matched,30,0.0,0.0,30,-0.44661666666666666,0.04300855635266348,-0.46141666666666664,-0.43106624999999993,30,0.696613874856712,0.022532819708582993,0.6887066939388719,0.704671559369397,30,0.0744361111111111,0.007168092725443911,0.07184444444444445,0.07692229166666666,30,-0.0017941750000000424,0.0006934597720041058,-0.002045508437500039,-0.0015611341666669717,30,0.9964412025818984,0.001372125828528105,0.9959448215212959,0.9969109263240258,30,-0.0038116583333335083,0.0013827294089815228,-0.004315092916666624,-0.003329373958334174,30,0.1392333333333333,0.022164251013479023,0.13148333333333334,0.14713375000000004,30,-0.3,0.466091599699399,-0.4666666666666667,-0.13333333333333333,30,296.0944444444445,28.904509297455512,286.0943055555556,306.4223611111111,False
0.55,0.9,baseline2_matched,baseline1_hdv,30,1.0,0.0,30,0.31536666666666674,0.031458218961503276,0.3044,0.32678333333333337,30,1.3843165898828258,0.04357606714702756,1.3692537356601606,1.3996643701144151,30,-0.0525611111111111,0.0052430364935838695,-0.054419444444444444,-0.05070548611111111,30,0.0012142333333334014,0.00042642421322724164,0.0010620928125002554,0.0013618537500000325,30,1.0026862979715176,0.0009438816527941577,1.0023510781058735,1.0030182021686747,30,0.0023510454545448644,0.0007787088961118611,0.002074107954544994,0.002619357954544706,30,-0.14226666666666668,0.022311560840210992,-0.1500504166666667,-0.13441666666666668,30,1.0,0.0,1.0,1.0,30,-337.35,36.76911888321878,-350.2341666666667,-324.5991666666667,True
0.55,0.9,graph_ppo,baseline1_hdv,30,1.0,0.0,30,0.2581333333333333,0.08510429031420834,0.22781583333333336,0.2887504166666667,30,1.3138444454660707,0.10318305345469944,1.2770813467218933,1.3506064417358001,30,-0.043022222222222246,0.014184048385701382,-0.04790833333333334,-0.0380026388888889,30,-0.0007917958333331402,0.007623226991963086,-0.0037302946874996673,0.0015204811458334672,30,0.9982461212242831,0.016868277957075236,0.9916065087088443,1.003482019955584,30,-0.0013222954545458003,0.013887047754589493,-0.006676532386363765,0.0029455507575753916,30,-0.05318333333333333,0.03403889340692227,-0.06508416666666667,-0.04099999999999999,30,0.7333333333333333,0.4497764451088037,0.5666666666666667,0.8666666666666667,30,-295.01666666666665,117.57436995903643,-334.985,-252.16625,True
0.55,0.9,graph_ppo,baseline2_matched,30,0.36666666666666664,0.0,30,-0.05723333333333333,0.09593655710158534,-0.09159999999999995,-0.02456625,30,0.950327190671526,0.08342561429868114,0.9206332493219213,0.9788969299089959,30,0.009538888888888878,0.015989426183597555,0.004144374999999985,0.01523062499999999,30,-0.0020060291666665416,0.007643315428033685,-0.004963371979166565,0.00035861833333360307,30,0.9955728735260895,0.016868569197782506,0.9891116181379771,1.0007476830743658,30,-0.003673340909090665,0.013928741062008827,-0.009245546590908572,0.0005784176136365246,30,0.08908333333333333,0.04669159330176549,0.07286625,0.10618375,30,-0.26666666666666666,0.44977644510880355,-0.43333333333333335,-0.1,30,42.333333333333336,119.86711991526956,3.565416666666678,88.11708333333333,False
0.55,0.9,graph_ppo,grid_cnn_ppo,30,0.5333333333333333,0.0,30,-0.02248333333333332,0.114675214780952,-0.06268375,0.016733749999999995,30,0.9828873733675368,0.10301394155548496,0.9467254917358255,1.0182856161292955,30,0.003747222222222224,0.01911253579682534,-0.0027890972222222097,0.01057784722222223,30,-0.0028891041666667173,0.007843568097635563,-0.005858372500000046,-0.0004444740624999731,30,0.9936460986141619,0.01726647294565042,0.9867817593286802,0.9990073399593322,30,-0.00526313636363549,0.014291444186496475,-0.010733769507575047,-0.0008201613636348478,30,0.01191666666666667,0.04913529585593818,-0.005217083333333343,0.029467083333333338,30,-0.23333333333333334,0.5040069329937308,-0.4,-0.06666666666666667,30,15.933333333333334,135.50211433223376,-27.833333333333332,66.36874999999996,False
0.55,0.9,graph_ppo,left_if_safe,30,0.6333333333333333,0.0,30,0.03348333333333334,0.13728566261966155,-0.013533749999999997,0.08265041666666664,30,1.0452476015150312,0.15071824956721125,0.9942411760684506,1.10198837717741,30,-0.005580555555555559,0.0228809437699436,-0.013908541666666661,0.0022417361111111075,30,0.004878104166666725,0.018017646419763736,-0.0010074638541665187,0.011553409583333249,30,1.012296816875702,0.04349249684503655,0.997972665973265,1.0282473400196883,30,0.008884499999999776,0.03280956466762642,-0.0018991823863643868,0.02090215511363647,30,-0.018133333333333338,0.0608420699127205,-0.040350000000000004,0.0020675000000000077,30,0.03333333333333333,0.5560534167675356,-0.16666666666666666,0.23333333333333334,30,-59.6,228.85273837572703,-145.75,15.366666666666667,False
0.55,0.9,graph_ppo,node_mlp_ppo,30,0.4,0.0,30,0.0003166666666666614,0.12540235130428648,-0.04180041666666663,0.047153749999999925,30,1.0085835183639016,0.13696072760822836,0.9645291547612289,1.0605883595925463,30,-5.277777777777937e-05,0.020900391884047756,-0.007602986111111123,0.007039027777777785,30,-0.00015506249999983993,0.013462656662063194,-0.004614064062500045,0.005029447500000215,30,1.0002671611656442,0.03219531534878313,0.9903241480268006,1.0132819502186565,30,-0.0002817878787876427,0.024524550435402918,-0.008245531249999365,0.008937152083333351,30,-0.0008166666666666729,0.058056524676140114,-0.022050416666666666,0.019067916666666643,30,-0.1,0.6074253182419872,-0.3,0.1,30,-22.25,203.9323649712292,-97.45083333333334,48.016666666666666,False
0.55,0.9,graph_ppo,noop,30,1.0,0.0,30,0.24426666666666666,0.08764345219492256,0.21284958333333331,0.2744833333333333,30,1.2923074055426762,0.10515704557991663,1.2546573303474693,1.3291355169065764,30,-0.0407111111111111,0.014607242032487084,-0.045838958333333325,-0.03551666666666667,30,-0.0007543624999998777,0.007627948121588041,-0.003693417708333379,0.0015658858333335648,30,0.9983289324339867,0.016884471896352515,0.9916991607531251,1.0035987753237736,30,-0.001260537878788152,0.013897080207715488,-0.006719740340908754,0.003067617424242599,30,-0.07781666666666666,0.03450998939171225,-0.08966666666666664,-0.06566624999999998,30,0.7333333333333333,0.4497764451088037,0.5666666666666667,0.8666666666666667,30,-279.31666666666666,121.8280644960371,-319.3858333333333,-233.16583333333332,True
0.55,0.9,grid_cnn_ppo,baseline1_hdv,30,1.0,0.0,30,0.2806166666666667,0.05810672157293013,0.26076541666666664,0.3003670833333333,30,1.3418563696473818,0.07212476401938514,1.3166044524119451,1.3666554549669994,30,-0.04676944444444443,0.009684453595488354,-0.05008062500000001,-0.04337222222222225,30,0.002097308333333577,0.0010027540764607436,0.0017612933333336273,0.002453511250000268,30,1.0046398783742485,0.0022194987922005954,1.0038639127445734,1.0054374037992577,30,0.00394084090908969,0.0018363175858528203,0.0033023727272711322,0.004588093560604966,30,-0.0651,0.025410220588275655,-0.07388375000000003,-0.05598333333333332,30,0.9666666666666667,0.18257418583505533,0.9,1.0,30,-310.95,56.95208966527373,-330.6666666666667,-290.6,True
0.55,0.9,grid_cnn_ppo,baseline2_matched,30,0.36666666666666664,0.0,30,-0.03475000000000002,0.06156210069011056,-0.05613541666666667,-0.013082500000000007,30,0.9698634411720252,0.05373212071044989,0.951007285934181,0.9888530561026575,30,0.005791666666666654,0.010260350115018422,0.0021359722222221954,0.00943062499999999,30,0.0008830750000001756,0.0010573137026126716,0.0005162647916667278,0.0012697913541668483,30,1.0019490396489015,0.0023336578296789274,1.001129989844902,1.00277895895908,30,0.0015897954545448254,0.0019354439267909116,0.0009062085227261291,0.0022769446969697943,30,0.07716666666666668,0.02648367530142415,0.06771666666666669,0.08635041666666665,30,-0.03333333333333333,0.18257418583505533,-0.1,0.0,30,26.4,53.782191643061864,7.6162500000000035,45.36666666666667,False
0.55,0.9,grid_cnn_ppo,left_if_safe,30,0.6333333333333333,0.0,30,0.05596666666666666,0.1334799438204064,0.010350000000000022,0.10455083333333329,30,1.069371837109439,0.15771090735898385,1.0188763564261167,1.1273819480196006,30,-0.009327777777777784,0.022246657303401068,-0.017541736111111105,-0.0017443750000000159,30,0.007767208333333442,0.016237931118759936,0.002605204791666735,0.01399396604166679,30,1.018768612196188,0.04002131506526076,1.0061608836660134,1.034348432321599,30,0.014147636363635268,0.029570969246195566,0.004923014393937692,0.025440609848483717,30,-0.03005000000000001,0.051888532717607336,-0.04906708333333334,-0.012065416666666693,30,0.26666666666666666,0.5208304597621879,0.1,0.43333333333333335,30,-75.53333333333333,221.01497582795128,-160.20249999999996,-4.932916666666673,True
0.55,0.9,grid_cnn_ppo,noop,30,1.0,0.0,30,0.26675,0.05395252542745335,0.24748291666666664,0.28633375,30,1.3192226132033402,0.0647220380526777,1.2967401597718342,1.3420989909097158,30,-0.04445833333333333,0.008992087571242221,-0.04766111111111112,-0.041274999999999985,30,0.0021347416666668397,0.0010122605830881687,0.0017811273958337492,0.0024919867708334607,30,1.004723099070226,0.00224065039569703,1.0039373618089036,1.0055135115655942,30,0.004002598484847338,0.0018482527098647936,0.0033497606060590283,0.004651022537878019,30,-0.08973333333333335,0.027059555432968323,-0.09921708333333333,-0.08044958333333334,30,0.9666666666666667,0.18257418583505533,0.9,1.0,30,-295.25,55.49491278331362,-314.9166666666667,-275.53333333333336,True
0.55,0.9,left_if_safe,baseline1_hdv,30,0.9333333333333333,0.0,30,0.22465000000000002,0.11215369303803137,0.18368333333333334,0.2618504166666667,30,1.272633532098209,0.13622596381595287,1.2221493933514342,1.3177195080881547,30,-0.03744166666666667,0.018692282173005233,-0.043800069444444464,-0.03047756944444445,30,-0.005669899999999865,0.01582379211436572,-0.01159430395833339,-0.0006976592708332734,30,0.9874582358712124,0.035008105069700875,0.9740849513152369,0.9985928281485785,30,-0.010206795454545578,0.02881226525033429,-0.021174068939394327,-0.0009645956439391227,30,-0.03505,0.05025063904208515,-0.051883333333333316,-0.01661500000000002,30,0.7,0.466091599699399,0.5333333333333333,0.8666666666666667,30,-235.41666666666666,207.7254937342223,-299.43333333333334,-156.6479166666667,True
0.55,0.9,left_if_safe,baseline2_matched,30,0.23333333333333334,0.0,30,-0.09071666666666668,0.12049021160224602,-0.1338508333333334,-0.04976500000000001,30,0.9206231205901336,0.10562687544680384,0.8812357553645562,0.9552276704782676,30,0.015119444444444437,0.020081701933707688,0.008469444444444441,0.022375069444444427,30,-0.006884133333333266,0.01577196842539882,-0.012859706770832997,-0.0018859372916668151,30,0.984809301398982,0.03480988243663717,0.9718949205966375,0.9958146574140458,30,-0.01255784090909044,0.028721322232433042,-0.023614262878787935,-0.0034788136363626126,30,0.1072166666666667,0.05639144030994319,0.08796583333333337,0.12795041666666665,30,-0.3,0.466091599699399,-0.4666666666666667,-0.13333333333333333,30,101.93333333333334,213.35544784803778,34.46625,183.46791666666664,False
0.55,0.9,left_if_safe,noop,30,0.9333333333333333,0.0,30,0.2107833333333333,0.11621915114108355,0.16834791666666662,0.24971708333333334,30,1.2521255042551778,0.13967377566603598,1.2008290679277813,1.2996732813874594,30,-0.03513055555555555,0.019369858523513923,-0.04168354166666666,-0.028013888888888887,30,-0.005632466666666602,0.015780017100489208,-0.011648711041666596,-0.0006080015624999963,30,0.9875367177502238,0.034922348986622206,0.9738364651534975,0.9987754228730178,30,-0.010145037878787929,0.02873407372108252,-0.021190850757575753,-0.0010979710227271976,30,-0.05968333333333334,0.0504200431091291,-0.07650041666666668,-0.04138291666666665,30,0.7,0.466091599699399,0.5333333333333333,0.8666666666666667,30,-219.71666666666667,210.4284907341296,-284.9845833333333,-137.34958333333333,True
0.55,0.9,node_mlp_ppo,baseline1_hdv,30,0.9666666666666667,0.0,30,0.25781666666666664,0.08994063974734069,0.22364916666666668,0.2869170833333334,30,1.3141322502813209,0.11087376666644244,1.2720079862342808,1.3495742754478657,30,-0.04296944444444444,0.014990106624556786,-0.047728055555555544,-0.03720826388888891,30,-0.0006367333333333003,0.010408629345037898,-0.004855797708333389,0.00195506406250014,30,0.9985915026332759,0.023028874097979508,0.9893585138629928,1.0043575103430005,30,-0.0010405075757581575,0.01895894308144149,-0.008638432386364369,0.003715792424241854,30,-0.05236666666666666,0.044017616640529784,-0.06633375,-0.03583333333333332,30,0.8333333333333334,0.3790490217894517,0.7,0.9666666666666667,30,-272.76666666666665,153.0831830069529,-320.16791666666666,-213.86500000000004,True
0.55,0.9,node_mlp_ppo,baseline2_matched,30,0.16666666666666666,0.0,30,-0.05755,0.088497647543252,-0.09195041666666667,-0.02878333333333337,30,0.9495677772005886,0.07775705165214786,0.9211227425976195,0.9742466498807362,30,0.009591666666666658,0.014749607923875347,0.004855555555555546,0.015144583333333328,30,-0.0018509666666667016,0.010479847039991096,-0.006159955937499834,0.0007697801041664943,30,0.9959200971272826,0.02310478845821574,0.9867643048430483,1.0017770195666973,30,-0.003391553030303022,0.019087886595347752,-0.01102135018939424,0.0013474403409088071,30,0.08990000000000004,0.042214231952155,0.07653333333333334,0.10620083333333337,30,-0.16666666666666666,0.3790490217894517,-0.3,-0.03333333333333333,30,64.58333333333333,153.95616725802708,17.515416666666678,125.6858333333333,False
0.55,0.9,node_mlp_ppo,grid_cnn_ppo,30,0.5,0.0,30,-0.022799999999999983,0.10072158622179497,-0.05943375,0.01085000000000002,30,0.9815234530230702,0.09150493131769943,0.9483024923567839,1.0117822197987485,30,0.0038000000000000035,0.016786931036965828,-0.00170284722222223,0.010091805555555559,30,-0.002734041666666877,0.010402048343248264,-0.0068795709375000765,-0.00012233927083359135,30,0.993981588245907,0.02291272204524752,0.9847721608403885,0.9997348043190688,30,-0.004981348484847848,0.018949919423378363,-0.012796559090908897,-0.00024222840908937925,30,0.012733333333333343,0.04321712091555712,-0.0018004166666666553,0.028850833333333332,30,-0.13333333333333333,0.43417248545530474,-0.3,0.0,30,38.18333333333333,161.0228342842081,-12.100416666666662,100.6858333333333,False
0.55,0.9,node_mlp_ppo,left_if_safe,30,0.5666666666666667,0.0,30,0.03316666666666668,0.12560991431695448,-0.010751666666666642,0.07848499999999996,30,1.0438046633714884,0.1432809009210728,0.995434024854108,1.096197452793818,30,-0.00552777777777778,0.020934985719492413,-0.012942013888888881,0.0017032638888889048,30,0.005033166666666564,0.015080315488299646,0.000348845416666628,0.010970144166666546,30,1.012257533268669,0.036930383874994144,1.000753774258174,1.0268995695343324,30,0.00916628787878742,0.02746534095913678,0.00047989507575666774,0.019630670075757077,30,-0.017316666666666664,0.05653614701710961,-0.03765,0.002400000000000006,30,0.13333333333333333,0.5713464637233656,-0.06666666666666667,0.3333333333333333,30,-37.35,194.51718078537345,-109.55166666666665,28.017083333333325,False
0.55,0.9,node_mlp_ppo,noop,30,0.9666666666666667,0.0,30,0.24394999999999994,0.08990841604578553,0.2094475,0.2728841666666667,30,1.292274796282723,0.10789855559926712,1.2518812645489494,1.3264561984793994,30,-0.040658333333333345,0.014984736007630926,-0.04540298611111111,-0.03480270833333333,30,-0.0005993000000000377,0.01042293074961201,-0.0048653916666666274,0.0019810622916667004,30,0.9986748821716795,0.023059478477927633,0.9893266214287557,1.0044709303590749,30,-0.0009787500000005094,0.01898571264950606,-0.008595972916667924,0.0038635109848480873,30,-0.07699999999999999,0.04424539718901611,-0.09149999999999998,-0.060516249999999966,30,0.8333333333333334,0.3790490217894517,0.7,0.9666666666666667,30,-257.06666666666666,151.91704481639684,-304.0341666666667,-198.98000000000005,True
0.55,0.9,noop,baseline1_hdv,30,0.8,0.06666666666666667,30,0.013866666666666675,0.018992708824855577,0.006983333333333338,0.02048333333333333,30,1.017159599043393,0.023341384978351955,1.0089085864140046,1.0253891406730893,30,-0.0023111111111111192,0.003165451470809255,-0.0034055555555555545,-0.0011833333333333398,30,-3.743333333326252e-05,0.00028893171012869893,-0.0001398847916666159,6.673645833330415e-05,30,0.9999174130872467,0.0006390234530173032,0.9996874228740076,1.000138097545111,30,-6.175757575764829e-05,0.000524450057108779,-0.00024307575757588813,0.0001235780303031954,30,0.024633333333333327,0.010474051132510128,0.020833333333333332,0.02824999999999999,30,0.0,0.0,0.0,0.0,30,-15.7,34.988815947089584,-28.3,-3.8333333333333335,True
0.55,0.9,noop,baseline2_matched,30,0.0,0.0,30,-0.30149999999999993,0.02309052649449775,-0.3093833333333334,-0.2933829166666666,30,0.7351071818721565,0.016111055357825525,0.7294667721305433,0.7409251830572915,30,0.050249999999999996,0.0038484210824162933,0.048863888888888866,0.05160555555555554,30,-0.001251666666666664,0.0004805447007417612,-0.0014269010416666213,-0.0010910120833333213,30,0.997239305883775,0.001057532310037751,0.9968610601874981,0.9976022028897612,30,-0.002412803030302513,0.0008767925869729752,-0.0027317420454537264,-0.00211709678030262,30,0.1669,0.02390007935349689,0.15815,0.17520041666666666,30,-1.0,0.0,-1.0,-1.0,30,321.65,29.086123602276338,311.6666666666667,332.1504166666666,False
0.55,0.95,baseline2_matched,baseline1_hdv,30,1.0,0.0,30,0.35730000000000006,0.03876178352538703,0.3437833333333334,0.3712666666666666,30,1.4352083984901804,0.05079385663514181,1.418065592216868,1.4531891751883987,30,-0.05955000000000001,0.0064602972542311616,-0.06184166666666667,-0.05731666666666668,30,0.0014607791666668868,0.0004041623503961073,0.0013185995833335602,0.001602796666666922,30,1.0032315369226212,0.0008946470571201687,1.0029064205394942,1.003546715178094,30,0.002818371212121066,0.0007346190513625718,0.0025573859848484447,0.003072593371212055,30,-0.15631666666666663,0.027094179083889683,-0.1656504166666667,-0.14671625,30,1.0,0.0,1.0,1.0,30,-372.35,41.92792460960792,-386.9670833333333,-357.28333333333336,True
0.55,0.95,graph_ppo,baseline1_hdv,30,0.9666666666666667,0.0,30,0.37371666666666675,0.11536506398605145,0.3322475000000001,0.4115837500000001,30,1.455077049951413,0.14192464258790152,1.4012769540741201,1.5026410307972289,30,-0.06228611111111113,0.019227510664341908,-0.06859180555555557,-0.05504416666666668,30,-0.00143832499999992,0.010322342191140265,-0.005527468125000211,0.0016276313541665562,30,0.996817752099714,0.022833093218085,0.9881462073855245,1.0035209753337975,30,-0.002445265151516233,0.01880988276578514,-0.009905467234849388,0.0030547304924227804,30,-0.07206666666666667,0.04510174959014291,-0.08713333333333333,-0.055333333333333325,30,0.9666666666666667,0.18257418583505533,0.9,1.0,30,-405.1666666666667,80.35356496322271,-433.1016666666667,-377.03333333333336,True
0.55,0.95,graph_ppo,baseline2_matched,30,0.6333333333333333,0.0,30,0.016416666666666645,0.11223336858077683,-0.02490125000000004,0.05383499999999993,30,1.0141219333217617,0.09535436335486955,0.9789678037839041,1.045207083213214,30,-0.002736111111111113,0.018705561430129473,-0.008780625000000002,0.0041473611111110965,30,-0.0028991041666668067,0.010434729135927598,-0.0069715678124998605,0.0002099007291665246,30,0.99361273879878,0.022991167700766674,0.9846898067639546,1.0003808289999958,30,-0.0052636363636372994,0.019015357850618347,-0.012924126325758518,0.0004170763257567785,30,0.08424999999999999,0.042927314268945686,0.06938333333333334,0.09990041666666666,30,-0.03333333333333333,0.18257418583505533,-0.1,0.0,30,-32.81666666666667,76.67828934888456,-59.666666666666664,-5.482916666666672,False
0.55,0.95,graph_ppo,grid_cnn_ppo,30,0.36666666666666664,0.0,30,-0.04621666666666669,0.11304848542758664,-0.08713375000000004,-0.007116250000000022,30,0.9637563384576749,0.09236731913165834,0.9290204933225845,0.9946035747564738,30,0.007702777777777781,0.018841414237931103,0.0012911805555555547,0.014397361111111114,30,-0.004521429166666881,0.010299623421078954,-0.008487269375000127,-0.0014046800000002085,30,0.9900657329728771,0.022654919473270342,0.981188043361964,0.9968987567121933,30,-0.008241787878787165,0.01876290849430649,-0.01558410833333224,-0.0025594797348480114,30,0.017333333333333343,0.04107947161911589,0.003299583333333347,0.0324175,30,-0.03333333333333333,0.18257418583505533,-0.1,0.0,30,21.983333333333334,82.7442552785944,-6.485833333333312,51.03374999999999,False
0.55,0.95,graph_ppo,left_if_safe,30,0.5,0.0,30,-0.016133333333333343,0.09919355281236897,-0.05391750000000003,0.015833749999999966,30,0.9899764239504937,0.0836433508874205,0.9582599602001324,1.017166372081475,30,0.002688888888888878,0.016532258802061488,-0.002572222222222213,0.008927916666666647,30,-0.0005981166666666908,0.0096289242492152,-0.004474501666666642,0.0019950888541664983,30,0.99880091337963,0.021340835801971797,0.9903286730585081,1.0046985612979507,30,-0.0010948181818184021,0.01754237581258654,-0.008088226893939492,0.0037189823863634053,30,0.0027500000000000063,0.040589991547093286,-0.010867916666666656,0.017500000000000012,30,0.03333333333333333,0.31984191497474607,-0.06666666666666667,0.16666666666666666,30,-23.816666666666666,107.00946488377858,-65.08499999999998,9.250833333333322,False
0.55,0.95,graph_ppo,node_mlp_ppo,30,0.5,0.0,30,0.001766666666666672,0.12675143563992325,-0.04286666666666666,0.0471,30,1.008704632703778,0.1112517953923251,0.9703864166004117,1.0480108113852442,30,-0.00029444444444445275,0.02112523927332054,-0.007747361111111104,0.007147430555555532,30,0.0010883124999998253,0.009220750093594696,-0.001945931145833686,0.004469145729166342,30,1.003029995828622,0.02270540978512197,0.9957981225415953,1.0115190952978053,30,0.00197955303030282,0.016799246448766302,-0.00351683106060546,0.008369214393938796,30,0.0045000000000000075,0.045683695122001704,-0.01183375,0.02046666666666667,30,0.03333333333333333,0.18257418583505533,0.0,0.1,30,-28.683333333333334,233.89477752618376,-122.81791666666665,37.33458333333332,False
0.55,0.95,graph_ppo,noop,30,0.9666666666666667,0.0,30,0.3601833333333334,0.11428009173874552,0.3191995833333333,0.39828416666666666,30,1.4312391782844132,0.13833630275727815,1.3801635060865567,1.4777499040417839,30,-0.06003055555555556,0.01904668195645759,-0.0666084027777778,-0.05312465277777777,30,-0.001452562500000069,0.01032194523889839,-0.005596104062500081,0.0016402686458332422,30,0.9967863012886174,0.02283903806764705,0.9877992902930882,1.0035553746532355,30,-0.0024773030303039084,0.018807670205981824,-0.009934736742425218,0.003094127840907864,30,-0.09538333333333333,0.04262176943634624,-0.10973458333333336,-0.07984958333333332,30,0.9666666666666667,0.18257418583505533,0.9,1.0,30,-384.06666666666666,84.37700018914835,-413.60041666666666,-354.0325,True
0.55,0.95,grid_cnn_ppo,baseline1_hdv,30,1.0,0.0,30,0.4199333333333334,0.06345141140428162,0.39844958333333336,0.4427504166666667,30,1.5113975060422224,0.08049113367229853,1.4844828435462154,1.5407262894882456,30,-0.06998888888888892,0.01057523523404692,-0.07378888888888889,-0.0663277777777778,30,0.003083104166666961,0.0008950358919812633,0.0027736518750004118,0.0033946816666668854,30,1.0068205016071885,0.00198078813030856,1.0061230350033974,1.0075053657671014,30,0.005796522727270933,0.001634652832773056,0.005212778219695113,0.006357260037877065,30,-0.08940000000000001,0.027552270073569193,-0.09899999999999999,-0.07974958333333336,30,1.0,0.0,1.0,1.0,30,-427.15,59.60345251513656,-448.585,-406.41625000000005,True
0.55,0.95,grid_cnn_ppo,baseline2_matched,30,0.8333333333333334,0.0,30,0.06263333333333333,0.061275653787833506,0.04093291666666667,0.08510041666666665,30,1.0535461443336556,0.052520818559783244,1.0355549122321028,1.0727936902196333,30,-0.010438888888888893,0.010212608964638914,-0.014147222222222219,-0.007011041666666662,30,0.0016223250000000744,0.0009311842516711049,0.0012897654166665706,0.0019489365625000297,30,1.0035779457645224,0.0020549840051653436,1.0028594060994582,1.0043078079015475,30,0.0029781515151498664,0.0016949717241102333,0.0023964869318161587,0.0035752910984832255,30,0.06691666666666667,0.03396628230073662,0.05496583333333332,0.07868333333333331,30,0.0,0.0,0.0,0.0,30,-54.8,48.28982187326564,-71.85,-37.86666666666667,True
0.55,0.95,grid_cnn_ppo,left_if_safe,30,0.6,0.0,30,0.030083333333333344,0.10212518377422652,-0.00476708333333333,0.06565,30,1.0319013301409508,0.09227901248380106,1.0006443815435593,1.065812388966404,30,-0.005013888888888903,0.017020863962371083,-0.01116395833333335,0.0008726388888888642,30,0.0039233125000001905,0.00834093924959682,0.0012927745833334774,0.00715728093750031,30,1.0090302021308075,0.019432276801211526,1.0030142233665282,1.0165574702605717,30,0.0071469696969687635,0.01520030336178533,0.002442814772726043,0.012965694886362853,30,-0.014583333333333335,0.04399609765871746,-0.030599999999999995,0.00021666666666666335,30,0.06666666666666667,0.2537081317024624,0.0,0.16666666666666666,30,-45.8,143.45488297118317,-100.41791666666666,-1.165416666666685,False
0.55,0.95,grid_cnn_ppo,noop,30,1.0,0.0,30,0.40639999999999993,0.06058399697655457,0.38621625,0.42808416666666665,30,1.486592319317336,0.07326883973241144,1.4613441569368109,1.513270785897587,30,-0.06773333333333335,0.010097332829425758,-0.07139444444444445,-0.06419701388888889,30,0.0030688666666668124,0.0008212409193150958,0.0027825301041667517,0.003353349062500367,30,1.006788455853655,0.0018164860475808715,1.006147776751358,1.0074293745959286,30,0.005764484848483257,0.0015047621091645762,0.0052356363636349955,0.00630550738636211,30,-0.11271666666666667,0.026617884619353122,-0.12235,-0.1035166666666667,30,1.0,0.0,1.0,1.0,30,-406.05,44.08071554272481,-421.35041666666666,-390.96666666666664,True
0.55,0.95,left_if_safe,baseline1_hdv,30,1.0,0.0,30,0.38985,0.11323976318200792,0.35006624999999997,0.4290858333333334,30,1.4746944499140846,0.1395474458538059,1.4262996241125938,1.5229786070448965,30,-0.06497499999999999,0.018873293863667973,-0.07134451388888886,-0.058263680555555565,30,-0.0008402083333332292,0.008060961206424454,-0.003821709270833326,0.0016688298958336127,30,0.9981403102436733,0.017834175472620707,0.9911894925995043,1.0037229783489023,30,-0.0013504469696978309,0.014693126784401093,-0.0069001827651527636,0.0032447083333325866,30,-0.07481666666666667,0.051136983602418556,-0.09250000000000001,-0.056366666666666676,30,0.9333333333333333,0.2537081317024624,0.8333333333333334,1.0,30,-381.35,141.73573941524492,-426.6175,-327.6129166666667,True
0.55,0.95,left_if_safe,baseline2_matched,30,0.7333333333333333,0.0,30,0.03254999999999999,0.11331519589485628,-0.009534999999999986,0.07075041666666665,30,1.0280395241937117,0.09452693547636867,0.9942903415100346,1.0599113621626202,30,-0.005424999999999991,0.01888586598247603,-0.011858611111111098,0.0016368055555555396,30,-0.002300987500000116,0.008121863671221878,-0.005347038125000197,0.00021841614583311628,30,0.9949278750248803,0.01790742778505493,0.9880987258446323,1.0004628034017544,30,-0.004168818181818897,0.014808043108042209,-0.009773585037878906,0.0004746416666658346,30,0.08149999999999998,0.05389021406910343,0.06291666666666666,0.10148374999999998,30,-0.06666666666666667,0.2537081317024624,-0.16666666666666666,0.0,30,-9.0,143.38391916760426,-53.11666666666667,44.98374999999999,False
0.55,0.95,left_if_safe,noop,30,1.0,0.0,30,0.37631666666666663,0.11644026760335202,0.33528249999999993,0.41635125000000006,30,1.4512415991056655,0.141055476334156,1.3994895378795638,1.5001485974194253,30,-0.06271944444444442,0.019406711267225325,-0.06945569444444445,-0.05565819444444443,30,-0.0008544458333333782,0.008131504344777836,-0.003971855416666598,0.0017226321875000877,30,0.9981115394783612,0.017983083571112092,0.9911687750004383,1.0037683850557222,30,-0.0013824848484855065,0.014823215648936707,-0.00714264375000042,0.00335612727272653,30,-0.09813333333333334,0.051501076877481226,-0.11615041666666667,-0.07951583333333334,30,0.9333333333333333,0.2537081317024624,0.8333333333333334,1.0,30,-360.25,149.76480123732404,-407.4,-303.84833333333336,True
0.55,0.95,node_mlp_ppo,baseline1_hdv,30,0.9666666666666667,0.0,30,0.37195,0.12424234868552894,0.32451624999999995,0.41096666666666665,30,1.4529590479783303,0.1527088564231736,1.3934695270113895,1.5013620503151406,30,-0.06199166666666667,0.020707058114254818,-0.06843618055555557,-0.053980138888888904,30,-0.0025266374999997456,0.015410663363816855,-0.008845015624999895,0.0013177107291668078,30,0.9944127274012594,0.03408421989476605,0.9804930682877945,1.0028699281614386,30,-0.004424818181819053,0.028068024023607037,-0.015775144696971236,0.0025373874999987753,30,-0.07656666666666667,0.053721300811871084,-0.09376750000000002,-0.056015000000000044,30,0.9333333333333333,0.2537081317024625,0.8333333333333334,1.0,30,-376.48333333333335,197.1285893703053,-430.25,-295.8979166666667,True
0.55,0.95,node_mlp_ppo,baseline2_matched,30,0.6666666666666666,0.0,30,0.014649999999999974,0.12410772225827826,-0.03223541666666669,0.054733749999999984,30,1.0128787909308778,0.10668320671114255,0.9722816288045205,1.0469285229577863,30,-0.0024416666666666606,0.020684620376379702,-0.00909729166666667,0.005367222222222211,30,-0.003987416666666632,0.015517150123912395,-0.010220271562499944,-8.914541666654526e-05,30,0.9912177050243344,0.034179332530019625,0.9773325806555704,0.9997885159300197,30,-0.007243189393940119,0.028258699630003232,-0.018389827272728122,-0.00015445549242446615,30,0.07975,0.055058237192618334,0.06103291666666668,0.10000083333333336,30,-0.06666666666666667,0.2537081317024625,-0.16666666666666666,0.0,30,-4.133333333333334,192.2754370120139,-55.416666666666664,75.46749999999999,False
0.55,0.95,node_mlp_ppo,grid_cnn_ppo,30,0.4666666666666667,0.0,30,-0.047983333333333364,0.13408781755287077,-0.09776708333333338,-0.0032995833333333536,30,0.9633258553298635,0.11071456386673043,0.922854583791084,0.9998931098461548,30,0.007997222222222234,0.02234796959214512,0.0004887499999999998,0.01632541666666668,30,-0.005609741666666707,0.015256928463347592,-0.011837239791666796,-0.0017627617708334807,30,0.987667063250064,0.033602011439804874,0.9735344974016151,0.996165695072495,30,-0.010221340909089986,0.027783057682856844,-0.021402569318180617,-0.0032257060606049204,30,0.012833333333333334,0.0489513011579618,-0.003550416666666668,0.031050416666666664,30,-0.06666666666666667,0.2537081317024625,-0.16666666666666666,0.0,30,50.666666666666664,194.47641171268992,-4.002499999999978,128.46791666666664,False
0.55,0.95,node_mlp_ppo,left_if_safe,30,0.43333333333333335,0.0,30,-0.017900000000000017,0.1639604872501614,-0.07596750000000002,0.037933333333333305,30,0.9939183062978135,0.14386886478271513,0.9431768944009353,1.0448547744035088,30,0.0029833333333333305,0.027326747875026886,-0.006400069444444428,0.013033611111111105,30,-0.0016864291666665162,0.017557689442827717,-0.008763862499999902,0.003420247187500026,30,0.9965999747822515,0.039063758884380434,0.9809248177129748,1.0081371359576363,30,-0.0030743712121212223,0.03198147151316,-0.015826398106060666,0.006310070643939578,30,-0.0017500000000000016,0.06239953995188506,-0.023600833333333328,0.02015083333333332,30,0.0,0.3713906763541037,-0.13333333333333333,0.13333333333333333,30,4.866666666666666,245.86781328428373,-74.23416666666667,98.23333333333333,False
0.55,0.95,node_mlp_ppo,noop,30,0.9666666666666667,0.0,30,0.35841666666666666,0.11715949071401693,0.31295,0.39533416666666665,30,1.4281404568514107,0.14062780646272705,1.3742026972078616,1.4730469361716627,30,-0.05973611111111111,0.019526581785669468,-0.06586395833333332,-0.052299930555555554,30,-0.0025408749999998943,0.015361103936699965,-0.008881328229166534,0.0012918635416665906,30,0.9943777634166645,0.033995671252356655,0.9804460321236554,1.002824250578323,30,-0.004456856060606728,0.027974153757951606,-0.015805164772727948,0.002532536931817294,30,-0.09988333333333334,0.04968759009245069,-0.11586708333333334,-0.08016458333333336,30,0.9333333333333333,0.2537081317024625,0.8333333333333334,1.0,30,-355.3833333333333,190.86430833291567,-406.68333333333334,-276.64625,True
0.55,0.95,noop,baseline1_hdv,30,0.7,0.0,30,0.013533333333333335,0.01863206974515997,0.007000000000000006,0.020083333333333325,30,1.0167490658821403,0.022971405190279674,1.0084908876494032,1.0249552774458768,30,-0.002255555555555566,0.003105344957526673,-0.003358333333333356,-0.0011888888888888912,30,1.4237500000148968e-05,0.00031697419696399327,-9.78921875000184e-05,0.00012410531250018868,30,1.0000317696062335,0.0007011948824532576,0.9997798372051047,1.000282535484882,30,3.2037878787675535e-05,0.00057624193224269,-0.0001660001893941418,0.0002330861742420631,30,0.02331666666666666,0.011963654248953608,0.019166249999999992,0.027466666666666664,30,0.0,0.0,0.0,0.0,30,-21.1,38.251752269982845,-34.233333333333334,-7.166666666666667,True
0.55,0.95,noop,baseline2_matched,30,0.0,0.0,30,-0.34376666666666666,0.038433268036351304,-0.35768333333333335,-0.3305829166666666,30,0.7090856494496447,0.024067884010651453,0.7004817995784091,0.7172519096045817,30,0.05729444444444444,0.006405544672725222,0.05517215277777777,0.05968625000000001,30,-0.0014465416666667378,0.000498692625182259,-0.001619543125000198,-0.0012710846874998778,30,0.9968112696406036,0.0010974200719342782,0.9964307248346472,0.9972043716861938,30,-0.0027863333333333906,0.000906715410722247,-0.003098670643939726,-0.0024607498106062435,30,0.1796333333333333,0.027909933138868175,0.1701,0.18930041666666664,30,-1.0,0.0,-1.0,-1.0,30,351.25,34.468563888733804,339.2,363.3833333333333,False
0.55,1.0,baseline2_matched,baseline1_hdv,30,1.0,0.0,30,0.4512166666666666,0.03862522923340823,0.4377495833333334,0.4649833333333334,30,1.5494990532002475,0.05156731658225308,1.5316979410564835,1.5675856051347286,30,-0.07520277777777776,0.006437538205568042,-0.07750277777777777,-0.07297493055555554,30,0.001797804166666787,0.0005670395440234801,0.001599630729166916,0.0019992460416668884,30,1.0039772270322707,0.0012549832419523155,1.0035234387033338,1.0044183025603692,30,0.003473833333332732,0.0010357635095819074,0.00311087821969611,0.0038462481060597535,30,-0.17515,0.025287706567584885,-0.18390041666666665,-0.16636625000000002,30,1.0,0.0,1.0,1.0,30,-433.46666666666664,41.111692550511904,-448.01666666666665,-419.48333333333335,True
0.55,1.0,graph_ppo,baseline1_hdv,30,1.0,0.0,30,0.9973,0.10833915457392632,0.9592487500000002,1.0355999999999999,30,2.214515928877606,0.141103064017722,2.166715606635464,2.263527062220288,30,-0.16621666666666665,0.01805652576232104,-0.1727056944444445,-0.15990263888888892,30,-0.0005442708333333712,0.00867109250595674,-0.003967390833333519,0.0021869444791666557,30,0.9987929008788651,0.01918811074839888,0.9915466089277661,1.0049454384837704,30,-0.0005362651515171605,0.01579476642912527,-0.00648417178030545,0.004436284469695427,30,-0.12128333333333335,0.03569595826955217,-0.13471666666666668,-0.10919999999999999,30,2.033333333333333,0.18257418583505536,2.0,2.1,30,-669.8722222222221,44.192969468536496,-685.588888888889,-654.7102777777778,True
0.55,1.0,graph_ppo,baseline2_matched,30,1.0,0.0,30,0.5460833333333334,0.0983537846451421,0.5114995833333335,0.5810679166666666,30,1.429242944603298,0.07790917471810291,1.402178656699041,1.4566111872893643,30,-0.0910138888888889,0.016392297440857018,-0.09681159722222223,-0.08508597222222222,30,-0.002342075000000158,0.008747790007338885,-0.0057573836458334445,0.0004255876041665008,30,0.9948401011378797,0.01926830003334397,0.9875303350746376,1.0009884046104693,30,-0.004010098484849892,0.015933509886046356,-0.010166492613637845,0.0008939479166655187,30,0.05386666666666665,0.03416439297172477,0.041716666666666666,0.06585083333333332,30,1.0333333333333334,0.18257418583505533,1.0,1.1,30,-236.40555555555554,39.57246815995628,-249.88902777777784,-222.05527777777783,True
0.55,1.0,graph_ppo,grid_cnn_ppo,30,0.8333333333333334,0.0,30,0.06343333333333336,0.10157804315192685,0.02566666666666668,0.09971750000000003,30,1.0370762566423084,0.057607971782396024,1.0164017813145612,1.0568129873636367,30,-0.010572222222222238,0.01692967385865447,-0.016483333333333336,-0.0043653472222222565,30,-0.003852650000000187,0.008975440216691472,-0.0072852620833334415,-0.0010515578125001395,30,0.9915509490579738,0.019682600028239756,0.9840462745565743,0.9976627701397563,30,-0.006975984848485428,0.0163503888010018,-0.013368980492425207,-0.001850955113636395,30,-0.02498333333333332,0.036159723100608,-0.03865,-0.01321666666666667,30,0.03333333333333333,0.18257418583505536,0.0,0.1,30,-14.238888888888887,40.41872985214641,-27.522499999999994,0.6449999999999967,True
0.55,1.0,graph_ppo,left_if_safe,30,0.2,0.4666666666666667,30,0.003466666666666662,0.16289672703329836,-0.04206749999999999,0.06783416666666665,30,1.0167216493956794,0.16540213303306814,0.9775588052873065,1.0820135355070244,30,-0.0005777777777777918,0.027149454505549737,-0.011372500000000004,0.007192013888888865,30,0.0022927583333331504,0.015020317530554269,-0.002149709895833577,0.008233111979166485,30,1.006627549316203,0.04058319968780864,0.9952792228371841,1.0228131225814507,30,0.004170227272726882,0.027377328084825837,-0.0037750645833332353,0.014869450378786876,30,-0.0010000000000000028,0.06136605823619664,-0.02531708333333333,0.016983333333333336,30,0.06666666666666667,0.36514837167011066,0.0,0.2,30,-28.411111111111108,188.36954556414065,-101.23416666666667,12.988888888888901,False
0.55,1.0,graph_ppo,node_mlp_ppo,30,0.5,0.0,30,-0.02194999999999998,0.12876812560728604,-0.06736749999999998,0.02193375000000002,30,0.9900462153015538,0.06984215407701261,0.9657472738978222,1.0137734821641582,30,0.003658333333333341,0.021461354267881004,-0.0037668749999999977,0.011352847222222243,30,-0.0024710833333335272,0.01165085366953035,-0.006564285729166766,0.0016766718749999657,30,0.9948227192578838,0.02637246951768445,0.9858126576095732,1.0045588762628557,30,-0.004502856060606364,0.02122562863647257,-0.012047651515151699,0.0029438945075754143,30,-0.010183333333333332,0.03793539956597117,-0.02306666666666665,0.003750833333333317,30,-0.03333333333333333,0.319841914974746,-0.16666666666666666,0.06666666666666667,30,7.822222222222231,46.53472076064014,-8.20048611111109,24.547569444444438,False
0.55,1.0,graph_ppo,noop,30,1.0,0.0,30,0.9853000000000001,0.10737387147654714,0.9482166666666667,1.0238008333333333,30,2.182433118906317,0.13645973783052612,2.135010795152501,2.232201899646676,30,-0.1642166666666667,0.017895645246091184,-0.1705777777777778,-0.15789152777777773,30,-0.0005706875000001277,0.008674511783921094,-0.003909824791666931,0.0021477090625000458,30,0.9987346788420289,0.019193576045756906,0.9913290627233688,1.0047138555316226,30,-0.0005897500000019392,0.015801982801425,-0.006640251325759635,0.004335927272725421,30,-0.15155,0.037694404139716496,-0.16518375,-0.13879999999999998,30,2.033333333333333,0.18257418583505536,2.0,2.1,30,-654.4388888888888,52.068340064160274,-672.5001388888888,-636.3222222222224,True
0.55,1.0,grid_cnn_ppo,baseline1_hdv,30,1.0,0.0,30,0.9338666666666667,0.08291686045145724,0.9036995833333334,0.9620504166666666,30,2.137218804226712,0.1097288683789015,2.0974956829001896,2.175028876057738,30,-0.15564444444444442,0.01381947674190954,-0.16036666666666663,-0.1507132638888889,30,0.0033083791666668155,0.0010058812541763806,0.002956562500000075,0.0036577186458338126,30,1.0073187643001407,0.0022255766043664618,1.0065506276375205,1.0080993843995822,30,0.006439719696968268,0.0018262273203836915,0.005798747348483353,0.007074373863634535,30,-0.09630000000000004,0.025683283171797935,-0.10500000000000002,-0.08693333333333335,30,2.0,0.0,2.0,2.0,30,-655.6333333333334,42.13319056428597,-670.0777777777779,-640.588888888889,True
0.55,1.0,grid_cnn_ppo,baseline2_matched,30,1.0,0.0,30,0.48265000000000013,0.07765952991234813,0.4545995833333333,0.5091345833333334,30,1.3797021892862247,0.06435725778642752,1.3575272278756658,1.40183821240951,30,-0.08044166666666669,0.012943254985391355,-0.08488347222222221,-0.07574437499999999,30,0.0015105750000000287,0.0011128874957659607,0.0011265585416669287,0.0019066749999996778,30,1.0033295902876591,0.0024541553821784824,1.0024983592953813,1.0042030938459068,30,0.0029658863636355354,0.0020197739987654804,0.0022797731060604873,0.0036738276515141935,30,0.07884999999999999,0.031037282919651372,0.06801624999999999,0.08980041666666666,30,1.0,0.0,1.0,1.0,30,-222.16666666666666,32.81435065935943,-233.63930555555555,-210.38333333333333,True
0.55,1.0,grid_cnn_ppo,left_if_safe,30,0.16666666666666666,0.0,30,-0.05996666666666669,0.20158825967000563,-0.11591708333333335,0.02353416666666663,30,0.985496528249962,0.1977920211783172,0.9387933617360996,1.0648842483898169,30,0.009994444444444446,0.03359804327833427,-0.0036363888888888644,0.019255694444444454,30,0.006145408333333337,0.01903815732684911,0.0011607788541668272,0.014117626562499938,30,1.0158254093924708,0.05255944630137547,1.0025458659124722,1.03753971338527,30,0.01114621212121231,0.034693714119816935,0.0020468892045461835,0.02538332992424252,30,0.02398333333333332,0.06525117033345117,-0.00010041666666667393,0.04596791666666665,30,0.03333333333333333,0.4138409933973337,-0.1,0.2,30,-14.17222222222222,203.75369438548677,-93.27236111111108,30.316805555555558,False
0.55,1.0,grid_cnn_ppo,noop,30,1.0,0.0,30,0.9218666666666665,0.07909345556140328,0.8935825,0.9483666666666666,30,2.1059630133455824,0.0986275294194877,2.0700392693774057,2.1391747275805186,30,-0.15364444444444442,0.013182242593567216,-0.15818652777777778,-0.14888604166666664,30,0.0032819625000000594,0.0009285492880476536,0.002957334895833246,0.003610415312499806,30,1.0072595499422181,0.0020532637194462856,1.006536147074956,1.0080009809034463,30,0.0063862348484834885,0.0016870121860003847,0.005804134469695814,0.006989506249998705,30,-0.1265666666666667,0.02752326079986656,-0.13588375000000005,-0.11661666666666669,30,2.0,0.0,2.0,2.0,30,-640.2,46.84854540854552,-656.6005555555555,-623.5997222222222,True
0.55,1.0,left_if_safe,baseline1_hdv,30,1.0,0.0,30,0.9938333333333333,0.19227733801112304,0.9169316666666667,1.0491020833333333,30,2.2102892541011667,0.23883422151562184,2.113832060374126,2.2808657206211294,30,-0.16563888888888886,0.03204622300185384,-0.17502506944444451,-0.15239312500000002,30,-0.0028370291666665213,0.018949802828183406,-0.01056131020833307,0.002139931145833558,30,0.9937182385857355,0.04194209704424978,0.9764086133278044,1.004772869448145,30,-0.004706492424244043,0.03453136846115698,-0.01925296685606182,0.004297481628786069,30,-0.12028333333333334,0.06016538747963577,-0.14000125000000002,-0.0979166666666667,30,1.9666666666666666,0.4138409933973337,1.8,2.1,30,-641.4611111111112,200.4578747433375,-688.3444444444444,-560.6772222222221,True
0.55,1.0,left_if_safe,baseline2_matched,30,0.9666666666666667,0.0,30,0.5426166666666666,0.18653735335155341,0.4667141666666667,0.5951004166666667,30,1.426500549781762,0.14737163470394507,1.3679799294263144,1.4673247098950646,30,-0.09043611111111112,0.03108955889192558,-0.09907777777777779,-0.07778812499999997,30,-0.0046348333333333085,0.018918673389177913,-0.012788856562499916,0.0003099308333334429,30,0.9897796516759075,0.04170305812449051,0.9729344760640569,1.0006619656233093,30,-0.008180325757576774,0.03447318717497225,-0.021809721969697854,0.0007385689393929843,30,0.05486666666666666,0.06295947428543897,0.03506666666666667,0.07900166666666664,30,0.9666666666666667,0.4138409933973337,0.8,1.1,30,-207.99444444444444,195.92302657817035,-251.75569444444443,-131.2754166666667,True
0.55,1.0,left_if_safe,noop,30,1.0,0.0,30,0.9818333333333332,0.19351451577618653,0.9046325000000001,1.0372666666666666,30,2.1787293928375457,0.23589989891571772,2.0856840023521768,2.2484015363811767,30,-0.16363888888888886,0.032252419296031086,-0.17282236111111113,-0.1507440972222222,30,-0.002863445833333278,0.01895080523746573,-0.010381202395833197,0.002076812604166668,30,0.9936602621929516,0.041940341313617006,0.9767235940833904,1.004763280652879,30,-0.004759977272728822,0.03453460380861179,-0.018785997348486728,0.004260447159089311,30,-0.15055000000000002,0.06107956230225035,-0.17065041666666672,-0.12744958333333334,30,1.9666666666666666,0.4138409933973337,1.8,2.1,30,-626.0277777777777,201.61019482587355,-674.5501388888887,-546.6880555555555,True
0.55,1.0,node_mlp_ppo,baseline1_hdv,30,1.0,0.0,30,1.0192500000000002,0.0965604822074638,0.9858658333333334,1.0536687500000002,30,2.2414662159152914,0.12975447880543856,2.1962897264424717,2.2872714987601674,30,-0.16987500000000005,0.016093413701243956,-0.1755700694444445,-0.16428041666666665,30,0.001926812500000156,0.006858905677703662,-0.0008934815624997358,0.0035841648958335895,30,1.0042626594852082,0.01517510721069713,0.9981075179771484,1.0079549708222098,30,0.003966590909089203,0.012488759708559722,-0.0010374081439415486,0.0069847895833318446,30,-0.1111,0.031190847463915452,-0.12229999999999999,-0.10041666666666668,30,2.066666666666667,0.2537081317024624,2.0,2.1666666666666665,30,-677.6944444444445,44.28501457563539,-693.1756944444444,-662.2909722222221,True
0.55,1.0,node_mlp_ppo,baseline2_matched,30,1.0,0.0,30,0.5680333333333333,0.08808968131411866,0.5361325,0.5986179166666666,30,1.4467413083599405,0.07078171201281484,1.4216816858087609,1.470816558222983,30,-0.09467222222222225,0.014681613552353106,-0.09972777777777779,-0.08946923611111111,30,0.00012900833333336914,0.006838420023831874,-0.0026771830208333733,0.0018159594791666157,30,1.0002843927311933,0.015077218589142752,0.9942294808696036,1.0039979504708574,30,0.0004927575757564714,0.01245024854725178,-0.004503970833334146,0.0035556907196960786,30,0.06404999999999998,0.03509846985563468,0.05166583333333333,0.07596666666666665,30,1.0666666666666667,0.2537081317024625,1.0,1.1666666666666667,30,-244.2277777777778,32.58060247642286,-255.25854166666662,-232.36347222222224,True
0.55,1.0,node_mlp_ppo,grid_cnn_ppo,30,0.8,0.0,30,0.08538333333333332,0.1045591470407303,0.04798291666666668,0.12061666666666666,30,1.0501761982376592,0.060154922976687925,1.0284734819629102,1.0709256244095673,30,-0.01423055555555558,0.017426524506788374,-0.020161319444444454,-0.007824930555555568,30,-0.0013815666666666597,0.0067748517514425064,-0.004164329479166718,0.00031065947916663673,30,0.99696577670706,0.014903002973285678,0.9907969945556256,1.000701765293772,30,-0.0024731287878790643,0.012339294789936601,-0.007518449242424994,0.0006194799242423255,30,-0.014799999999999992,0.03767822017906457,-0.028216666666666654,-0.0018162500000000023,30,0.06666666666666667,0.2537081317024625,0.0,0.16666666666666666,30,-22.06111111111112,34.9231568415619,-33.439375000000005,-8.888402777777788,True
0.55,1.0,node_mlp_ppo,left_if_safe,30,0.5333333333333333,0.0,30,0.025416666666666643,0.20117902832249093,-0.035167083333333335,0.10395124999999995,30,1.0324294752231102,0.19493975349993403,0.9822173410668679,1.1109069711148405,30,-0.004236111111111133,0.0335298380537485,-0.017508680555555576,0.0058281249999999896,30,0.004763841666666677,0.020631008320747275,-0.001281441145833387,0.012998880520833232,30,1.012790454262955,0.05551617805368683,0.9972118733003185,1.0355611168587513,30,0.008673083333333246,0.037590237119186076,-0.0023675168560602913,0.023803784090908373,30,0.00918333333333333,0.056692224628544376,-0.012483333333333336,0.027934166666666652,30,0.1,0.48066046515042266,-0.03333333333333333,0.26666666666666666,30,-36.23333333333333,201.80638434512446,-115.72624999999995,10.172430555555529,False
0.55,1.0,node_mlp_ppo,noop,30,1.0,0.0,30,1.00725,0.09968629674444074,0.9731495833333335,1.0425683333333335,30,2.2095466143990996,0.13412912927404277,2.1622752067424957,2.2574665636411835,30,-0.16787500000000002,0.016614382790740123,-0.17375277777777778,-0.1622138194444444,30,0.0019003958333333995,0.006773011502151762,-0.0007923926041666857,0.003545956354166537,30,1.0042012050126679,0.014996533504228459,0.9980344824352047,1.0078508784768836,30,0.003913106060604425,0.012333031961917035,-0.0010254030303048487,0.006933478787877219,30,-0.1413666666666667,0.035311894385001076,-0.1539175,-0.12861625000000002,30,2.066666666666667,0.2537081317024624,2.0,2.1666666666666665,30,-662.2611111111111,49.382206944480856,-679.8253472222223,-645.0027083333334,True
0.55,1.0,noop,baseline1_hdv,30,0.7333333333333333,0.03333333333333333,30,0.011999999999999988,0.018123141997514355,0.005666249999999994,0.01843374999999998,30,1.014853939353625,0.0221446621569928,1.0071142906101025,1.0227013759821653,30,-0.0020000000000000018,0.0030205236662524055,-0.0030583333333333257,-0.000919444444444454,30,2.641666666675646e-05,0.0002812275974474175,-7.169520833332056e-05,0.00012576697916677934,30,1.0000586236912699,0.0006219924802150322,0.9998422538360503,1.0002792832273613,30,5.348484848477867e-05,0.0005100603885160922,-0.0001237749999999696,0.00023734204545438432,30,0.03026666666666666,0.011615041773592504,0.026166666666666668,0.034316666666666655,30,0.0,0.0,0.0,0.0,30,-15.433333333333334,30.812764185992936,-26.5,-4.5,True
0.55,1.0,noop,baseline2_matched,30,0.0,0.0,30,-0.4392166666666667,0.04036080450424503,-0.45345,-0.42491625,30,0.655540253526443,0.022887323815286336,0.6477549976388222,0.6635593487959942,30,0.07320277777777777,0.006726800750707512,0.0708748611111111,0.07559173611111114,30,-0.0017713875000000304,0.0005206965683823905,-0.001959955520833218,-0.0015923406250002445,30,0.996098119642538,0.0011423969614127226,0.9956751645949731,0.9964880555383834,30,-0.003420348484847953,0.0009510367644716582,-0.0037625312499995926,-0.003099860984848088,30,0.20541666666666666,0.027256787618212965,0.19593333333333335,0.21525,30,-1.0,0.0,-1.0,-1.0,30,418.03333333333336,41.06490517195443,403.6166666666667,432.53375,False
0.6,0.9,baseline2_matched,baseline1_hdv,30,1.0,0.0,30,0.2994333333333333,0.031274571948704775,0.2883158333333333,0.3105166666666666,30,1.4454510486812955,0.048418703551263646,1.4283871549837492,1.4622600544003648,30,-0.04990555555555556,0.005212428658117451,-0.05175555555555554,-0.048108333333333336,30,0.0010638333333333602,0.00033847549848518317,0.0009420096874999671,0.0011776765625001611,30,1.0026477890969576,0.0008427851341381967,1.0023382638818656,1.0029292132520982,30,0.0018978194444440857,0.0005645787942867628,0.001693760243055322,0.002091799826388397,30,-0.16913333333333336,0.021707274060241564,-0.17665,-0.16136624999999996,30,0.23333333333333334,0.4301830671520762,0.1,0.4,30,-467.76666666666665,51.570797225142655,-485.85041666666666,-449.06625,True
0.6,0.9,graph_ppo,baseline1_hdv,30,0.9666666666666667,0.0,30,0.2312333333333333,0.11248637720840361,0.18783125,0.2674837500000001,30,1.3439137285910772,0.16745850471886078,1.2800916154528268,1.3987785937081607,30,-0.03853888888888889,0.01874772953473392,-0.044516736111111115,-0.03148055555555556,30,-0.0006889875000000897,0.00765641966851749,-0.003772648854166637,0.0014867293749998437,30,0.9982874122744455,0.019051046207654236,0.9906967165655397,1.0037014078378743,30,-0.0010519652777780256,0.012801838198938579,-0.006279555555555583,0.0025824506944444286,30,-0.06556666666666665,0.05944988230221425,-0.08471749999999996,-0.04298291666666667,30,0.1,0.30512857662936466,0.0,0.2,30,-399.06666666666666,258.80403761351454,-480.9841666666667,-301.1100000000001,True
0.6,0.9,graph_ppo,baseline2_matched,30,0.3,0.0,30,-0.06819999999999998,0.11507116239003194,-0.1112516666666666,-0.031165833333333323,30,0.9305134501141415,0.11735868164695178,0.887217846801627,0.9685620076647664,30,0.011366666666666669,0.019178527065005314,0.005210902777777765,0.018828124999999998,30,-0.0017528208333334498,0.0075687554770674514,-0.004843018333333504,0.00037152999999974696,30,0.9956474964793401,0.018791083687441455,0.9879572542475231,1.0008845047620787,30,-0.0029497847222221115,0.012655667514442269,-0.00810311249999981,0.0006104907986115443,30,0.10356666666666667,0.0636642233388057,0.08386666666666669,0.12833333333333333,30,-0.13333333333333333,0.5074162634049248,-0.3,0.03333333333333333,30,68.7,257.9407710683023,-14.050833333333326,165.5683333333333,False
0.6,0.9,graph_ppo,grid_cnn_ppo,30,0.5,0.0,30,-0.02968333333333334,0.11830050013982751,-0.07250125,0.010700416666666655,30,0.9705020728285881,0.1309615411549138,0.9231195481504181,1.0149194084519,30,0.0049472222222222174,0.019716750023304582,-0.001652986111111116,0.012205763888888884,30,-0.0022425624999998766,0.0075437529020184755,-0.0051947894791662666,-6.8460312499749e-05,30,0.9944404029336114,0.01874912710759042,0.9870598613497291,0.9998780996966912,30,-0.0037499722222217647,0.012611811424589555,-0.00898408593749967,-0.00014184027777721378,30,0.014366666666666679,0.06331978681501424,-0.006350416666666652,0.03771833333333334,30,0.0,0.3713906763541037,-0.13333333333333333,0.13333333333333333,30,76.11666666666666,286.7564953818451,-19.917499999999993,185.4858333333333,False
0.6,0.9,graph_ppo,left_if_safe,30,0.5,0.0,30,-0.011416666666666676,0.10610779191815806,-0.05123416666666667,0.023601249999999976,30,0.9943305332100096,0.1269392269775647,0.9486931106064469,1.037516799778865,30,0.0019027777777777754,0.017684631986359667,-0.004052777777777776,0.00862236111111111,30,0.00017883750000034134,0.008093046002677427,-0.0030839307291663145,0.002471730416666966,30,1.0005456173313911,0.02014009220506073,0.992392133770983,1.006308285041972,30,0.000293305555555623,0.013524301030812744,-0.005110739409722368,0.004133394097222232,30,0.006050000000000005,0.05591609323583525,-0.0117,0.02776666666666667,30,-0.1,0.40257789993644877,-0.23333333333333334,0.03333333333333333,30,35.733333333333334,213.7303624104258,-28.902083333333312,117.77166666666659,False
0.6,0.9,graph_ppo,node_mlp_ppo,30,0.5666666666666667,0.0,30,0.011016666666666664,0.17907528196039618,-0.05466708333333333,0.07243416666666667,30,1.0341457204835902,0.21974349989101744,0.9580250505069347,1.112861053207491,30,-0.0018361111111111236,0.02984588032673268,-0.012278055555555546,0.008822569444444423,30,0.0016673416666668642,0.012154347440998916,-0.002708239687499599,0.0057696351041668535,30,1.004666816088256,0.031188867804095705,0.9935392550625282,1.015739510100977,30,0.0027834930555556006,0.020324022195983744,-0.00459120763888895,0.009797085243055625,30,-0.0007999999999999933,0.09227559919554332,-0.03268541666666664,0.03238333333333331,30,-0.1,0.4806604651504227,-0.26666666666666666,0.06666666666666667,30,8.233333333333333,350.41553493878774,-113.6208333333333,135.20374999999993,False
0.6,0.9,graph_ppo,noop,30,0.9666666666666667,0.0,30,0.2271166666666667,0.11694919935546824,0.18281624999999996,0.2647341666666666,30,1.336919586717556,0.17359569241908115,1.27343385296796,1.3927886890277834,30,-0.03785277777777778,0.01949153322591136,-0.04418888888888888,-0.03051083333333334,30,-0.0007585500000001188,0.007578173144397452,-0.003755311145833367,0.0013724969791665618,30,0.9981110326990603,0.018864225968846713,0.9902900130891111,1.0033913581430614,30,-0.0011696180555554583,0.012673087401499892,-0.006197248090278454,0.0023881392361110453,30,-0.09406666666666667,0.059836376511474935,-0.11271666666666667,-0.07038291666666667,30,0.1,0.30512857662936466,0.0,0.23333333333333334,30,-390.6666666666667,265.4992153158523,-476.71666666666664,-292.11708333333354,True
0.6,0.9,grid_cnn_ppo,baseline1_hdv,30,1.0,0.0,30,0.26091666666666663,0.055506769287913066,0.2410995833333333,0.2807670833333333,30,1.388265713034156,0.0838931204535492,1.3583246397537774,1.4169866706727006,30,-0.04348611111111111,0.009251128214652175,-0.046697222222222196,-0.04024166666666667,30,0.0015535749999997868,0.001039907804061534,0.0011666801041666636,0.001909408854166403,30,1.0038665747440845,0.0025883866414006546,1.0029272480374722,1.0047482076623193,30,0.002698006944443739,0.0017468433906756935,0.00207827447916599,0.0033013618055546074,30,-0.07993333333333331,0.025785498909716455,-0.08891708333333333,-0.07061625000000002,30,0.1,0.30512857662936466,0.0,0.23333333333333334,30,-475.18333333333334,114.9205485162004,-516.6695833333333,-435.0654166666667,True
0.6,0.9,grid_cnn_ppo,baseline2_matched,30,0.36666666666666664,0.0,30,-0.03851666666666665,0.06313060945828666,-0.06043374999999998,-0.016948750000000016,30,0.9613484054097928,0.06416792835448376,0.9382568508509017,0.9836892813284316,30,0.006419444444444452,0.010521768243047772,0.0028443750000000053,0.010138958333333344,30,0.0004897416666664267,0.001019792830409264,0.0001238263541664891,0.000832053333333006,30,1.0012157858899957,0.0025312058306854813,1.0002822392528874,1.0020478302412559,30,0.0008001874999996532,0.0017129692401051274,0.00017618854166690268,0.0013759118055549136,30,0.08920000000000003,0.03311776270970838,0.07786666666666668,0.10124999999999998,30,-0.13333333333333333,0.5074162634049248,-0.3,0.03333333333333333,30,-7.416666666666667,118.59777599628235,-48.41916666666664,34.333333333333336,False
0.6,0.9,grid_cnn_ppo,left_if_safe,30,0.5333333333333333,0.0,30,0.018266666666666664,0.12182815294739847,-0.02243624999999997,0.06141708333333334,30,1.0357345790114447,0.15712477707786304,0.9845481421397473,1.094970329990573,30,-0.003044444444444442,0.020304692157899748,-0.010617152777777781,0.0038336805555555463,30,0.002421400000000218,0.0053594799941359085,0.0006207830208334737,0.004371549687500243,30,1.0062013549514583,0.013661227131397065,1.0017213820827353,1.0112280976109975,30,0.004043277777777387,0.008970167126406171,0.001062721701388373,0.007326561631943834,30,-0.008316666666666674,0.05819341758802892,-0.029366666666666666,0.010950416666666652,30,-0.1,0.4806604651504227,-0.26666666666666666,0.06666666666666667,30,-40.38333333333333,187.4636370869963,-106.5175,24.002499999999962,False
0.6,0.9,grid_cnn_ppo,noop,30,1.0,0.0,30,0.25680000000000003,0.05415377211684112,0.23731666666666668,0.27530125,30,1.3797827303646437,0.08108517647987983,1.3511548917570346,1.4082966791150704,30,-0.04280000000000001,0.009025628686140184,-0.04598618055555558,-0.03965833333333334,30,0.0014840124999997576,0.0009911111680128712,0.001115311250000115,0.001813257604166297,30,1.0036925002951491,0.002465783964090821,1.0028053776518666,1.0045414807527342,30,0.002580354166666306,0.0016646607955935217,0.0019692512152776134,0.0031431626736110846,30,-0.10843333333333335,0.02544660851778624,-0.11735000000000004,-0.09968333333333336,30,0.1,0.30512857662936466,0.0,0.23333333333333334,30,-466.78333333333336,117.65141992001372,-507.635,-425.4154166666667,True
0.6,0.9,left_if_safe,baseline1_hdv,30,0.9666666666666667,0.0,30,0.2426500000000001,0.10419297001237657,0.20564666666666664,0.2781675,30,1.3605327122181257,0.15444664561848973,1.3044166769446752,1.4132317336893532,30,-0.04044166666666665,0.017365495002062765,-0.046283402777777795,-0.03414145833333333,30,-0.000867825000000431,0.005030627947902314,-0.002714246250000434,0.0007723955208330235,30,0.9978411397570878,0.01251857484242239,0.9931918682356726,1.001992845162391,30,-0.0013452708333336486,0.008418360810767323,-0.004419709548611128,0.001405279340277311,30,-0.07161666666666665,0.04857320875951476,-0.08788458333333332,-0.05383291666666665,30,0.2,0.4068381021724863,0.06666666666666667,0.36666666666666664,30,-434.8,158.41312206183966,-487.13416666666666,-376.33166666666665,True
0.6,0.9,left_if_safe,baseline2_matched,30,0.3,0.0,30,-0.05678333333333332,0.10490132336476105,-0.09491749999999999,-0.020482916666666653,30,0.941881877143116,0.10870730769583581,0.9031400869673913,0.978596546799213,30,0.009463888888888893,0.017483553894126834,0.0033999305555555484,0.015644791666666675,30,-0.001931658333333791,0.004916425555350834,-0.0037329283333335517,-0.00032083260416699834,30,0.9952029946418419,0.012208814072483995,0.9905756835452493,0.9992508588620441,30,-0.0032430902777777345,0.008225580379806485,-0.006339650347222065,-0.0005553328125001867,30,0.09751666666666665,0.054709654215392506,0.07864958333333334,0.11700083333333335,30,-0.03333333333333333,0.6149478998583782,-0.26666666666666666,0.16666666666666666,30,32.96666666666667,155.5298470819454,-18.366666666666667,89.8,False
0.6,0.9,left_if_safe,noop,30,0.9666666666666667,0.0,30,0.23853333333333335,0.10710975142616434,0.19968249999999999,0.2756166666666667,30,1.3530167760211689,0.15963769563444988,1.2953580485407925,1.406528453887847,30,-0.03975555555555556,0.017851625237694048,-0.04580833333333332,-0.03335277777777779,30,-0.0009373875000004602,0.00498183488652359,-0.0027481592708336116,0.0006739913541664904,30,0.9976669434753239,0.012398370234716743,0.99306475095019,1.0017724392612923,30,-0.0014629236111110813,0.008338097645888857,-0.004579735763888604,0.0013187116319444388,30,-0.10011666666666669,0.048656197700936765,-0.11638416666666664,-0.08218291666666669,30,0.2,0.4068381021724863,0.06666666666666667,0.3341666666666545,30,-426.4,162.03758610379515,-480.13416666666666,-365.59833333333336,True
0.6,0.9,node_mlp_ppo,baseline1_hdv,30,0.9666666666666667,0.0,30,0.22021666666666664,0.11108816654858625,0.1795329166666666,0.25780041666666664,30,1.3276328024601265,0.16549779816962004,1.2686328157381588,1.3840921920639664,30,-0.03670277777777776,0.018514694424764364,-0.0430922222222222,-0.030169444444444436,30,-0.002356329166666954,0.00804361551661828,-0.005358063750000268,0.00018867697916639405,30,0.9941332425189184,0.020025365081966565,0.9865591786959103,1.0003516205635001,30,-0.0038354583333336262,0.013442861686088256,-0.008931412500000355,0.0003960093749997215,30,-0.06476666666666667,0.05236488908797003,-0.08263499999999999,-0.04591583333333333,30,0.2,0.4068381021724863,0.06666666666666667,0.36666666666666664,30,-407.3,200.92388334031304,-472.73333333333335,-331.8479166666667,True
0.6,0.9,node_mlp_ppo,baseline2_matched,30,0.23333333333333334,0.0,30,-0.07921666666666666,0.1151412688031932,-0.11976666666666663,-0.039599583333333306,30,0.9193955713865195,0.11856395589209272,0.8782364803251688,0.9600989313838216,30,0.013202777777777792,0.019190211467198858,0.0065777083333333495,0.01995284722222223,30,-0.003420162500000314,0.008077912227948797,-0.006538577916666998,-0.0008497172916671124,30,0.9915099296180132,0.020056082183721194,0.9839366663443466,0.9978021818409976,30,-0.005733277777777712,0.013499934711857627,-0.01082160798611102,-0.0014875031250002797,30,0.10436666666666668,0.05756135157727187,0.08458291666666669,0.12499999999999999,30,-0.03333333333333333,0.5560534167675356,-0.23333333333333334,0.16666666666666666,30,60.46666666666667,197.9123340118624,-4.617083333333329,135.96666666666667,False
0.6,0.9,node_mlp_ppo,grid_cnn_ppo,30,0.43333333333333335,0.0,30,-0.0407,0.11823257325843138,-0.08466666666666667,0.00010083333333331389,30,0.9588520516462619,0.12363899734620859,0.9148133957537178,1.0013496862049425,30,0.006783333333333341,0.019705428876405223,0.0001775694444444386,0.014088888888888889,30,-0.003909904166666741,0.008173279439622051,-0.007096720208333546,-0.0013406456250003305,30,0.9903135892821093,0.02024074947672937,0.98268651825056,0.9967165408686663,30,-0.006533465277777365,0.013660111634819528,-0.01165569687500003,-0.0023020123263886175,30,0.015166666666666672,0.04950188664696725,-0.0011179166666666473,0.03394999999999999,30,0.1,0.48066046515042266,-0.06666666666666667,0.26666666666666666,30,67.88333333333334,201.89049111411578,0.18250000000000738,142.35249999999996,False
0.6,0.9,node_mlp_ppo,left_if_safe,30,0.5333333333333333,0.0,30,-0.022433333333333336,0.17483330648784076,-0.08361708333333331,0.03955166666666663,30,0.9947084672964224,0.21010316531942738,0.9255300258981453,1.0727691545778382,30,0.003738888888888899,0.029138884414640104,-0.006324999999999977,0.013919999999999983,30,-0.001488504166666523,0.009487547314774651,-0.004983788124999992,0.00168032281249997,30,0.9964382875986365,0.023778504939627514,0.9874020280094935,1.0045800946891932,30,-0.0024901874999999777,0.015873945138852055,-0.008334586458333472,0.0027672031249999576,30,0.0068499999999999985,0.08348767718279933,-0.022833750000000014,0.03628374999999999,30,0.0,0.5872202195147035,-0.2,0.2,30,27.5,261.9176627663081,-62.83499999999999,119.07124999999994,False
0.6,0.9,node_mlp_ppo,noop,30,0.9666666666666667,0.0,30,0.21609999999999996,0.1116093402345261,0.17601541666666665,0.25410083333333333,30,1.3197829346234553,0.165547199186028,1.2599624990865719,1.3769344707293338,30,-0.03601666666666666,0.018601556705754353,-0.04242777777777776,-0.029349722222222225,30,-0.0024258916666669832,0.008124806685878656,-0.0055501673958336445,0.00016297333333304732,30,0.9939650780093573,0.02021127471244818,0.9862703669832708,1.000332753359069,30,-0.003953111111111059,0.013578221412436167,-0.00910790225694438,0.0004125612847222935,30,-0.09326666666666668,0.05209072545243462,-0.11143416666666665,-0.07443250000000001,30,0.2,0.4068381021724863,0.06666666666666667,0.36666666666666664,30,-398.9,193.83250857198942,-462.1216666666666,-327.6266666666668,True
0.6,0.9,noop,baseline1_hdv,30,0.6,0.03333333333333333,30,0.004116666666666657,0.014815929994745361,-0.0012333333333333382,0.009216666666666658,30,1.0062885249637536,0.021901377990713195,0.99849296701231,1.0137381187710128,30,-0.0006861111111111022,0.002469321665790898,-0.0015333333333333058,0.0001944444444444492,30,6.956250000002921e-05,0.0002459818287502472,-1.81026041666018e-05,0.00015725124999969574,30,1.0001733193826141,0.0006122327856672097,0.9999603133954741,1.0003891937559108,30,0.00011765277777743277,0.0004104527411843484,-2.6910590277694204e-05,0.0002637201388885803,30,0.028500000000000025,0.01152882444585955,0.024450000000000024,0.032516666666666694,30,0.0,0.0,0.0,0.0,30,-8.4,38.08846327279113,-22.033333333333335,5.034166666666654,False
0.6,0.9,noop,baseline2_matched,30,0.0,0.0,30,-0.2953166666666666,0.028137434671360095,-0.3051,-0.2855666666666667,30,0.69668812455307,0.020618351779230732,0.6895573944640428,0.7040376080435664,30,0.049219444444444455,0.00468957244522667,0.04761666666666668,0.05086402777777779,30,-0.000994270833333331,0.0003153535151689643,-0.0011057667708333733,-0.0008850277083335922,30,0.9975325207430564,0.0007812546899880802,0.9972531860741576,0.9978108220179682,30,-0.001780166666666653,0.0005243667739753125,-0.0019695380208334594,-0.0015948855902777805,30,0.19763333333333336,0.01935642695250896,0.19088291666666668,0.20421666666666663,30,-0.23333333333333334,0.4301830671520762,-0.4,-0.1,30,459.3666666666667,34.52708415476008,447.2329166666667,471.65,False
0.6,0.95,baseline2_matched,baseline1_hdv,30,1.0,0.0,30,0.33654999999999996,0.02431557965159587,0.3280995833333333,0.3453166666666666,30,1.500572152804399,0.03810213914573077,1.487465396299794,1.5144774935355765,30,-0.056091666666666665,0.004052596608599313,-0.05754444444444441,-0.054680486111111086,30,0.0012116916666665774,0.00038398603986001395,0.0010775091666666839,0.001346900312499811,30,1.003015733573164,0.0009562272540762317,1.0026885207107448,1.0033537397405263,30,0.002159715277777182,0.0006421296459207045,0.001935965798610445,0.0023860361111103373,30,-0.1834666666666666,0.016472512806518607,-0.18921708333333334,-0.17749958333333327,30,0.6333333333333333,0.4901325178535609,0.4666666666666667,0.8,30,-498.01666666666665,35.617576863245425,-510.78333333333336,-485.86625000000004,True
0.6,0.95,graph_ppo,baseline1_hdv,30,0.9666666666666667,0.0,30,0.4146666666666666,0.1394272355854067,0.36256625,0.4609004166666666,30,1.6166028907787755,0.20774391684914745,1.5379830413575726,1.6856025762277378,30,-0.06911111111111111,0.023237872597567776,-0.07702236111111109,-0.060238680555555535,30,0.0008259541666662688,0.0037706721267115563,-0.0006697876041668624,0.0020140224999997177,30,1.0020562615322715,0.009384191027608936,0.9984742620602517,1.0049727176062027,30,0.001549368055555067,0.0063285718613764795,-0.0009058586805560146,0.003567306770832746,30,-0.11835,0.06757028907380255,-0.13981708333333331,-0.09279999999999998,30,0.8333333333333334,0.3790490217894517,0.7,0.9666666666666667,30,-556.4,163.80688798620204,-609.4670833333333,-496.5825,True
0.6,0.95,graph_ppo,baseline2_matched,30,0.8333333333333334,0.0,30,0.07811666666666667,0.15050602481544428,0.020914583333333323,0.12831666666666666,30,1.0791608060938764,0.14672349282015143,1.0246038113630147,1.1268128644535926,30,-0.013019444444444446,0.025084337469240717,-0.02116708333333334,-0.0037188194444444473,30,-0.0003857375000003086,0.0037993594298100794,-0.0018130754166670125,0.0008086247916664089,30,0.9990444938343934,0.009424689041024469,0.9953864876719036,1.0020598194987764,30,-0.0006103472222221147,0.006380985147604,-0.0030925177083340446,0.0014031572916665712,30,0.06511666666666666,0.07455149612658785,0.041349583333333335,0.09376791666666663,30,0.2,0.6643638388299198,-0.03333333333333333,0.43333333333333335,30,-58.38333333333333,166.42994194168503,-110.50083333333333,3.6187499999999697,True
0.6,0.95,graph_ppo,grid_cnn_ppo,30,0.5333333333333333,0.0,30,-0.012866666666666663,0.1693454912369941,-0.0748520833333333,0.04293375000000001,30,0.993620196530305,0.1510294129053411,0.9379550577897638,1.0446875213827074,30,0.0021444444444444414,0.028224248539499015,-0.007086180555555544,0.012916944444444422,30,-0.0017806708333334604,0.003912423465633891,-0.0032755813541667364,-0.0005215385416668129,30,0.9956028457115627,0.00966872115061914,0.991947319422393,0.9986910336796508,30,-0.002973145833333446,0.006572874282463028,-0.005435108854166949,-0.0009009435763890929,30,0.012150000000000011,0.07597539869521286,-0.012117499999999986,0.040985833333333305,30,-0.16666666666666666,0.3790490217894517,-0.3,-0.03333333333333333,30,28.7,189.70424349497299,-34.26874999999998,98.66749999999999,False
0.6,0.95,graph_ppo,left_if_safe,30,0.6666666666666666,0.06666666666666667,30,0.046033333333333336,0.14633882114706487,-0.00533333333333331,0.0971879166666666,30,1.0583578903099893,0.1683837096465541,1.0007061544266995,1.1208879964255862,30,-0.007672222222222224,0.024389803524510804,-0.016166736111111104,0.0010947222222222087,30,0.0039073374999998205,0.009467672413711527,0.0008549892708332248,0.007473162083333299,30,1.0104177036736177,0.025262020660305994,1.0023230843122066,1.0198302397706474,30,0.0065314097222221,0.015825002491166966,0.0013839864583330358,0.01243853802083356,30,-0.01923333333333333,0.06608050645487921,-0.042185833333333304,0.004184999999999988,30,0.16666666666666666,0.5306686305052325,-0.03333333333333333,0.36666666666666664,30,-77.0,222.87243142581627,-158.18333333333334,-2.3962500000000544,False
0.6,0.95,graph_ppo,node_mlp_ppo,30,0.6,0.0,30,0.029016666666666652,0.16264804838570351,-0.031050416666666684,0.08335333333333327,30,1.0341609588606355,0.15782611965223953,0.9760683185349855,1.0891740793236953,30,-0.004836111111111108,0.027108008064283914,-0.013736111111111109,0.005130624999999989,30,0.0011402791666664709,0.007292275987087747,-0.0013348831250001624,0.0038169067708330603,30,1.0030600932617533,0.018637404274842912,0.9967942975024243,1.0097644911634351,30,0.001912555555555684,0.012201169269015275,-0.0021822607638886772,0.00628697638888891,30,-0.011333333333333329,0.07431437570740676,-0.03606708333333334,0.017717083333333328,30,0.03333333333333333,0.490132517853561,-0.13333333333333333,0.2,30,-13.8,218.35030380655252,-89.30166666666665,62.46958333333329,False
0.6,0.95,graph_ppo,noop,30,0.9666666666666667,0.0,30,0.40991666666666665,0.13773682322191247,0.3583154166666667,0.45495083333333336,30,1.6050415592050307,0.20254275385497594,1.5268985574082006,1.6716222009893664,30,-0.06831944444444443,0.022956137203652076,-0.075775,-0.05958590277777777,30,0.0008643333333329932,0.0037760821066007673,-0.0005534717708335991,0.0020622295833327936,30,1.0021520576282181,0.009397732620529824,0.9984741191000671,1.0051699306004718,30,0.0016113541666666713,0.006337552582292624,-0.0007817055555555494,0.0036248890624997433,30,-0.1469666666666667,0.06734956843080803,-0.16823458333333333,-0.12111583333333337,30,0.8333333333333334,0.3790490217894517,0.7,0.9666666666666667,30,-539.4333333333333,158.34917404123152,-590.5670833333334,-477.49625000000003,True
0.6,0.95,grid_cnn_ppo,baseline1_hdv,30,1.0,0.0,30,0.4275333333333332,0.06492501421843797,0.4056,0.4507670833333333,30,1.6359513663026155,0.09821323547423486,1.601650303325731,1.670631976291424,30,-0.07125555555555554,0.010820835703072988,-0.07514180555555554,-0.06741944444444445,30,0.0026066249999997294,0.000889309758129857,0.0023015448958332158,0.0029287049999996467,30,1.0064875215737592,0.0022141247425167747,1.0057179911830565,1.007267172754782,30,0.004522513888888513,0.001493976255862665,0.004008153298610364,0.005051460590277269,30,-0.13049999999999998,0.02439721578235999,-0.13876666666666668,-0.12176666666666666,30,1.0,0.0,1.0,1.0,30,-585.1,75.36261764250916,-612.38375,-559.5333333333333,True
0.6,0.95,grid_cnn_ppo,baseline2_matched,30,0.9666666666666667,0.0,30,0.09098333333333332,0.0634960606072824,0.0684820833333333,0.11340041666666663,30,1.090451920196531,0.06371635947576251,1.0683028657528433,1.1132298209999822,30,-0.015163888888888888,0.010582676767880387,-0.01889729166666667,-0.01147493055555555,30,0.0013949333333331518,0.0008627960441037782,0.0010929309374996731,0.0017056211458330473,30,1.0034616525604176,0.0021409427543098596,1.0027200080964669,1.0042073161517553,30,0.0023627986111113314,0.0014499722195649512,0.001860074305555888,0.0028838557291670933,30,0.05296666666666667,0.023746118860132493,0.04463333333333333,0.06148333333333331,30,0.36666666666666664,0.4901325178535609,0.2,0.5333333333333333,30,-87.08333333333333,64.3130923729742,-109.95041666666667,-64.53291666666667,True
0.6,0.95,grid_cnn_ppo,left_if_safe,30,0.6,0.0,30,0.058899999999999994,0.15909693423431712,0.0032499999999999938,0.11623375,30,1.080707065059397,0.18955428545541675,1.0173328666536476,1.150216254569191,30,-0.009816666666666666,0.026516155705719507,-0.019553124999999994,-0.0009109027777777837,30,0.005688008333333282,0.010770379669598562,0.002233810208333277,0.009720855729166577,30,1.0150142643092814,0.02898208869973853,1.0057798118717711,1.025827077368718,30,0.009504555555555546,0.01800395877742646,0.003827567361111307,0.016380365277777375,30,-0.031383333333333346,0.0699418087355153,-0.05606666666666669,-0.0074154166666666865,30,0.3333333333333333,0.4794633014853841,0.16666666666666666,0.5,30,-105.7,261.08017000992965,-203.83541666666665,-18.099583333333342,True
0.6,0.95,grid_cnn_ppo,noop,30,1.0,0.0,30,0.42278333333333334,0.06710795257531388,0.399,0.44648375,30,1.6250408633170206,0.10354676627341068,1.589971932949688,1.6618155618790351,30,-0.07046388888888887,0.011184658762552308,-0.07433895833333333,-0.06660819444444444,30,0.0026450041666664535,0.0008715965288718226,0.002345785104166394,0.0029633063541664763,30,1.0065835257543414,0.002169887157756851,1.0058391729059817,1.0073549626648792,30,0.004584500000000117,0.0014650527000462574,0.00408502656250059,0.0051175421874999,30,-0.15911666666666663,0.023462252638026357,-0.1670841666666667,-0.15095,30,1.0,0.0,1.0,1.0,30,-568.1333333333333,73.41496762421386,-593.6175,-542.1329166666667,True
0.6,0.95,left_if_safe,baseline1_hdv,30,1.0,0.0,30,0.36863333333333326,0.14665729071389608,0.3153320833333333,0.41818375,30,1.5475640505048929,0.21736001293804266,1.4691161006776152,1.6203819188316186,30,-0.06143888888888888,0.024442881785649344,-0.069725625,-0.052549513888888885,30,-0.003081383333333552,0.010728835436586932,-0.007189211666666856,0.0003128583333333439,30,0.9923335838372218,0.0266987839785382,0.9824161107964537,1.000930680003597,30,-0.004982041666667033,0.01793341164605547,-0.011737115451389115,0.0006886439236106348,30,-0.09911666666666666,0.06628760264459575,-0.12145000000000002,-0.07491583333333335,30,0.6666666666666666,0.4794633014853841,0.5,0.8333333333333334,30,-479.4,249.36123222732724,-559.5833333333334,-383.6483333333333,True
0.6,0.95,left_if_safe,baseline2_matched,30,0.6333333333333333,0.0,30,0.032083333333333325,0.1547267381732942,-0.023550416666666664,0.08416666666666668,30,1.0329316398239798,0.15323212271730755,0.9768022442234755,1.0850756147029812,30,-0.005347222222222222,0.025787789695549033,-0.013855763888888881,0.003950347222222244,30,-0.00429307500000013,0.010563462643268826,-0.008298986458333603,-0.0009607895833333327,30,0.9893399044217875,0.02623756004041072,0.9793580066835789,0.997643030983704,30,-0.007141756944444215,0.0176603656028526,-0.013848268055555009,-0.0015179888888887819,30,0.08435,0.07049420983804028,0.060482916666666664,0.11028333333333333,30,0.03333333333333333,0.7648904962570576,-0.23333333333333334,0.3,30,18.616666666666667,252.36302817272133,-63.50166666666665,112.50083333333332,False
0.6,0.95,left_if_safe,noop,30,1.0,0.0,30,0.3638833333333333,0.14615265303273065,0.3116645833333334,0.4138179166666667,30,1.53679830681847,0.21636802335371133,1.4589056881438518,1.6113722060377198,30,-0.06064722222222221,0.024358775505455104,-0.069128125,-0.051986041666666635,30,-0.0030430041666668277,0.010686151181194075,-0.007193111145833503,0.0003329804166667681,30,0.9924255917925728,0.026602667779103834,0.9822234045345976,1.0008661810935693,30,-0.0049200555555554285,0.01786155525189004,-0.01174150173611129,0.0007976786458335464,30,-0.12773333333333337,0.06376137266149592,-0.1494670833333334,-0.1045,30,0.6666666666666666,0.4794633014853841,0.5,0.8333333333333334,30,-462.43333333333334,243.65286688284604,-541.4508333333333,-368.2995833333334,True
0.6,0.95,node_mlp_ppo,baseline1_hdv,30,1.0,0.0,30,0.38565,0.08512051800950754,0.35504958333333336,0.41403624999999994,30,1.573819125586227,0.1281863083228052,1.526120268041717,1.616233758728361,30,-0.064275,0.014186753001584599,-0.06912222222222221,-0.05905826388888888,30,-0.00031432500000020216,0.005603349137400157,-0.002480170625000296,0.0013860633333332127,30,0.9992175222239832,0.013943171439820006,0.9937234536471523,1.0035281223457313,30,-0.0003631875000006168,0.009365147382925687,-0.00397094479166755,0.002508110937499232,30,-0.10701666666666666,0.043188536819897934,-0.12196708333333332,-0.09158249999999998,30,0.8,0.4068381021724863,0.6333333333333333,0.9333333333333333,30,-542.6,137.54255767730143,-584.2679166666667,-488.5325,True
0.6,0.95,node_mlp_ppo,baseline2_matched,30,0.7666666666666667,0.0,30,0.04910000000000001,0.08591720152124009,0.01806541666666667,0.07775124999999997,30,1.049123279158162,0.08587610640620325,1.0183069703242311,1.0778275410984357,30,-0.00818333333333334,0.014319533586873353,-0.01304444444444445,-0.003066597222222219,30,-0.0015260166666667796,0.005608518454652474,-0.003729762187499954,0.00023369885416650127,30,0.9962138149801817,0.013920084681405173,0.9908590836328186,1.0004930158080498,30,-0.002522902777777799,0.009371717448782471,-0.006078759548610854,0.0003503779513891972,30,0.07644999999999999,0.04519905209564497,0.06071624999999997,0.09238333333333332,30,0.16666666666666666,0.6989318615762461,-0.06666666666666667,0.4,30,-44.583333333333336,136.12190804780363,-86.73416666666667,9.800416666666662,True
0.6,0.95,node_mlp_ppo,grid_cnn_ppo,30,0.3333333333333333,0.0,30,-0.041883333333333314,0.10075727776686162,-0.07755166666666663,-0.00779916666666665,30,0.9647582297230367,0.09085408500495439,0.9322321808357817,0.9963408476747065,30,0.006980555555555549,0.016792879627810287,0.001269444444444445,0.013114097222222225,30,-0.0029209499999999313,0.005594890765454816,-0.00514531531249986,-0.0011840327083333265,30,0.9927788877313618,0.01384301309235762,0.9874302848401655,0.9971322470362639,30,-0.00488570138888913,0.009349369441219389,-0.0085718546875001,-0.001992035243055772,30,0.02348333333333334,0.03939334867132052,0.010333333333333342,0.03778375000000002,30,-0.2,0.40683810217248634,-0.36666666666666664,-0.06666666666666667,30,42.5,147.62405653878204,-3.7341666666666593,101.66833333333331,False
0.6,0.95,node_mlp_ppo,left_if_safe,30,0.5,0.0,30,0.017016666666666676,0.18410264581315036,-0.04541749999999996,0.08223500000000002,30,1.0421757707489425,0.20422294571143612,0.9732532529571327,1.1162474054867046,30,-0.002836111111111117,0.030683774302191734,-0.013750694444444433,0.007742013888888889,30,0.00276705833333335,0.012691352693273449,-0.0015010143749999683,0.007373138854166737,30,1.0077272387909533,0.033359345566491526,0.9965036920533654,1.0199434411349395,30,0.004618854166666416,0.02121776418041196,-0.002529595833334009,0.012556343749999397,30,-0.007900000000000006,0.08317890979378582,-0.038200416666666674,0.021266666666666663,30,0.13333333333333333,0.6814453874610599,-0.1,0.36666666666666664,30,-63.2,312.755622348096,-175.9870833333333,42.35,False
0.6,0.95,node_mlp_ppo,noop,30,1.0,0.0,30,0.38089999999999996,0.0871902794328944,0.3482995833333333,0.4099183333333334,30,1.5634024911169353,0.13208542977977808,1.5144960949740887,1.608168089517716,30,-0.06348333333333334,0.014531713238815741,-0.06831118055555557,-0.058191597222222224,30,-0.0002759458333334778,0.005623813193351097,-0.002455539479166649,0.0014787127083332856,30,0.9993136136739317,0.01399721391486947,0.993877593481213,1.003582072663066,30,-0.0003012013888890127,0.00940084002938865,-0.003973506076388863,0.002556933159722506,30,-0.13563333333333336,0.04590280836824644,-0.15101708333333339,-0.11910000000000004,30,0.8,0.4068381021724863,0.6333333333333333,0.9333333333333333,30,-525.6333333333333,143.7133721451603,-569.6833333333333,-470.2658333333333,True
0.6,0.95,noop,baseline1_hdv,30,0.5333333333333333,0.0,30,0.004749999999999995,0.01468094589642618,-0.00021666666666666872,0.010133749999999981,30,1.0071688819208473,0.021828035378549403,0.9996521573532954,1.0151808457768667,30,-0.0007916666666666646,0.002446824316071029,-0.001655555555555555,4.166666666667327e-05,30,-3.837916666672436e-05,0.00020688813111595982,-0.00011095500000008852,3.384145833331144e-05,30,0.9999046588276304,0.0005148909182608967,0.999731348850294,1.0000811246873873,30,-6.198611111160416e-05,0.000346730986609762,-0.0001838965277780145,6.47515624996599e-05,30,0.02861666666666669,0.009945266880950638,0.02518333333333335,0.032117083333333366,30,0.0,0.0,0.0,0.0,30,-16.966666666666665,39.164976730477576,-31.066666666666666,-3.3658333333333457,False
0.6,0.95,noop,baseline2_matched,30,0.0,0.0,30,-0.33180000000000004,0.028577963538362887,-0.34176708333333333,-0.3218666666666667,30,0.6715885090882873,0.021823113830701957,0.6641341022518049,0.679339883457534,30,0.055299999999999995,0.004762993923060474,0.05360277777777777,0.05696666666666665,30,-0.0012500708333333017,0.0003252985526645002,-0.0013629726041665287,-0.001133837708333313,30,0.9968989032320091,0.0008046592380330902,0.9966140817994305,0.9971823861935137,30,-0.002221701388888786,0.0005442953404493273,-0.0024108484375001144,-0.0020271451388884872,30,0.21208333333333332,0.014914170150040783,0.2067495833333333,0.21728333333333338,30,-0.6333333333333333,0.4901325178535609,-0.8,-0.4666666666666667,30,481.05,41.219210034425316,466.5833333333333,495.6504166666666,False
0.6,1.0,baseline2_matched,baseline1_hdv,30,1.0,0.0,30,0.44106666666666666,0.02896422684591479,0.4305666666666667,0.45095,30,1.6560099757752167,0.0456810547401614,1.6398350810390003,1.6718727876258017,30,-0.07351111111111111,0.004827371140985805,-0.07518340277777777,-0.07176944444444446,30,0.0015288166666665363,0.0004146996533810939,0.0013812076041666952,0.0016730422916666678,30,1.0038049532198747,0.001032468929158593,1.0034332210299879,1.0041477807271364,30,0.002731805555555163,0.0006902538396750249,0.0024866444444441487,0.002964170659721489,30,-0.23121666666666665,0.021772999466015845,-0.2387504166666667,-0.22365000000000002,30,1.0,0.0,1.0,1.0,30,-589.9833333333333,33.36126272452397,-601.9333333333333,-578.55,True
0.6,1.0,graph_ppo,baseline1_hdv,30,1.0,0.0,30,1.0372000000000001,0.10958720350667675,0.9980833333333332,1.07545,30,2.542547540009941,0.16544716277048493,2.4837650080270324,2.599639468365749,30,-0.1728666666666666,0.018264533917779463,-0.1791584027777778,-0.16622201388888888,30,0.0003287208333329498,0.00646809785590637,-0.0021385877083336465,0.0023568318749996,30,1.0008181282115127,0.01609850223887055,0.9945530590726495,1.005756894727991,30,0.0009800347222216862,0.010812988379980421,-0.003262666319444937,0.0043392109374994535,30,-0.18271666666666667,0.0326870435508009,-0.1943170833333333,-0.17131666666666667,30,1.9333333333333333,0.2537081317024624,1.8333333333333333,2.0,30,-900.9777777777779,69.62878766372279,-923.4561111111111,-875.0102777777777,True
0.6,1.0,graph_ppo,baseline2_matched,30,1.0,0.0,30,0.5961333333333333,0.11143398643741206,0.55668125,0.6339174999999999,30,1.5361972421663455,0.10516747751237629,1.4988948164843034,1.5726159437127505,30,-0.09935555555555556,0.018572331072902033,-0.10580013888888891,-0.09269159722222221,30,-0.0012000958333335866,0.006491711841930798,-0.0037358135416667645,0.0007768726041663358,30,0.9970259110865332,0.01609166925083296,0.9909262485095554,1.002087160074244,30,-0.001751770833333477,0.010849717427443019,-0.0060943204861114665,0.0016420807291668681,30,0.04849999999999999,0.035772268203369394,0.03601666666666666,0.061149999999999996,30,0.9333333333333333,0.2537081317024624,0.8333333333333334,1.0,30,-310.99444444444447,68.51213617542925,-333.45597222222216,-285.94930555555555,True
0.6,1.0,graph_ppo,grid_cnn_ppo,30,0.7333333333333333,0.0,30,0.04729999999999999,0.1352065214709552,-0.0009349999999999794,0.09240124999999995,30,1.0308834612401307,0.08262630392798874,1.001842563761615,1.0589261231569207,30,-0.007883333333333346,0.02253442024515921,-0.015608611111111089,0.0003251388888888914,30,-0.0028171958333333877,0.006475275658298401,-0.00537797250000006,-0.0007620442708333013,30,0.9930444387775877,0.01599720564647173,0.9869494721899487,0.9978973589411791,30,-0.004675618055555545,0.01083027137092188,-0.008810770312499685,-0.001315727951388942,30,-0.02311666666666667,0.037490845625927485,-0.03649999999999999,-0.010133333333333336,30,-0.03333333333333333,0.31984191497474607,-0.13333333333333333,0.06666666666666667,30,-8.172222222222228,75.61607102962026,-33.0111111111111,19.656666666666645,False
0.6,1.0,graph_ppo,left_if_safe,30,0.2,0.6,30,0.05694999999999998,0.22960555945149608,-0.013935416666666662,0.1483854166666666,30,1.0789913777482736,0.3238073206139205,0.9951286249669258,1.2105997427329187,30,-0.00949166666666666,0.03826759324191601,-0.023917986111111098,0.0024834027777777845,30,0.004316945833333345,0.01817194344020613,-0.0012012484375000167,0.011395992291666634,30,1.0130288632324562,0.052917474094991694,0.9970841593726842,1.0336943503165008,30,0.00721863888888874,0.030379445295875177,-0.0021309543402779057,0.018662968749999623,30,-0.01633333333333333,0.0614399529304178,-0.04035,0.0009504166666666616,30,0.06666666666666667,0.5208304597621878,-0.1,0.26666666666666666,30,-51.63333333333333,248.66767741928874,-153.5001388888889,16.000138888888884,False
0.6,1.0,graph_ppo,node_mlp_ppo,30,0.5666666666666667,0.0,30,0.02243333333333332,0.19219730941698027,-0.042033333333333346,0.0938833333333333,30,1.0266881246282857,0.15456560640531108,0.9785474243693445,1.0864746337137572,30,-0.003738888888888899,0.032032884902830044,-0.015625069444444466,0.006997222222222225,30,-0.0001261458333334205,0.012818650612229128,-0.004128202604166606,0.004998733229166638,30,1.00047682912882,0.03517581873519434,0.9897563922410045,1.0144333501481464,30,-0.00020089583333352163,0.02143214294753365,-0.00682388368055596,0.008087047569444651,30,-0.017433333333333332,0.04763035350186521,-0.03418333333333334,-0.0014654166666666804,30,0.03333333333333333,0.49013251785356104,-0.13333333333333333,0.2008333333333212,30,-26.727777777777778,189.90899455603002,-103.9836111111111,26.472499999999982,False
0.6,1.0,graph_ppo,noop,30,1.0,0.0,30,1.0275666666666667,0.1076195192311331,0.9880483333333332,1.0646841666666667,30,2.5062031425838907,0.15583043482748954,2.4498634815753766,2.5599491411056996,30,-0.17126111111111111,0.01793658653852219,-0.17739472222222222,-0.164769375,30,0.0003025916666663538,0.006445808093427718,-0.0021408036458336324,0.002303055833332824,30,1.000752230490607,0.01604349325137951,0.9945663999640693,1.0056801945086862,30,0.0009324722222219177,0.010775227232690579,-0.0032761465277782523,0.004292035243055565,30,-0.21294999999999994,0.03396127358401442,-0.22525,-0.20119916666666673,30,1.9333333333333333,0.2537081317024624,1.8333333333333333,2.0,30,-873.1444444444445,63.133664889668985,-893.456388888889,-849.6,True
0.6,1.0,grid_cnn_ppo,baseline1_hdv,30,1.0,0.0,30,0.9899,0.08301572347951675,0.9599154166666667,1.0182008333333332,30,2.4724196949475603,0.1291497133369295,2.4263990982505215,2.517934716978628,30,-0.1649833333333333,0.01383595391325279,-0.16978347222222218,-0.1597970833333333,30,0.0031459166666663375,0.0006277664543952351,0.0029258643749998496,0.0033723336458327366,30,1.0078295824843748,0.0015633700212041085,1.007273603347022,1.0083812404823984,30,0.005655652777777231,0.001050488894708133,0.005289173611110755,0.006033122048610518,30,-0.15959999999999994,0.03215946259629906,-0.1711333333333333,-0.14773333333333336,30,1.9666666666666666,0.1825741858350553,1.9,2.0,30,-892.8055555555555,43.90489729387481,-908.3894444444446,-877.6775,True
0.6,1.0,grid_cnn_ppo,baseline2_matched,30,1.0,0.0,30,0.5488333333333333,0.08723089982946106,0.5175970833333334,0.5790166666666666,30,1.493859532185341,0.08414940966463094,1.4639306511426096,1.5227096747023976,30,-0.0914722222222222,0.014538483304910177,-0.09650833333333332,-0.08628034722222218,30,0.0016170999999998012,0.0006605437704111675,0.0013831745833332583,0.0018494826041663514,30,1.00401001407861,0.001640209111079028,1.0034481110700844,1.0045858351467531,30,0.0029238472222220683,0.0011018902155905158,0.0025528249999997917,0.0033224312499998145,30,0.07161666666666665,0.03169403384880497,0.06036624999999999,0.08249999999999998,30,0.9666666666666667,0.18257418583505533,0.9,1.0,30,-302.82222222222225,45.52395970001771,-318.9176388888889,-286.77194444444444,True
0.6,1.0,grid_cnn_ppo,left_if_safe,30,0.26666666666666666,0.0,30,0.009649999999999995,0.27067018198130566,-0.07405083333333336,0.11600208333333331,30,1.0575346094259637,0.3667435645523902,0.9602727971409885,1.2086562677227062,30,-0.0016083333333333154,0.04511169699688428,-0.019267152777777744,0.012238958333333346,30,0.007134141666666732,0.017919833856806004,0.0018104997916665922,0.014166612291666702,30,1.0202375994653863,0.053324854963702054,1.0046457096830719,1.0418012177341418,30,0.011894256944444286,0.029973113635659576,0.0029438612847221966,0.023854363541666528,30,0.006783333333333334,0.07271065511887574,-0.021149999999999995,0.029483333333333323,30,0.1,0.48066046515042266,-0.06666666666666667,0.26666666666666666,30,-43.4611111111111,258.18963256982056,-148.21833333333333,25.577777777777772,False
0.6,1.0,grid_cnn_ppo,noop,30,1.0,0.0,30,0.9802666666666667,0.07958261087714445,0.9512991666666667,1.0074504166666667,30,2.436934470356893,0.1153178170615927,2.394310582853509,2.476074866903687,30,-0.16337777777777776,0.01326376847952408,-0.16784999999999994,-0.15859437499999995,30,0.0031197874999997414,0.0006415747389319985,0.0028937414583330512,0.0033480533333331724,30,1.007764143316694,0.0015978779775290383,1.0072017235492645,1.0083160521384327,30,0.005608090277777463,0.0010679030094228278,0.005224869791666629,0.005978399999999704,30,-0.18983333333333338,0.03533615256590507,-0.20236666666666667,-0.1774329166666667,30,1.9666666666666666,0.1825741858350553,1.9,2.0,30,-864.9722222222223,35.0844652214094,-876.7666666666668,-852.5720833333335,True
0.6,1.0,left_if_safe,baseline1_hdv,30,0.9666666666666667,0.0,30,0.9802499999999998,0.2553201421744865,0.87858125,1.0584845833333332,30,2.4565985166585107,0.3814159304673785,2.3053390851885234,2.5711061530722406,30,-0.163375,0.04255335702908109,-0.17634465277777772,-0.1469579166666667,30,-0.003988225000000395,0.017848388813368882,-0.01108344375000057,0.001394865312499631,30,0.99007662088126,0.04441953518790131,0.9728738791653458,1.003113773946194,30,-0.0062386041666670534,0.02985041987181136,-0.017668209027778332,0.0026764418402773025,30,-0.1663833333333333,0.06660028519838147,-0.1864333333333333,-0.1400833333333333,30,1.8666666666666667,0.43417248545530474,1.7,2.0,30,-849.3444444444444,252.1368255520981,-916.783888888889,-748.7323611111111,True
0.6,1.0,left_if_safe,baseline2_matched,30,0.9666666666666667,0.0,30,0.5391833333333333,0.26073531576113257,0.4389145833333334,0.6185174999999999,30,1.485536698391144,0.23837900298476863,1.3939410197562279,1.5578650014879059,30,-0.08986388888888888,0.043455885960188775,-0.10322250000000001,-0.07295819444444442,30,-0.005517041666666931,0.01767457958290573,-0.01239139510416696,-0.0002469380208334994,30,0.9863058160976537,0.043893338983897925,0.9689042494145863,0.999346246840689,30,-0.008970409722222216,0.029561463453426508,-0.020874955034722406,-0.00012339947916673431,30,0.06483333333333333,0.07394608163050796,0.04283208333333333,0.09431791666666664,30,0.8666666666666667,0.43417248545530474,0.7,1.0,30,-259.3611111111111,257.32501804255304,-327.7509722222221,-152.50597222222228,True
0.6,1.0,left_if_safe,noop,30,0.9666666666666667,0.0,30,0.9706166666666668,0.2537619942242015,0.8704937500000001,1.0459516666666668,30,2.421095546962822,0.36938887828974926,2.277444897708465,2.532962925009998,30,-0.16176944444444444,0.04229366570403359,-0.17439472222222224,-0.14547673611111114,30,-0.004014354166666991,0.017742948249127404,-0.011032896875000081,0.001274024999999512,30,0.9900010442486615,0.04418401213050628,0.972638509102377,1.0032818528636238,30,-0.006286166666666823,0.02967414330133389,-0.01788677951388897,0.002529131249999608,30,-0.19661666666666663,0.06694074622938653,-0.21661708333333338,-0.16966583333333335,30,1.8666666666666667,0.43417248545530474,1.7,2.0,30,-821.5111111111111,251.26794148149375,-887.5948611111112,-721.3540277777778,True
0.6,1.0,node_mlp_ppo,baseline1_hdv,30,1.0,0.0,30,1.0147666666666668,0.16766153987728669,0.949065,1.0661004166666668,30,2.5086970968895055,0.2472258250120627,2.4109353515646434,2.583213212711504,30,-0.16912777777777774,0.027943589979547784,-0.17770562500000003,-0.15796361111111107,30,0.00045486666666637033,0.010521406284298566,-0.0036926973958337295,0.00299593072916629,30,1.0011342208131215,0.02617833901510266,0.9904217689685547,1.0074825158392036,30,0.0011809305555552077,0.017595962255068598,-0.005909005208333987,0.00545012135416666,30,-0.16528333333333334,0.04744846266419391,-0.18100000000000002,-0.14773291666666666,30,1.9,0.40257789993644877,1.7333333333333334,2.0,30,-874.2500000000001,177.1101284663415,-917.3222222222222,-803.5047222222223,True
0.6,1.0,node_mlp_ppo,baseline2_matched,30,0.9666666666666667,0.0,30,0.5737,0.16952350055782622,0.5059487500000001,0.6257170833333334,30,1.51591563149067,0.15380818822710438,1.4556137765866008,1.5634765242812894,30,-0.09561666666666666,0.0282539167596377,-0.1042084722222222,-0.08455756944444444,30,-0.001073950000000166,0.01051590289621525,-0.005306623958333456,0.0014851001041665873,30,0.9973395525769823,0.026075963247320918,0.9869389715235505,1.0036775233044735,30,-0.0015508749999999553,0.01758747769033475,-0.008642924826388745,0.00272964670138873,30,0.06593333333333333,0.04937117219266888,0.049482916666666675,0.08421666666666665,30,0.9,0.40257789993644866,0.7333333333333333,1.0,30,-284.26666666666665,181.33837573279948,-329.53375,-210.00958333333332,True
0.6,1.0,node_mlp_ppo,grid_cnn_ppo,30,0.6666666666666666,0.0,30,0.02486666666666667,0.14782392446311984,-0.0323670833333333,0.06850333333333329,30,1.0150035687092196,0.09132278483249856,0.9785947661349342,1.0417150933036097,30,-0.004144444444444447,0.02463732074385331,-0.011547500000000006,0.005503541666666686,30,-0.002691049999999967,0.010387064378630729,-0.006831064375000048,-0.00019966427083321087,30,0.9933495111029754,0.02567809824706075,0.9831496808658088,0.9995062595884909,30,-0.004474722222222023,0.017363924067611808,-0.011376304513888977,-0.0003461135416656648,30,-0.005683333333333331,0.04679328778371098,-0.021016666666666666,0.011884166666666654,30,-0.06666666666666667,0.44977644510880355,-0.23333333333333334,0.06666666666666667,30,18.55555555555555,170.35022709784124,-21.478055555555553,87.23916666666665,False
0.6,1.0,node_mlp_ppo,left_if_safe,30,0.4666666666666667,0.0,30,0.03451666666666667,0.30028760591201203,-0.06533333333333334,0.14634999999999998,30,1.0712658391627725,0.36725197349212374,0.9688389032870786,1.2154878959378979,30,-0.005752777777777762,0.05004793431866868,-0.024361388888888894,0.010672361111111134,30,0.004443091666666765,0.02162942278085311,-0.002918938645833114,0.01232387354166675,30,1.0135845281282372,0.06144524316017624,0.9938753167369762,1.0367539892545687,30,0.007419534722222261,0.036167349673365635,-0.004760185069444439,0.021096302951389437,30,0.0011000000000000029,0.07384996439660152,-0.026417499999999993,0.02553374999999999,30,0.03333333333333333,0.6149478998583782,-0.2,0.23333333333333334,30,-24.905555555555555,315.6706437603221,-144.86986111111105,80.94527777777775,False
0.6,1.0,node_mlp_ppo,noop,30,1.0,0.0,30,1.0051333333333334,0.1670091848255417,0.9411808333333332,1.0571837500000003,30,2.4730393403944437,0.24480562088038438,2.3777734803524053,2.54824036038377,30,-0.1675222222222222,0.027834864137590305,-0.1762361805555556,-0.15720791666666661,30,0.00042873749999977433,0.010472552543802484,-0.0038652426041669487,0.0029556257291664142,30,1.00106609390027,0.026069183273158453,0.9902842321225024,1.0073693658227028,30,0.0011333680555554392,0.017513492507745244,-0.005928267013888734,0.005365727604166419,30,-0.1955166666666667,0.04817433916539996,-0.21180083333333338,-0.17769875000000002,30,1.9,0.40257789993644877,1.7333333333333334,2.0,30,-846.4166666666667,173.6399297154053,-890.1222222222221,-775.4952777777778,True
0.6,1.0,noop,baseline1_hdv,30,0.7666666666666667,0.0,30,0.009633333333333327,0.012491330326803982,0.005250000000000003,0.014033333333333313,30,1.014488383069639,0.018702945318277413,1.0079603102470265,1.0211172143372476,30,-0.0016055555555555526,0.0020818883878006636,-0.0023361805555555597,-0.0008777083333333191,30,2.6129166666596e-05,0.0002924362395201167,-7.358041666665167e-05,0.00013267593749999,30,1.0000652435567434,0.0007279083161291911,0.9998091943586161,1.0003183091659829,30,4.756249999976851e-05,0.0004889848755770058,-0.00012225694444471997,0.0002254737847219786,30,0.03023333333333335,0.01120401200719955,0.02628291666666668,0.03413333333333336,30,0.0,0.0,0.0,0.0,30,-27.833333333333332,33.839462102732945,-39.8,-15.866666666666667,True
0.6,1.0,noop,baseline2_matched,30,0.0,0.0,30,-0.43143333333333334,0.03189279816373353,-0.4423004166666667,-0.42011541666666663,30,0.6130335785156892,0.019557404025108818,0.6064720345103838,0.6200331986121744,30,0.07190555555555557,0.005315466360622265,0.06994166666666667,0.0737195138888889,30,-0.0015026874999999403,0.00042974070689395273,-0.0016553413541664612,-0.0013494301041662154,30,0.9962752678636626,0.0010622343581602482,0.9959026918353857,0.9966530464460972,30,-0.0026842430555553947,0.0007163162140232364,-0.0029398086805558143,-0.0024379015624999834,30,0.26145000000000007,0.02272183743784212,0.25343333333333334,0.2692333333333333,30,-1.0,0.0,-1.0,-1.0,30,562.15,38.245835923891654,548.4995833333334,575.3333333333334,False
0.65,0.9,baseline2_matched,baseline1_hdv,30,1.0,0.0,30,0.28135,0.027810674581707936,0.2717,0.29109999999999997,30,1.521501177983213,0.05499650176788936,1.503295130418394,1.541210560522074,30,-0.04689166666666666,0.004635112430284674,-0.048572222222222225,-0.045322222222222215,30,0.0007531416666667142,0.0002701616189602104,0.000656429062500102,0.0008462201041666386,30,1.0021423920103112,0.0007687030500121868,1.0018752602268588,1.0024165795069104,30,0.001266891025640852,0.00041919602976868956,0.001122731089743317,0.0014135842948716337,30,-0.17445000000000005,0.02050077794991508,-0.18170000000000003,-0.16751666666666673,30,0.0,0.0,0.0,0.0,30,-641.3,60.36849486622797,-662.5341666666666,-619.8333333333334,True
0.65,0.9,graph_ppo,baseline1_hdv,30,1.0,0.0,30,0.2238333333333333,0.09476380195475244,0.1894320833333333,0.2563,30,1.4153547842037562,0.17693850194361005,1.3511349628001332,1.4769071586594211,30,-0.037305555555555585,0.01579396699245874,-0.0427222916666667,-0.031552708333333346,30,-0.00032373333333318894,0.0031969958055568445,-0.0015999523958330588,0.0006903491666666989,30,0.9990797585287343,0.009091858395303104,0.9956237501913991,1.0019174179778922,30,-0.0004119615384617544,0.004949036855416175,-0.002323479006410659,0.00118022371794852,30,-0.08696666666666669,0.054525529188934364,-0.10590041666666669,-0.06753291666666666,30,0.0,0.0,0.0,0.0,30,-594.4,221.52023337181515,-668.535,-512.63,True
0.65,0.9,graph_ppo,baseline2_matched,30,0.26666666666666666,0.0,30,-0.05751666666666668,0.08856591966686046,-0.08938333333333333,-0.02768250000000002,30,0.9298056689352551,0.10824909064289749,0.8909729091174935,0.9667089178144569,30,0.009586111111111092,0.014760986611143403,0.00456381944444442,0.014758402777777742,30,-0.0010768749999999032,0.003134774684954458,-0.002264836874999795,-7.3381979166421e-05,30,0.9969426613719709,0.008902343197361672,0.9935637689542355,0.9997601775862475,30,-0.0016788525641026064,0.004851651112019573,-0.0034673817307692787,-0.00010965657051258502,30,0.08748333333333334,0.05230917426841757,0.07006666666666668,0.1063675,30,0.0,0.0,0.0,0.0,30,46.9,199.40278938318068,-20.70166666666665,118.20166666666664,False
0.65,0.9,graph_ppo,grid_cnn_ppo,30,0.5,0.0,30,-0.019350000000000013,0.16587220621039395,-0.07731708333333334,0.038020833333333275,30,0.9972466462702196,0.2118763303486808,0.9224345042689301,1.072892124592811,30,0.003224999999999978,0.02764536770173231,-0.006513958333333363,0.013225208333333308,30,-0.001220316666666743,0.0035439110429462285,-0.002558822916666602,-7.235687500022767e-05,30,0.9965520866535694,0.01005044875003561,0.9927504942399551,0.9997810990084733,30,-0.001884852564102557,0.0055037716883141845,-0.0039426081730767485,-8.904471153860227e-05,30,0.010933333333333352,0.08632723761376235,-0.019067083333333318,0.04173541666666664,30,0.0,0.0,0.0,0.0,30,24.4,356.0390912284192,-97.40333333333331,154.76999999999995,False
0.65,0.9,graph_ppo,left_if_safe,30,0.5,0.1,30,0.015633333333333325,0.07484972684783427,-0.01021666666666667,0.042983749999999994,30,1.0330807343304285,0.1308758654645681,0.9912881774098756,1.0832964820572981,30,-0.002605555555555561,0.012474954474639052,-0.0071306944444444464,0.0015944444444444391,30,0.0014979083333333699,0.005553108501754204,-0.00021434520833329848,0.0036116297916665313,30,1.0045292536507489,0.016726580333344194,0.9993395356156437,1.011009337401036,30,0.00231048717948704,0.008564393860772882,-0.0003469185897437866,0.00557307403846154,30,-0.007599999999999984,0.042074113591170983,-0.022683749999999975,0.006767500000000008,30,0.03333333333333333,0.18257418583505533,0.0,0.1,29,-12.862068965517242,141.96068976453884,-65.0,36.06896551724138,False
0.65,0.9,graph_ppo,node_mlp_ppo,30,0.43333333333333335,0.03333333333333333,30,0.013116666666666665,0.14779410674484197,-0.03713374999999998,0.06778375,30,1.0389044247930108,0.2264004859249012,0.9654504514616085,1.123249608746227,30,-0.0021861111111111256,0.024632351124140327,-0.01088673611111113,0.0062806249999999945,30,0.0007274999999998939,0.005766416146122221,-0.001171145520833525,0.0028806358333332118,30,1.002250577845171,0.016826401718362926,0.9966149363756848,1.0084915267209529,30,0.0011242756410251742,0.008920451632730093,-0.0018742844551287625,0.004392758814101827,30,-0.0065833333333333265,0.08643365836785213,-0.03714999999999999,0.022867500000000006,30,0.0,0.0,0.0,0.0,30,-13.933333333333334,392.7548970991989,-151.10583333333327,121.06666666666666,False
0.65,0.9,graph_ppo,noop,30,0.9666666666666667,0.0,30,0.21754999999999997,0.09434477764542942,0.18325000000000002,0.25093541666666663,30,1.3988627955946087,0.17415944872091008,1.336517759582066,1.459023768322226,30,-0.03625833333333335,0.01572412960757157,-0.041611388888888906,-0.030761111111111124,30,-0.0003539875000000303,0.0031655859727739957,-0.0015678034374999896,0.0006459183333334674,30,0.9989929837534616,0.009004096063987964,0.9955868294028954,1.0018498072958375,30,-0.00046092307692341405,0.004900429023291984,-0.0023147052884619408,0.0010712963141025252,30,-0.10756666666666666,0.054273530306716035,-0.1263004166666667,-0.08803291666666666,30,0.0,0.0,0.0,0.0,30,-570.3666666666667,215.99369137232614,-644.2358333333333,-491.5,True
0.65,0.9,grid_cnn_ppo,baseline1_hdv,30,1.0,0.0,30,0.24318333333333336,0.09520834534319197,0.2096325,0.27656749999999997,30,1.450591289099305,0.17616711868316204,1.3899820056595624,1.5122618405078998,30,-0.040530555555555556,0.015868057557198653,-0.04597506944444444,-0.034941180555555555,30,0.0008965833333335542,0.001098019183091329,0.0004892908333334291,0.0012570567708336104,30,1.0025503122172374,0.0031234536558029185,1.0013942689488593,1.0035815331678897,30,0.0014728910256408027,0.0017153716430288576,0.000842458333333185,0.002032345192307347,30,-0.09790000000000004,0.04493240133417277,-0.11373375000000004,-0.08225000000000002,30,0.0,0.0,0.0,0.0,30,-618.8,212.2136854113374,-692.1,-542.9625000000001,True
0.65,0.9,grid_cnn_ppo,baseline2_matched,30,0.36666666666666664,0.0,30,-0.03816666666666666,0.10149922144540317,-0.07433416666666666,-0.0030829166666666704,30,0.9548472247005032,0.12281974451214811,0.9119222455144057,0.9974520502403563,30,0.006361111111111113,0.01691653690756719,0.00042750000000000736,0.01215833333333333,30,0.00014344166666683996,0.0011354730143456322,-0.00027831354166620996,0.0005217060416669057,30,1.000407658511217,0.0032232105713779096,0.999240204905315,1.0015059908905866,30,0.00020599999999995066,0.001774715509817691,-0.00045629134615396476,0.0008056612179485502,30,0.07654999999999999,0.04886652298829452,0.05980000000000003,0.09376666666666664,30,0.0,0.0,0.0,0.0,30,22.5,222.22941702912206,-56.266666666666666,100.66833333333331,False
0.65,0.9,grid_cnn_ppo,left_if_safe,30,0.5666666666666667,0.0,30,0.03498333333333334,0.16940232071718445,-0.021601666666666658,0.09826708333333334,30,1.0833381933722661,0.2946807542867512,0.9894840980162604,1.1962658337078762,30,-0.0058305555555555385,0.02823372011953075,-0.01630555555555554,0.0037083333333333504,30,0.002718225000000113,0.006411690769786912,0.0007733105208333409,0.005166908958333263,30,1.0080975296335921,0.019387378199203054,1.0021763007734708,1.015615917688873,30,0.004195339743589597,0.009915784106836141,0.001192073397435669,0.008155460737179387,30,-0.018533333333333336,0.09002872466256431,-0.05156666666666666,0.012300416666666654,30,0.03333333333333333,0.18257418583505533,0.0,0.1,29,-20.275862068965516,352.10336312668636,-150.00517241379305,103.04051724137922,False
0.65,0.9,grid_cnn_ppo,noop,30,1.0,0.0,30,0.23689999999999997,0.09429762128129394,0.20374916666666668,0.27046666666666663,30,1.4335295619420594,0.1716710466356583,1.3741411282093756,1.495229889514461,30,-0.03948333333333332,0.01571627021354899,-0.045044444444444436,-0.03406937499999999,30,0.0008663291666667128,0.0010933553196680625,0.0004546511458334178,0.0012280971875001567,30,1.0024639804302373,0.0031105364772190704,1.0013127159156279,1.0035101312599928,30,0.001423929487179143,0.0017086310802937917,0.0008064116987175989,0.0019931684294869916,30,-0.11850000000000001,0.04579865982077762,-0.13448375,-0.10244999999999999,30,0.0,0.0,0.0,0.0,30,-594.7666666666667,210.7670201469129,-667.0341666666666,-519.5991666666667,True
0.65,0.9,left_if_safe,baseline1_hdv,30,0.9666666666666667,0.0,30,0.20820000000000005,0.11343413704998978,0.16598291666666665,0.24590000000000004,30,1.3858916176121083,0.21141616595119433,1.309606242999607,1.4596633624538797,30,-0.034700000000000016,0.018905689508331644,-0.04115034722222225,-0.027847222222222235,30,-0.0018216416666665587,0.006149311571429254,-0.0041875456249998565,5.41877083332594e-05,30,0.9948179999935861,0.0174947756357489,0.9880537957170905,1.0001856707254078,30,-0.0027224487179487943,0.009497105661358685,-0.0063641443910258146,0.00023845560897433327,30,-0.07936666666666668,0.06362686665960804,-0.10120000000000001,-0.0564329166666667,30,-0.03333333333333333,0.18257418583505533,-0.1,0.0,29,-587.2068965517242,236.87012404485424,-667.7965517241379,-501.1000000000001,True
0.65,0.9,left_if_safe,baseline2_matched,30,0.3,0.0,30,-0.07314999999999999,0.11426256438873432,-0.11455041666666667,-0.03441666666666667,30,0.9114679396696772,0.13778842571479216,0.8621035499580465,0.9583054685108049,30,0.012191666666666653,0.019043760731455736,0.00579152777777776,0.019169444444444437,30,-0.002574783333333273,0.006132260943751,-0.0049233309374999675,-0.0007179485416663874,30,0.9926907338952867,0.017411769779542098,0.9862070330079368,0.9980869443363676,30,-0.003989339743589646,0.009472227137570888,-0.007644378846154043,-0.001063432211538087,30,0.09508333333333335,0.06457461379773353,0.07356625000000001,0.11873416666666667,30,-0.03333333333333333,0.18257418583505533,-0.1,0.0,29,51.13793103448276,223.30675956404696,-24.587068965517233,135.00086206896552,False
0.65,0.9,left_if_safe,noop,30,0.9666666666666667,0.0,30,0.20191666666666663,0.11459013041490855,0.15979958333333324,0.24060041666666665,30,1.3703202697053485,0.2107771480498956,1.2933483221903948,1.4416809220645035,30,-0.03365277777777778,0.01909835506915144,-0.04015006944444446,-0.026686041666666677,30,-0.0018518958333334002,0.00615731461318782,-0.004329527187500064,4.421624999992953e-05,30,0.9947327580068814,0.017515758089866572,0.9877987220058848,1.0000548768176956,30,-0.0027714102564104543,0.009510051564388495,-0.006457136057692455,0.00020517099358985318,30,-0.09996666666666666,0.06353195412862962,-0.12154999999999998,-0.07655000000000003,30,-0.03333333333333333,0.18257418583505533,-0.1,0.0,29,-564.7586206896551,229.55526181423284,-643.8965517241379,-480.2758620689655,True
0.65,0.9,node_mlp_ppo,baseline1_hdv,30,1.0,0.0,30,0.21071666666666664,0.09124103010549937,0.17799875,0.2420004166666667,30,1.3905515440921188,0.16937587743599106,1.3303833348723608,1.4494749191670047,30,-0.03511944444444445,0.015206838350916567,-0.04030555555555557,-0.029763819444444454,30,-0.0010512333333330829,0.004485866542918622,-0.0027578529166664726,0.0003846935416669797,30,0.9970101872030805,0.012760845014198802,0.9920297341203588,1.0010148896687145,30,-0.0015362371794869286,0.006928919992539536,-0.004155233653845796,0.0006644383012824028,30,-0.08038333333333338,0.051273049204359225,-0.09783375000000002,-0.06196625000000002,30,0.0,0.0,0.0,0.0,30,-580.4666666666667,240.954672133554,-659.7366666666667,-489.5316666666667,True
0.65,0.9,node_mlp_ppo,baseline2_matched,30,0.26666666666666666,0.0,30,-0.07063333333333335,0.09953312854603194,-0.10595291666666666,-0.03646583333333335,30,0.9155418237992147,0.11956038870666466,0.8715253565540805,0.9564728299720727,30,0.011772222222222217,0.016588854757671995,0.006130486111111102,0.017814097222222228,30,-0.001804374999999797,0.004480348593513427,-0.003549055104166539,-0.00037799791666644184,30,0.9948788559978768,0.012717884999593386,0.9901157916469308,0.9989793190574475,30,-0.0028031282051277804,0.006921951509420275,-0.005363569391025255,-0.0005755480769225724,30,0.09406666666666669,0.05891193505525024,0.07441625,0.11511750000000001,30,0.0,0.0,0.0,0.0,30,60.833333333333336,268.45459172100584,-26.63833333333329,158.4,False
0.65,0.9,node_mlp_ppo,grid_cnn_ppo,30,0.36666666666666664,0.0,30,-0.03246666666666668,0.13287892682966063,-0.07858958333333331,0.01438416666666664,30,0.9724010028435458,0.17073587644209334,0.9146171445483383,1.0318085996085042,30,0.0054111111111111035,0.022146487804943438,-0.0023861805555555693,0.013355763888888875,30,-0.001947816666666637,0.0045275136683342425,-0.003649248854166615,-0.0004869689583331312,30,0.9944801226532591,0.012850144809727786,0.9895171844652537,0.9985824381204802,30,-0.0030091282051277314,0.006996141965168258,-0.005667935737178985,-0.0007729073717942459,30,0.017516666666666677,0.06578131001376025,-0.005217499999999973,0.04111666666666667,30,0.0,0.0,0.0,0.0,30,38.333333333333336,288.4155686329798,-60.33499999999999,143.33333333333334,False
0.65,0.9,node_mlp_ppo,left_if_safe,30,0.6,0.0,30,0.0025166666666666558,0.16976405956367863,-0.05690333333333332,0.060783749999999984,30,1.0380962434089045,0.2629183711836223,0.9515260331330442,1.13505881776962,30,-0.00041944444444443524,0.028294009927279786,-0.010238888888888879,0.009797361111111118,30,0.0007704083333334758,0.008450906979860463,-0.0021884460416664044,0.003906360104166575,30,1.0025725326221873,0.024913256526519687,0.9941893921432069,1.0120477237159882,30,0.0011862115384618658,0.013058116572348113,-0.0033281977564100936,0.005969446955128545,30,-0.0010166666666666583,0.0965652792722081,-0.034349999999999985,0.03276833333333333,30,0.03333333333333333,0.18257418583505533,0.0,0.1,29,11.206896551724139,410.8126423244495,-130.3448275862069,161.21379310344815,False
0.65,0.9,node_mlp_ppo,noop,30,0.9666666666666667,0.0,30,0.2044333333333333,0.09233183533371334,0.17026624999999995,0.2363504166666667,30,1.374787174125214,0.17016998458900326,1.3136250009537591,1.4326067161358673,30,-0.03407222222222222,0.015388639222285557,-0.03937784722222222,-0.02846097222222223,30,-0.0010814874999999244,0.004470744596260361,-0.0027884160416665727,0.0003584234375002515,30,0.9969238430374235,0.01271750933566325,0.9920837070691535,1.0009821917639996,30,-0.0015851987179485883,0.006904929401669542,-0.004191965384615194,0.0006217445512821578,30,-0.1009833333333333,0.051322254924883355,-0.11868458333333333,-0.08230000000000001,30,0.0,0.0,0.0,0.0,30,-556.4333333333333,250.06587867632186,-640.7683333333333,-464.6983333333333,True
0.65,0.9,noop,baseline1_hdv,30,0.6666666666666666,0.06666666666666667,30,0.006283333333333345,0.010504254748248064,0.0026000000000000172,0.010066666666666675,30,1.0118712124301663,0.019698758111345166,1.0053124717221278,1.018618481612754,30,-0.0010472222222222291,0.0017507091247080163,-0.0016584027777777903,-0.00044722222222223204,30,3.0254166666841368e-05,0.00015979927631406879,-2.7493437499785002e-05,8.594593750021727e-05,30,1.0000861795879654,0.0004545047640699749,0.9999211321931457,1.000239923922166,30,4.896153846165966e-05,0.0002475756640850489,-4.1453525641200614e-05,0.0001323344551284657,30,0.02059999999999997,0.008831175186373198,0.017449999999999962,0.0235833333333333,30,0.0,0.0,0.0,0.0,30,-24.033333333333335,37.1896197357805,-36.967499999999994,-10.733333333333333,True
0.65,0.9,noop,baseline2_matched,30,0.0,0.0,30,-0.2750666666666667,0.02665608985648087,-0.2844333333333333,-0.2655495833333334,30,0.6656962268354787,0.02224283476285727,0.6579935677443578,0.6737082021868874,30,0.045844444444444445,0.00444268164274683,0.04432493055555553,0.0473861111111111,30,-0.0007228874999998729,0.0002368533514127473,-0.000807424374999934,-0.000639820833333284,30,0.997948585521472,0.0006708346518692308,0.9977165770103104,0.9981786505262618,30,-0.0012179294871791924,0.00036573831018519654,-0.0013483594551281064,-0.0010905935897430673,30,0.19504999999999997,0.01981176505217945,0.18821624999999997,0.20198333333333332,30,0.0,0.0,0.0,0.0,30,617.2666666666667,56.599581656388246,596.4658333333334,636.3,False
0.65,0.95,baseline2_matched,baseline1_hdv,30,1.0,0.0,30,0.3406333333333333,0.02569245606886532,0.33166666666666667,0.34948333333333337,30,1.6312728050943341,0.05086641710532015,1.6127604671896927,1.6486128406691547,30,-0.05677222222222224,0.004282076011477559,-0.05824166666666667,-0.05522770833333333,30,0.0008727791666667502,0.00026095737960295283,0.0007778409375000432,0.0009608888541667655,30,1.0024827991084029,0.0007428051999662133,1.0022212687485386,1.0027319695020847,30,0.0014737499999999625,0.0004035768166840281,0.0013282834935895633,0.0016110195512818633,30,-0.2111166666666667,0.018115854807386218,-0.21760000000000004,-0.2047,30,0.0,0.0,0.0,0.0,30,-733.0333333333333,52.925115173157195,-751.2333333333333,-713.9991666666667,True
0.65,0.95,graph_ppo,baseline1_hdv,30,0.9333333333333333,0.0,30,0.3779833333333334,0.1687311922256376,0.3167825,0.4342008333333333,30,1.700697019416515,0.3127431273911517,1.5849133695704443,1.8053004300101887,30,-0.06299722222222223,0.02812186537093959,-0.07244520833333333,-0.05240541666666669,30,-0.0017854333333331529,0.007760763101652523,-0.004691947291666466,0.0006780826041668863,30,0.9949219482474754,0.022073607887482003,0.986540732996186,1.001826537409244,30,-0.0026014423076923237,0.011996783011131542,-0.007275466506410159,0.0012061217948718002,30,-0.1400833333333334,0.08666981371386119,-0.16875000000000004,-0.10739958333333334,30,0.16666666666666666,0.46113303737741407,0.0,0.3333333333333333,29,-776.2068965517242,310.9202216589542,-879.1452586206897,-656.2564655172414,True
0.65,0.95,graph_ppo,baseline2_matched,30,0.7666666666666667,0.0,30,0.03735000000000001,0.16516779086108477,-0.023867083333333327,0.0931675,30,1.0422291627243765,0.18777163541566882,0.9722653811912749,1.1052782921198019,30,-0.006225000000000003,0.02752796514351413,-0.015236250000000012,0.0036697916666666606,30,-0.002658212499999903,0.007747579798422066,-0.005664799166666759,-0.00019409739583318392,30,0.9924573413673042,0.02198218602443288,0.984236853303302,0.9993740145014749,30,-0.004075192307692286,0.011975483306037498,-0.008526188461538459,-0.0003137137820511577,30,0.07103333333333331,0.08422925748272955,0.043716666666666654,0.10241749999999998,30,0.16666666666666666,0.46113303737741407,0.0,0.3333333333333333,29,-43.0,297.288940738996,-141.31077586206897,72.24137931034483,False
0.65,0.95,graph_ppo,grid_cnn_ppo,30,0.5,0.0,30,-0.03568333333333333,0.2265247373007977,-0.11648375000000004,0.0442191666666666,30,0.9812004514434745,0.23697795900400936,0.8960696524274008,1.0616850093000045,30,0.005947222222222211,0.03775412288346628,-0.007041875000000014,0.01950631944444442,30,-0.003331954166666886,0.008080777953616242,-0.006445865625000198,-0.0007442394791668498,30,0.9905871595840463,0.022850597189995697,0.9817998138373343,0.9977083242760023,30,-0.005139807692307647,0.012505682104486963,-0.009795533653846014,-0.0012252969551282853,30,0.018933333333333312,0.11237136195893394,-0.019302083333333324,0.06021666666666663,30,-0.16666666666666666,0.791477593876918,-0.43333333333333335,0.1,29,39.93103448275862,400.6211410364163,-95.24439655172411,189.58749999999998,False
0.65,0.95,graph_ppo,left_if_safe,30,0.3333333333333333,0.23333333333333334,30,0.013966666666666672,0.15363654677760472,-0.03731749999999999,0.06893499999999998,30,1.0320469889153827,0.21395999437673258,0.9605966769760874,1.1134592129298226,30,-0.0023277777777777732,0.025606091129600786,-0.01160326388888888,0.006442013888888888,30,0.0016078916666665518,0.008189964100099586,-0.0012248854166667976,0.004611375937499785,30,1.0049422789959126,0.024388385092770002,0.9967035212581536,1.0136124092971446,30,0.0024790512820513644,0.012652003342199854,-0.001860295352564024,0.006921303846153864,30,-0.011616666666666673,0.07998455490273423,-0.04071916666666663,0.015416666666666662,30,-0.06666666666666667,0.44977644510880366,-0.23333333333333334,0.1,29,-25.724137931034484,230.6296732475377,-111.29353448275862,52.74267241379308,False
0.65,0.95,graph_ppo,node_mlp_ppo,30,0.5666666666666667,0.0,30,0.0009000000000000119,0.28219791294225677,-0.0952283333333332,0.10240041666666665,30,1.1092573655621438,0.6593173207365385,0.9294978063429434,1.3765861851371999,30,-0.00014999999999999088,0.047032985490376114,-0.017161597222222217,0.015764444444444446,30,0.001033279166666586,0.014791955404993633,-0.0038871335416671093,0.0064954248958331885,30,1.00422976872174,0.046056833502221575,0.9893014830265848,1.022159163667222,30,0.001590006410256593,0.022855975916622397,-0.005982570032051286,0.010088549358974509,30,-0.0038166666666666718,0.14017448998900678,-0.05373458333333333,0.04481874999999997,30,-0.13333333333333333,0.8193072487266861,-0.43333333333333335,0.16666666666666666,28,14.607142857142858,484.31710910240633,-157.1816964285714,197.62812499999995,False
0.65,0.95,graph_ppo,noop,30,0.9333333333333333,0.0,30,0.37456666666666666,0.17182798803240515,0.31169874999999997,0.43263416666666665,30,1.6918024762800217,0.3200058454730584,1.5752837897336358,1.801295230285142,30,-0.062427777777777776,0.028637998005400848,-0.07207798611111109,-0.051849861111111124,30,-0.001797129166666761,0.00778133428333254,-0.0047899241666666354,0.000626701770833173,30,0.9948900884754404,0.022129135530934367,0.9863261993138268,1.0019035910479008,30,-0.0026207499999999625,0.012029670207717169,-0.007359070192307592,0.001170256570512948,30,-0.16480000000000003,0.0885257219585125,-0.19328458333333332,-0.13158291666666666,30,0.16666666666666666,0.46113303737741407,0.0,0.3333333333333333,29,-765.8965517241379,316.35545614157166,-869.0349137931034,-644.8771551724138,True
0.65,0.95,grid_cnn_ppo,baseline1_hdv,30,1.0,0.0,30,0.4136666666666667,0.10751883021394305,0.3763829166666666,0.45105125,30,1.766900457233046,0.2023638110647816,1.695522327659795,1.8377356573607888,30,-0.06894444444444445,0.01791980503565718,-0.07518611111111112,-0.06266659722222223,30,0.001546520833333733,0.0009008821431604941,0.0012207103125004165,0.0018473641666667704,30,1.0043990816466724,0.0025631105949745167,1.0034600894374115,1.0052437546468127,30,0.0025383653846153226,0.0014165341796800685,0.00202650208333354,0.0030077171474356414,30,-0.15901666666666667,0.048680606372369775,-0.17593333333333333,-0.14161583333333336,30,0.3333333333333333,0.47946330148538413,0.16666666666666666,0.5,30,-819.25,164.56157793067763,-872.8679166666667,-758.1291666666667,True
0.65,0.95,grid_cnn_ppo,baseline2_matched,30,0.7333333333333333,0.0,30,0.07303333333333335,0.11270260937937301,0.033047083333333394,0.11273333333333332,30,1.0842522918580038,0.12792297625198598,1.0393993365776917,1.1283540824526173,30,-0.012172222222222214,0.018783768229895505,-0.018547291666666656,-0.005435902777777782,30,0.0006737416666669826,0.0009058720150699539,0.000339592708333799,0.0009760486458336637,30,1.0019118378028382,0.0025704882646210665,1.0009782260154825,1.0027642583633127,30,0.0010646153846153603,0.0014257774961676155,0.0005363931089744821,0.0015343320512819683,30,0.05210000000000001,0.0523666450829283,0.03351666666666667,0.07061666666666667,30,0.3333333333333333,0.47946330148538413,0.16666666666666666,0.5,30,-86.21666666666667,168.3428707324334,-142.75416666666663,-23.68041666666671,True
0.65,0.95,grid_cnn_ppo,left_if_safe,30,0.5333333333333333,0.0,30,0.04965000000000001,0.2188444633476731,-0.028572499999999945,0.12528375000000003,30,1.097312713670876,0.2716056294697994,1.0038086790840326,1.197449775736328,30,-0.008274999999999984,0.03647407722461218,-0.021116736111111107,0.004694444444444449,30,0.004939845833333438,0.008711284525965783,0.002062720833333492,0.008130827708333477,30,1.0147945680393666,0.026208088316525907,1.006290866661163,1.0244533942098513,30,0.007618858974359011,0.013469283332965354,0.003115387339743634,0.01274282403846157,30,-0.030549999999999983,0.11168184105166629,-0.07126708333333333,0.008250833333333341,30,0.1,0.6617635789938568,-0.13333333333333333,0.3333333333333333,30,-76.61666666666666,401.68676000201896,-222.98333333333332,63.70124999999999,False
0.65,0.95,grid_cnn_ppo,noop,30,1.0,0.0,30,0.41025000000000006,0.10494684615195152,0.3735666666666667,0.4471175,30,1.7549357077215242,0.19192024505763028,1.6863828680355237,1.8236635560204428,30,-0.06837499999999999,0.017491141025325257,-0.07440284722222223,-0.06216374999999998,30,0.0015348250000001248,0.0008720540547198877,0.001203718958333343,0.0018271076041666764,30,1.0043654566770015,0.002480542459224612,1.003444010221214,1.0051890320855839,30,0.0025190576923076837,0.0013720707472492917,0.0020130060897435346,0.0029732812499999378,30,-0.18373333333333328,0.050408800089238204,-0.2012333333333333,-0.16588333333333333,30,0.3333333333333333,0.47946330148538413,0.16666666666666666,0.5,30,-807.6833333333333,159.40122243145967,-860.6333333333333,-749.5658333333334,True
0.65,0.95,left_if_safe,baseline1_hdv,30,1.0,0.0,30,0.3640166666666666,0.16335140264817574,0.30789916666666667,0.42063375,30,1.675066615993533,0.3047177537183487,1.5692246899153308,1.7818944324307222,30,-0.060669444444444456,0.02722523377469595,-0.07005020833333336,-0.05094159722222224,30,-0.0033933249999997047,0.00834836632206648,-0.006514589374999738,-0.0006764488541664241,30,0.9903464496748785,0.023749080236920087,0.9815695922066543,0.9982771368301583,30,-0.005080493589743688,0.012896615077304755,-0.00981462676282083,-0.0007727660256409329,30,-0.1284666666666667,0.08520957260993518,-0.15751708333333336,-0.09819916666666673,30,0.23333333333333334,0.4301830671520762,0.1,0.4,30,-742.6333333333333,303.09921936819495,-845.0679166666667,-631.4408333333336,True
0.65,0.95,left_if_safe,baseline2_matched,30,0.6333333333333333,0.0,30,0.023383333333333343,0.15532611318378378,-0.03245041666666666,0.079,30,1.0256169531488364,0.17588281340311696,0.9628887159561218,1.0868744616429764,30,-0.00389722222222223,0.02588768553063062,-0.012894583333333329,0.0054336111111110905,30,-0.004266104166666455,0.0083905017253246,-0.007425392499999776,-0.001510943437499856,30,0.987896715668503,0.02379933755244703,0.9790612852671922,0.9955922097121679,30,-0.00655424358974365,0.012959629450750038,-0.011396255769230734,-0.0022684602564101626,30,0.08264999999999997,0.08205266916585578,0.055115833333333336,0.11261791666666664,30,0.23333333333333334,0.4301830671520762,0.1,0.4,30,-9.6,296.9562954027248,-107.9175,100.81791666666665,False
0.65,0.95,left_if_safe,noop,30,1.0,0.0,30,0.36060000000000003,0.16268853254206225,0.30236666666666673,0.41721708333333335,30,1.6642502249756181,0.30218456900192614,1.559487059476806,1.7690770198370251,30,-0.0601,0.027114755423677046,-0.069578125,-0.050355347222222235,30,-0.003405020833333313,0.008390730393262323,-0.006579352187500114,-0.0006748040625000175,30,0.9903162644839207,0.023863502402462246,0.981458443897773,0.9983923772639253,30,-0.005099801282051327,0.01296144429806651,-0.009816100320512717,-0.0008359243589746105,30,-0.15318333333333337,0.08531579100847803,-0.18265041666666668,-0.12225,30,0.23333333333333334,0.4301830671520762,0.1,0.4,30,-731.0666666666667,310.60568564342634,-834.4858333333333,-619.88125,True
0.65,0.95,node_mlp_ppo,baseline1_hdv,30,0.9666666666666667,0.0,30,0.3770833333333334,0.1733868548557866,0.3099333333333334,0.4315508333333333,30,1.6987442149599021,0.3223893721190365,1.5760033069338426,1.8013644632132606,30,-0.06284722222222223,0.028897809142631087,-0.07196680555555558,-0.05170451388888893,30,-0.002818712499999739,0.011257743220288458,-0.0073645226041663785,0.00047865781249994597,30,0.9919874163661113,0.03199609120777176,0.9788042694890693,1.001297822224507,30,-0.004191448717948917,0.0173815199690867,-0.01130134182692339,0.0008055641025641165,30,-0.1362666666666667,0.09030167193370779,-0.16473375000000004,-0.10219958333333337,30,0.3,0.534983080621924,0.1,0.5,29,-790.7068965517242,263.7250840377891,-876.2594827586206,-688.9818965517242,True
0.65,0.95,node_mlp_ppo,baseline2_matched,30,0.7333333333333333,0.0,30,0.03645,0.17780599413890447,-0.03053541666666665,0.09350333333333329,30,1.0428115063851957,0.2020385935682099,0.967586838421265,1.1075675967800374,30,-0.006075000000000012,0.029634332356484074,-0.015461111111111108,0.005286527777777755,30,-0.0036914916666664892,0.011158785070031003,-0.008115542395832917,-0.0004464278125000881,30,0.9895222314630793,0.03168016187827354,0.9770230759420118,0.9986774654487145,30,-0.005665198717948879,0.01723039185768532,-0.012506469871795184,-0.0007090450320514521,30,0.07485,0.09055919668067003,0.046765833333333326,0.10981708333333332,30,0.3,0.534983080621924,0.1,0.5,29,-57.87931034482759,258.8584022468521,-142.38146551724137,39.5008620689655,False
0.65,0.95,node_mlp_ppo,grid_cnn_ppo,30,0.43333333333333335,0.0,30,-0.03658333333333335,0.16637914135540224,-0.10243416666666666,0.015067083333333318,30,0.9660955599108257,0.17512988029357368,0.8978636426420125,1.0214368623977002,30,0.006097222222222202,0.027729856892567035,-0.0024501388888889105,0.016697708333333297,30,-0.0043652333333334715,0.010894465513217159,-0.008849871145833466,-0.0012750136458333913,30,0.9876145238327222,0.030891735800310058,0.9749813916162757,0.9964797576829774,30,-0.006729814102564239,0.01681311334963792,-0.013420492628205397,-0.00203734134615404,30,0.022749999999999986,0.08182326939076134,-0.002783750000000024,0.05420124999999996,30,-0.03333333333333333,0.5560534167675356,-0.23333333333333334,0.16666666666666666,29,28.896551724137932,194.86540131727304,-33.60560344827584,101.55258620689654,False
0.65,0.95,node_mlp_ppo,left_if_safe,30,0.5,0.0,30,0.013066666666666664,0.2721114671870935,-0.08515291666666663,0.10596833333333332,30,1.0610756503737233,0.32959845330454496,0.9461200743194261,1.1744840722266732,30,-0.0021777777777777824,0.0453519111978489,-0.017572847222222212,0.014311736111111088,30,0.0005746124999999658,0.015480295207507546,-0.005098599791666572,0.005693313645833311,30,1.002409778088905,0.0448834904925068,0.9860785012385537,1.017422303220826,30,0.0008890448717947715,0.023910828410122528,-0.008151557051282057,0.008726757211538603,30,-0.007800000000000001,0.14320955227242688,-0.05840041666666667,0.04353333333333333,30,0.06666666666666667,0.7396799556440672,-0.2,0.3333333333333333,29,-54.98275862068966,483.3006030478381,-231.78146551724134,116.53448275862068,False
0.65,0.95,node_mlp_ppo,noop,30,0.9666666666666667,0.0,30,0.3736666666666667,0.17185826825560677,0.3049645833333334,0.4278208333333333,30,1.6872212705082212,0.31436727337054354,1.5650091314628478,1.7863469281277027,30,-0.06227777777777779,0.028643044709267783,-0.07124743055555556,-0.05104152777777779,30,-0.002830408333333347,0.01115120208650451,-0.007263921145833471,0.0003784221875000417,30,0.9919450733958228,0.03173465706734747,0.9791143720774232,1.00109292552742,30,-0.004210756410256556,0.01721726974616123,-0.011114406891025833,0.000771984775640929,30,-0.16098333333333334,0.08930936964141627,-0.18911708333333335,-0.12668291666666667,30,0.3,0.534983080621924,0.1,0.5,29,-778.7758620689655,257.72090338078687,-862.6913793103448,-681.9133620689655,True
0.65,0.95,noop,baseline1_hdv,30,0.5333333333333333,0.03333333333333333,30,0.0034166666666666677,0.011002416140082169,-0.00038333333333334294,0.007383333333333345,30,1.0065135864520327,0.020522915078301306,0.9993570194970451,1.0137287751900699,30,-0.0005694444444444521,0.0018337360233470275,-0.0012111111111111183,6.111111111110448e-05,30,1.169583333360813e-05,0.00018826358220041078,-5.702958333307019e-05,7.366770833374617e-05,30,1.000033418639048,0.0005353543053752649,0.999838595018175,1.000211588370664,30,1.9307692307638883e-05,0.00029098818559910184,-8.705945512803562e-05,0.00011642499999969975,30,0.02471666666666664,0.010768475169273714,0.020916666666666642,0.028483749999999974,30,0.0,0.0,0.0,0.0,30,-11.566666666666666,45.50307555602666,-27.567499999999992,4.766666666666667,False
0.65,0.95,noop,baseline2_matched,30,0.0,0.0,30,-0.33721666666666666,0.026378440561124553,-0.3463833333333333,-0.32756624999999995,30,0.6175043620295629,0.020425835902256224,0.6104875714507427,0.6250020250800593,30,0.05620277777777778,0.004396406760187431,0.0545888888888889,0.05771944444444446,30,-0.0008610833333331421,0.0002467874852159988,-0.0009475999999997299,-0.0007726141666663544,30,0.9975570492152628,0.0006991641750144845,0.9973131492382795,0.9978022658241702,30,-0.0014544423076923237,0.0003827956165623538,-0.0015872176282049572,-0.001319063621794898,30,0.23583333333333334,0.01824135758206558,0.22938333333333333,0.2421833333333333,30,0.0,0.0,0.0,0.0,30,721.4666666666667,59.28466297760169,700.1333333333333,741.9683333333334,False
0.65,1.0,baseline2_matched,baseline1_hdv,30,1.0,0.0,30,0.42360000000000003,0.03270489787214733,0.41219958333333334,0.43526666666666664,30,1.7851145417052778,0.06560359720106944,1.7621215260785066,1.808542485253302,30,-0.07060000000000001,0.005450816312024566,-0.07256673611111113,-0.06871944444444443,30,0.001085141666666911,0.00026176040870630577,0.0009995026041669584,0.0011813912500003903,30,1.0030867830451362,0.0007453514161028762,1.002842029688119,1.003364797070892,30,0.0018323717948717196,0.0004064091881490135,0.0017012046474356867,0.0019857125000000476,30,-0.26165000000000005,0.026304958887422073,-0.27099999999999996,-0.25251625,30,0.13333333333333333,0.34574590364176044,0.03333333333333333,0.26666666666666666,30,-832.75,42.33868981407448,-846.8841666666666,-817.4829166666667,True
0.65,1.0,graph_ppo,baseline1_hdv,30,1.0,0.0,30,1.0148000000000001,0.22077538124871904,0.9332829166666666,1.0874666666666666,30,2.8797125188826858,0.40939779019770456,2.7290117706819115,3.0168219043357936,30,-0.16913333333333333,0.0367958968747865,-0.1811723611111111,-0.15583020833333333,30,-0.0013218291666664938,0.007970680982032319,-0.004380647291666481,0.0011969721875001594,30,0.996239977509866,0.022673186954398024,0.9875292817135308,1.0034615206314235,30,-0.0016432756410257913,0.012341527496421612,-0.006297753525641449,0.0022344089743588807,30,-0.24800000000000005,0.06097088055672207,-0.2682666666666667,-0.22541625000000004,30,1.7333333333333334,0.5208304597621878,1.5333333333333334,1.9,30,-1176.4888888888888,188.1310068392636,-1234.0666666666666,-1102.0220833333335,True
0.65,1.0,graph_ppo,baseline2_matched,30,0.9666666666666667,0.0,30,0.5912000000000001,0.2248044207443592,0.5090479166666667,0.66648375,30,1.615457227526776,0.23535526128582296,1.5302235834258828,1.691591338819724,30,-0.09853333333333333,0.03746740345739319,-0.11076965277777778,-0.08448826388888891,30,-0.002406970833333405,0.007999662769204299,-0.005447798124999954,0.000171768437499824,30,0.993176327286469,0.022678644083878204,0.9845579974978491,1.000357365871078,30,-0.003475647435897511,0.012387785870626203,-0.00830309006410281,0.0004368645833331497,30,0.01365,0.06255868279546371,-0.00685,0.036800000000000006,30,1.6,0.6214554662658653,1.3666666666666667,1.8,30,-343.7388888888889,193.64967521626917,-400.5727777777778,-265.8806944444445,True
0.65,1.0,graph_ppo,grid_cnn_ppo,30,0.6333333333333333,0.0,30,0.02215000000000001,0.2833765665122574,-0.08066708333333333,0.11806791666666668,30,1.0249002865908332,0.18836599441038654,0.9575775521066493,1.0902470039561363,30,-0.003691666666666682,0.0472294277520429,-0.01966722222222225,0.01395055555555552,30,-0.0036691416666668956,0.008093173191650982,-0.006736497916666898,-0.0011268195833335003,30,0.9896411167060358,0.02285777264466199,0.9809911220929853,0.9969467484021786,30,-0.005636314102564362,0.012549027211298878,-0.0104501099358981,-0.0016502450320514913,30,-0.013400000000000002,0.08661362877547144,-0.04270041666666666,0.018717083333333332,30,0.06666666666666667,0.7396799556440673,-0.2,0.3333333333333333,30,22.03333333333334,220.38966883742125,-47.67694444444438,108.59069444444445,False
0.65,1.0,graph_ppo,left_if_safe,30,0.26666666666666666,0.6,30,0.13736666666666666,0.402043764415949,0.01456541666666668,0.2948616666666665,30,7.282945296723333,31.12600380083784,1.0217635771827165,19.16371693876611,30,-0.022894444444444443,0.06700729406932485,-0.04911673611111113,-0.0021995138888888906,30,0.006461379166666603,0.01960143975682377,0.00040526145833324735,0.014065976145833268,30,1.0227259400225328,0.0684953813849631,1.0015687870677707,1.0485847223040081,30,0.009993416666666716,0.03031033403280969,0.0005247982371794102,0.02153588141025643,30,-0.04956666666666667,0.14984737829408026,-0.10620041666666667,-0.0028645833333333644,30,0.23333333333333334,0.7738543627276672,0.0,0.5333333333333333,28,-55.910714285714285,257.683282018003,-166.57842261904761,13.50610119047619,True
0.65,1.0,graph_ppo,node_mlp_ppo,30,0.5333333333333333,0.0,30,-0.03825000000000002,0.3714602533617644,-0.1674795833333333,0.09006749999999993,30,1.005227267352275,0.254624201645542,0.9168087456762717,1.0994378355852221,30,0.006375000000000008,0.06191004222696074,-0.015342083333333324,0.028206111111111126,30,-0.000534958333333511,0.011686739953266318,-0.004757723645833416,0.0035503896874997877,30,0.998958510416221,0.033827201500038546,0.9867464382566683,1.0107335762419736,30,-0.000837724358974512,0.018116973636928903,-0.0072748987179488064,0.005521207532050836,30,0.021366666666666666,0.100325241205733,-0.01323541666666664,0.056317916666666655,30,-0.03333333333333333,0.7648904962570577,-0.3,0.23333333333333334,30,31.638888888888896,258.9653857967672,-54.85138888888888,128.07819444444448,False
0.65,1.0,graph_ppo,noop,30,1.0,0.0,30,1.0084666666666666,0.21961871086252993,0.9267316666666667,1.0815833333333333,30,2.8457885979903548,0.4011314952929806,2.6984718635554463,2.9780033130987276,30,-0.16807777777777783,0.036603118477088324,-0.1802613888888889,-0.15457187500000005,30,-0.001292233333333161,0.007976130058010556,-0.004282067395833117,0.0012546106250001761,30,0.9963241545220054,0.022689353378258177,0.9876170515818634,1.0035204899874597,30,-0.0016001794871793984,0.012349749988995256,-0.006323648557692321,0.0024043858974359773,30,-0.2718,0.06206651048784627,-0.2925666666666666,-0.2489991666666667,30,1.7333333333333334,0.5208304597621878,1.5333333333333334,1.9,30,-1149.9222222222222,191.45072159563446,-1208.584861111111,-1074.3712500000001,True
0.65,1.0,grid_cnn_ppo,baseline1_hdv,30,1.0,0.0,30,0.9926499999999999,0.12406263365318952,0.9480333333333334,1.0349504166666668,30,2.8399020637772634,0.2375850203918257,2.7541490376044564,2.9227865522159195,30,-0.16544166666666668,0.020677105608864915,-0.1723723611111111,-0.15783305555555555,30,0.0023473125000004016,0.000538538989549659,0.002155060625000392,0.002526841250000408,30,1.0066767982113225,0.001532266702886468,1.006108575107972,1.0071990257681795,30,0.003993038461538571,0.0008548100328774848,0.003692121314102576,0.0042757057692307705,30,-0.23460000000000003,0.047835277704884785,-0.25161666666666666,-0.21754958333333332,30,1.6666666666666667,0.4794633014853841,1.5,1.8333333333333333,30,-1198.522222222222,79.99068113029405,-1225.1286111111112,-1168.8937500000002,True
0.65,1.0,grid_cnn_ppo,baseline2_matched,30,1.0,0.0,30,0.5690500000000001,0.1200466396433285,0.5254166666666666,0.6094012499999998,30,1.591415846053247,0.125742755432681,1.5455929788464187,1.6333392562915854,30,-0.09484166666666669,0.02000777327388808,-0.10148381944444446,-0.087444375,30,0.0012621708333334905,0.0005693931514040327,0.0010530122916666896,0.001453724687500103,30,1.0035793686582415,0.0016154137052268268,1.0029838103544837,1.0041205846701045,30,0.0021606666666668514,0.0009040281290559764,0.0018271410256412359,0.002468715064102757,30,0.027050000000000005,0.04566243268399845,0.011550000000000005,0.04368375,30,1.5333333333333334,0.507416263404925,1.3666666666666667,1.7,30,-365.7722222222222,75.04327593522738,-389.8670833333332,-337.19972222222214,True
0.65,1.0,grid_cnn_ppo,left_if_safe,30,0.43333333333333335,0.0,30,0.11521666666666665,0.5098363274102057,-0.04916791666666669,0.3058170833333333,30,7.769105940568723,33.604960255921725,1.0292977054796266,20.55772844193711,30,-0.01920277777777776,0.08497272123503427,-0.05136111111111109,0.008766736111111116,30,0.010130520833333498,0.021955669024825392,0.003221782187500247,0.018248780000000218,30,1.0341635345280045,0.0766029076403526,1.01042351409296,1.0638065014568379,30,0.01562973076923108,0.03396543736844069,0.004960902243589901,0.028054913942307948,30,-0.03616666666666666,0.1735732645337972,-0.09993374999999997,0.020050416666666664,30,0.16666666666666666,1.0531834608931394,-0.2,0.5666666666666667,28,-74.73214285714286,364.8335894941989,-225.1061011904761,39.226488095238096,False
0.65,1.0,grid_cnn_ppo,noop,30,1.0,0.0,30,0.9863166666666667,0.12356273593864647,0.9400987500000001,1.028950416666667,30,2.807028273581413,0.23408538504838344,2.7219178552390497,2.886721770813006,30,-0.16438611111111107,0.020593789323107747,-0.17133083333333332,-0.15703020833333334,30,0.0023769083333337344,0.0005491638510256214,0.0021740941666667686,0.002561490729167036,30,1.006761558386301,0.0015622146670745275,1.0061603715172056,1.0072789130657336,30,0.004036134615384964,0.0008714781271330667,0.003714531410257095,0.004320348557692778,30,-0.2584,0.046961723225152865,-0.2750666666666666,-0.24166666666666667,30,1.6666666666666667,0.4794633014853841,1.5,1.8333333333333333,30,-1171.9555555555553,80.09510550542979,-1199.0388888888888,-1142.6331944444446,True
0.65,1.0,left_if_safe,baseline1_hdv,30,0.9333333333333333,0.0,30,0.8774333333333334,0.4775276437806639,0.6936125000000001,1.0285508333333333,30,2.62347014093201,0.8891681847970377,2.2916336842958787,2.9096387373990336,30,-0.1462388888888889,0.07958794063011065,-0.17155284722222228,-0.11612409722222225,30,-0.007783208333333097,0.021824269762399786,-0.016176763854166415,-0.0009425182291662797,30,0.9778597912646383,0.062082459817659676,0.9549350820689749,0.9972649307933278,30,-0.011636692307692507,0.03375631643347389,-0.024807863621794872,-0.0009628072115386039,30,-0.19843333333333335,0.16388082998563808,-0.24906666666666666,-0.13668208333333334,30,1.5,0.9001915504970077,1.1666666666666667,1.8,28,-1121.1904761904764,341.3892330838928,-1225.8592261904762,-983.121875,True
0.65,1.0,left_if_safe,baseline2_matched,30,0.8666666666666667,0.0,30,0.45383333333333326,0.4791506374130513,0.2777458333333334,0.6068079166666664,30,1.4721006363358973,0.49743728090974504,1.2845834337793525,1.6302531242032052,30,-0.0756388888888889,0.0798584395688419,-0.10122423611111113,-0.0453832638888889,30,-0.008868350000000007,0.02185315786944321,-0.017440305416666715,-0.0019948140624999233,30,0.9748558065201521,0.06196401553923327,0.9509300239576904,0.9945186639201893,30,-0.013469064102564227,0.033801461992333484,-0.0265292625000003,-0.00279330336538494,30,0.06321666666666666,0.16437240535953154,0.012099583333333337,0.12670041666666665,30,1.3666666666666667,0.9278574999588487,1.0333333333333334,1.6666666666666667,28,-289.70833333333337,340.1630679668826,-395.07797619047625,-150.73199404761905,True
0.65,1.0,left_if_safe,noop,30,0.9333333333333333,0.0,30,0.8711,0.4763039525055548,0.6839491666666665,1.0260845833333334,30,2.591511623472427,0.8751682293571205,2.2648554978870847,2.8688217708751784,30,-0.14518333333333336,0.07938399208425916,-0.1711198611111111,-0.11442076388888889,30,-0.007753612499999765,0.02181906168065646,-0.01603788552083305,-0.0008744092708330497,30,0.9779411916459828,0.062080315577611976,0.9539858402895246,0.9975588734531189,30,-0.011593596153846114,0.033747996398965606,-0.024455111698717977,-0.0010328608974356304,30,-0.22223333333333334,0.16453794936612404,-0.2745008333333333,-0.15989958333333334,30,1.5,0.9001915504970077,1.1666666666666667,1.8,28,-1095.297619047619,341.38850271847144,-1201.840625,-956.3325892857143,True
0.65,1.0,node_mlp_ppo,baseline1_hdv,30,1.0,0.0,30,1.0530499999999998,0.21032054148944604,0.9773166666666666,1.1245004166666668,30,2.9524133230626237,0.3977141203973132,2.809920915194418,3.084602710944505,30,-0.17550833333333335,0.03505342358157435,-0.18737520833333338,-0.16286104166666665,30,-0.0007868708333329829,0.006760849773751478,-0.0033910572916660327,0.0013405044791669715,30,0.9977608966841857,0.019232302127440943,0.9905116974283436,1.003934431159625,30,-0.0008055512820512793,0.010475011907569038,-0.004910519070512819,0.002592079326922775,30,-0.2693666666666667,0.05879668846723123,-0.28970041666666674,-0.2478166666666667,30,1.7666666666666666,0.43018306715207627,1.6,1.9,30,-1208.1277777777773,129.22527541913763,-1251.222361111111,-1160.648888888889,True
0.65,1.0,node_mlp_ppo,baseline2_matched,30,1.0,0.0,30,0.62945,0.20743633630752753,0.5500970833333335,0.6980870833333332,30,1.654238312652985,0.21579136716150427,1.5746518061967651,1.725238046595545,30,-0.10490833333333337,0.034572722717921264,-0.11670298611111116,-0.09226645833333336,30,-0.001872012499999894,0.006744922405466475,-0.004414787291666485,0.00027304479166693,30,0.9946899344802325,0.019128949381866187,0.987490655095395,1.0008708682207763,30,-0.0026379230769229987,0.010450431049437834,-0.006647022756410074,0.0006673652243589999,30,-0.007716666666666668,0.05993972307492629,-0.028117083333333334,0.014017083333333326,30,1.6333333333333333,0.4901325178535609,1.4666666666666666,1.8,30,-375.37777777777774,125.67268753933321,-416.1945833333334,-328.1211111111112,True
0.65,1.0,node_mlp_ppo,grid_cnn_ppo,30,0.7,0.0,30,0.06040000000000003,0.15695142011419352,0.0039162500000000395,0.11278625000000002,30,1.0385114327964786,0.10286747081927519,1.0007287541292669,1.073143983112735,30,-0.01006666666666669,0.026158570019032257,-0.018744722222222246,-0.00042500000000005207,30,-0.003134183333333385,0.006453490461157811,-0.005581323750000196,-0.0010917491666666724,30,0.9911286340215889,0.018267176258105658,0.9841610077640203,0.9968987202118439,30,-0.00479858974358985,0.009973387575749173,-0.008598251762820764,-0.0016483052884617004,30,-0.034766666666666675,0.05169885167358957,-0.052683333333333325,-0.016082916666666676,30,0.1,0.40257789993644877,-0.03333333333333333,0.23333333333333334,30,-9.605555555555558,87.9166869132551,-37.89597222222222,22.87791666666667,True
0.65,1.0,node_mlp_ppo,left_if_safe,30,0.5,0.0,30,0.17561666666666664,0.5932408751253914,-0.024503749999999946,0.3933295833333331,30,9.067778456738926,40.0337685338439,1.060746864894926,24.27959078067692,30,-0.029269444444444452,0.09887347918756526,-0.06724229166666665,0.004094791666666669,30,0.006996337500000114,0.024343255678154783,-0.000812110937499994,0.01626864208333347,30,1.0253035223970273,0.08274545419385845,0.9987892331745686,1.0564681871698791,30,0.010831141025641228,0.03767400236736862,-0.0012940511217945938,0.025053869230769323,30,-0.07093333333333333,0.1933478522094905,-0.14548416666666666,-0.009532916666666672,30,0.26666666666666666,1.1121068335350708,-0.1,0.6666666666666666,28,-77.85119047619048,389.3166413090717,-237.85312500000006,47.366815476190325,False
0.65,1.0,node_mlp_ppo,noop,30,1.0,0.0,30,1.0467166666666665,0.2117699501383735,0.9678820833333334,1.1169841666666664,30,2.919410014365356,0.40000171993078076,2.769414053818488,3.053447693100569,30,-0.17445277777777782,0.03529499168972892,-0.18614194444444448,-0.161408125,30,-0.0007572749999996501,0.006780239120141265,-0.0033387244791663593,0.0013940692708338137,30,0.9978458893569594,0.01928812083073519,0.9903544390902801,1.0039539227719771,30,-0.0007624551282048864,0.010505439557708097,-0.004704910897435815,0.0025579253205130475,30,-0.29316666666666674,0.059647142506539255,-0.3138670833333334,-0.27165,30,1.7666666666666666,0.43018306715207627,1.6,1.9,30,-1181.5611111111107,134.79064569659587,-1226.7837500000003,-1131.3730555555558,True
0.65,1.0,noop,baseline1_hdv,30,0.7,0.0,30,0.006333333333333339,0.010206770347153914,0.00288333333333333,0.009966666666666669,30,1.011848580801872,0.01908171458357093,1.0053247193912014,1.0187772095211545,30,-0.0010555555555555652,0.0017011283911923184,-0.001677777777777789,-0.00046944444444445933,30,-2.9595833333332746e-05,0.00015575991307413255,-8.49624999997275e-05,2.4258750000028798e-05,30,0.9999159487846236,0.00044299244631127224,0.9997584454281111,1.0000711874467738,30,-4.309615384639291e-05,0.00024039154552340546,-0.0001311608974363293,3.827003205092067e-05,30,0.023799999999999967,0.009559793678339186,0.020516249999999958,0.02721666666666663,30,0.0,0.0,0.0,0.0,30,-26.566666666666666,39.65078886316468,-40.733333333333334,-13.2,True
0.65,1.0,noop,baseline2_matched,30,0.0,0.0,30,-0.4172666666666667,0.03338741589626076,-0.4291008333333333,-0.40525000000000005,30,0.5675035397137855,0.02177221963820385,0.5598681920889684,0.5750645453642667,30,0.06954444444444442,0.005564569316043464,0.06762215277777774,0.07151395833333334,30,-0.0011147375000002439,0.0002256524576137459,-0.0012022257291667447,-0.0010423320833333682,30,0.9968392917543352,0.0006375046624635943,0.9965946259602375,0.9970493494230986,30,-0.0018754679487181126,0.00035108353747223086,-0.0020059387820515638,-0.0017593052884619452,30,0.28545000000000004,0.024119083158648313,0.27691666666666664,0.29424999999999996,30,-0.13333333333333333,0.34574590364176044,-0.26666666666666666,-0.03333333333333333,30,806.1833333333333,51.58696763607121,788.4,824.38375,False
0.7,0.9,baseline2_matched,baseline1_hdv,30,1.0,0.0,30,0.2619333333333333,0.024575967141081963,0.2533333333333333,0.2704833333333333,30,1.6129656130882994,0.05998990869305123,1.592059191459747,1.6346720760570268,30,-0.04365555555555557,0.004095994523513644,-0.045069513888888905,-0.042227777777777795,30,0.0005922666666665318,0.0001840099578374912,0.0005290163541666058,0.0006571124999998102,30,1.0019653507251818,0.000610820039124733,1.0017533218686312,1.0021865276168198,30,0.0009396428571427436,0.0002666650896842165,0.0008468124999998957,0.0010346976190474986,30,-0.16981666666666667,0.01664253137520589,-0.1756504166666667,-0.16383333333333333,30,1.0,0.0,1.0,1.0,0,,,,,True
0.7,0.9,graph_ppo,baseline1_hdv,30,0.9666666666666667,0.0,30,0.20421666666666666,0.10747322708577185,0.16469875000000003,0.24075041666666672,30,1.4774824614696491,0.24988122507046925,1.387994158348662,1.561755981874992,30,-0.034036111111111114,0.01791220451429531,-0.04000312500000002,-0.027497152777777787,30,-0.0005001333333334801,0.0032096874631214805,-0.0017690928125001337,0.0004520385416665385,30,0.9983398618655525,0.010651102663084803,0.9941266469018806,1.001511340820205,30,-0.000641541666666943,0.004616846737084306,-0.00248876071428602,0.0007524047619046542,30,-0.09539999999999997,0.06321534078326897,-0.11671708333333333,-0.07263291666666669,30,0.8666666666666667,0.34574590364176044,0.7333333333333333,0.9666666666666667,0,,,,,True
0.7,0.9,graph_ppo,baseline2_matched,30,0.4,0.0,30,-0.057716666666666666,0.11218701161325514,-0.09883499999999999,-0.019432083333333357,30,0.9177265793660011,0.1593816389512015,0.8597222813377592,0.9698772171399783,30,0.009619444444444455,0.01869783526887583,0.0031638888888889105,0.016353194444444448,30,-0.0010924000000000118,0.0032340266548880237,-0.0023692520833333394,-0.000140019166666623,30,0.9963826338721353,0.01070856709428101,0.992228349662218,0.9995815070741677,30,-0.0015811845238096866,0.0046539463006413755,-0.003463977827380897,-0.0001888011904761571,30,0.07441666666666666,0.06584059686395848,0.05278333333333333,0.09881791666666667,30,-0.13333333333333333,0.34574590364176044,-0.26666666666666666,-0.03333333333333333,26,25.0,246.20999167377428,-62.50096153846153,123.65480769230768,False
0.7,0.9,graph_ppo,grid_cnn_ppo,30,0.6666666666666666,0.0,30,0.05400000000000002,0.2008984560796135,-0.011600416666666643,0.12791708333333335,30,1.834629634386223,2.906255204792076,1.0246291444226532,3.0164205948443126,30,-0.009000000000000005,0.03348307601326892,-0.02142243055555556,0.0020889583333333177,30,-0.0003963750000001894,0.0031154166020816096,-0.001509274062500045,0.0006963657291663497,30,0.9987019302888154,0.01044735605650145,0.9950149187735569,1.0023305308513204,30,-0.0005469642857142761,0.004496582538046335,-0.002145460863095164,0.001035107886904628,30,-0.024100000000000007,0.11754891865033071,-0.06828458333333333,0.01473333333333332,30,0.03333333333333333,0.490132517853561,-0.13333333333333333,0.2,22,32.54545454545455,249.7068237663878,-62.59090909090909,140.59204545454543,False
0.7,0.9,graph_ppo,left_if_safe,30,0.16666666666666666,0.6333333333333333,30,0.0036166666666666643,0.09247923190280795,-0.027300833333333326,0.03765249999999996,30,1.0569894171894063,0.39454854848892496,0.9577909417749706,1.2132444688563373,30,-0.0006027777777777854,0.015413205317134651,-0.006538958333333334,0.004589097222222203,30,0.0004226999999999888,0.003560602384138181,-0.0006032945833332756,0.0018049015624999768,30,1.0015121034675487,0.012439164292944753,0.9978616994829166,1.0064547166533042,30,0.0006051488095239236,0.005117594009991355,-0.0009130477678570497,0.0026839769345240014,30,-0.0024500000000000004,0.05592595936624138,-0.023434166666666655,0.016383749999999992,30,0.0,0.3713906763541037,-0.13333333333333333,0.13333333333333333,24,21.375,140.85324231115595,-19.791666666666668,83.91666666666667,False
0.7,0.9,graph_ppo,node_mlp_ppo,30,0.4666666666666667,0.0,30,0.011249999999999998,0.13152236927872632,-0.0327,0.06006666666666667,30,1.0386689822761392,0.26509634203311566,0.9530427090122486,1.1390533159919667,30,-0.0018750000000000045,0.021920394879787718,-0.009891736111111105,0.005347638888888875,30,-0.00016812916666675097,0.004345856839531516,-0.0016306122916666793,0.001396270520833432,30,0.9995443604552109,0.014831974947711045,0.9947416396838575,1.0051290175850898,30,-0.00023616666666669838,0.006246499006553436,-0.002362831547619038,0.0021169811011905342,30,-0.0054833333333333435,0.08012721386831599,-0.03523583333333332,0.021767916666666623,30,-0.03333333333333333,0.41384099339733377,-0.16666666666666666,0.1,24,-18.291666666666668,234.0112370335472,-111.62708333333332,70.58437499999998,False
0.7,0.9,graph_ppo,noop,30,0.9666666666666667,0.0,30,0.19745000000000001,0.10982582998108635,0.15788291666666665,0.23468333333333333,30,1.4557536767957575,0.2545072114630654,1.3642810900887552,1.5431460376545443,30,-0.032908333333333324,0.018304304996847705,-0.03932784722222222,-0.02642493055555555,30,-0.0004923333333333391,0.003233813932484019,-0.0017626797916667734,0.00046869812500002187,30,0.998366518926452,0.010729373399225303,0.9940934965931583,1.00158993339269,30,-0.0006328154761904366,0.00465175805795411,-0.002440963244047609,0.0007468379464285279,30,-0.10579999999999999,0.06470884393001178,-0.12723375,-0.0818804166666667,30,0.8666666666666667,0.34574590364176044,0.7333333333333333,0.9666666666666667,0,,,,,True
0.7,0.9,grid_cnn_ppo,baseline1_hdv,30,0.9,0.0,30,0.1502166666666667,0.1769950653575391,0.0811629166666667,0.20665041666666664,30,1.3533979682148984,0.41147586976497386,1.195230424964565,1.4816005917084925,30,-0.025036111111111113,0.029499177559589855,-0.03421951388888889,-0.013727569444444459,30,-0.00010375833333329069,0.0019912827155822185,-0.0008764213541666196,0.0005271807291667837,30,0.9996555586275508,0.006608098869285818,0.9971079663127629,1.001721201345105,30,-9.457738095266695e-05,0.0029060597672879245,-0.001209118898809964,0.0008007873511902656,30,-0.0713,0.10185313971088725,-0.10286708333333336,-0.031765000000000036,30,0.8333333333333334,0.3790490217894517,0.7,0.9666666666666667,0,,,,,True
0.7,0.9,grid_cnn_ppo,baseline2_matched,30,0.13333333333333333,0.0,30,-0.11171666666666666,0.17936548524967275,-0.17940291666666666,-0.056099583333333335,30,0.8397327258333903,0.25747930912304473,0.7397521583828599,0.9199480570957301,30,0.01861944444444446,0.029894247541612108,0.009207986111111125,0.03040604166666667,30,-0.0006960249999998225,0.002027555750541226,-0.0014614620833331286,-5.6668645832976217e-05,30,0.9976956906307092,0.006714181189756851,0.9951673423292767,0.9997962281290228,30,-0.0010342202380954105,0.002958008470752378,-0.0021517458333335745,-0.00010324985119051654,30,0.09851666666666666,0.10358650252685976,0.06634958333333334,0.13761708333333336,30,-0.16666666666666666,0.3790490217894517,-0.3,-0.03333333333333333,25,2.44,126.39952531556439,-45.52,52.560999999999986,False
0.7,0.9,grid_cnn_ppo,left_if_safe,30,0.3333333333333333,0.0,30,-0.05038333333333333,0.22615144770452072,-0.13075374999999995,0.025902083333333284,30,1.00299152851608,0.5548044792309504,0.824948636869163,1.218468305407862,30,0.008397222222222219,0.03769190795075345,-0.004319513888888901,0.022169513888888884,30,0.0008190750000001782,0.004409951261019751,-0.0005877495833332484,0.002521683333333584,30,1.002903353516409,0.015216332991025686,0.9981995436751545,1.0089272610060993,30,0.0011521130952381997,0.006361188712465649,-0.0008909520833330477,0.0036116523809523546,30,0.021650000000000003,0.13324382304373567,-0.02345166666666665,0.07083458333333331,30,-0.03333333333333333,0.5560534167675355,-0.23333333333333334,0.16666666666666666,21,1.0476190476190477,196.52594642704972,-84.42976190476189,79.71904761904754,False
0.7,0.9,grid_cnn_ppo,noop,30,0.9,0.0,30,0.14345,0.1743505856719097,0.07831000000000007,0.19801666666666665,30,1.3298969603625672,0.40412003889694725,1.1770962864857364,1.4571026318597116,30,-0.02390833333333332,0.02905843094531829,-0.03296124999999999,-0.012523958333333342,30,-9.595833333314966e-05,0.0019845372249285183,-0.0008522911458331623,0.0005302835416671055,30,0.9996812793662749,0.006585682996678142,0.9971405866492792,1.0017165801690326,30,-8.585119047616052e-05,0.0028957967426623318,-0.0012131427083332405,0.000832082589285672,30,-0.08170000000000002,0.10051707695024109,-0.11363333333333332,-0.04303333333333336,30,0.8333333333333334,0.3790490217894517,0.7,0.9666666666666667,0,,,,,True
0.7,0.9,left_if_safe,baseline1_hdv,30,0.9666666666666667,0.0,30,0.2006,0.12730999364841167,0.15386625,0.24286749999999996,30,1.469540281625001,0.2977896571957298,1.3574223437998767,1.5694329919335044,30,-0.033433333333333336,0.021218332274735286,-0.04028631944444446,-0.02551659722222222,30,-0.0009228333333334689,0.004040545494435254,-0.0024711828125001316,0.0003171279166664791,30,0.99693822020367,0.013403599513165875,0.9916218771276143,1.0010005200333087,30,-0.0012466904761908666,0.005812673621111039,-0.003496978571429065,0.0005403340773807267,30,-0.09295,0.07587777717464789,-0.11725041666666669,-0.06471583333333336,30,0.8666666666666667,0.34574590364176044,0.7333333333333333,0.9666666666666667,0,,,,,True
0.7,0.9,left_if_safe,baseline2_matched,30,0.4,0.0,30,-0.06133333333333334,0.13144838591979568,-0.11155125000000002,-0.019382916666666663,30,0.9126979105150447,0.18607055578730392,0.8447385124756954,0.9729246805601399,30,0.01022222222222224,0.021908064319965937,0.0030165277777778094,0.018500069444444465,30,-0.0015151000000000008,0.0040304216195662275,-0.003110057604166714,-0.0002911686458334463,30,0.9949824758157891,0.01334584239966917,0.9896129853714704,0.9990292968993625,30,-0.0021863333333336102,0.005800495451750776,-0.004500420535714616,-0.0004146599702382699,30,0.07686666666666667,0.0790334862828598,0.050949583333333326,0.10671708333333332,30,-0.13333333333333333,0.34574590364176044,-0.26666666666666666,-0.03333333333333333,26,1.3076923076923077,203.4085090119426,-73.57884615384614,79.53846153846153,False
0.7,0.9,left_if_safe,noop,30,0.9333333333333333,0.0,30,0.19383333333333339,0.12830743879672257,0.1468991666666667,0.23573583333333334,30,1.4472330949194487,0.2981112446388301,1.3365794491532754,1.544302315073973,30,-0.03230555555555554,0.021384573132787094,-0.03944479166666664,-0.024252638888888893,30,-0.0009150333333333278,0.004021318194641865,-0.0024521683333332666,0.0003305401041666613,30,0.9969631890630779,0.01334661996628078,0.9918210739648012,1.0010000970104755,30,-0.0012379642857143602,0.0057853690976821,-0.0034804900297621794,0.0005298391369050114,30,-0.10335000000000001,0.0772019463306553,-0.1282841666666667,-0.07518291666666668,30,0.8666666666666667,0.34574590364176044,0.7333333333333333,0.9666666666666667,0,,,,,True
0.7,0.9,node_mlp_ppo,baseline1_hdv,30,0.9666666666666667,0.0,30,0.19296666666666665,0.08154942792811179,0.1629495833333333,0.22004999999999994,30,1.451868878538096,0.19165010332886884,1.3808729330284581,1.5169422842793865,30,-0.03216111111111111,0.013591571321351971,-0.036677777777777774,-0.02728305555555557,30,-0.00033200416666672914,0.0031556387012123734,-0.0015933094791668956,0.0005641094791663811,30,0.9988983293562371,0.01047160934524277,0.9946709350415929,1.001875899740615,30,-0.0004053750000002447,0.004530990487327074,-0.0022758413690476182,0.0008776790178569214,30,-0.08991666666666666,0.04883153364539064,-0.10633375,-0.07208333333333333,30,0.9,0.3051285766293646,0.7666666666666667,1.0,0,,,,,True
0.7,0.9,node_mlp_ppo,baseline2_matched,30,0.2,0.0,30,-0.06896666666666666,0.08894544369456475,-0.10060041666666665,-0.03853291666666665,30,0.9017946711222175,0.12720419170506558,0.8558377284489426,0.9453525675448134,30,0.011494444444444458,0.014824240615760785,0.006510972222222229,0.016961111111111118,30,-0.0009242708333332609,0.0032030866859919706,-0.0022258073958332032,-4.792291666564007e-06,30,0.9969407724250071,0.010605168981814872,0.9926362158979499,0.9999911768829294,30,-0.0013450178571429883,0.004600204738818828,-0.003244201339285599,-2.1756547619306824e-05,30,0.07990000000000001,0.05165325372800493,0.06293291666666667,0.09928333333333332,30,-0.1,0.30512857662936466,-0.23333333333333334,0.0,27,51.851851851851855,206.2630329129259,-23.483333333333317,131.1861111111111,False
0.7,0.9,node_mlp_ppo,grid_cnn_ppo,30,0.4666666666666667,0.0,30,0.04275000000000002,0.14912686973131994,-0.006986249999999966,0.09823499999999998,30,1.7823368149380956,2.7696169491762865,1.0171792933606345,2.8896926717936857,30,-0.007125,0.024854478288553323,-0.016355694444444447,0.001236180555555566,30,-0.00022824583333343844,0.003382159988212615,-0.0016042355208335764,0.0007702114583332608,30,0.9992719257489366,0.011232511590163918,0.9948329051105251,1.002563781283753,30,-0.0003107976190475777,0.004869485943461112,-0.002318443601190357,0.0011328398809525911,30,-0.01861666666666666,0.08585349222039125,-0.050417916666666646,0.010117083333333334,30,0.06666666666666667,0.3651483716701107,-0.06666666666666667,0.2,24,13.958333333333334,188.02762959935868,-55.62604166666666,92.08541666666663,False
0.7,0.9,node_mlp_ppo,left_if_safe,30,0.5,0.0,30,-0.007633333333333329,0.15340345348208392,-0.06273333333333334,0.04725,30,1.0664892052735881,0.45961307119129646,0.9346127621181791,1.2523567665939332,30,0.001272222222222219,0.02556724224701399,-0.007686250000000004,0.010349999999999993,30,0.0005908291666667398,0.0053199837221933974,-0.001235878854166667,0.0025028022916667816,30,1.0021591715223266,0.018129345412291324,0.9958147969471396,1.0086769112220022,30,0.000841315476190622,0.007647804532833016,-0.0018619235119044465,0.003575143601190678,30,0.0030333333333333436,0.09488277098549061,-0.03034999999999999,0.03625041666666669,30,0.03333333333333333,0.49013251785356104,-0.13333333333333333,0.2,23,47.608695652173914,254.37744667225132,-49.34999999999998,151.34891304347826,False
0.7,0.9,node_mlp_ppo,noop,30,0.9666666666666667,0.0,30,0.1862,0.08043176589828947,0.1571825,0.21280000000000004,30,1.4287775442812611,0.18694450486187103,1.3615344107113985,1.4918771675958602,30,-0.03103333333333332,0.013405294316381582,-0.035536180555555553,-0.026127708333333305,30,-0.0003242041666665881,0.003139036392522736,-0.0015935407291665944,0.0005654214583336441,30,0.9989236167948046,0.010418157892373475,0.9946051175003883,1.0018365121986983,30,-0.00039664880952373823,0.004507074914706547,-0.002220291964285525,0.000873959226190528,30,-0.10031666666666667,0.04831924784848868,-0.11653500000000001,-0.08266666666666668,30,0.9,0.3051285766293646,0.7666666666666667,1.0,0,,,,,True
0.7,0.9,noop,baseline1_hdv,30,0.7333333333333333,0.03333333333333333,30,0.0067666666666666726,0.011799133028739242,0.0025829166666666726,0.010783750000000003,30,1.0162079643648743,0.027859350720893548,1.006400337251333,1.0259838655840117,30,-0.0011277777777777942,0.0019665221714565335,-0.0018027777777777864,-0.0004250000000000198,30,-7.800000000141027e-06,0.00012613717474822933,-5.2662604166826416e-05,3.675062499987552e-05,30,0.99997421288248,0.0004184886057895246,0.9998255039352064,1.000119604008091,30,-8.72619047650643e-06,0.00018021497794878602,-7.442276785730965e-05,5.2643303571290776e-05,30,0.010400000000000017,0.0079810119486277,0.0076829166666666756,0.013300000000000018,30,0.0,0.0,0.0,0.0,0,,,,,True
0.7,0.9,noop,baseline2_matched,30,0.0,0.0,30,-0.25516666666666665,0.026084522208592878,-0.26445,-0.2459995833333333,30,0.630707338338227,0.02523997917895527,0.6216615159769918,0.6392900848013514,30,0.04252777777777778,0.004347420368098805,0.041019374999999976,0.044052847222222205,30,-0.0006000666666666728,0.0002040383794119186,-0.0006730152083332597,-0.0005298985416664723,30,0.9980130829229413,0.0006746101808119892,0.9977805261850886,0.9982501347438347,30,-0.00094836904761925,0.00029626970167520025,-0.001052251785714739,-0.0008475736607144181,30,0.18021666666666666,0.018216931936948157,0.17365000000000005,0.18650000000000003,30,-1.0,0.0,-1.0,-1.0,0,,,,,False
0.7,0.95,baseline2_matched,baseline1_hdv,30,1.0,0.0,30,0.3166166666666667,0.031481708792658436,0.30536583333333334,0.32735041666666675,30,1.7412822129276138,0.07937807068109545,1.7129569887600216,1.7694225619528943,30,-0.05276944444444445,0.005246951465443053,-0.05459166666666667,-0.05088048611111114,30,0.0006500958333332658,0.00021919070307383336,0.0005741359374998614,0.0007296462499998043,30,1.0021572570555546,0.0007276295589382741,1.0019066907459324,1.00241418772532,30,0.0010417857142854814,0.0003166908711133482,0.0009314760416666133,0.001156423363094845,30,-0.20878333333333335,0.024090591715344046,-0.2170333333333333,-0.20009999999999997,30,1.0,0.0,1.0,1.0,0,,,,,True
0.7,0.95,graph_ppo,baseline1_hdv,30,1.0,0.0,30,0.40155,0.10776653805397077,0.36216499999999996,0.43808416666666666,30,1.9394402402116422,0.25046312724962255,1.8479265931241526,2.0239153340252543,30,-0.066925,0.017961089675661807,-0.07298895833333337,-0.0602888888888889,30,0.0005416041666666001,0.0018229798774836855,-0.00017508479166676794,0.001094376874999901,30,1.0017966642508762,0.006050316203635647,0.9994417027475132,1.0036493800289334,30,0.0009171309523806977,0.002633503694517608,-0.0001254325892860322,0.0017302416666664109,30,-0.1884166666666667,0.056848722930691896,-0.2074675,-0.16746666666666668,30,1.0333333333333334,0.1825741858350553,1.0,1.1,0,,,,,True
0.7,0.95,graph_ppo,baseline2_matched,30,0.8666666666666667,0.0,30,0.08493333333333333,0.11217894674115113,0.04441666666666667,0.12338375,30,1.1158478828008966,0.151440457901728,1.060545382446219,1.1670704069688738,30,-0.014155555555555543,0.018696491123525182,-0.020533333333333317,-0.007238819444444425,30,-0.00010849166666666576,0.0018184088689243878,-0.0008323591666666289,0.000446771666666592,30,0.9996403509869344,0.006024287514939599,0.9972953350043393,1.0014678672280721,30,-0.00012465476190478368,0.0026266543168258906,-0.0011399709821429647,0.0006846438988095891,30,0.020366666666666675,0.06307752937967433,-0.00043333333333331553,0.043816666666666663,30,0.03333333333333333,0.18257418583505533,0.0,0.1,30,-196.05,234.03817659400843,-273.07291666666663,-109.79916666666668,True
0.7,0.95,graph_ppo,grid_cnn_ppo,30,0.5,0.0,30,0.0944,0.3478169950835719,-0.017318333333333307,0.22561874999999995,30,4.794039925371181,10.477157280010776,1.607357179648227,8.883325515001898,30,-0.015733333333333325,0.05796949918059534,-0.03742534722222221,0.0028000000000000134,30,0.0005995125000001415,0.003679811677818899,-0.0006285865624998323,0.0019235764583333673,30,1.0020898797858184,0.012395863710372407,0.9979041037340498,1.0067153966820896,30,0.0008901607142857204,0.005373571333082196,-0.0009134370535714729,0.0028688376488095607,30,-0.05521666666666666,0.18166916137694447,-0.1212,0.004985416666666638,30,0.13333333333333333,0.507416263404925,-0.03333333333333333,0.3333333333333333,26,25.596153846153847,328.5169712276907,-100.33173076923073,149.17788461538456,False
0.7,0.95,graph_ppo,left_if_safe,30,0.26666666666666666,0.6333333333333333,30,0.019783333333333344,0.09048239334670102,-0.009400416666666666,0.05343333333333334,30,1.0628311399832648,0.26519312774355225,0.9892002041378873,1.1676676796718655,30,-0.003297222222222218,0.015080398891116828,-0.009033402777777757,0.0015999999999999977,30,0.0010808875000000533,0.0045425261910635095,-0.00028423645833329265,0.002818296354166864,30,1.0038540987652211,0.01605135563099197,0.9991838804861216,1.010187592043142,30,0.0015511904761904246,0.0065195162240524835,-0.00036871235119055926,0.004113421428571439,30,-0.009966666666666664,0.05360390061291754,-0.029767083333333326,0.007500416666666671,30,0.06666666666666667,0.2537081317024624,0.0,0.16666666666666666,28,4.428571428571429,147.8578968873752,-48.214285714285715,59.53928571428566,False
0.7,0.95,graph_ppo,node_mlp_ppo,30,0.5,0.0,30,0.03208333333333333,0.24962413411634168,-0.049434583333333296,0.1264,30,1.5429923423415886,2.718894765362199,0.9674745283378663,2.590672117887878,30,-0.005347222222222218,0.041604022352723605,-0.021225694444444443,0.008139027777777778,30,0.0013131250000000445,0.006485832480033235,-0.0005939025000000619,0.003855811666666799,30,1.0047937667312246,0.023166985287598446,0.9980247748705816,1.0138924642790543,30,0.0018873511904764254,0.00934540107359958,-0.0008761479166663531,0.0055960507440480185,30,-0.019200000000000002,0.13420606903384527,-0.06895083333333334,0.02436874999999998,30,0.0,0.454858826147342,-0.16666666666666666,0.16666666666666666,28,20.732142857142858,336.14936831334416,-100.41116071428571,143.23526785714282,False
0.7,0.95,graph_ppo,noop,30,1.0,0.0,30,0.3948,0.10843038446792516,0.35456624999999997,0.4312670833333333,30,1.9099031482513984,0.2519284432048687,1.8185726002268523,1.9955708427394603,30,-0.0658,0.01807173074465421,-0.07210013888888889,-0.059180208333333324,30,0.0005422250000000332,0.0018193292197120087,-0.00015504020833320077,0.0010995701041666655,30,1.0017986452578447,0.006039448957931491,0.9994819053382841,1.003659981283265,30,0.0009156071428569039,0.0026285730824316743,-9.196800595259394e-05,0.001714770386904629,30,-0.20154999999999998,0.05758611991527603,-0.22085083333333333,-0.18039958333333334,30,1.0333333333333334,0.1825741858350553,1.0,1.1,0,,,,,True
0.7,0.95,grid_cnn_ppo,baseline1_hdv,30,0.8666666666666667,0.0,30,0.30715000000000003,0.2905907523387962,0.19574458333333342,0.40020041666666667,30,1.7212452169884713,0.6764502004620381,1.463211629359703,1.9319215945466275,30,-0.051191666666666656,0.04843179205646604,-0.06679458333333334,-0.032207361111111124,30,-5.790833333354136e-05,0.0028779747385674704,-0.001161051666666715,0.0008870583333329173,30,0.9998076827649098,0.009550570387662985,0.9962448038243427,1.0028931237682017,30,2.69702380949773e-05,0.004212221756912236,-0.0015640815476193393,0.0014058102678568456,30,-0.13319999999999999,0.155191572380497,-0.18215041666666668,-0.07346625000000004,30,0.9,0.40257789993644877,0.7666666666666667,1.0333333333333334,0,,,,,True
0.7,0.95,grid_cnn_ppo,baseline2_matched,30,0.8,0.0,30,-0.009466666666666675,0.288840038457434,-0.11923583333333333,0.08113583333333327,30,0.9879952941449134,0.3861401550645337,0.8422491277504909,1.1128113947722544,30,0.0015777777777777817,0.04814000640957235,-0.01360833333333333,0.020300555555555547,30,-0.0007080041666668072,0.002933979283475885,-0.001790906145833391,0.000227551458333265,30,0.9976574629091061,0.009711626131100671,0.9941043219113584,1.000777076255183,30,-0.001014815476190504,0.004291985074052137,-0.002628282142856993,0.0003755805059524981,30,0.07558333333333334,0.15534589233181487,0.02616666666666668,0.1346183333333333,30,-0.1,0.40257789993644877,-0.23333333333333334,0.03333333333333333,26,-200.59615384615384,164.6586784369879,-255.19278846153844,-133.67163461538465,False
0.7,0.95,grid_cnn_ppo,left_if_safe,30,0.5,0.0,30,-0.07461666666666665,0.37066456355869914,-0.21187374999999994,0.04970041666666668,30,1.0033253153844819,0.6088232573969713,0.8092382679182392,1.2380953213165158,30,0.012436111111111108,0.061777427259783184,-0.007842291666666659,0.035044791666666644,30,0.0004813749999999117,0.006384822336641288,-0.001578093125000072,0.0028564296874999183,30,1.0019454206388254,0.02218075638482073,0.9948514256097117,1.0104396143956649,30,0.0006610297619047042,0.00922850405389011,-0.0023109712797619556,0.004156063392856928,30,0.045249999999999985,0.19457281900756776,-0.020883749999999986,0.11755000000000002,30,-0.06666666666666667,0.5832922809856748,-0.3,0.13333333333333333,24,12.020833333333334,290.5202409758512,-98.5864583333333,132.47968749999998,False
0.7,0.95,grid_cnn_ppo,noop,30,0.8666666666666667,0.0,30,0.3004,0.2899408500914008,0.19234500000000002,0.3930175000000001,30,1.6936588573039473,0.6719082572769763,1.4394729974824725,1.9062699501293132,30,-0.05006666666666666,0.048323475015233465,-0.06557229166666666,-0.03178305555555557,30,-5.7287500000108295e-05,0.002906142070140815,-0.001185135729166854,0.0008875502083331595,30,0.9998105973280207,0.009642340093347511,0.9962074140054472,1.003027897888928,30,2.5446428571183435e-05,0.004252097630075636,-0.0015893014880954256,0.0014008357142855042,30,-0.14633333333333334,0.15528429619146347,-0.19550166666666666,-0.08681541666666671,30,0.9,0.40257789993644877,0.7666666666666667,1.0333333333333334,0,,,,,True
0.7,0.95,left_if_safe,baseline1_hdv,30,0.9666666666666667,0.0,30,0.38176666666666664,0.14868682276640324,0.32466541666666654,0.42820124999999987,30,1.8910289723013178,0.3470211927837525,1.7534086116098764,2.001773922145532,30,-0.0636277777777778,0.02478113712773388,-0.07151965277777778,-0.05421645833333334,30,-0.0005392833333334531,0.005305009694197734,-0.002626764895833552,0.0010926049999997456,30,0.9982079110991062,0.01761156128386201,0.9913058462601455,1.0036167669317304,30,-0.0006340595238097269,0.007624996472111512,-0.003652044196428948,0.0017167638392851718,30,-0.17845000000000003,0.08090057222422407,-0.20395041666666666,-0.14688333333333334,30,0.9666666666666667,0.319841914974746,0.8666666666666667,1.0666666666666667,0,,,,,True
0.7,0.95,left_if_safe,baseline2_matched,30,0.8,0.0,30,0.06514999999999999,0.15402340563290576,0.005713333333333344,0.11426749999999994,30,1.089110361132311,0.20652024205659708,1.0084456997357076,1.1566769779211592,30,-0.010858333333333326,0.02567056760548428,-0.01901416666666665,-0.0009913194444444477,30,-0.001189379166666719,0.005332225020037382,-0.0032613888541666186,0.00042583249999989165,30,0.9960609502127286,0.01765868563475897,0.9889840833530675,1.0014083933709363,30,-0.0016758452380952083,0.0076645740005380205,-0.004773545833333263,0.0006743005952380468,30,0.030333333333333344,0.08681851198326603,0.0037491666666666775,0.06425,30,-0.03333333333333333,0.31984191497474607,-0.13333333333333333,0.06666666666666667,28,-228.375,184.14862279631032,-292.64642857142854,-157.42589285714288,True
0.7,0.95,left_if_safe,noop,30,0.9666666666666667,0.0,30,0.37501666666666655,0.15087666139606543,0.3168820833333333,0.42361708333333337,30,1.8636021116368982,0.3516247002687932,1.7309272620473708,1.9768978965684092,30,-0.06250277777777777,0.025146110232677585,-0.07060562499999999,-0.053077291666666665,30,-0.00053866250000002,0.0053602653352796984,-0.0026150792708332974,0.0011183467708331556,30,0.9982130931299171,0.017784188423593344,0.9912347400217366,1.0036826527204372,30,-0.0006355833333335207,0.007704567791729196,-0.003603305059524152,0.001698265476190284,30,-0.19158333333333333,0.08228944744570557,-0.21735041666666666,-0.15906666666666672,30,0.9666666666666667,0.319841914974746,0.8666666666666667,1.0666666666666667,0,,,,,True
0.7,0.95,node_mlp_ppo,baseline1_hdv,30,0.9333333333333333,0.0,30,0.36946666666666667,0.19958957600680133,0.2925154166666667,0.4329679166666667,30,1.8668355688680545,0.4643268709067429,1.6880039277433738,2.012885852273748,30,-0.06157777777777778,0.03326492933446688,-0.07201118055555554,-0.04901944444444444,30,-0.0007715208333334445,0.005906221531776411,-0.003129190937500134,0.0009008337500001047,30,0.9974395549607511,0.019598435475943154,0.9892531286362345,1.0029426288945562,30,-0.0009702202380957277,0.008502121852674354,-0.004333939880952711,0.0014349754464281312,30,-0.16921666666666668,0.10885372052100181,-0.20280083333333332,-0.12588333333333335,30,1.0333333333333334,0.4138409933973336,0.9,1.1666666666666667,0,,,,,True
0.7,0.95,node_mlp_ppo,baseline2_matched,30,0.8,0.0,30,0.05284999999999998,0.1915400448812296,-0.021517083333333346,0.1140845833333333,30,1.0698441037153918,0.26348148640739816,0.969674738329726,1.1535339511785538,30,-0.008808333333333326,0.03192334081353827,-0.01908354166666667,0.0036029166666666818,30,-0.0014216166666667104,0.005927397398537555,-0.0037670066666668158,0.0002464887500001236,30,0.9952940358190374,0.019627782198488375,0.9873547425254802,1.000888658840757,30,-0.002012005952381209,0.008529625890521622,-0.0053990495535721295,0.00041552872023778025,30,0.039566666666666674,0.10463547012937537,0.00655,0.07896708333333331,30,0.03333333333333333,0.41384099339733377,-0.1,0.16666666666666666,28,-205.14285714285714,217.6760189050443,-276.42901785714287,-117.57098214285715,False
0.7,0.95,node_mlp_ppo,grid_cnn_ppo,30,0.5,0.0,30,0.06231666666666666,0.18713463175558617,0.001999583333333328,0.13241666666666665,30,2.832227489661391,5.963400324485973,1.0413748283542352,5.1674011545433896,30,-0.010386111111111106,0.031189105292597698,-0.022236180555555544,-0.0003525000000000168,30,-0.0007136124999999031,0.004319875157508202,-0.0024639641666667736,0.0004946991666667099,30,0.9975881117271151,0.014640563129188868,0.991674870043936,1.0017920133140905,30,-0.000997190476190705,0.0061867654323978566,-0.0034464163690480455,0.0007710967261901388,30,-0.036016666666666676,0.09617239220789146,-0.07310249999999997,-0.004716250000000016,30,0.13333333333333333,0.34574590364176044,0.03333333333333333,0.26666666666666666,26,-53.32692307692308,184.33561469817448,-126.96394230769229,11.751442307692287,True
0.7,0.95,node_mlp_ppo,left_if_safe,30,0.5666666666666667,0.0,30,-0.012299999999999993,0.2750556558100623,-0.10978458333333331,0.08048583333333328,30,1.0688200151363745,0.5298227199326295,0.9030979112391605,1.269204648570358,30,0.00205,0.04584260930167704,-0.013453611111111095,0.01890840277777777,30,-0.00023223749999999135,0.00847336919732998,-0.0033205441666667645,0.002733125937500042,30,0.9995970741760899,0.028880274089888143,0.9894364699817234,1.0096535265443676,30,-0.0003361607142860009,0.012193627959017682,-0.004717961309524226,0.003881360565476083,30,0.009233333333333333,0.14819324134929093,-0.04080208333333333,0.06322124999999994,30,0.06666666666666667,0.5208304597621879,-0.1,0.23333333333333334,26,21.903846153846153,302.96181340990046,-88.31298076923072,140.42451923076922,False
0.7,0.95,node_mlp_ppo,noop,30,0.9333333333333333,0.0,30,0.3627166666666667,0.19736229085257068,0.28594916666666664,0.4261179166666666,30,1.8358113698911394,0.45714452206485,1.6613454375787648,1.9797820976175966,30,-0.060452777777777765,0.03289371514209511,-0.07103340277777775,-0.04798583333333335,30,-0.0007709000000000114,0.005956337285281728,-0.003100034687500012,0.000917917604166881,30,0.9974447603880734,0.019754076240114198,0.9895786000628519,1.0030442077608208,30,-0.0009717440476195216,0.008572894827467955,-0.004479949107143449,0.0014421174107137526,30,-0.18235,0.10690675521380691,-0.21505083333333336,-0.14034791666666677,30,1.0333333333333334,0.4138409933973336,0.9,1.1666666666666667,0,,,,,True
0.7,0.95,noop,baseline1_hdv,30,0.7,0.03333333333333333,30,0.006750000000000006,0.01308114594790323,0.0021166666666666686,0.011283333333333343,30,1.016164267041367,0.03080556983780646,1.004996409521831,1.026728163247209,30,-0.0011250000000000056,0.002180190991317199,-0.0018611111111111209,-0.0003638194444444574,30,-6.208333334330647e-07,0.0001487128158514604,-5.235843750020091e-05,5.262083333321103e-05,30,0.9999980691440098,0.0004935297570633582,0.9998300892875588,1.0001745262811281,30,1.5238095237938658e-06,0.00021227243234213372,-7.133363095245381e-05,7.763749999988897e-05,30,0.01313333333333335,0.010641439276952054,0.009432916666666664,0.01696708333333335,30,0.0,0.0,0.0,0.0,0,,,,,True
0.7,0.95,noop,baseline2_matched,30,0.0,0.0,30,-0.3098666666666667,0.03349136104083882,-0.3214504166666666,-0.2978500000000001,30,0.5846408229323917,0.029843688813756625,0.5743830232613567,0.5950619149935259,30,0.05164444444444446,0.005581893506806468,0.04967493055555556,0.05360555555555558,30,-0.0006507166666666989,0.00022031402190310446,-0.0007271009375000631,-0.0005728926041669043,30,0.9978458535696855,0.000728193077527397,0.997591670708332,0.998095274630496,30,-0.0010402619047616875,0.0003199402177033292,-0.0011513998511901702,-0.0009261483630950209,30,0.22191666666666668,0.022428462264279962,0.21403291666666666,0.22993333333333335,30,-1.0,0.0,-1.0,-1.0,0,,,,,False
0.7,1.0,baseline2_matched,baseline1_hdv,30,1.0,0.0,30,0.41455000000000003,0.026884282679149427,0.40513291666666673,0.4239333333333334,30,1.9705102702199442,0.07380647209731403,1.944671924926593,1.9955910641503498,30,-0.06909166666666669,0.004480713779858244,-0.07069451388888891,-0.06751666666666668,30,0.0008755333333332838,0.00022943327840253345,0.0007973367708332203,0.0009593953124999332,30,1.0029052506008296,0.0007613403898373073,1.002638367881421,1.0031796333820535,30,0.0013988154761901998,0.00033224648286576215,0.0012863148809522341,0.0015224651785708883,30,-0.26744999999999997,0.017945967753807246,-0.2737,-0.261,30,1.0,0.0,1.0,1.0,0,,,,,True
0.7,1.0,graph_ppo,baseline1_hdv,30,1.0,0.0,30,1.0869,0.1774405874341198,1.0162320833333334,1.1403025,30,3.542718941124289,0.4189639214410929,3.375683879184292,3.6689942381621132,30,-0.18115000000000006,0.02957343123901998,-0.1900584027777778,-0.16966638888888885,30,0.000488816666666599,0.003421113471904151,-0.0008956866666669316,0.0012933904166665567,30,1.0016206761558304,0.01135810639131757,0.9969466546174366,1.0042897812046947,30,0.0010864880952377808,0.004943663792314732,-0.0008659437500002709,0.0022523477678568033,30,-0.3812000000000001,0.07551062953262799,-0.40500083333333337,-0.35241624999999993,30,2.6666666666666665,0.5466722735905339,2.466666666666667,2.8333333333333335,0,,,,,True
0.7,1.0,graph_ppo,baseline2_matched,30,0.9666666666666667,0.0,30,0.6723500000000001,0.17769734779617027,0.60369875,0.7266670833333333,30,1.7994321088437528,0.21784237624333094,1.7167132795919917,1.867608793588304,30,-0.11205833333333336,0.029616224632695066,-0.12105298611111115,-0.10048847222222222,30,-0.00038671666666668475,0.0034297125389957123,-0.0017805015625002158,0.0004417844791667997,30,0.9987197406951498,0.011355250398468214,0.9941699214278795,1.0014527494491678,30,-0.0003123273809524189,0.004955392195430085,-0.002338654166666606,0.0008977598214288328,30,-0.11375,0.07668000571115047,-0.13825041666666668,-0.08424958333333336,30,1.6666666666666667,0.5466722735905339,1.4666666666666666,1.8333333333333333,30,-476.88888888888886,207.15746936489012,-531.9055555555555,-391.8498611111111,True
0.7,1.0,graph_ppo,grid_cnn_ppo,30,0.7666666666666667,0.0,30,0.1651,0.3755173075583362,0.03949708333333335,0.3062333333333333,30,1.9095912117207918,4.35568300618579,1.0440573428063729,3.5418440353102216,30,-0.02751666666666669,0.06258621792638937,-0.05090847222222225,-0.006927430555555586,30,-0.0008192666666665664,0.0037513423487888576,-0.0023522849999997814,0.00020857468750001815,30,0.9973101326295144,0.012381919607204219,0.9923386331978842,1.0007219766722213,30,-0.0011114166666666943,0.005456374374240696,-0.0033037175595237653,0.0003757528273808991,30,-0.07641666666666666,0.16056318357438054,-0.135535,-0.022916250000000003,30,0.6333333333333333,0.8899179866642238,0.3,0.9333333333333333,29,-54.42528735632186,337.5096077004224,-175.74224137931034,67.8599137931033,True
0.7,1.0,graph_ppo,left_if_safe,30,0.13333333333333333,0.8333333333333334,30,0.013133333333333334,0.12244949228526653,-0.025649999999999996,0.06085000000000001,30,1.0162789395853333,0.13865744211665065,0.9748810246626589,1.0720053296970564,30,-0.002188888888888892,0.020408248714211086,-0.01015833333333334,0.004274999999999999,30,0.0002609749999999652,0.0030026790263963468,-0.0007164750000000516,0.0014661458333333137,30,1.000913318049835,0.010388132811539075,0.997629873709694,1.0050888916143879,30,0.00037751190476190317,0.004333069985377843,-0.0010341607142856904,0.0021196369047619163,30,-0.003833333333333333,0.039268600541727317,-0.018849999999999995,0.009349999999999999,30,0.0,0.2626128657194451,-0.1,0.1,30,-5.988888888888892,217.54219625621963,-90.06666666666666,74.22874999999998,False
0.7,1.0,graph_ppo,node_mlp_ppo,30,0.5333333333333333,0.0,30,0.06756666666666668,0.3705795957437608,-0.05554041666666658,0.20412416666666652,30,1.1799268951642465,0.7000874653228369,0.9782274051001892,1.4672494101619595,30,-0.011261111111111121,0.061763265957293485,-0.03432222222222223,0.009122430555555547,30,0.0010948541666666609,0.007865697055317958,-0.001375353750000046,0.004096516041666449,30,1.0041962831602584,0.02792991817667803,0.9953081104165068,1.0150449548074194,30,0.0015882083333335166,0.011362633141416056,-0.0020157327380951437,0.0058339988095239895,30,-0.033816666666666655,0.14596252963507883,-0.08880166666666664,0.015400416666666668,30,0.2,1.0635010497214474,-0.16666666666666666,0.5666666666666667,28,26.89285714285714,231.7430783224865,-37.952529761904756,124.20922619047614,False
0.7,1.0,graph_ppo,noop,30,1.0,0.0,30,1.0792000000000002,0.1767485355740924,1.00971625,1.1324004166666668,30,3.479680253332318,0.4121455213585685,3.3234848447934917,3.6067916833570313,30,-0.1798666666666667,0.02945808926234875,-0.18876138888888896,-0.1681666666666667,30,0.000500104166666702,0.00344900141565305,-0.0009527681249999511,0.0013169244791667192,30,1.0016591792504723,0.011446180543403003,0.9969860629490712,1.004363751439954,30,0.001099863095237913,0.004982515021254329,-0.0009128433035716318,0.002279345535714262,30,-0.39591666666666664,0.07668150468606846,-0.42031666666666667,-0.3663658333333333,30,2.6666666666666665,0.5466722735905339,2.466666666666667,2.8333333333333335,0,,,,,True
0.7,1.0,grid_cnn_ppo,baseline1_hdv,30,0.9666666666666667,0.0,30,0.9218,0.3035703804096654,0.8037958333333334,1.0126166666666667,30,3.1581223324955627,0.7155248159096249,2.8810205903375783,3.372282772865736,30,-0.15363333333333337,0.05059506340161088,-0.16868645833333332,-0.13355236111111107,30,0.0013080833333331654,0.0010668224179683828,0.0008900152083330384,0.0016255569791664072,30,1.0043409133191095,0.0035394372623130843,1.0029221225041114,1.0054022940987422,30,0.0021979047619044754,0.001628147312071042,0.0015638744047616147,0.0026908650297617015,30,-0.30478333333333335,0.12427275919589505,-0.34233375000000005,-0.25568166666666675,30,2.033333333333333,0.6149478998583782,1.8,2.2333333333333334,0,,,,,True
0.7,1.0,grid_cnn_ppo,baseline2_matched,30,0.9333333333333333,0.0,30,0.5072500000000001,0.3074947924986586,0.38394874999999995,0.5999845833333332,30,1.6051110700407336,0.36028141759628296,1.463733376234346,1.7143582293951025,30,-0.08454166666666665,0.05124913208310976,-0.09953062499999998,-0.06433590277777777,30,0.00043254999999988163,0.0011493001044865206,-2.5158020833494576e-05,0.0007754135416666309,30,1.0014327475344433,0.0037989998281899467,0.9999769732668373,1.0025535357704283,30,0.0007990892857142755,0.0017460138591780597,0.00010801622023808423,0.0013207662202381445,30,-0.03733333333333335,0.12828291291955615,-0.07568333333333334,0.014483333333333315,30,1.0333333333333334,0.6149478998583782,0.8,1.2333333333333334,29,-420.13793103448273,238.03778740375327,-491.6443965517241,-324.58563218390805,True
0.7,1.0,grid_cnn_ppo,left_if_safe,30,0.23333333333333334,0.0,30,-0.15196666666666664,0.38059524462332034,-0.2934579166666666,-0.02808041666666673,30,0.923185348891949,0.2799124625535169,0.823746578655267,1.0202704405152214,30,0.025327777777777796,0.06343254077055338,0.004202152777777784,0.04868361111111114,30,0.0010802416666665315,0.003645065262549823,-3.78794791669434e-05,0.002509583854166579,30,1.0037128421514152,0.012513063381789537,0.9999129776011141,1.0086440927900122,30,0.0014889285714285974,0.005309719957286675,-0.0001654229166667333,0.0035278458333334157,30,0.07258333333333335,0.1627958888816963,0.01873208333333334,0.13373375,30,-0.6333333333333333,0.8502873077655143,-0.9333333333333333,-0.3333333333333333,29,48.22988505747126,326.91050002618033,-62.420833333333164,167.94928160919542,False
0.7,1.0,grid_cnn_ppo,noop,30,0.9666666666666667,0.0,30,0.9140999999999999,0.3017969287565673,0.79844625,1.00445125,30,3.0996441563896084,0.7006517534703481,2.8239521788007176,3.313111947667907,30,-0.15235,0.05029948812609455,-0.1674361805555556,-0.1325525,30,0.0013193708333332683,0.001029705768823706,0.0009158202083331718,0.0016301876041666407,30,1.0043780839028569,0.003416895293987881,1.0030301836118005,1.0054024411181557,30,0.002211279761904607,0.001574659344745831,0.0015965462797618182,0.0026733507440472766,30,-0.3195,0.12641877588614645,-0.3581679166666667,-0.27053333333333335,30,2.033333333333333,0.6149478998583782,1.8,2.2333333333333334,0,,,,,True
0.7,1.0,left_if_safe,baseline1_hdv,30,1.0,0.0,30,1.0737666666666668,0.18393250886151677,1.0034329166666665,1.1333345833333333,30,3.510567257652851,0.4302607230640178,3.3476638968975205,3.644477320556954,30,-0.1789611111111111,0.030655418143586143,-0.18863055555555552,-0.16767763888888887,30,0.00022784166666663385,0.003361094906870183,-0.0011236842708333525,0.0012586724999999136,30,1.0007548535252064,0.01115611911521618,0.9963663681639487,1.0041685487260688,30,0.0007089761904758777,0.004861179299080603,-0.001228337648809809,0.002194808482142519,30,-0.37736666666666674,0.07773783676156558,-0.40291666666666665,-0.34881624999999994,30,2.6666666666666665,0.5466722735905339,2.466666666666667,2.8333333333333335,0,,,,,True
0.7,1.0,left_if_safe,baseline2_matched,30,0.9666666666666667,0.0,30,0.6592166666666668,0.18654488612725326,0.5871500000000002,0.7187354166666665,30,1.7840887788754378,0.22721091803480556,1.6984065492681446,1.8574392106408981,30,-0.10986944444444445,0.031090814354542223,-0.11993625,-0.09815534722222223,30,-0.0006476916666666499,0.003404452552757882,-0.001983761770833224,0.0003833113541667231,30,0.9978576659181252,0.011263437220579075,0.9935004041028589,1.0013035550432472,30,-0.000689839285714322,0.004923703261520712,-0.002662585714285928,0.0008172916666666814,30,-0.10991666666666666,0.07931615951947964,-0.13583375,-0.0807325,30,1.6666666666666667,0.5466722735905339,1.4666666666666666,1.8333333333333333,30,-470.8999999999999,199.99743101798353,-527.2666666666667,-391.40930555555565,True
0.7,1.0,left_if_safe,noop,30,1.0,0.0,30,1.0660666666666667,0.18579149108858442,0.9925804166666669,1.12535125,30,3.4506138036452745,0.43283777182243366,3.288623692547814,3.5865829102207254,30,-0.17767777777777782,0.03096524851476408,-0.1875917361111111,-0.16603611111111113,30,0.00023912916666673684,0.0033901726764846655,-0.0011210962499999956,0.0012791561458335536,30,1.0007933490614276,0.011249855692624523,0.9962373609519265,1.0041934700591704,30,0.0007223511904760097,0.004902921195905971,-0.001214251934524043,0.0022218989583330123,30,-0.3920833333333333,0.08000270289974187,-0.41808375000000003,-0.3624320833333334,30,2.6666666666666665,0.5466722735905339,2.466666666666667,2.8333333333333335,0,,,,,True
0.7,1.0,node_mlp_ppo,baseline1_hdv,30,0.9666666666666667,0.0,30,1.0193333333333334,0.2980698059102973,0.9030158333333332,1.1113674999999996,30,3.384572750001746,0.6979944455501923,3.114099868102113,3.5979139021965576,30,-0.1698888888888889,0.04967830098504956,-0.1849476388888889,-0.1505165277777778,30,-0.0006060375000000618,0.0067694494359667075,-0.003315613125000105,0.0012887264583331661,30,0.9979885109114028,0.022465813679567914,0.988944968331836,1.0043014325388868,30,-0.0005017202380957357,0.009771448911238906,-0.00441618720238142,0.0022272122023801475,30,-0.3473833333333333,0.12311794760711578,-0.3849845833333333,-0.2978483333333334,30,2.466666666666667,0.819307248726686,2.1666666666666665,2.7333333333333334,0,,,,,True
0.7,1.0,node_mlp_ppo,baseline2_matched,30,0.9333333333333333,0.0,30,0.6047833333333332,0.29370280789910075,0.4898145833333334,0.6936833333333331,30,1.7172295856014765,0.3529990264968565,1.5804434333130761,1.8269321025998284,30,-0.10079722222222222,0.04895046798318348,-0.11576409722222225,-0.081519375,30,-0.0014815708333333455,0.0067510244741142,-0.00415967250000008,0.000411088645833258,30,0.99509646414813,0.022344701804652048,0.9862971146911117,1.0013501951789732,30,-0.0019005357142859354,0.009743681378262835,-0.005820643601190667,0.0008258072916667946,30,-0.07993333333333334,0.12303333816023435,-0.11783416666666666,-0.03271333333333339,30,1.4666666666666666,0.8193072487266863,1.1666666666666667,1.7333333333333334,28,-497.77380952380946,74.8585114546997,-524.5895833333333,-470.82708333333323,True
0.7,1.0,node_mlp_ppo,grid_cnn_ppo,30,0.8,0.0,30,0.09753333333333333,0.36743303244718395,-0.03061999999999998,0.22863666666666657,30,1.7060892900753286,3.5525650300158906,0.983521253836833,3.047518867835905,30,-0.016255555555555568,0.06123883874119732,-0.03820597222222222,0.00513333333333332,30,-0.0019141208333332271,0.006907038229436002,-0.004678633645833279,1.3947500000087581e-05,30,0.9936910202343329,0.02279059312594555,0.9844602471332623,1.0000239241023223,30,-0.002699625000000211,0.009966091778686292,-0.006682324255952687,9.112514880928815e-05,30,-0.04259999999999999,0.15282672180136472,-0.09776999999999998,0.010383333333333335,30,0.43333333333333335,0.8976341829703133,0.1,0.7333333333333333,27,-81.00617283950618,245.47497775541248,-183.95216049382717,-7.820987654320994,False
0.7,1.0,node_mlp_ppo,left_if_safe,30,0.4666666666666667,0.0,30,-0.054433333333333334,0.37664422830124944,-0.19715375,0.07110208333333332,30,0.9898745824363308,0.2886423518784837,0.8889527222378615,1.0946864345941538,30,0.00907222222222223,0.06277403805020826,-0.011659166666666663,0.03234652777777777,30,-0.0008338791666666956,0.007893658531664991,-0.003838009270833448,0.0016294596875000606,30,0.9973881553508157,0.026329485480818125,0.9875604574209251,1.0059041437396612,30,-0.0012106964285716133,0.011405046875501267,-0.00555787529761903,0.0023203998511902952,30,0.02998333333333333,0.14922977442425037,-0.020000416666666673,0.08488458333333332,30,-0.2,1.0635010497214474,-0.6,0.16666666666666666,28,-33.3095238095238,210.10010211814011,-119.34315476190476,30.778124999999925,False
0.7,1.0,node_mlp_ppo,noop,30,0.9666666666666667,0.0,30,1.0116333333333332,0.2985735031472304,0.8933316666666666,1.1016670833333335,30,3.3256527767385173,0.6891313717444468,3.054112000938224,3.5373650024705596,30,-0.16860555555555562,0.04976225052453841,-0.1838422916666667,-0.14920541666666665,30,-0.0005947499999999587,0.0067866472547296495,-0.003290385937500111,0.0013009193749997368,30,0.9980270982493652,0.022518663890656477,0.9890074063248459,1.0043006687074396,30,-0.0004883452380956036,0.009795995583886883,-0.004448354613095472,0.0022278244047614156,30,-0.36210000000000003,0.12299273878202506,-0.3998858333333333,-0.3146483333333334,30,2.466666666666667,0.819307248726686,2.1666666666666665,2.7333333333333334,0,,,,,True
0.7,1.0,noop,baseline1_hdv,30,0.6666666666666666,0.03333333333333333,30,0.007700000000000007,0.0114006956835522,0.0036829166666666737,0.01180041666666667,30,1.0183094194683577,0.027023219166713998,1.0091258312519873,1.0281988689587382,30,-0.0012833333333333364,0.0019001159472586816,-0.0019500694444444541,-0.00062777777777779,30,-1.1287500000102997e-05,0.00012441323554542678,-5.5005520833456176e-05,3.125906249981879e-05,30,0.9999626613958968,0.0004127743381814898,0.9998130235544277,1.0001052119225984,30,-1.3375000000132032e-05,0.00017789034122239641,-7.632187500010966e-05,4.936369047641057e-05,30,0.014716666666666689,0.011122114762112896,0.010750000000000018,0.01860000000000003,30,0.0,0.0,0.0,0.0,0,,,,,True
0.7,1.0,noop,baseline2_matched,30,0.0,0.0,30,-0.40685,0.0262537846204419,-0.41606666666666664,-0.39751666666666663,30,0.517286633676123,0.019030516910356888,0.5106708139457892,0.524122909808488,30,0.06780833333333335,0.0043756307700736526,0.06625833333333335,0.06936673611111112,30,-0.0008868208333333867,0.0002681779731920224,-0.0009835096875000955,-0.0007953268750000735,30,0.9970665098503037,0.0008843895108390358,0.9967458756924429,0.9973655455143646,30,-0.0014121904761903318,0.00038710845162450054,-0.0015513568452378947,-0.0012818831845237521,30,0.28216666666666673,0.019272695234688778,0.27540000000000003,0.28886708333333344,30,-1.0,0.0,-1.0,-1.0,0,,,,,False
0.75,0.9,baseline2_matched,baseline1_hdv,30,1.0,0.0,30,0.24834999999999996,0.022512889028594107,0.24039958333333333,0.2561833333333333,30,1.749487386283208,0.07387087735234203,1.723854502790816,1.7753031722461914,30,-0.041391666666666674,0.00375214817143235,-0.04267506944444445,-0.04002777777777777,30,0.0004389541666664924,0.00013602847969476701,0.00039071135416657575,0.00048555833333318926,30,1.0017475711946242,0.0005416259026865975,1.0015554698112052,1.001935247093197,30,0.0006680555555557521,0.00018501513520663936,0.0006033648611112017,0.0007311227777781564,30,-0.16498333333333332,0.015270256943694075,-0.17039999999999997,-0.15965000000000001,30,1.0,0.0,1.0,1.0,0,,,,,True
0.75,0.9,graph_ppo,baseline1_hdv,30,0.8,0.0,30,0.08403333333333333,0.20286448395560697,0.008982499999999992,0.1524870833333333,30,1.2540092381990469,0.615640410928646,1.0232564365929766,1.4606634759841224,30,-0.014005555555555549,0.0338107473259345,-0.025153055555555554,-0.0014607638888888919,30,-0.0012789875000000339,0.003202440196073509,-0.0024837572916664463,-0.00021865260416678356,30,0.9949075364659926,0.012750790974944932,0.9900995905388612,0.9991177003096738,30,-0.001677305555555129,0.00433619693315105,-0.0032601740277772443,-0.0002500566666664691,30,-0.03568333333333332,0.12731209841291147,-0.07623374999999999,0.010933750000000008,30,0.5333333333333333,0.507416263404925,0.36666666666666664,0.7,0,,,,,True
0.75,0.9,graph_ppo,baseline2_matched,30,0.1,0.0,30,-0.16431666666666667,0.20134592309536947,-0.2404833333333333,-0.09698125000000006,30,0.7162949340558592,0.34977554187784754,0.5874807619891613,0.8338093971626519,30,0.027386111111111115,0.03355765384922825,0.016166527777777794,0.03954520833333335,30,-0.0017179416666665262,0.0031722334584663244,-0.00286942614583336,-0.0006933465625000358,30,0.9931705670637606,0.012611543747450759,0.9883788004243446,0.9973046282971991,30,-0.002345361111110881,0.004295261520653483,-0.0038854336111107017,-0.0009326159722221774,30,0.12930000000000003,0.12619303767886994,0.08671624999999998,0.17571666666666666,30,-0.4666666666666667,0.507416263404925,-0.6333333333333333,-0.3,16,106.75,126.40015822774906,47.4375,167.625,False
0.75,0.9,graph_ppo,grid_cnn_ppo,30,0.43333333333333335,0.03333333333333333,30,-0.034616666666666664,0.3017991648754851,-0.1423366666666666,0.07102166666666661,30,1.8121495802650862,2.6723087829129692,0.9797495552636313,2.8209633485051766,30,0.0057694444444444494,0.05029986081258085,-0.011583611111111109,0.023289027777777794,30,-0.0010301291666665916,0.0037464844772158203,-0.002377736874999825,0.00024150229166674102,30,0.9959379443460931,0.014943205149943016,0.9906500575413751,1.0010074777412998,30,-0.0013850444444442795,0.0050909730413284055,-0.003224010972221764,0.00035610958333354045,30,0.02141666666666666,0.18771232039982097,-0.0468675,0.08824999999999997,30,-0.06666666666666667,0.8276819867946674,-0.36666666666666664,0.23333333333333334,7,11.714285714285714,96.92559738568254,-55.57499999999997,76.28571428571429,False
0.75,0.9,graph_ppo,left_if_safe,30,0.2,0.5333333333333333,30,0.026600000000000002,0.23606491655387127,-0.05513708333333331,0.11154958333333309,30,3.2621374381248667,5.865242886407958,1.4505919758376484,5.544707781615471,30,-0.0044333333333333265,0.03934415275897855,-0.01826701388888888,0.00915291666666667,30,0.00040384583333337166,0.003876841250774855,-0.0009790466666666237,0.0017681031249999612,30,1.001741106424061,0.015706466188235308,0.9963897583953786,1.00721040704207,30,0.0005473277777777878,0.00524702655706794,-0.0012552556944444007,0.002413789027777559,30,-0.016983333333333336,0.1486074720433883,-0.06845083333333332,0.034370416666666605,30,0.06666666666666667,0.4497764451088036,-0.1,0.23333333333333334,12,0.0,0.0,0.0,0.0,False
0.75,0.9,graph_ppo,node_mlp_ppo,30,0.5333333333333333,0.0,30,-0.027166666666666672,0.2975831478512476,-0.13151666666666667,0.07863333333333332,30,2.481491045806564,4.599376427046782,1.1029545883616827,4.247463910471805,30,0.0045277777777777825,0.049597191308541275,-0.01291951388888889,0.02179736111111112,30,-0.0005825500000000705,0.004427510365941059,-0.0021576049999998963,0.0009706007291663797,30,0.9977958684422283,0.017824994346777222,0.9915551087590468,1.004079180199022,30,-0.000785788888888846,0.006000279472886395,-0.0029133488888887626,0.0013031256944442838,30,0.01781666666666666,0.1861256751606908,-0.046967083333333326,0.08410083333333332,30,0.13333333333333333,0.7760791522613608,-0.13333333333333333,0.4,5,-35.8,131.60053191381866,-137.8,66.2,False
0.75,0.9,graph_ppo,noop,30,0.8,0.0,30,0.07939999999999998,0.20359952238952175,0.0038608333333333684,0.1460004166666666,30,1.2374818267659349,0.6065020503651639,1.0198701492551183,1.4341506836556195,30,-0.013233333333333323,0.03393325373158697,-0.024314166666666647,-0.0005638888888888745,30,-0.0012524125000000035,0.0032131417055232384,-0.0024358116666667587,-0.0001976007291667304,30,0.995013320029198,0.012793460473806703,0.9904756386633672,0.9992017928095153,30,-0.0016434166666664566,0.004350769467495051,-0.0032462945833328792,-0.00023276791666675494,30,-0.04218333333333332,0.12860226598350416,-0.08461749999999996,0.006100416666666678,30,0.5333333333333333,0.507416263404925,0.36666666666666664,0.7,0,,,,,True
0.75,0.9,grid_cnn_ppo,baseline1_hdv,30,0.8333333333333334,0.0,30,0.11864999999999998,0.16553175286601826,0.055632499999999994,0.17188541666666662,30,1.3553492009267538,0.5019759456654385,1.1677171882415767,1.5207727081861333,30,-0.019774999999999997,0.027588625477669708,-0.028836458333333335,-0.009336111111111108,30,-0.0002488583333334423,0.0013730757113848662,-0.0007644383333334365,0.0001948365624999302,30,0.9990093008648432,0.005466318407136206,0.9969083279158317,1.0007605951072869,30,-0.00029226111111084935,0.001883664448404241,-0.0009896055555553543,0.0003088443055557936,30,-0.057100000000000005,0.10190778454919006,-0.09119999999999999,-0.01871666666666665,30,0.6,0.49827287912243984,0.43333333333333335,0.7666666666666667,0,,,,,True
0.75,0.9,grid_cnn_ppo,baseline2_matched,30,0.13333333333333333,0.0,30,-0.1297,0.17008261684171058,-0.19423458333333338,-0.07449916666666669,30,0.7779755613575,0.28912905915172216,0.6700230863274016,0.8717847704438554,30,0.021616666666666666,0.02834710280695177,0.012458124999999992,0.032330624999999995,30,-0.0006878124999999347,0.0013735010135465166,-0.0012033365624998208,-0.00024998072916665204,30,0.9972666567018097,0.005458803628873525,0.995200396024515,0.9990402071419636,30,-0.0009603166666666015,0.0018858635380629046,-0.0016801313888888357,-0.00035714888888891576,30,0.10788333333333334,0.10368933068956795,0.07379833333333334,0.14550000000000002,30,-0.4,0.49827287912243984,-0.5666666666666667,-0.23333333333333334,18,93.22222222222223,148.78707864341524,26.387500000000014,159.33749999999995,False
0.75,0.9,grid_cnn_ppo,left_if_safe,30,0.6,0.0,30,0.06121666666666667,0.3266408098786202,-0.057267083333333316,0.17441791666666664,30,4.373929165230168,6.667143423771378,2.210074252788096,6.882487135286352,30,-0.010202777777777776,0.05444013497977004,-0.029102847222222224,0.008850069444444445,30,0.0014339749999999632,0.003989067913610369,6.23036458333371e-05,0.0028593179166666264,30,1.005943643578268,0.016229260701455615,1.0004019399755788,1.0118892180689074,30,0.0019323722222220675,0.005423755133877663,8.613847222194368e-05,0.0038317048611106797,30,-0.0384,0.20353646627434668,-0.10999999999999997,0.032836249999999935,30,0.13333333333333333,0.8995528902176071,-0.16666666666666666,0.43333333333333335,4,2.5,113.12677254596574,-90.5,95.5,False
0.75,0.9,grid_cnn_ppo,noop,30,0.8333333333333334,0.0,30,0.11401666666666666,0.16735716933085593,0.05321291666666668,0.1683504166666667,30,1.3388513590407338,0.5004248834523805,1.154269966130235,1.5004839203051665,30,-0.01900277777777777,0.027892861555142645,-0.02792798611111108,-0.00845805555555556,30,-0.00022228333333341178,0.0013843280199209486,-0.000742505625,0.00022651291666658376,30,0.9991152301680545,0.0055114922656436215,0.997019144813697,1.0008644277384968,30,-0.000258372222222177,0.0018992359704427903,-0.000985744861111008,0.00035800444444438563,30,-0.06359999999999998,0.101522750974928,-0.09696791666666663,-0.025465833333333333,30,0.6,0.49827287912243984,0.43333333333333335,0.7666666666666667,0,,,,,True
0.75,0.9,left_if_safe,baseline1_hdv,30,0.7333333333333333,0.0,30,0.057433333333333315,0.2145819003411588,-0.01983666666666666,0.12873416666666662,30,1.170777259370257,0.6511284226026258,0.9358050061865301,1.392453925699005,30,-0.009572222222222223,0.035763650056859775,-0.021697430555555553,0.003444652777777769,30,-0.0016828333333334055,0.0033125559987674646,-0.0029225304166667384,-0.0005744534375000991,30,0.9933017502195359,0.01318514724577315,0.9885515940635256,0.9976226961519301,30,-0.0022246333333329166,0.004486975467887495,-0.003877289166666257,-0.0007583922222217077,30,-0.018699999999999987,0.1346177602670255,-0.06370083333333328,0.030634583333333323,30,0.4666666666666667,0.5074162634049248,0.3,0.6333333333333333,0,,,,,False
0.75,0.9,left_if_safe,baseline2_matched,30,0.13333333333333333,0.0,30,-0.19091666666666665,0.21087637673378165,-0.26799999999999996,-0.11844916666666666,30,0.6679910965954874,0.36941293729161984,0.5365663927171882,0.7936587379494053,30,0.03181944444444444,0.035146062788963595,0.019758333333333336,0.04448625,30,-0.002121787499999898,0.0032500765879818383,-0.0032811315624998705,-0.0010406777083332363,30,0.9915659199559763,0.012918753606893466,0.9868881638232998,0.9958736955693183,30,-0.002892688888888669,0.004402286314898029,-0.004492589583333126,-0.0014424859722219447,30,0.14628333333333335,0.13243786333099067,0.10148083333333337,0.19413333333333335,30,-0.5333333333333333,0.5074162634049248,-0.7,-0.36666666666666664,14,98.35714285714286,138.45110613934722,31.641071428571443,169.42857142857142,False
0.75,0.9,left_if_safe,noop,30,0.7333333333333333,0.0,30,0.052799999999999986,0.21513234098556877,-0.025333750000000013,0.12508333333333332,30,1.1554277015562762,0.6426446844233666,0.9215175759451767,1.3662211216976474,30,-0.008799999999999997,0.03585539016426145,-0.021022291666666665,0.004380624999999997,30,-0.001656258333333375,0.003297181162681209,-0.002853186666666724,-0.0005671256250000899,30,0.993406059934814,0.013127057574002746,0.9885341218667856,0.9978273656765377,30,-0.0021907444444442445,0.0044667078613070425,-0.003821292499999706,-0.0007023301388886598,30,-0.025199999999999986,0.13488396034599773,-0.07044999999999997,0.023866666666666658,30,0.4666666666666667,0.5074162634049248,0.3,0.6333333333333333,0,,,,,False
0.75,0.9,node_mlp_ppo,baseline1_hdv,30,0.8666666666666667,0.0,30,0.11120000000000001,0.1644673010158806,0.05019958333333334,0.16426666666666664,30,1.3353561968630103,0.4988643029161529,1.1454679235356076,1.4952572109134068,30,-0.018533333333333332,0.027411216835980114,-0.027455833333333318,-0.008086111111111117,30,-0.0006964374999999634,0.002497310483418545,-0.0016367267708333505,9.342604166670806e-05,30,0.9972276032093597,0.00994157196563009,0.9933686764117989,1.0003974432571892,30,-0.0008915166666662829,0.003382799430822726,-0.00216344902777745,0.0001584587500002116,30,-0.053499999999999985,0.10207924575442896,-0.08566708333333331,-0.015216249999999999,30,0.4,0.4982728791224399,0.23333333333333334,0.5666666666666667,0,,,,,True
0.75,0.9,node_mlp_ppo,baseline2_matched,30,0.1,0.0,30,-0.13715000000000002,0.16706699822691412,-0.19985,-0.08346624999999999,30,0.7650436817623264,0.28568433717113834,0.656938940554985,0.8563957304134827,30,0.02285833333333333,0.027844499704485683,0.013977708333333339,0.0333201388888889,30,-0.0011353916666664557,0.002543157460372161,-0.0021238329166664376,-0.0003358949999998153,30,0.9954898201599502,0.010101685047396669,0.9916342550459886,0.9987195152372538,30,-0.001559572222222035,0.0034447080857929985,-0.0028326955555550426,-0.00047891249999996955,30,0.11148333333333334,0.10564200145427183,0.07840000000000001,0.150135,30,-0.6,0.4982728791224399,-0.7666666666666667,-0.43333333333333335,12,91.25,164.31185703909614,6.0812500000000185,183.33541666666665,False
0.75,0.9,node_mlp_ppo,grid_cnn_ppo,30,0.4,0.0,30,-0.007449999999999983,0.187582963254791,-0.07230166666666664,0.05868416666666667,30,1.5183810877101596,2.0131707471865155,0.8873815698449637,2.3125232300798784,30,0.0012416666666666667,0.03126382720913184,-0.009633472222222219,0.011961249999999994,30,-0.0004475791666665211,0.002567107659704001,-0.0014053712499997276,0.00039156645833347646,30,0.9982339008975435,0.010265552773425727,0.994481033546925,1.0016288461769274,30,-0.0005992555555554335,0.003478339657571435,-0.0018912041666666673,0.0005639334722222994,30,0.0035999999999999995,0.11412209130636335,-0.037000416666666675,0.04356749999999999,30,-0.2,0.5508613944197478,-0.4,0.0,10,-7.9,168.0796438200256,-104.00249999999998,91.9074999999999,False
0.75,0.9,node_mlp_ppo,left_if_safe,30,0.5,0.0,30,0.05376666666666667,0.3143268871000745,-0.05848374999999998,0.16398416666666668,30,4.055165595110822,5.972670641908001,2.1184235838473504,6.324655586220932,30,-0.008961111111111109,0.05238781451667909,-0.027252847222222217,0.009639722222222225,30,0.0009863958333334421,0.0045624986237694535,-0.0006457095833332227,0.002574154375000131,30,1.0041539215031567,0.018450062382085224,0.9977083251552054,1.0105808300184433,30,0.0013331166666666339,0.006186377939462262,-0.0008882795833334089,0.0034794522222218963,30,-0.03479999999999999,0.19643730244814359,-0.10296749999999998,0.035950416666666665,30,-0.06666666666666667,0.8276819867946674,-0.3333333333333333,0.23333333333333334,3,123.33333333333333,65.91155690266567,51.0,180.0,False
0.75,0.9,node_mlp_ppo,noop,30,0.8666666666666667,0.0,30,0.10656666666666667,0.1642169891948756,0.04458333333333333,0.1598841666666666,30,1.3161065781769707,0.49076464862618707,1.129185511502843,1.470997997232573,30,-0.017761111111111106,0.027369498199145935,-0.026466805555555563,-0.007436111111111106,30,-0.0006698624999999329,0.0025050802619698553,-0.0016143845833331352,0.0001262452083333772,30,0.9973334041266937,0.009973211515170546,0.9935102026943439,1.000479312983696,30,-0.0008576277777776106,0.003393256113116319,-0.0021625120833330363,0.00018888888888895884,30,-0.059999999999999984,0.10244569629640463,-0.09300041666666665,-0.02134999999999999,30,0.4,0.4982728791224399,0.23333333333333334,0.5666666666666667,0,,,,,True
0.75,0.9,noop,baseline1_hdv,30,0.6666666666666666,0.0,30,0.004633333333333337,0.011380513694645893,0.0006000000000000061,0.008616666666666672,30,1.0148128707458643,0.03460874054021275,1.002802297768401,1.026712294525257,30,-0.000772222222222226,0.0018967522824409869,-0.0014333333333333383,-0.00010555555555555485,30,-2.657500000003051e-05,6.164598072589537e-05,-4.815489583331333e-05,-4.828854166795779e-06,30,0.9998942439448165,0.0002453872789953516,0.9998082724685026,0.9999801470840701,30,-3.388888888867236e-05,8.358531252554176e-05,-6.286999999993777e-05,-4.611111110905721e-06,30,0.006499999999999998,0.0073320270518905835,0.0039000000000000033,0.009000416666666669,30,0.0,0.0,0.0,0.0,0,,,,,True
0.75,0.9,noop,baseline2_matched,30,0.0,0.0,30,-0.24371666666666666,0.025083200633551295,-0.2524666666666667,-0.23498333333333338,30,0.5808632424798769,0.027513946897873117,0.5712600846779889,0.5907220943111874,30,0.04061944444444444,0.004180533438925212,0.03915277777777777,0.04202499999999997,30,-0.0004655291666665229,0.00014589563125433296,-0.0005158033333331741,-0.00041394499999979686,30,0.9981501802323227,0.0005790023488697621,0.9979534633017662,0.9983602167316399,30,-0.0007019444444444245,0.0001987331059033051,-0.0007720911111112007,-0.0006301531944444308,30,0.1714833333333333,0.016102304040176957,0.16581666666666664,0.17711666666666664,30,-1.0,0.0,-1.0,-1.0,0,,,,,False
0.75,0.95,baseline2_matched,baseline1_hdv,30,1.0,0.0,30,0.2685333333333333,0.02696387536524828,0.2590833333333333,0.2780833333333333,30,1.8109459046498244,0.0922735794083178,1.7782812864842152,1.8432137898274883,30,-0.044755555555555555,0.004493979227541385,-0.04631951388888889,-0.043180555555555555,30,0.0004220999999999105,0.00016286325248095662,0.00036559124999991044,0.0004800285416665287,30,1.0016805253751653,0.000648565124462969,1.0014556137516375,1.001912692186667,30,0.0006523111111112923,0.00022174461395637387,0.0005754211111110872,0.0007315777777779198,30,-0.17618333333333333,0.02036498149432912,-0.18318333333333328,-0.1691333333333333,30,1.0,0.0,1.0,1.0,0,,,,,True
0.75,0.95,graph_ppo,baseline1_hdv,30,0.7666666666666667,0.0,30,0.19793333333333332,0.27665392090845736,0.09623208333333336,0.2917004166666666,30,1.5959680225894028,0.8327726504137718,1.2931381877263277,1.8779241890518472,30,-0.032988888888888894,0.046108986818076236,-0.048250347222222226,-0.016291319444444462,30,-0.0016933208333333163,0.00400032279687309,-0.0031536202083332888,-0.00037063697916672565,30,0.9932585597010657,0.015925849750802343,0.9873934745684672,0.9985837604296728,30,-0.0021917833333329195,0.005423201744468245,-0.0041997891666662405,-0.0003704045833331143,30,-0.0894,0.1635317326582425,-0.14386666666666667,-0.029316250000000002,30,0.7333333333333333,0.4497764451088037,0.5666666666666667,0.8666666666666667,0,,,,,True
0.75,0.95,graph_ppo,baseline2_matched,30,0.6333333333333333,0.03333333333333333,30,-0.0706,0.28278337633431444,-0.17287499999999992,0.025217083333333334,30,0.8870428765651295,0.46358234274489646,0.7157716785860213,1.0445175316028141,30,0.011766666666666651,0.04713056272238575,-0.004386458333333351,0.029525277777777772,30,-0.002115420833333227,0.004039250916182652,-0.00357836312499987,-0.0007792746874999403,30,0.9915947506650624,0.016048785085195947,0.9857294300051533,0.9969903648749627,30,-0.0028440944444442116,0.0054768377299736215,-0.004883753611110675,-0.0010159790277776866,30,0.08678333333333334,0.1688019490068339,0.030681250000000014,0.14904999999999996,30,-0.26666666666666666,0.4497764451088036,-0.43333333333333335,-0.1,22,-277.09090909090907,239.7061512791004,-372.86477272727274,-173.72500000000002,False
0.75,0.95,graph_ppo,grid_cnn_ppo,30,0.4666666666666667,0.0,30,-0.09941666666666668,0.422174136390165,-0.2461504166666667,0.04540083333333334,30,1.8805757479862542,3.34490840839698,0.8204753982649521,3.2173029287255783,30,0.016569444444444432,0.0703623560650275,-0.007647638888888902,0.04120034722222221,30,-0.0017019374999999051,0.004587294378289867,-0.0033696702083330747,-0.0001864648958333797,30,0.993278866039276,0.018263524638938825,0.9867091042425459,0.9994878843532264,30,-0.00230238888888879,0.006248542642553108,-0.004541039444444088,-0.00022376736111127544,30,0.053549999999999986,0.24227265738675793,-0.02658791666666665,0.13866791666666667,30,-0.1,0.6617635789938568,-0.3333333333333333,0.13333333333333333,17,17.764705882352942,394.55473787102164,-168.88970588235287,200.1294117647057,False
0.75,0.95,graph_ppo,left_if_safe,30,0.2,0.6333333333333333,30,-0.008899999999999995,0.16966835805222472,-0.07393458333333332,0.0439358333333333,30,1.7076192641326287,3.118609481598517,0.8995780970097081,2.992691834956289,30,0.0014833333333333218,0.028278059675370778,-0.007586180555555563,0.012439166666666656,30,9.316666666682923e-06,0.002185728199380257,-0.0008335018749999929,0.0007105069791666487,30,1.0000821824549726,0.00878257741237067,0.9965079657644814,1.0028292902626408,30,9.455555555559769e-06,0.0029686195686798376,-0.0011529134722221097,0.0009348665277777013,30,0.0033166666666666605,0.0970463347682643,-0.027501249999999998,0.04035083333333331,30,-0.03333333333333333,0.18257418583505533,-0.1,0.0,22,7.090909090909091,58.2849397283226,-9.863636363636363,35.14090909090902,False
0.75,0.95,graph_ppo,node_mlp_ppo,30,0.4666666666666667,0.0,30,-0.04226666666666668,0.42454004996347344,-0.18996791666666665,0.10411874999999997,30,4.9531160356223864,9.62434438668164,1.7072840325386431,8.553307586510801,30,0.007044444444444442,0.07075667499391224,-0.01778215277777776,0.03215562499999998,30,-0.0005019249999999115,0.006188927451209346,-0.002668179687499862,0.0016721415624999759,30,0.9982772058992977,0.025039813997184704,0.9895374877078487,1.0070671874323187,30,-0.0006833222222223083,0.00839151944168014,-0.0036642884722222656,0.0023112026388885107,30,0.024750000000000005,0.25244718635103014,-0.0640695833333333,0.1124858333333333,30,-0.06666666666666667,0.6914918072835209,-0.3,0.16666666666666666,16,-25.0625,231.41981152586453,-136.625,84.75468749999993,False
0.75,0.95,graph_ppo,noop,30,0.7666666666666667,0.0,30,0.19399999999999998,0.27425698997787484,0.09142750000000004,0.28464999999999996,30,1.571174449339189,0.8149655011459904,1.2728740548335256,1.8462501181849522,30,-0.03233333333333334,0.0457094983296458,-0.047619652777777785,-0.015457986111111127,30,-0.0016593874999999453,0.004000644160194322,-0.0031699373958332115,-0.00033692614583333784,30,0.9933927781284644,0.01592944499353294,0.9875328534228127,0.9986781967453321,30,-0.002147849999999731,0.005422979797827118,-0.004114140138888406,-0.00033810597222203725,30,-0.09758333333333333,0.1635727763441079,-0.15201916666666665,-0.036799999999999986,30,0.7333333333333333,0.4497764451088037,0.5666666666666667,0.9,0,,,,,True
0.75,0.95,grid_cnn_ppo,baseline1_hdv,30,0.9,0.0,30,0.29735,0.22999434588252607,0.2103995833333333,0.3732504166666667,30,1.8959556797979318,0.7023240492517178,1.6357004875677437,2.127719817524399,30,-0.04955833333333332,0.03833239098042101,-0.062100138888888885,-0.0353857638888889,30,8.616666666588779e-06,0.001415499278665331,-0.000511226875000058,0.00044895218749992777,30,1.0000342796840092,0.005635060166800416,0.9978900962128352,1.0018059755156445,30,0.00011060555555587049,0.0019590756717176193,-0.0006496054166664132,0.0007210834722225728,30,-0.14295,0.12888041436500955,-0.18463374999999996,-0.09416375000000002,30,0.8333333333333334,0.3790490217894517,0.7,0.9666666666666667,0,,,,,True
0.75,0.95,grid_cnn_ppo,baseline2_matched,30,0.7,0.0,30,0.02881666666666666,0.23264752395479915,-0.05726791666666667,0.1039183333333333,30,1.050299911538857,0.38824634446889295,0.9049574355635372,1.1802400024771558,30,-0.004802777777777782,0.038774587325799845,-0.017441805555555568,0.009158680555555541,30,-0.00041348333333332174,0.0014079587299607437,-0.0009580998958332092,2.609166666669699e-05,30,0.9983565561995926,0.005596248625360847,0.9962053912168987,1.0001033581345418,30,-0.0005417055555554217,0.0019497117591679176,-0.0012964769444441834,6.811805555572835e-05,30,0.03323333333333333,0.13016413599317816,-0.008683750000000028,0.08148416666666666,30,-0.16666666666666666,0.3790490217894517,-0.3,-0.03333333333333333,25,-332.32,262.77663518661626,-431.441,-227.23700000000005,False
0.75,0.95,grid_cnn_ppo,left_if_safe,30,0.5333333333333333,0.0,30,0.09051666666666666,0.4214965227355511,-0.05980791666666658,0.2408545833333333,30,6.429662021289501,11.32659111005886,2.8151293694839867,10.639293947933933,30,-0.015086111111111111,0.07024942045592517,-0.04017506944444447,0.009478263888888871,30,0.001711254166666588,0.0046761709669510985,0.00013037114583335432,0.003384852812499854,30,1.007152405324379,0.01919442620291822,1.0007145900694594,1.0140451568654536,30,0.0023118444444443498,0.006368103310548115,0.00020037888888904773,0.004621920416666374,30,-0.05023333333333334,0.2439037661177801,-0.13604999999999998,0.034600833333333324,30,0.06666666666666667,0.639683829949492,-0.16666666666666666,0.3,18,-7.166666666666667,363.02993718716596,-168.2236111111111,157.0,False
0.75,0.95,grid_cnn_ppo,noop,30,0.9,0.0,30,0.2934166666666666,0.2329209235109534,0.20514750000000004,0.36893374999999995,30,1.8791492224286221,0.6935076942373701,1.622544981413316,2.1108215742979026,30,-0.04890277777777777,0.03882015391849221,-0.06151402777777776,-0.03481069444444445,30,4.2549999999959746e-05,0.0014442331993315442,-0.0005218404166667403,0.0004905199999999356,30,1.0001700235899402,0.005748749501047763,0.9979562752063389,1.0019613849127218,30,0.00015453888888905903,0.00199848291008997,-0.0006086237499997948,0.0007852613888892761,30,-0.15113333333333331,0.12820827165023413,-0.19321708333333334,-0.10379999999999998,30,0.8333333333333334,0.3790490217894517,0.7,0.9666666666666667,0,,,,,True
0.75,0.95,left_if_safe,baseline1_hdv,30,0.7666666666666667,0.0,30,0.2068333333333333,0.284989907060648,0.1045504166666668,0.30216708333333336,30,1.6198802114028064,0.8622582273141162,1.3078754022826076,1.9050624038484096,30,-0.034472222222222224,0.04749831784344134,-0.05035569444444445,-0.017005347222222203,30,-0.0017026374999999992,0.004110421042012265,-0.003288711145833247,-0.0003640992708332149,30,0.9932215661536458,0.016363949039047244,0.9869795251942495,0.9985016279308484,30,-0.002201238888888479,0.005573364099397154,-0.004292839166666397,-0.0004200322222218962,30,-0.09271666666666663,0.16780862885900782,-0.14950041666666666,-0.031166249999999993,30,0.7666666666666667,0.43018306715207627,0.6,0.9,0,,,,,True
0.75,0.95,left_if_safe,baseline2_matched,30,0.7,0.03333333333333333,30,-0.0617,0.2846767555885338,-0.1692333333333333,0.03408541666666664,30,0.8960237019567026,0.4775208401301197,0.7212998398487375,1.0575117766704483,30,0.01028333333333333,0.04744612593142231,-0.005402847222222238,0.028025486111111105,30,-0.0021247374999999098,0.004110526758071879,-0.0036801780208333005,-0.000791233124999887,30,0.9915554376044136,0.016337022664829805,0.9854300695206875,0.996837653088273,30,-0.0028535499999997717,0.00557361069749054,-0.004955316111110877,-0.0010443620833331287,30,0.08346666666666668,0.1688804378809179,0.02761583333333335,0.1464508333333333,30,-0.23333333333333334,0.4301830671520762,-0.4,-0.1,23,-292.1304347826087,216.01963386099595,-376.5228260869565,-205.55978260869574,False
0.75,0.95,left_if_safe,noop,30,0.7666666666666667,0.0,30,0.20289999999999997,0.2827190453801966,0.09842666666666675,0.2958504166666666,30,1.5950597466351908,0.8454237703666222,1.2918507228803793,1.8798342888281152,30,-0.033816666666666655,0.04711984089669943,-0.0493336111111111,-0.0168551388888889,30,-0.0016687041666666282,0.004110697381564942,-0.0032294181249999786,-0.00033643770833340845,30,0.9933557773224896,0.01636725089917187,0.9871167520508526,0.9986251288870652,30,-0.0021573055555552906,0.005573187259209195,-0.004234247638888494,-0.0003491319444441455,30,-0.10089999999999996,0.1677371404187578,-0.15620083333333332,-0.03963333333333332,30,0.7666666666666667,0.43018306715207627,0.6,0.9,0,,,,,True
0.75,0.95,node_mlp_ppo,baseline1_hdv,30,0.8333333333333334,0.0,30,0.2402,0.2584735563076905,0.14437958333333337,0.3231333333333334,30,1.7201635138993638,0.7821049439574268,1.4294174494297776,1.9799028848877314,30,-0.04003333333333334,0.04307892605128173,-0.05403097222222223,-0.023694444444444455,30,-0.0011913958333334047,0.0037050209869982087,-0.0025565617708332754,1.5445937499767354e-05,30,0.995256983574347,0.014750310240232538,0.9897175131600936,1.0001190559602735,30,-0.0015084611111106114,0.005023878592904908,-0.0033328718055549273,6.863430555599401e-05,30,-0.11414999999999999,0.15432685588800113,-0.16500166666666669,-0.056912083333333426,30,0.8,0.4068381021724863,0.6333333333333333,0.9333333333333333,0,,,,,True
0.75,0.95,node_mlp_ppo,baseline2_matched,30,0.7333333333333333,0.0,30,-0.02833333333333333,0.2664234163537605,-0.12815541666666658,0.058667500000000004,30,0.9577821222761163,0.4443121447008223,0.7929742168861328,1.1051629406444843,30,0.004722222222222209,0.044403902725626734,-0.009830555555555558,0.02108180555555552,30,-0.0016134958333333153,0.0036986728987200477,-0.0029972408333333042,-0.0004232477083334003,30,0.9935870776135899,0.014701805117860307,0.9881613686997761,0.9982483333449416,30,-0.0021607722222219037,0.005017520210063313,-0.0040836522222218175,-0.0005393845833331208,30,0.06203333333333331,0.15919154225786236,0.010282916666666668,0.12061833333333329,30,-0.2,0.4068381021724863,-0.3333333333333333,-0.06666666666666667,24,-271.6666666666667,244.87098052127223,-366.375,-172.2072916666667,False
0.75,0.95,node_mlp_ppo,grid_cnn_ppo,30,0.3333333333333333,0.0,30,-0.057150000000000006,0.1786578385514111,-0.12176666666666663,0.002350000000000003,30,0.8799371257549198,0.3549827175671412,0.7516827220877681,1.0024169664687435,30,0.00952499999999999,0.029776306425235186,-0.00031111111111112495,0.020322222222222203,30,-0.0012000124999999935,0.002708544895475783,-0.0022053517708332648,-0.0003219096874999493,30,0.9951887118178101,0.010847763524001335,0.9911384113811167,0.998649560751597,30,-0.0016190666666664817,0.003648828407885002,-0.002994846805555266,-0.00043254861111118167,30,0.02879999999999999,0.10316179124275517,-0.005551249999999992,0.06681749999999997,30,-0.03333333333333333,0.31984191497474607,-0.16666666666666666,0.06666666666666667,23,56.08695652173913,364.61074050946667,-90.69673913043478,202.6532608695652,False
0.75,0.95,node_mlp_ppo,left_if_safe,30,0.5,0.0,30,0.03336666666666668,0.43426249278941664,-0.12175208333333332,0.18907124999999997,30,5.8336591640024755,10.165760804628889,2.5462035455919345,9.633510021507453,30,-0.00556111111111112,0.07237708213156945,-0.030850694444444438,0.020444861111111108,30,0.0005112416666665944,0.006262286036930112,-0.001667962604166609,0.002727338958333224,30,1.0023858124652627,0.02541187350397188,0.993530569024927,1.0114900287957207,30,0.000692777777777868,0.00849240270171775,-0.002309402222221953,0.003656510138888794,30,-0.021433333333333346,0.2577143477912537,-0.11093458333333335,0.06843333333333332,30,0.03333333333333333,0.6686751354593718,-0.2,0.26666666666666666,17,37.529411764705884,246.5593533125084,-81.17647058823529,146.70735294117645,False
0.75,0.95,node_mlp_ppo,noop,30,0.8333333333333334,0.0,30,0.23626666666666668,0.2614500919386196,0.13598249999999998,0.32130375,30,1.7062680592148356,0.7778973913676105,1.4239220004003932,1.9640000744386663,30,-0.039377777777777775,0.04357501532310326,-0.0536059722222222,-0.02357215277777779,30,-0.0011574625000000337,0.0037188253284385904,-0.0025202946874998845,5.2924166666602045e-05,30,0.9953922376000316,0.014805195842557569,0.9899664650743732,1.0001937196613229,30,-0.0014645277777774227,0.005043302478820473,-0.0033237302777774052,0.0001802402777780961,30,-0.12233333333333334,0.15462682180976398,-0.17273375,-0.06421416666666668,30,0.8,0.4068381021724863,0.6333333333333333,0.9333333333333333,0,,,,,True
0.75,0.95,noop,baseline1_hdv,30,0.6666666666666666,0.0,30,0.003933333333333336,0.012176668853500773,-0.0004504166666666631,0.00811666666666667,30,1.0126710946700936,0.03680467096733677,0.999678178683755,1.0254096489673412,30,-0.000655555555555561,0.002029444808916798,-0.0013527777777777954,6.94444444444369e-05,30,-3.393333333337097e-05,6.777217423526124e-05,-5.7288333333295276e-05,-1.0387395833445456e-05,30,0.9998649435433489,0.0002697794965500742,0.9997710168093965,0.999959785509533,30,-4.393333333318853e-05,9.08899549349174e-05,-7.608972222225048e-05,-1.2471944444047658e-05,30,0.008183333333333324,0.006012176342042549,0.006116666666666656,0.010333333333333321,30,0.0,0.0,0.0,0.0,0,,,,,False
0.75,0.95,noop,baseline2_matched,30,0.0,0.0,30,-0.2646,0.025831816789004404,-0.27374999999999994,-0.25575000000000003,30,0.5601139678745233,0.025846772493638186,0.5508588175466343,0.569255405489871,30,0.044099999999999986,0.004305302798167413,0.042597222222222196,0.04563062499999999,30,-0.0004560333333332815,0.00014385421984115825,-0.0005061877083332738,-0.00040687791666648023,30,0.9981877890357304,0.0005707105237300041,0.9979863450819715,0.9983807268939418,30,-0.0006962444444444808,0.00019740116947813787,-0.0007666216666668847,-0.000627805416666665,30,0.18436666666666662,0.01962226626394957,0.17741666666666664,0.19131666666666666,30,-1.0,0.0,-1.0,-1.0,0,,,,,False
0.75,1.0,baseline2_matched,baseline1_hdv,30,1.0,0.0,30,0.37471666666666675,0.05366782946552087,0.3556320833333333,0.3934504166666667,30,2.131541623417268,0.1731410568741369,2.0704889092650993,2.192540342176166,30,-0.06245277777777777,0.008944638244253489,-0.065580625,-0.05933333333333333,30,0.0005380041666665799,0.00023224855814874223,0.0004540209374998463,0.0006196683333332037,30,1.0021419642378262,0.0009246684477385601,1.0018178996645577,1.0024589319338284,30,0.0008422444444447914,0.00032350207628223095,0.0007282505555558525,0.0009527712500003978,30,-0.24928333333333327,0.03608770048696344,-0.26168375,-0.2364833333333333,30,1.0,0.0,1.0,1.0,0,,,,,True
0.75,1.0,graph_ppo,baseline1_hdv,30,0.7333333333333333,0.0,30,0.6467499999999998,0.5949804944644013,0.43097833333333335,0.8422004166666667,30,2.9541019070321157,1.798175957485677,2.297835027295353,3.5648758758044448,30,-0.10779166666666666,0.0991634157440669,-0.14115576388888892,-0.0710263888888889,30,-0.0026463708333333753,0.005034955517695687,-0.004492719375000014,-0.0009960202083333987,30,0.9894655495059089,0.0200430305698714,0.9820727831782147,0.9957856735510978,30,-0.003312911111110465,0.0069088513597121625,-0.005867269583332738,-0.0010724713888883369,30,-0.2792166666666666,0.30872179986622855,-0.38468624999999995,-0.1656979166666667,30,1.4333333333333333,0.8976341829703133,1.1,1.7333333333333334,0,,,,,True
0.75,1.0,graph_ppo,baseline2_matched,30,0.7333333333333333,0.0,30,0.2720333333333334,0.5782604700862474,0.05639375000000004,0.46615541666666654,30,1.3717689044997374,0.8344334218888682,1.0620748631905352,1.651528611104484,30,-0.0453388888888889,0.09637674501437457,-0.0773278472222222,-0.009830555555555598,30,-0.003184374999999955,0.0049849670805512175,-0.0050339303124999745,-0.0015655998958333376,30,0.9873472635402031,0.019809201202776468,0.9799611878348089,0.9936239418765208,30,-0.004155155555555257,0.006836872469950402,-0.0066806054166662545,-0.001918749722222,30,-0.029933333333333336,0.3007641627740835,-0.1302525,0.07886708333333332,30,0.43333333333333335,0.8976341829703133,0.1,0.7333333333333333,22,-604.0681818181819,195.34501196933257,-677.6369318181818,-522.1352272727273,True
0.75,1.0,graph_ppo,grid_cnn_ppo,30,0.5666666666666667,0.0,30,-0.09783333333333336,0.7981378255074415,-0.3782354166666666,0.18049999999999997,30,1.6411159494086178,3.1780262158704455,0.8323624460906436,2.9660024166053525,30,0.016305555555555566,0.13302297091790694,-0.030189583333333336,0.06440902777777778,30,-0.0032410416666665953,0.005239118823083018,-0.005168919166666434,-0.0015196531249998166,30,0.9871465759733644,0.020785872272783452,0.9793724358032424,0.9940674888849605,30,-0.004353999999999904,0.007232499552029818,-0.006966842916666491,-0.00193079694444438,30,0.046950000000000006,0.4095037229842129,-0.09416791666666668,0.1946133333333331,30,-0.23333333333333334,1.2780193008453875,-0.6666666666666666,0.2008333333333212,19,-197.18421052631578,445.9476554524183,-402.7934210526315,-13.8381578947369,False
0.75,1.0,graph_ppo,left_if_safe,30,0.23333333333333334,0.6333333333333333,30,-0.016550000000000002,0.47541873285738767,-0.1911004166666667,0.15088375,30,4.105786676732333,11.65351589050092,0.9800224078999348,8.740697684235393,30,0.0027583333333333405,0.07923645547623127,-0.024983888888888882,0.03168375,30,-2.107500000001761e-05,0.00412229983903772,-0.0015366729166666376,0.0014279957291666503,30,1.0000543827494017,0.01671538968784701,0.9940443920059644,1.0060467193049798,30,-3.361666666670075e-05,0.00565442148091299,-0.0020717641666666477,0.001953160277777698,30,0.01181666666666666,0.24348346553412153,-0.07208333333333335,0.1008858333333333,30,0.0,0.7427813527082074,-0.26666666666666666,0.26666666666666666,20,5.05,22.584286572747878,0.0,15.15,False
0.75,1.0,graph_ppo,node_mlp_ppo,30,0.43333333333333335,0.0,30,-0.14151666666666668,0.9490003132455911,-0.46830833333333327,0.19276749999999995,30,13.057377131807185,31.10314355061749,3.9688241566220284,25.594413547055407,30,0.023586111111111117,0.15816671887426517,-0.031731527777777775,0.0786445138888889,30,-0.0010961666666667277,0.00747148693758784,-0.0037112391666666803,0.0014987258333331221,30,0.9959941913493852,0.03030761986238341,0.9856597229985129,1.007010573884182,30,-0.001508727777777702,0.010271944652938127,-0.005152491527777552,0.0021142124999999805,30,0.07323333333333333,0.4942347573798294,-0.10005124999999997,0.2485054166666666,30,-0.16666666666666666,1.3666806839763352,-0.6333333333333333,0.3,17,-22.823529411764707,341.55960960243044,-183.79852941176466,131.56029411764703,False
0.75,1.0,graph_ppo,noop,30,0.7333333333333333,0.0,30,0.64115,0.5942285371053335,0.42313000000000006,0.8416524999999999,30,2.90051525776403,1.767730778455796,2.257477519917488,3.490444371329267,30,-0.10685833333333333,0.0990380895175556,-0.1403981944444444,-0.07130743055555555,30,-0.002604883333333316,0.005037485335279896,-0.004485765833333351,-0.0010024455208333702,30,0.9896291924890762,0.020056328023165832,0.9820715341564219,0.9960282402810211,30,-0.0032594611111105474,0.0069118543335989595,-0.005840083888888188,-0.0009558869444438542,30,-0.28768333333333335,0.3095627194913021,-0.39058375000000006,-0.17375750000000012,30,1.4333333333333333,0.8976341829703133,1.1,1.7333333333333334,0,,,,,True
0.75,1.0,grid_cnn_ppo,baseline1_hdv,30,0.9666666666666667,0.0,30,0.7445833333333332,0.33279772989458406,0.6197658333333333,0.8538037499999999,30,3.241767704143741,1.0138337499871721,2.864818560266452,3.5706948248109853,30,-0.12409722222222223,0.055466288315764015,-0.14222784722222226,-0.1029161111111111,30,0.00059467083333322,0.0005303131277386003,0.00039924947916663883,0.0007746892708332594,30,1.0023675570887878,0.0021114438965656765,1.001592550249361,1.0030741171994524,30,0.0010410888888894392,0.0008048992223315721,0.0007471894444450638,0.001317796666667211,30,-0.3261666666666666,0.16288674578989842,-0.3788504166666666,-0.26364750000000003,30,1.6666666666666667,0.6608945522512666,1.4,1.8666666666666667,0,,,,,True
0.75,1.0,grid_cnn_ppo,baseline2_matched,30,0.8666666666666667,0.0,30,0.3698666666666666,0.343637864050508,0.2393941666666667,0.48120041666666663,30,1.5357282513053936,0.4946809539646305,1.3501700742503213,1.698843369895161,30,-0.06164444444444447,0.057272977341751345,-0.08047798611111114,-0.0400413888888889,30,5.6666666666640074e-05,0.0005815139791116461,-0.00015618156249992693,0.0002549681249998441,30,1.0002259566727931,0.0023102927768496014,0.9993897919819908,1.000993628839561,30,0.0001988444444446476,0.0008770136107470846,-0.0001183468055554886,0.0004950259722223587,30,-0.07688333333333332,0.16667295476643687,-0.1316833333333333,-0.01586583333333334,30,0.6666666666666666,0.6608945522512666,0.4,0.8666666666666667,27,-480.4074074074074,328.45035443371853,-591.7430555555555,-350.88842592592596,True
0.75,1.0,grid_cnn_ppo,left_if_safe,30,0.36666666666666664,0.0,30,0.08128333333333335,0.7956958425495101,-0.19555250000000002,0.36731916666666664,30,16.43064650575626,27.22466519552024,7.608311836001484,26.39088645235854,30,-0.013547222222222226,0.13261597375825168,-0.060661666666666635,0.031941874999999995,30,0.0032199666666665777,0.0052859840077210144,0.0014637951041666887,0.0051735059374998,30,1.013386231002968,0.021998589334889688,1.0059639102265432,1.0213999995071592,30,0.004320383333333204,0.007294549622145025,0.0019284631944445727,0.0070064152777773855,30,-0.03513333333333334,0.4090697591072847,-0.17825416666666663,0.1068,30,0.23333333333333334,1.2780193008453875,-0.2,0.6666666666666666,19,211.39473684210526,437.7427764156635,29.025000000000013,408.97828947368413,False
0.75,1.0,grid_cnn_ppo,noop,30,0.9666666666666667,0.0,30,0.7389833333333334,0.3311916437427996,0.6176325,0.8431366666666666,30,3.1828288573810557,0.9768793537445488,2.81682532928884,3.501993178622367,30,-0.12316388888888889,0.0551986072904666,-0.14120597222222223,-0.10232756944444443,30,0.0006361583333332791,0.0005226843470511288,0.00044619635416665666,0.0008150515624999097,30,1.0025330729128654,0.002081402985169005,1.0017795511483345,1.0032470214621472,30,0.001094538888889357,0.000794079119999141,0.0008032552777783733,0.001360797083333717,30,-0.33463333333333334,0.16044447601914338,-0.38601708333333334,-0.27324458333333346,30,1.6666666666666667,0.6608945522512666,1.4333333333333333,1.8666666666666667,0,,,,,True
0.75,1.0,left_if_safe,baseline1_hdv,30,0.7333333333333333,0.0,30,0.6633,0.6062612046600558,0.4387995833333333,0.8636558333333333,30,2.9979894665275544,1.8338205124611164,2.32125789824093,3.616683944462857,30,-0.11055,0.10104353411000927,-0.1450502083333333,-0.07445909722222224,30,-0.0026252958333333578,0.0050913620658780715,-0.004513041354166574,-0.000983386666666843,30,0.9895503960251406,0.02026595072936688,0.9819853606798942,0.9961307615186576,30,-0.003279294444443764,0.0069879760194242555,-0.00586837736111016,-0.0010185583333328226,30,-0.29103333333333326,0.3153034644792913,-0.39528416666666666,-0.17536624999999997,30,1.4333333333333333,0.8976341829703132,1.1,1.7333333333333334,0,,,,,True
0.75,1.0,left_if_safe,baseline2_matched,30,0.7333333333333333,0.0,30,0.2885833333333334,0.5820316836282423,0.06858500000000015,0.4863370833333333,30,1.3828498225118198,0.8458686331029847,1.0824907941471351,1.666188792614474,30,-0.04809722222222223,0.09700528060470705,-0.07985298611111111,-0.012916527777777805,30,-0.0031632999999999375,0.004986723164330492,-0.0049953707291665525,-0.001525299999999945,30,0.987427698453383,0.019821026918555914,0.9800749224225707,0.9941105488892356,30,-0.004121538888888556,0.006840418883467874,-0.006638379583332876,-0.0019158006944441643,30,-0.04174999999999999,0.30194923500025855,-0.14351916666666667,0.06870333333333331,30,0.43333333333333335,0.8976341829703132,0.1,0.7333333333333333,22,-601.8863636363636,183.60224424257208,-668.9551136363636,-522.4982954545454,True
0.75,1.0,left_if_safe,noop,30,0.7333333333333333,0.0,30,0.6577,0.6052494156729222,0.43741291666666665,0.8622520833333333,30,2.942848550554839,1.8009682483685356,2.292411467893123,3.556137689370971,30,-0.1096166666666667,0.10087490261215372,-0.14326708333333335,-0.07280826388888889,30,-0.0025838083333332984,0.005080051195452511,-0.004512162708333217,-0.0009489699999999082,30,0.9897129757876635,0.02022581327711929,0.9822405168063488,0.9962169072265012,30,-0.0032258444444438466,0.006972454637520474,-0.0057931299999992155,-0.000822531249999504,30,-0.2995,0.31553411204189785,-0.4076016666666667,-0.18409916666666665,30,1.4333333333333333,0.8976341829703132,1.1,1.7333333333333334,0,,,,,True
0.75,1.0,node_mlp_ppo,baseline1_hdv,30,0.8333333333333334,0.0,30,0.7882666666666666,0.5220348735433317,0.5905950000000001,0.9594179166666665,30,3.3767351949021696,1.5756334980695037,2.787189780489895,3.8934553367858333,30,-0.1313777777777778,0.08700581225722194,-0.15933923611111117,-0.09899951388888888,30,-0.0015502041666666476,0.004209563211236934,-0.0031002254166664586,-0.00014598812500007295,30,0.9938282074970229,0.01675952980636878,0.9875286782427917,0.9994057686211473,30,-0.001804183333332763,0.005781584643432304,-0.0039544779166660925,4.228194444515142e-05,30,-0.35245000000000004,0.27129251136759736,-0.4413020833333333,-0.25274833333333335,30,1.6,0.7701320979389589,1.3,1.8333333333333333,0,,,,,True
0.75,1.0,node_mlp_ppo,baseline2_matched,30,0.8333333333333334,0.0,30,0.4135499999999999,0.5392442564399257,0.21692791666666672,0.5907041666666665,30,1.6089619566199898,0.7740890692650101,1.3242492616139068,1.862704158090861,30,-0.068925,0.08987404273998761,-0.09791118055555557,-0.03487166666666669,30,-0.0020882083333332276,0.004243044721665782,-0.003671223645833114,-0.0007178958333333065,30,0.991706579348411,0.016852099853274505,0.9851499117111097,0.9970066427962603,30,-0.002646427777777555,0.005830469658448511,-0.0048362649999995014,-0.0007130566666665478,30,-0.10316666666666664,0.27960256070719913,-0.1949670833333333,-0.0007833333333333136,30,0.6,0.770132097938959,0.3,0.8666666666666667,25,-616.74,294.3668742686015,-719.201,-497.2995,True
0.75,1.0,node_mlp_ppo,grid_cnn_ppo,30,0.7333333333333333,0.0,30,0.04368333333333332,0.3699306664613056,-0.09178375000000005,0.17361208333333314,30,1.3918460884133188,2.5940667009583005,0.8117547940727842,2.402769479291288,30,-0.00728055555555555,0.06165511107688426,-0.02889208333333331,0.014355694444444445,30,-0.0021448749999998674,0.0038836001358385644,-0.0035798365624997745,-0.0008868212499998795,30,0.9914627811586444,0.015475416878413542,0.9854885957093433,0.9964069577456743,30,-0.0028452722222222023,0.0052741840324186775,-0.004806743611110998,-0.001146558194444509,30,-0.02628333333333334,0.19854560334894197,-0.094735,0.04428333333333333,30,-0.06666666666666667,0.5832922809856749,-0.26666666666666666,0.13333333333333333,24,-47.833333333333336,257.9230870639147,-141.67187499999994,58.68906249999998,False
0.75,1.0,node_mlp_ppo,left_if_safe,30,0.5333333333333333,0.0,30,0.12496666666666666,0.9484989132865398,-0.19573708333333337,0.45972541666666666,30,18.35195346964932,30.39010596617824,8.228042846791217,29.6660885957977,30,-0.020827777777777775,0.1580831522144233,-0.07736430555555557,0.03472756944444435,30,0.0010750916666667101,0.0075124669532758885,-0.0016249182291665156,0.0037146552083333513,30,1.0048413351987167,0.030656685493992628,0.9941233969990031,1.0154796092152636,30,0.0014751111111110011,0.010326635159577381,-0.0021793468055555758,0.005066463055555349,30,-0.06141666666666668,0.49032897266710807,-0.2293845833333333,0.10595041666666664,30,0.16666666666666666,1.3666806839763352,-0.3,0.6333333333333333,17,41.85294117647059,332.517845606907,-109.79926470588231,201.06249999999994,False
0.75,1.0,node_mlp_ppo,noop,30,0.8333333333333334,0.0,30,0.7826666666666667,0.5206994025501585,0.58839625,0.9515337499999998,30,3.3137417921058523,1.5466393406013155,2.742726755905779,3.8219537771792824,30,-0.13044444444444442,0.08678323375835974,-0.15824270833333332,-0.09853534722222222,30,-0.0015087166666665883,0.004211355914796469,-0.0030956990624998316,-0.00010336812499997095,30,0.9939924901967152,0.016769526573470642,0.9878881563481101,0.9994601701695485,30,-0.0017507333333328452,0.005783594460234586,-0.003945848333332826,0.0001273173611114192,30,-0.36091666666666666,0.2698904976969853,-0.4477341666666666,-0.2601658333333333,30,1.6,0.7701320979389589,1.3,1.8666666666666667,0,,,,,True
0.75,1.0,noop,baseline1_hdv,30,0.6,0.0,30,0.005599999999999997,0.011852105880100095,0.0014999999999999994,0.009750416666666668,30,1.0175998391340555,0.03623425491504497,1.004950069737955,1.030349677943664,30,-0.0009333333333333379,0.00197535098001668,-0.0016222222222222289,-0.0002388888888889068,30,-4.148750000005918e-05,8.175923541362693e-05,-7.1426770833384e-05,-1.3231770833389902e-05,30,0.9998348921474149,0.00032539823259861725,0.9997144891921252,0.9999458742795757,30,-5.344999999991792e-05,0.00010881659805142054,-9.341111111085663e-05,-1.6431527777674594e-05,30,0.008466666666666674,0.008461814158357223,0.005583333333333344,0.011483333333333345,30,0.0,0.0,0.0,0.0,0,,,,,True
0.75,1.0,noop,baseline2_matched,30,0.0,0.0,30,-0.3691166666666667,0.051003665070019355,-0.38671708333333327,-0.35071541666666667,30,0.479898074915953,0.03545750630094464,0.4674414207517573,0.49266708555995065,30,0.061519444444444446,0.008500610845003224,0.05853055555555556,0.06447506944444444,30,-0.000579491666666639,0.00022181257362040389,-0.0006588460416667189,-0.0005043224999999926,30,0.9976985929641257,0.0008789762635840009,0.9973900520872234,0.9979988285066499,30,-0.0008956944444447094,0.0003080055638500492,-0.0010040748611114744,-0.0007906759722225729,30,0.25775,0.034969383160426054,0.2455,0.27004999999999996,30,-1.0,0.0,-1.0,-1.0,0,,,,,False
0.8,0.9,baseline2_matched,baseline1_hdv,30,1.0,0.0,30,0.1929,0.026656628857921357,0.1835329166666666,0.20259999999999997,30,1.7683177367790444,0.1122020356266403,1.7294375686557422,1.8085950774812674,30,-0.032150000000000005,0.004442771476320226,-0.03372506944444446,-0.030594374999999986,30,0.0003097708333332903,9.248454602582826e-05,0.00027870406249993086,0.00034309583333323463,30,1.0015417467845833,0.0004604994954713941,1.0013814442521598,1.0017088729509567,30,0.0004474947916667175,0.00012084957294480452,0.0004057226562499377,0.00049149531250009,30,-0.13101666666666667,0.018903330911250255,-0.1376166666666667,-0.12458333333333335,30,0.0,0.0,0.0,0.0,0,,,,,True
0.8,0.9,graph_ppo,baseline1_hdv,30,0.7333333333333333,0.0,30,0.07903333333333332,0.12918410634955577,0.030950000000000002,0.12330124999999999,30,1.3129702997426722,0.5108980359865792,1.122479417446358,1.484414418499922,30,-0.01317222222222223,0.021530684391592628,-0.020436458333333334,-0.005516666666666681,30,0.000256324999999948,0.00016559045540870062,0.00019543708333319518,0.000310701249999924,30,1.0012757821081562,0.0008242547200066013,1.000968313717424,1.0015416623225275,30,0.00034510416666660624,0.0002262514040330204,0.00025955182291659425,0.0004192200520833033,30,-0.03940000000000002,0.08420033581716962,-0.06705041666666668,-0.008665833333333353,30,0.03333333333333333,0.18257418583505536,0.0,0.1,0,,,,,True
0.8,0.9,graph_ppo,baseline2_matched,30,0.13333333333333333,0.0,30,-0.11386666666666664,0.1278269259135404,-0.15945041666666668,-0.07029916666666668,30,0.7433613801785378,0.2932662136016934,0.63462484355835,0.8441196212942833,30,0.018977777777777774,0.02130448765225674,0.01181090277777777,0.026775000000000004,30,-5.344583333334226e-05,0.00015601789893500388,-0.00011154468750004203,-3.451041665556126e-07,30,0.9997345099837972,0.0007753830343404475,0.9994508480324495,0.99999984549567,30,-0.00010239062500011128,0.0002147638905261319,-0.0001829852864583627,-3.1092968750019954e-05,30,0.09161666666666665,0.08373610881537444,0.06326625,0.12198458333333331,30,0.03333333333333333,0.18257418583505536,0.0,0.1,0,,,,,False
0.8,0.9,graph_ppo,grid_cnn_ppo,30,0.4666666666666667,0.0,30,-0.03665,0.19522768096198118,-0.10490125,0.0331716666666666,30,1.290939655727446,1.4988032806843234,0.8391412423915843,1.887382308617799,30,0.006108333333333327,0.03253794682699687,-0.0055841666666666635,0.01783152777777776,30,-8.325000000009945e-06,0.00020270941863949956,-8.744770833330932e-05,5.852958333324537e-05,30,0.9999589349788038,0.0010072187922189435,0.9995750338966282,1.000286879081543,30,-2.1859374999957012e-05,0.0002776732223737351,-0.00012736523437505498,6.849531249997982e-05,30,0.022183333333333336,0.12489799171056887,-0.021667083333333333,0.06555083333333334,30,-0.03333333333333333,0.319841914974746,-0.16666666666666666,0.06666666666666667,0,,,,,False
0.8,0.9,graph_ppo,left_if_safe,30,0.2,0.6333333333333333,30,0.00736666666666667,0.059821420067151326,-0.012700416666666662,0.029416666666666667,30,1.200809417499915,0.8925919606726554,0.9599553507129629,1.566249367516034,30,-0.0012277777777777831,0.009970236677858556,-0.004869583333333346,0.001980555555555541,30,7.129166666598278e-06,0.00012765941894351298,-3.717354166672781e-05,5.373999999989152e-05,30,1.0000356034447189,0.0006351245735984256,0.9998179388755184,1.0002687070824745,30,1.1213541666615923e-05,0.00016435599611588575,-4.6870703125081586e-05,7.032330729162284e-05,30,-0.005666666666666671,0.038923960649498116,-0.02048416666666666,0.0074166666666666565,30,0.0,0.0,0.0,0.0,1,0.0,0.0,0.0,0.0,False
0.8,0.9,graph_ppo,node_mlp_ppo,30,0.4666666666666667,0.0,30,0.0012833333333333381,0.2310880815550244,-0.07923541666666664,0.08385,30,1.8455081768776966,2.1898063592651225,1.139315833140596,2.6686465778703434,30,-0.00021388888888889494,0.038514680259170736,-0.014303402777777776,0.013103333333333314,30,-6.420833333449042e-06,0.00019328544831283642,-8.014302083350496e-05,5.8867499999962505e-05,30,0.9999683932263941,0.0009605897619214398,0.999610410546708,1.00028525413689,30,-7.624999999996292e-06,0.0002767952684247899,-0.00011243489583336169,8.446458333330981e-05,30,-0.004016666666666672,0.14845215665692418,-0.05640166666666664,0.04881666666666665,30,0.0,0.2626128657194451,-0.1,0.1,0,,,,,False
0.8,0.9,graph_ppo,noop,30,0.7333333333333333,0.0,30,0.07668333333333334,0.12884710822851467,0.02983166666666667,0.1203,30,1.3002668429973663,0.5089012039811162,1.117217668286268,1.471779249627661,30,-0.012780555555555566,0.02147451803808579,-0.020233402777777788,-0.004958263888888899,30,0.0002536708333332249,0.00015445031313569553,0.00019511989583319704,0.00030609614583322744,30,1.0012625102479396,0.000768800016222475,1.0009782915272774,1.001515851063965,30,0.00034105208333327827,0.00021738417095956572,0.00026056132812492234,0.0004122709635415703,30,-0.04166666666666668,0.08421629923875346,-0.0702004166666667,-0.010833333333333351,30,0.03333333333333333,0.18257418583505536,0.0,0.1,0,,,,,True
0.8,0.9,grid_cnn_ppo,baseline1_hdv,30,0.8666666666666667,0.0,30,0.11568333333333333,0.12512982798108016,0.06936666666666667,0.15741708333333335,30,1.462889484272103,0.49755402704007645,1.2795991031423604,1.626497441762227,30,-0.019280555555555558,0.02085497133018003,-0.02611680555555556,-0.011558263888888884,30,0.000264649999999958,0.00010719367643299659,0.00022779541666662688,0.00030280031249998985,30,1.0013172019712941,0.0005336735925152137,1.0011311689896814,1.0015065927890685,30,0.0003669635416665632,0.00014337429047374785,0.0003168212239582627,0.0004170002604165292,30,-0.06158333333333336,0.0798305407089609,-0.08803333333333335,-0.03176625000000001,30,0.06666666666666667,0.2537081317024625,0.0,0.16666666666666666,0,,,,,True
0.8,0.9,grid_cnn_ppo,baseline2_matched,30,0.23333333333333334,0.0,30,-0.07721666666666664,0.123181439162006,-0.12356833333333332,-0.036916250000000005,30,0.8266539563567429,0.2742586029230498,0.7221558443225271,0.9179689709981894,30,0.012869444444444449,0.020530239860334337,0.006230347222222233,0.02044736111111112,30,-4.5120833333332314e-05,0.00014968989310710202,-9.833416666666571e-05,7.614062499937911e-06,30,0.9997760331482205,0.0007437283307650696,0.9995153217090087,1.0000361526362371,30,-8.053125000015426e-05,0.0001979474697181089,-0.0001511001302085029,-1.2137760416737286e-05,30,0.06943333333333333,0.08189551094317492,0.04349999999999999,0.10048375,30,0.06666666666666667,0.2537081317024625,0.0,0.16666666666666666,0,,,,,False
0.8,0.9,grid_cnn_ppo,left_if_safe,30,0.5333333333333333,0.0,30,0.044016666666666676,0.2031336609117315,-0.02578374999999999,0.11590125,30,1.9737324568957724,2.4307579886849644,1.2141763016566365,2.888632554436623,30,-0.00733611111111111,0.03385561015195525,-0.01942250000000001,0.004569791666666676,30,1.5454166666608223e-05,0.00019772174501512358,-5.04181249999218e-05,8.695458333317122e-05,30,1.0000774348819301,0.0009835673248213418,0.9997498628003738,1.0004336851987725,30,3.3072916666572934e-05,0.00026596036870525733,-5.5990364583460844e-05,0.00013148580729163104,30,-0.027850000000000007,0.13084303243937384,-0.07515125000000002,0.016667916666666643,30,0.03333333333333333,0.319841914974746,-0.06666666666666667,0.16666666666666666,0,,,,,False
0.8,0.9,grid_cnn_ppo,noop,30,0.8666666666666667,0.0,30,0.11333333333333333,0.1242444984790025,0.06719958333333333,0.15418374999999995,30,1.4477592216371282,0.4864226943909883,1.2691003119111977,1.609724314707537,30,-0.018888888888888893,0.020707416413167094,-0.025786111111111117,-0.011041527777777782,30,0.0002619958333332349,9.878014316978436e-05,0.0002277653124998784,0.00029734645833323913,30,1.0013039515109108,0.0004917462408076653,1.0011302161906959,1.0014812034588927,30,0.0003629114583332353,0.00013577096965739822,0.0003152980468749734,0.000409679817708247,30,-0.06385000000000002,0.0787313360477394,-0.08876666666666667,-0.03398250000000003,30,0.06666666666666667,0.2537081317024625,0.0,0.16666666666666666,0,,,,,True
0.8,0.9,left_if_safe,baseline1_hdv,30,0.6666666666666666,0.0,30,0.07166666666666667,0.1373907925774412,0.02234958333333334,0.11758541666666664,30,1.2826312415058525,0.5460128867892802,1.0840365175642526,1.4675229199610886,30,-0.011944444444444447,0.022898465429573536,-0.019680763888888904,-0.0037138194444444436,30,0.00024919583333334977,0.00013827867166743283,0.00019935000000007188,0.0002970338541667575,30,1.0012402302134726,0.0006882816015244637,1.000988645039805,1.001475704241939,30,0.0003338906249999903,0.0001928882102359971,0.00026409856770819826,0.00039932096354172296,30,-0.03373333333333335,0.09056106087677218,-0.06428375000000003,-8.333333333336395e-05,30,0.03333333333333333,0.18257418583505536,0.0,0.1,0,,,,,True
0.8,0.9,left_if_safe,baseline2_matched,30,0.13333333333333333,0.0,30,-0.1212333333333333,0.13795318629591488,-0.17148416666666666,-0.07506583333333333,30,0.7275447694921306,0.3136495129947199,0.6128494414503711,0.8346231946505519,30,0.020205555555555556,0.022992197715985818,0.012622083333333343,0.02874180555555556,30,-6.057499999994054e-05,0.00015665396951174642,-0.00011742093749997718,-7.58156250002316e-06,30,0.9996991143776088,0.0007784962066468646,0.999416643656474,0.999960032376134,30,-0.0001136041666667272,0.00021491568322939,-0.00019252148437511117,-3.856575520840629e-05,30,0.09728333333333335,0.09141207225538096,0.06664958333333333,0.13028416666666665,30,0.03333333333333333,0.18257418583505536,0.0,0.1,0,,,,,False
0.8,0.9,left_if_safe,noop,30,0.6666666666666666,0.0,30,0.06931666666666668,0.13749341572532153,0.01799916666666666,0.11528333333333331,30,1.271140271579607,0.5437565536570041,1.0737247666030196,1.4572161616956094,30,-0.011552777777777782,0.0229155692875536,-0.019425277777777784,-0.003138819444444455,30,0.00024654166666662666,0.0001529437556261687,0.00019093666666649325,0.0002969297916665428,30,1.0012270526529752,0.0007612747268388559,1.0009451148801123,1.0014847182116569,30,0.00032983854166666237,0.00021234043151337718,0.00025105585937490747,0.0003998604166667529,30,-0.036000000000000004,0.09120911932628152,-0.06680000000000001,-0.0026333333333333543,30,0.03333333333333333,0.18257418583505536,0.0,0.1,0,,,,,True
0.8,0.9,node_mlp_ppo,baseline1_hdv,30,0.7333333333333333,0.0,30,0.07775,0.1534040051403595,0.022182916666666677,0.1285191666666666,30,1.3125822452121583,0.6101805588412549,1.0915570997578405,1.5213925066869207,30,-0.012958333333333334,0.025567334190059927,-0.021669444444444446,-0.003305347222222217,30,0.00026274583333339707,0.00012864946059151726,0.00021582083333343625,0.0003070929166667562,30,1.001307747012504,0.0006404437124807737,1.0010758038930523,1.0015232225839257,30,0.00035272916666660253,0.00018305408226021975,0.00028696731770825706,0.0004158804687498863,30,-0.03538333333333335,0.09825412892379998,-0.06800083333333333,-0.00011583333333336223,30,0.03333333333333333,0.18257418583505533,0.0,0.1,0,,,,,True
0.8,0.9,node_mlp_ppo,baseline2_matched,30,0.26666666666666666,0.0,30,-0.11514999999999999,0.14684299321102254,-0.16766666666666666,-0.06429958333333334,30,0.7374854719768403,0.342355697678378,0.6158167209061456,0.8571280019591366,30,0.01919166666666667,0.0244738322018371,0.010847013888888877,0.028188888888888885,30,-4.702499999989322e-05,0.00012719894053858443,-9.310010416649298e-05,-3.895312499761225e-06,30,0.9997664580056429,0.0006320288197990946,0.999536741063347,0.9999872983259169,30,-9.476562500011498e-05,0.0001794983437944641,-0.0001576622395834177,-3.144257812515969e-05,30,0.09563333333333333,0.09574111405002673,0.06316625000000001,0.13063375,30,0.03333333333333333,0.18257418583505533,0.0,0.1,0,,,,,False
0.8,0.9,node_mlp_ppo,grid_cnn_ppo,30,0.4,0.0,30,-0.03793333333333333,0.13376856837485207,-0.0857175,0.008067916666666643,30,1.038796603728734,0.833404887005259,0.7825496700704281,1.3633804460625008,30,0.006322222222222221,0.02229476139580869,-0.0016000000000000016,0.014142013888888895,30,-1.9041666665609026e-06,0.00017153760986564364,-6.31999999998696e-05,5.6198229166700197e-05,30,0.9999908483140395,0.0008524010421575986,0.999678230261433,1.0002719742907338,30,-1.423437499996072e-05,0.00023151024116987927,-9.816796874996924e-05,6.410976562491783e-05,30,0.026200000000000008,0.0859741942036418,-0.004417083333333325,0.05654999999999998,30,-0.03333333333333333,0.31984191497474607,-0.16666666666666666,0.06666666666666667,0,,,,,False
0.8,0.9,node_mlp_ppo,left_if_safe,30,0.5333333333333333,0.0,30,0.006083333333333335,0.2440669807490436,-0.08053375000000002,0.09115125,30,1.9373928516698375,2.6921585906981123,1.1060846056360714,2.93314966429659,30,-0.0010138888888888882,0.04067783012484061,-0.015622638888888886,0.013361527777777795,30,1.3550000000047321e-05,0.0001715813513448203,-4.50836458332513e-05,7.510750000003119e-05,30,1.0000678157964085,0.0008534590928466386,0.9997791327732503,1.000375328671037,30,1.8838541666612214e-05,0.00024911606826737143,-6.48287760417264e-05,0.0001065066406249891,30,-0.0016499999999999996,0.15783006739025932,-0.057167499999999996,0.05408833333333329,30,0.0,0.2626128657194451,-0.1,0.1,0,,,,,False
0.8,0.9,node_mlp_ppo,noop,30,0.7333333333333333,0.0,30,0.0754,0.1519868075037186,0.021799583333333327,0.12616874999999997,30,1.2969851438716042,0.6026568898678988,1.077149042046222,1.5011734994099672,30,-0.01256666666666667,0.02533113458395312,-0.021119652777777782,-0.003469097222222223,30,0.00026009166666667396,0.00011841713298780783,0.0002174204166666633,0.0002999002083332462,30,1.0012944871414347,0.000589413513244756,1.0010727005466553,1.0014944286203615,30,0.00034867708333327456,0.0001653599494214482,0.0002876766927082638,0.00040461510416657233,30,-0.03765000000000001,0.09653944610972456,-0.07060083333333335,-0.0026816666666667098,30,0.03333333333333333,0.18257418583505533,0.0,0.1,0,,,,,True
0.8,0.9,noop,baseline1_hdv,30,0.7,0.03333333333333333,30,0.0023500000000000023,0.008349220488082754,-0.0006500000000000006,0.0051833333333333375,30,1.0098315653839454,0.033178833770127154,0.9980812264226229,1.0212676505818186,30,-0.00039166666666666424,0.0013915367480137968,-0.0008666666666666712,0.00010006944444446166,30,2.6541666667230976e-06,7.235941842374905e-05,-2.246677083336095e-05,2.8220937500119576e-05,30,1.000013275168735,0.00036013038201757156,0.9998889958547151,1.000140433536003,30,4.05208333332796e-06,9.017828864425013e-05,-2.697500000001735e-05,3.6001171874856635e-05,30,0.002266666666666665,0.007075617839884502,-0.00014999999999999836,0.004799999999999986,30,0.0,0.0,0.0,0.0,0,,,,,False
0.8,0.9,noop,baseline2_matched,30,0.0,0.0,30,-0.19055,0.025137329707580047,-0.19945041666666669,-0.18209999999999998,30,0.5727902888261014,0.032903039597352864,0.5612826552591111,0.5840053189559905,30,0.03175833333333334,0.004189554951263342,0.030324930555555567,0.03322777777777779,30,-0.0003071166666665672,0.00010500078475344542,-0.00034537989583321267,-0.0002700790624998939,30,0.9984740521793961,0.0005211541240231985,0.9982891437108574,0.9986550360008455,30,-0.00044344270833338956,0.00013467046933172071,-0.0004908139322917922,-0.00039604088541664404,30,0.13328333333333334,0.017597846328522675,0.12708333333333335,0.13948333333333332,30,0.0,0.0,0.0,0.0,0,,,,,False
0.8,0.95,baseline2_matched,baseline1_hdv,30,1.0,0.0,30,0.23969999999999997,0.03197617647669848,0.22838291666666663,0.25094999999999995,30,1.9539259936956432,0.13118367558656474,1.9098042511505693,2.0000301404755523,30,-0.03995000000000002,0.005329362746116403,-0.04185277777777779,-0.03813604166666668,30,0.00035109583333326383,0.00011257958240417786,0.0003111494791666173,0.0003893753124998214,30,1.0017474085234148,0.0005604490125376459,1.0015523825299681,1.0019443965292203,30,0.0005137760416666747,0.00014817247258768008,0.0004617915364584027,0.0005647515625000497,30,-0.16003333333333336,0.020437850844118532,-0.16724999999999998,-0.15268333333333337,30,0.43333333333333335,0.5040069329937308,0.26666666666666666,0.6,0,,,,,True
0.8,0.95,graph_ppo,baseline1_hdv,30,0.8333333333333334,0.0,30,0.18833333333333332,0.1855512910469647,0.12038041666666667,0.2500175,30,1.7456798256269177,0.7430680416904646,1.4754343500595195,1.990034472257185,30,-0.03138888888888889,0.030925215174494113,-0.04179743055555556,-0.01984430555555555,30,0.00031419166666661705,0.00014276021210731773,0.00026324552083328015,0.0003620378124998147,30,1.001563769196442,0.0007106364330938902,1.0013040781275162,1.0018027903202082,30,0.0004515937499999271,0.00021820563192636328,0.00037023906249998275,0.000525715104166579,30,-0.09681666666666669,0.11363268739090068,-0.134885,-0.055748333333333365,30,0.5666666666666667,0.5040069329937308,0.4,0.7333333333333333,0,,,,,True
0.8,0.95,graph_ppo,baseline2_matched,30,0.5333333333333333,0.03333333333333333,30,-0.05136666666666666,0.1838869092738764,-0.11820208333333333,0.010517499999999999,30,0.894367252526464,0.3809999648758727,0.7538212597482359,1.023530956420248,30,0.008561111111111127,0.03064781821231273,-0.0015446527777777648,0.01970854166666668,30,-3.690416666664679e-05,0.0001609679760509279,-9.433822916666496e-05,1.8480000000056124e-05,30,0.9998168981438995,0.0007997747168874509,0.9995316112260297,1.0001082979991527,30,-6.218229166674767e-05,0.00023359186866149062,-0.0001449190104169006,1.8740755208114598e-05,30,0.06321666666666668,0.11202344915650268,0.026382916666666666,0.10381666666666665,30,0.13333333333333333,0.7302967433402214,-0.13333333333333333,0.4,7,-192.57142857142858,130.1919827829363,-280.14285714285717,-103.13928571428576,False
0.8,0.95,graph_ppo,grid_cnn_ppo,30,0.4666666666666667,0.0,30,0.00016666666666667235,0.29342229580957363,-0.10321833333333334,0.1036520833333333,30,1.6748399371015656,2.004686429941226,1.0411891424860107,2.4685182987572043,30,-2.777777777777842e-05,0.04890371596826226,-0.017297430555555552,0.01696722222222221,30,2.1500000000266677e-06,0.00020640129090670036,-6.73171874999392e-05,7.565906250000539e-05,30,1.000011256354406,0.001026602548691835,0.9996631508314489,1.0003915915984667,30,2.7395833332518233e-06,0.0003102895576706819,-0.00010172473958348883,0.00011659075520816401,30,-0.00300000000000001,0.18082998301891393,-0.06630083333333332,0.061936666666666605,30,0.1,0.8030115728972382,-0.16666666666666666,0.36666666666666664,6,-8.666666666666666,237.53455888915758,-195.66666666666666,145.83333333333334,False
0.8,0.95,graph_ppo,left_if_safe,30,0.13333333333333333,0.7,30,-0.01955,0.12800493996394208,-0.06827374999999994,0.02140041666666666,30,1.0902867730638215,0.722773801153763,0.8737516047001945,1.382701733026524,30,0.003258333333333326,0.021334156660657,-0.003711250000000001,0.011275138888888873,30,-3.327500000004831e-05,0.00010340479233375782,-7.26129166667247e-05,7.051041665734895e-07,30,0.9998347547146946,0.0005137757613016436,0.9996459381401706,1.0000037862647002,30,-4.7703125000012986e-05,0.00016144620154525662,-0.00010642265625003675,5.875520833342096e-06,30,0.01046666666666666,0.07651019014093674,-0.014550833333333324,0.03875166666666663,30,-0.03333333333333333,0.18257418583505533,-0.1,0.0,17,0.0,0.0,0.0,0.0,False
0.8,0.95,graph_ppo,node_mlp_ppo,30,0.4666666666666667,0.0,30,-0.0017833333333333386,0.28394404145563773,-0.10353375000000002,0.09931749999999999,30,1.6616907932961165,2.3228217050001416,0.9567435543517151,2.5827012800075173,30,0.0002972222222222302,0.04732400690927295,-0.016113888888888882,0.01701944444444444,30,5.391666666633895e-06,0.0001532277706965416,-4.9888541666683804e-05,5.752552083328515e-05,30,1.0000269735901648,0.0007613362289429625,0.9997511695967863,1.0002832583783374,30,6.1822916666176566e-06,0.0002447274303365813,-8.177278645826836e-05,8.831132812492112e-05,30,0.002083333333333352,0.1761899975307482,-0.057268749999999966,0.06378375000000001,30,0.13333333333333333,0.7760791522613609,-0.13333333333333333,0.4,6,1.5,194.00902040884594,-138.66666666666666,142.66666666666666,False
0.8,0.95,graph_ppo,noop,30,0.8333333333333334,0.0,30,0.18856666666666666,0.1871776646956563,0.11991541666666666,0.2524008333333333,30,1.7519882259463764,0.7544416061076933,1.470371597346091,2.005915014255835,30,-0.03142777777777777,0.031196277449276038,-0.041836458333333326,-0.020433750000000042,30,0.00030074166666655317,0.00013132958151109822,0.0002522991666666417,0.00034503416666664905,30,1.0014966836168544,0.0006536667062201018,1.0012648598498712,1.0017191053571648,30,0.0004348541666665965,0.0002054438633534852,0.000358785677083095,0.000503127604166695,30,-0.10271666666666665,0.11343862713571945,-0.14006666666666667,-0.06084999999999999,30,0.5666666666666667,0.5040069329937308,0.4,0.7333333333333333,0,,,,,True
0.8,0.95,grid_cnn_ppo,baseline1_hdv,30,0.8333333333333334,0.0,30,0.18816666666666662,0.17973713245072426,0.12299916666666666,0.24930041666666664,30,1.7519897873210337,0.7136735693238515,1.4860663835406498,1.9919238324758193,30,-0.03136111111111111,0.02995618874178738,-0.041511249999999986,-0.020583055555555566,30,0.0003120416666665904,0.00016794261942572068,0.0002510676041666669,0.00036699760416649107,30,1.0015530989482138,0.0008359389415214583,1.001235870083247,1.0018278448726405,30,0.0004488541666666753,0.00023888250821240482,0.0003565050781250367,0.0005289976562500131,30,-0.09381666666666667,0.10876592101716716,-0.13040041666666669,-0.054381250000000034,30,0.4666666666666667,0.507416263404925,0.3,0.6333333333333333,0,,,,,True
0.8,0.95,grid_cnn_ppo,baseline2_matched,30,0.5333333333333333,0.0,30,-0.051533333333333334,0.17254819083641398,-0.11438416666666665,0.0066520833333332955,30,0.892593567240231,0.35651630103855103,0.7610838343541424,1.0111909872568081,30,0.008588888888888905,0.028758031806068996,-0.0008863194444444301,0.019247291666666676,30,-3.905416666667346e-05,0.00014390160926881318,-8.9463020833309e-05,1.005000000001019e-05,30,0.9998060910102046,0.0007151115834805469,0.9995441511528597,1.000054508655039,30,-6.49218749999995e-05,0.00020695799879300681,-0.0001402986979166421,4.873958333350261e-06,30,0.06621666666666669,0.10510935875958227,0.030449166666666704,0.10386833333333334,30,0.03333333333333333,0.6149478998583782,-0.16666666666666666,0.23333333333333334,8,-226.25,169.02134269291048,-338.00312499999995,-124.875,False
0.8,0.95,grid_cnn_ppo,left_if_safe,30,0.5,0.0,30,-0.019716666666666664,0.28003154635509014,-0.11956749999999998,0.07841791666666664,30,1.5936461133724318,1.9989961253005322,0.9639506516180643,2.3806226642008976,30,0.0032861111111111047,0.04667192439251503,-0.01299736111111111,0.019475069444444427,30,-3.542500000007498e-05,0.00019568727140431804,-0.00010717843750007146,3.1787708333172525e-05,30,0.9998243388364919,0.0009721913111116749,0.9994736659953636,1.0001573513684106,30,-5.044270833326481e-05,0.0002851292399327554,-0.0001541796875000609,4.423580729190249e-05,30,0.013466666666666672,0.17222689191543397,-0.047017500000000004,0.07458333333333332,30,-0.13333333333333333,0.7760791522613609,-0.4,0.13333333333333333,7,9.142857142857142,216.84205355621447,-121.7285714285713,160.0321428571424,False
0.8,0.95,grid_cnn_ppo,noop,30,0.8333333333333334,0.0,30,0.1884,0.17958354121651035,0.12329791666666667,0.24911749999999996,30,1.7528425851111136,0.7125622414183064,1.4930280753334402,1.9972465893825762,30,-0.0314,0.029930590202751725,-0.041594652777777776,-0.020555416666666673,30,0.0002985916666665265,0.00016654720301865908,0.00023631645833319676,0.0003519962499998589,30,1.00148604594037,0.0008288320714881545,1.0011753693779526,1.0017558622727345,30,0.0004321145833333447,0.00023533080513548753,0.00033970690104177017,0.0005074326822917242,30,-0.09971666666666666,0.1079084608338949,-0.13501749999999998,-0.05996666666666666,30,0.4666666666666667,0.507416263404925,0.3,0.6333333333333333,0,,,,,True
0.8,0.95,left_if_safe,baseline1_hdv,30,0.8333333333333334,0.0,30,0.20788333333333334,0.16946033425276097,0.14419833333333335,0.26333375000000003,30,1.8263978015650888,0.6777567159628948,1.5755984311845344,2.050661805289826,30,-0.03464722222222221,0.02824338904212684,-0.04401673611111111,-0.023811041666666664,30,0.0003474666666666654,0.00011475762001102477,0.00030823520833326223,0.00038829999999995615,30,1.0017293417751123,0.0005712471845379283,1.0015251337493705,1.0019304317287112,30,0.0004992968749999401,0.0001637941964059396,0.0004413166666665054,0.0005553759114583759,30,-0.10728333333333334,0.10352283467356646,-0.14223375000000002,-0.06878333333333336,30,0.6,0.49827287912243984,0.43333333333333335,0.7666666666666667,0,,,,,True
0.8,0.95,left_if_safe,baseline2_matched,30,0.5666666666666667,0.03333333333333333,30,-0.03181666666666666,0.170404968122762,-0.09476874999999997,0.024600416666666666,30,0.9373585629276145,0.34758251627503206,0.8081131105525181,1.0517446279063178,30,0.0053027777777778,0.02840082802046035,-0.004144930555555542,0.016025069444444463,30,-3.6291666665984787e-06,0.00015136827978242062,-5.5304166666544936e-05,5.067833333336704e-05,30,0.9999822322629419,0.0007521699709549931,0.9997207685376475,1.0002489681589568,30,-1.4479166666734692e-05,0.00020593942269481208,-8.632460937507306e-05,5.957890624989872e-05,30,0.05275000000000001,0.1043851249476899,0.018350000000000012,0.09045208333333335,30,0.16666666666666666,0.6989318615762461,-0.06666666666666667,0.4,8,-182.75,123.69403496415778,-263.5,-102.75,False
0.8,0.95,left_if_safe,noop,30,0.8333333333333334,0.0,30,0.20811666666666664,0.17136282758568416,0.14558249999999998,0.26430333333333333,30,1.8331923018899579,0.688675836943932,1.5791151116134696,2.05688933652538,30,-0.034686111111111105,0.02856047126428071,-0.04402499999999998,-0.024382638888888874,30,0.0003340166666666015,0.00011947856688714226,0.000292869270833264,0.0003754791666666176,30,1.0016622958400243,0.0005947754891844365,1.0014556541950945,1.0018718024622502,30,0.00048255729166660953,0.00017202311644606784,0.00041996015624989365,0.0005417141927082785,30,-0.11318333333333334,0.10390317801828228,-0.14771708333333333,-0.07566375000000002,30,0.6,0.49827287912243984,0.43333333333333335,0.7666666666666667,0,,,,,True
0.8,0.95,node_mlp_ppo,baseline1_hdv,30,0.8666666666666667,0.0,30,0.19011666666666663,0.16031846987047127,0.12989708333333339,0.24325124999999997,30,1.757584643076933,0.6378373318024922,1.5277300807942893,1.9706818370163126,30,-0.031686111111111116,0.02671974497841188,-0.04043069444444445,-0.021961111111111133,30,0.00030879999999998317,0.00010169429234141508,0.0002717696875000022,0.00034312114583325416,30,1.0015369147913114,0.0005062424851957851,1.0013553763678196,1.001711765550477,30,0.00044541145833330945,0.0001545310374425391,0.0003899105468750787,0.0004971513020832806,30,-0.09890000000000003,0.09829445559135061,-0.1321166666666667,-0.06226416666666673,30,0.43333333333333335,0.5040069329937309,0.26666666666666666,0.6,0,,,,,True
0.8,0.95,node_mlp_ppo,baseline2_matched,30,0.5333333333333333,0.0,30,-0.049583333333333326,0.15408562797070477,-0.10713416666666664,0.0027508333333333295,30,0.8969289033196336,0.3255724232987229,0.7773027495201147,1.0070219723818732,30,0.008263888888888897,0.02568093799511746,-0.00019756944444444902,0.017688958333333348,30,-4.2295833333280684e-05,0.00013937719954708986,-9.091281249992346e-05,7.842500000002395e-06,30,0.9997901330224825,0.0006925025127639976,0.9995534128853146,1.0000350417582202,30,-6.836458333336533e-05,0.00019073636397491967,-0.00013441966145831807,-8.675781250783488e-07,30,0.06113333333333331,0.09659673848043458,0.02888291666666667,0.09685041666666663,30,0.0,0.5872202195147035,-0.2,0.2,8,-153.75,161.6873084514852,-265.37812499999995,-54.5,False
0.8,0.95,node_mlp_ppo,grid_cnn_ppo,30,0.5,0.0,30,0.0019500000000000016,0.14648510280853677,-0.047501249999999995,0.05398416666666666,30,1.257078265261552,0.9366274442294777,0.9576740445339251,1.613715878641076,30,-0.0003250000000000086,0.0244141838014228,-0.00912263888888891,0.008017083333333322,30,-3.241666666607227e-06,0.00016867275349917156,-6.061760416668721e-05,5.7013958333342144e-05,30,0.9999843943600354,0.0008389335904079415,0.9997016712287657,1.000294621707448,30,-3.442708333365833e-06,0.00023389487994140949,-8.194283854160868e-05,8.076692708331245e-05,30,-0.0050833333333333616,0.08517417077856462,-0.03540000000000002,0.023017083333333296,30,-0.03333333333333333,0.6149478998583782,-0.26666666666666666,0.16666666666666666,8,67.75,188.17070517408996,-54.89062499999986,189.375,False
0.8,0.95,node_mlp_ppo,left_if_safe,30,0.5,0.0,30,-0.01776666666666666,0.26970848673353226,-0.11305208333333329,0.07716666666666665,30,1.585169416269927,1.9158602486237388,0.9848277488490839,2.314921293326636,30,0.002961111111111096,0.04495141445558872,-0.013150347222222233,0.018608749999999986,30,-3.8666666666682205e-05,0.00013564178679409348,-8.494677083330678e-05,1.000927083338655e-05,30,0.9998081584511922,0.0006740224510531357,0.9995727298984131,1.0000477073944365,30,-5.388541666663064e-05,0.00020640804556122628,-0.00012319388020830878,2.1448958333317988e-05,30,0.008383333333333309,0.16776356943593282,-0.051750000000000025,0.06815208333333327,30,-0.16666666666666666,0.7914775938769179,-0.43333333333333335,0.1,6,-1.5,194.00902040884594,-142.66666666666666,137.16666666666666,False
0.8,0.95,node_mlp_ppo,noop,30,0.8666666666666667,0.0,30,0.19035000000000005,0.15950792597321256,0.13134791666666668,0.24333375000000002,30,1.7571832648914778,0.6364152412844976,1.522619201053848,1.9682843682340294,30,-0.031725,0.026584654328868775,-0.04044444444444444,-0.021936111111111118,30,0.0002953499999999193,9.832193558533876e-05,0.00026020406249988064,0.00033044604166660856,30,1.0014698604089143,0.0004894465495108813,1.001297875081173,1.0016436429316409,30,0.0004286718749999789,0.00015077974388431426,0.00037565013020818033,0.000480599348958309,30,-0.10480000000000003,0.09742181657528043,-0.13735083333333337,-0.06918333333333337,30,0.43333333333333335,0.5040069329937309,0.26666666666666666,0.6,0,,,,,True
0.8,0.95,noop,baseline1_hdv,30,0.5333333333333333,0.03333333333333333,30,-0.00023333333333333355,0.006781991027629768,-0.002716666666666669,0.0020333333333333353,30,0.9994439093538344,0.026568637650924456,0.9897529197033309,1.0083303257537615,30,3.888888888888461e-05,0.0011303318379382928,-0.0003334027777777917,0.0004472222222222323,30,1.3450000000063873e-05,7.23084315086556e-05,-1.1904791666620205e-05,3.882562500011674e-05,30,1.0000670104856113,0.00035987082182204204,0.9999370491128399,1.0001908246795035,30,1.6739583333330587e-05,9.044488951664524e-05,-1.5376041666722654e-05,4.797395833321681e-05,30,0.005899999999999987,0.005791491976196172,0.0038500000000000014,0.007933333333333322,30,0.0,0.0,0.0,0.0,0,,,,,False
0.8,0.95,noop,baseline2_matched,30,0.0,0.0,30,-0.23993333333333328,0.03303465613181294,-0.25155041666666667,-0.2280833333333333,30,0.5136779419755731,0.03644370119132998,0.5009039462731323,0.5265913774320652,30,0.03998888888888889,0.0055057760219688135,0.038066597222222234,0.04191951388888892,30,-0.0003376458333332,0.00011654456600653861,-0.00037752177083315937,-0.0002963406249999166,30,0.9983227836024242,0.0005782360632604332,0.9981221499491748,0.9985249423227638,30,-0.0004970364583333442,0.00015261534688829686,-0.0005494652343750996,-0.0004423839843750625,30,0.16593333333333332,0.02149367723121245,0.15814958333333332,0.17338374999999998,30,-0.43333333333333335,0.5040069329937308,-0.6,-0.26666666666666666,0,,,,,False
0.8,1.0,baseline2_matched,baseline1_hdv,30,1.0,0.0,30,0.33504999999999996,0.04957689082070673,0.31775,0.3521666666666665,30,2.3347024218634638,0.2102652040465548,2.262627270639516,2.4113725123491454,30,-0.05584166666666668,0.008262815136784452,-0.05878625000000001,-0.05300555555555557,30,0.0004133333333334053,0.00014933981634884336,0.0003626554166666249,0.00046852864583339383,30,1.0020572179176122,0.0007436747778880427,1.0018086320711035,1.0023288749167942,30,0.0006213697916665853,0.00019688569297098354,0.000555447916666662,0.000693491796874796,30,-0.22416666666666668,0.03531418913160811,-0.23688375000000003,-0.21216666666666667,30,1.0,0.0,1.0,1.0,0,,,,,True
0.8,1.0,graph_ppo,baseline1_hdv,30,0.8,0.0,30,0.5458500000000001,0.36594438879378266,0.41180000000000017,0.6689345833333332,30,3.168313171387811,1.463035895975822,2.6182187792148808,3.6518676452569685,30,-0.09097500000000001,0.060990731465630436,-0.11100999999999998,-0.06927111111111112,30,0.00021700000000000237,0.00010434063805633659,0.0001818000000000033,0.0002531889583333084,30,1.0010800188646285,0.0005193891329248846,1.0008997373826138,1.0012632635652463,30,0.0004418281249999823,0.00019734588575072881,0.0003719420572915995,0.0005107904947917013,30,-0.2765666666666667,0.2062452813810634,-0.3457525,-0.20084875000000002,30,1.2666666666666666,0.784915252764901,1.0,1.5333333333333334,0,,,,,True
0.8,1.0,graph_ppo,baseline2_matched,30,0.7666666666666667,0.0,30,0.21080000000000002,0.37193294260270016,0.07502875000000007,0.33388416666666665,30,1.3704427222319493,0.6437164821352046,1.1381949617937424,1.5833469299519274,30,-0.035133333333333336,0.0619888237671167,-0.05554173611111109,-0.012799722222222237,30,-0.00019633333333340293,0.00016388212731203124,-0.0002554441666666749,-0.00013973166666676726,30,0.999025263076183,0.0008133240568669149,0.9987338221604194,0.9993044873697661,30,-0.00017954166666660313,0.0002802718831496099,-0.0002796631510416691,-8.507265624998066e-05,30,-0.05240000000000001,0.2096715576060938,-0.12141666666666669,0.02646749999999998,30,0.26666666666666666,0.784915252764901,0.0,0.5333333333333333,24,-574.7083333333334,307.5556477278142,-691.8338541666667,-451.08177083333334,True
0.8,1.0,graph_ppo,grid_cnn_ppo,30,0.5333333333333333,0.0,30,0.009616666666666673,0.5778888552507208,-0.19591708333333335,0.21105083333333335,30,2.6117015042075407,4.87259806372901,1.0829781190534657,4.5335498691772225,30,-0.001602777777777779,0.09631480920845345,-0.03521208333333331,0.03260888888888886,30,-9.12624999999732e-05,0.00012714008679514917,-0.000135605312500083,-4.781499999994857e-05,30,0.9995466251881738,0.000631703075501726,0.9993203962238434,0.9997703191527675,30,-0.00011107291666671756,0.00024368391543570954,-0.00019731302083343,-2.4395182291683257e-05,30,-0.00589999999999999,0.3217785541813415,-0.12001791666666663,0.1115270833333332,30,0.23333333333333334,1.2228664272317622,-0.2,0.6666666666666666,19,-70.15789473684211,480.8022246618313,-280.3697368421052,137.76513157894735,False
0.8,1.0,graph_ppo,left_if_safe,30,0.1,0.7666666666666667,30,-0.0029166666666666655,0.15803857469603433,-0.05488666666666665,0.0571358333333333,30,1.2212093142192242,1.3281327405690697,0.8852583393795308,1.7440455649716349,30,0.0004861111111111131,0.02633976244933904,-0.009558333333333325,0.009003055555555549,30,-8.208333333546239e-07,5.8821184711322977e-05,-2.153885416675178e-05,2.0438749999987127e-05,30,0.9999959607169966,0.0002924550481031645,0.9998925320658597,1.0001038006333975,30,-1.937500000017319e-06,9.614370109765869e-05,-3.466158854169265e-05,3.2302864583209066e-05,30,0.0027000000000000023,0.08843862083486158,-0.0314,0.03298333333333334,30,0.0,0.2626128657194451,-0.1,0.1,23,0.0,0.0,0.0,0.0,False
0.8,1.0,graph_ppo,node_mlp_ppo,30,0.5,0.0,30,-0.019950000000000016,0.571422881483371,-0.21955083333333333,0.1756187499999999,30,2.175931583395493,3.792830315695529,0.9817183743288822,3.652821565869822,30,0.003325000000000011,0.09523714691389513,-0.030311249999999963,0.037009375000000004,30,1.747083333332918e-05,0.0001493422600945401,-3.5462500000013486e-05,6.932593750003702e-05,30,1.0000871801000586,0.0007425047443358845,0.9998242120332882,1.000341966979956,30,1.5604166666745765e-05,0.0002970404958784242,-8.714335937495064e-05,0.0001194701822918231,30,0.015049999999999997,0.3199608367737613,-0.09911750000000001,0.12871874999999997,30,0.0,1.2865350418053538,-0.4666666666666667,0.43333333333333335,19,-99.26315789473684,512.981409897654,-320.34671052631575,129.2480263157893,False
0.8,1.0,graph_ppo,noop,30,0.8,0.0,30,0.5434333333333332,0.3651545901568864,0.40723166666666666,0.6641345833333334,30,3.133998011792549,1.4397443578654656,2.595141976751528,3.6154181482584646,30,-0.0905722222222222,0.06085909835948107,-0.1109279861111111,-0.06829916666666667,30,0.00019964166666670835,0.00012568366803578665,0.00015653645833340433,0.0002447798958332626,30,1.000993604570232,0.0006256205656544769,1.000774255967988,1.0012154989124138,30,0.0004193749999999774,0.00022399242715301533,0.00033947773437498403,0.0004981261718750165,30,-0.28161666666666674,0.20586900267978137,-0.3495508333333333,-0.20576625000000004,30,1.2666666666666666,0.784915252764901,0.9666666666666667,1.5333333333333334,0,,,,,True
0.8,1.0,grid_cnn_ppo,baseline1_hdv,30,0.9,0.0,30,0.5362333333333333,0.307158886586723,0.4214820833333334,0.6352179166666666,30,3.1392632917864813,1.2228185846646258,2.682340263181119,3.5407292561167467,30,-0.08937222222222223,0.05119314776445385,-0.10591125,-0.07037500000000001,30,0.00030826249999997557,8.88231992330207e-05,0.00027730385416664064,0.0003396209374999674,30,1.0015342466500121,0.00044227786931870224,1.0013792502656427,1.0016883469650741,30,0.0005529010416666998,0.00013620557744351672,0.0005037166666667457,0.0005994444010416205,30,-0.2706666666666667,0.1716625264538121,-0.32668375,-0.20529833333333342,30,1.0333333333333334,0.6149478998583782,0.8,1.2333333333333334,0,,,,,True
0.8,1.0,grid_cnn_ppo,baseline2_matched,30,0.8,0.0,30,0.2011833333333333,0.3043339670588005,0.08791500000000005,0.3000833333333333,30,1.3471481449581246,0.5356514446743792,1.1460742061748594,1.5239003853810842,30,-0.03353055555555554,0.05072232784313342,-0.05046951388888889,-0.01440784722222223,30,-0.00010507083333342974,0.00015921412496943316,-0.00016356479166668167,-5.18911458334007e-05,30,0.9994785761581155,0.0007900816099743911,0.9991887639181798,0.9997457977477527,30,-6.846874999988558e-05,0.0001987944683296524,-0.00014030364583318423,-1.2080729165964644e-06,30,-0.046500000000000014,0.17084859197344981,-0.1018525,0.01693541666666662,30,0.03333333333333333,0.6149478998583782,-0.2,0.23333333333333334,25,-509.16,321.75358454361725,-627.9214999999999,-381.36,True
0.8,1.0,grid_cnn_ppo,left_if_safe,30,0.4666666666666667,0.0,30,-0.01253333333333334,0.5706895848873104,-0.2116004166666667,0.19250124999999998,30,2.624190267399965,4.288504997959317,1.2719035522445985,4.253653285387191,30,0.002088888888888892,0.0951149308145517,-0.030841874999999963,0.03502187499999998,30,9.044166666661857e-05,0.00013454277911109812,4.298249999998753e-05,0.00013653447916659668,30,1.0004499074043547,0.0006690575762378866,1.0002189232878287,1.0006779657034717,30,0.00010913541666670024,0.00025476705618749013,2.3825260416541694e-05,0.00020174322916663103,30,0.008599999999999993,0.316314128021824,-0.10555,0.12026875,30,-0.23333333333333334,1.2228664272317622,-0.6666666666666666,0.2,19,61.473684210526315,495.08575221549614,-154.0532894736842,270.7927631578947,False
0.8,1.0,grid_cnn_ppo,noop,30,0.9,0.0,30,0.5338166666666667,0.30660925046590554,0.42013125000000007,0.6348666666666667,30,3.1061282651421496,1.2165365709949043,2.6506770671073143,3.503451649438115,30,-0.08896944444444443,0.05110154174431758,-0.10581680555555555,-0.06961374999999999,30,0.0002909041666666815,9.368970867834184e-05,0.00025599947916662774,0.00032223781249999145,30,1.0014477449995758,0.00046640554511331183,1.0012729388993196,1.0016038109469896,30,0.000530447916666695,0.00012657300093020147,0.0004858113281250448,0.0005741718750000217,30,-0.2757166666666667,0.17235637115627872,-0.33221750000000005,-0.21036583333333342,30,1.0333333333333334,0.6149478998583782,0.8333333333333334,1.2333333333333334,0,,,,,True
0.8,1.0,left_if_safe,baseline1_hdv,30,0.8333333333333334,0.0,30,0.5487666666666667,0.3580727082141504,0.4197783333333333,0.6671679166666665,30,3.190383809508459,1.4206658555219251,2.671581350092785,3.6656330008583455,30,-0.09146111111111109,0.05967878470235839,-0.11116145833333332,-0.06927208333333335,30,0.000217820833333357,0.00010592232781363765,0.00018013645833344776,0.0002551169791668278,30,1.0010841078857429,0.0005272538004136369,1.0009006370998965,1.0012732834802835,30,0.00044376562499999955,0.0001997343810905498,0.0003720329427083442,0.0005136779947916321,30,-0.27926666666666666,0.20019674518235606,-0.3464345833333335,-0.20554250000000013,30,1.2666666666666666,0.784915252764901,1.0,1.5333333333333334,0,,,,,True
0.8,1.0,left_if_safe,baseline2_matched,30,0.7666666666666667,0.0,30,0.21371666666666667,0.35831501463466986,0.0853770833333334,0.33310416666666653,30,1.3713173716040639,0.6266278427483143,1.1402611578334203,1.5824338513761214,30,-0.03561944444444443,0.05971916910577831,-0.05569444444444443,-0.013655277777777787,30,-0.00019551250000004832,0.0001517448138281004,-0.000250075937499988,-0.00014294583333343596,30,0.9990292940485282,0.0007530276789258376,0.9987651059589701,0.9992889289987735,30,-0.00017760416666658582,0.00025859577765563013,-0.00026787044270811525,-8.734713541651404e-05,30,-0.05510000000000001,0.1993535846784249,-0.12096708333333336,0.017437916666666598,30,0.26666666666666666,0.784915252764901,0.0,0.5333333333333333,24,-558.2916666666666,333.91348517199805,-682.4395833333333,-422.74531250000007,True
0.8,1.0,left_if_safe,noop,30,0.8333333333333334,0.0,30,0.54635,0.3556143821516552,0.41788291666666666,0.6636025,30,3.1472723118049455,1.4005706269546376,2.6324204164484835,3.6078888399724978,30,-0.09105833333333334,0.05926906369194253,-0.11077430555555555,-0.06904083333333334,30,0.00020046250000006297,0.0001247486876702023,0.00015595708333338094,0.00024365885416681045,30,1.0009976864614005,0.0006209642672993623,1.0007843941399543,1.0012166908018942,30,0.0004213124999999947,0.00022704990897702044,0.00033840507812509516,0.0005002684895832484,30,-0.2843166666666666,0.1987590589275043,-0.35061666666666663,-0.21014875,30,1.2666666666666666,0.784915252764901,1.0,1.5333333333333334,0,,,,,True
0.8,1.0,node_mlp_ppo,baseline1_hdv,30,0.9,0.0,30,0.5658,0.3097255626162152,0.44923000000000013,0.6671695833333332,30,3.2510975115298346,1.2362896106445491,2.7984895157587752,3.660109726379983,30,-0.09430000000000002,0.051620927102702524,-0.11126013888888887,-0.07559319444444448,30,0.00019952916666667319,0.00012857404566671323,0.0001535623958332847,0.00024330979166662704,30,1.0009930865276144,0.0006400179481031665,1.000764811525056,1.0012135431974032,30,0.0004262239583332365,0.00021831461476174563,0.00034590208333321764,0.0004988394531250078,30,-0.2916166666666667,0.1735316568224375,-0.34875,-0.22763333333333333,30,1.2666666666666666,0.7396799556440673,1.0,1.5333333333333334,0,,,,,True
0.8,1.0,node_mlp_ppo,baseline2_matched,30,0.8333333333333334,0.0,30,0.23075000000000004,0.311128583851846,0.1163283333333334,0.33170083333333333,30,1.4009078677043156,0.5353282888196547,1.2003426084229205,1.575399078474093,30,-0.038458333333333344,0.051854763975307666,-0.055315347222222214,-0.01917993055555556,30,-0.00021380416666673212,0.0001858140949753804,-0.0002810334375000894,-0.000150276979166634,30,0.9989385331995463,0.0009221110774205413,0.9986012420233592,0.9992582847304036,30,-0.0001951458333333489,0.00026729187293107184,-0.00029289036458332666,-0.00010541067708330378,30,-0.06745000000000001,0.17491758404144667,-0.12546708333333337,-0.004263750000000044,30,0.26666666666666666,0.7396799556440673,0.0,0.5333333333333333,25,-523.38,318.2984802037233,-639.34,-395.1550000000001,True
0.8,1.0,node_mlp_ppo,grid_cnn_ppo,30,0.7,0.0,30,0.029566666666666675,0.26516019014320685,-0.06345666666666662,0.1227175,30,1.4799058157346925,2.257501022154048,0.9782325258494627,2.364833495991031,30,-0.0049277777777777905,0.0441933650238678,-0.020161458333333337,0.011405902777777768,30,-0.00010873333333330237,0.00015677930943794387,-0.00016657604166662673,-5.51701041666924e-05,30,0.9994598590808818,0.0007789692261477552,0.9991798147978609,0.9997294654536506,30,-0.00012667708333346332,0.0002461291758621281,-0.0002163470052084804,-4.255859375011982e-05,30,-0.02094999999999998,0.1492424751178777,-0.07336791666666664,0.03185000000000002,30,0.23333333333333334,0.7738543627276671,-0.03333333333333333,0.5,22,-42.75,180.85437117036616,-112.86534090909089,34.707386363636324,False
0.8,1.0,node_mlp_ppo,left_if_safe,30,0.5,0.0,30,0.017033333333333348,0.5652707305801131,-0.1751841666666667,0.21855749999999993,30,2.723523883514537,4.475302196329475,1.305076453239488,4.407351661289224,30,-0.002838888888888898,0.09421178843001882,-0.03566173611111111,0.03051395833333331,30,-1.8291666666683803e-05,0.00014991144416610046,-6.956343750011406e-05,3.5187812500056344e-05,30,0.9999092821847527,0.0007453850838587198,0.9996503894895967,1.0001795617698217,30,-1.754166666676308e-05,0.00030032278211951125,-0.00012242630208346132,8.770481770829695e-05,30,-0.012349999999999998,0.3130168319259613,-0.12433416666666666,0.09661708333333333,30,0.0,1.2865350418053538,-0.4666666666666667,0.4666666666666667,19,86.55263157894737,533.8883282822574,-150.28947368421052,319.2986842105262,False
0.8,1.0,node_mlp_ppo,noop,30,0.9,0.0,30,0.5633833333333332,0.3102396371698245,0.45004749999999993,0.6671675000000001,30,3.221892598277302,1.2306927308730322,2.7708516016774394,3.6247159618486564,30,-0.09389722222222224,0.05170660619497076,-0.11116986111111112,-0.07470534722222222,30,0.00018217083333337916,0.00012983268611136005,0.00013659864583344153,0.0002271296875000602,30,1.0009066248947573,0.0006462355200401242,1.000675204930408,1.0011222548069485,30,0.00040377083333323165,0.0002112030924275479,0.0003248067708331538,0.0004735699218749682,30,-0.29666666666666663,0.17425948414962084,-0.3538020833333332,-0.2323991666666666,30,1.2666666666666666,0.7396799556440673,1.0,1.5,0,,,,,True
0.8,1.0,noop,baseline1_hdv,30,0.6666666666666666,0.0,30,0.002416666666666669,0.008843547553631037,-0.000683333333333334,0.005466666666666672,30,1.010277308518753,0.03509118946680927,0.9980238145770713,1.0227956376855682,30,-0.0004027777777777852,0.0014739245922718368,-0.0009305555555555641,0.00011388888888888374,30,1.7358333333294027e-05,7.38022078019904e-05,-8.967291666785026e-06,4.302510416659129e-05,30,1.0000864524205355,0.0003672931809166665,0.9999529235716318,1.0002154201435278,30,2.2453125000004847e-05,9.281812495647697e-05,-1.0458854166635236e-05,5.481302083336141e-05,30,0.005049999999999988,0.005984678714045117,0.003016249999999983,0.0071166666666666375,30,0.0,0.0,0.0,0.0,0,,,,,False
0.8,1.0,noop,baseline2_matched,30,0.0,0.0,30,-0.3326333333333333,0.048405601936661984,-0.34971708333333335,-0.31514958333333337,30,0.43564231439254114,0.03662594444305687,0.42297874961911547,0.44844110906127876,30,0.05543888888888889,0.008067600322776982,0.05265277777777779,0.0583417361111111,30,-0.0003959750000001113,0.00013337548435735243,-0.00044489197916671846,-0.0003516106250002445,30,0.9980336926208182,0.0006609637928466712,0.9977935008436466,0.9982568964108219,30,-0.0005989166666665806,0.0001763555199561171,-0.0006623144531249721,-0.000538729166666597,30,0.22921666666666665,0.03512850383391236,0.21704958333333332,0.24176708333333333,30,-1.0,0.0,-1.0,-1.0,0,,,,,False
0.85,0.9,baseline2_matched,baseline1_hdv,30,1.0,0.0,30,0.1305666666666667,0.036459645460789065,0.11801624999999999,0.14356666666666662,30,1.731968772887217,0.2172533249449143,1.6568715231036817,1.8092578369062482,30,-0.021761111111111116,0.006076607576798185,-0.0239,-0.019622152777777777,30,0.0001325124999999372,8.17821851516784e-05,0.00010364145833324937,0.00016139197916664657,30,1.0008793542617456,0.0005428405864041766,1.0006945090775046,1.0010740008537597,30,0.0001942990196077188,0.0001018973276929057,0.00015933124999992598,0.0002303727941175336,30,-0.09085000000000003,0.02544912097933227,-0.09975041666666667,-0.08191625000000001,30,0.0,0.0,0.0,0.0,0,,,,,True
0.85,0.9,graph_ppo,baseline1_hdv,30,0.9333333333333333,0.0,30,0.10166666666666666,0.04911498355080048,0.08364958333333333,0.11806708333333334,30,1.5650562788856168,0.2671765923777431,1.4652640398510832,1.6540619726821222,30,-0.016944444444444446,0.008185830591800088,-0.019733333333333332,-0.014025000000000003,30,0.00010487083333329354,5.968251566417046e-05,8.416208333331563e-05,0.00012599333333329296,30,1.0006959425781814,0.00039621255899331307,1.0005573871014715,1.0008376090688562,30,0.0001532794117645564,6.336904047827969e-05,0.00013090674019589107,0.00017637316176466372,30,-0.06038333333333334,0.03433322592327804,-0.07173333333333333,-0.047816666666666695,30,0.0,0.0,0.0,0.0,0,,,,,True
0.85,0.9,graph_ppo,baseline2_matched,30,0.36666666666666664,0.0,30,-0.0289,0.056497543431490035,-0.04946708333333333,-0.009249999999999998,30,0.9147541072422445,0.18350991265645084,0.8503460899445827,0.9777255313832833,30,0.004816666666666669,0.009416257238581676,0.001561041666666669,0.008222291666666656,30,-2.7641666666643658e-05,8.050134351345589e-05,-5.5362708333326255e-05,1.6796875001001612e-06,30,0.9998169534956411,0.0005336481959774607,0.9996293956442499,1.0000092849087412,30,-4.101960784316239e-05,9.76923430924713e-05,-7.509338235305314e-05,-5.779289215631438e-06,30,0.030466666666666666,0.036827401092995524,0.017650000000000006,0.04373416666666665,30,0.0,0.0,0.0,0.0,0,,,,,False
0.85,0.9,graph_ppo,grid_cnn_ppo,30,0.6,0.0,30,0.012733333333333334,0.1032199470609454,-0.022317083333333328,0.049118749999999975,30,1.3002878745025934,1.0465494777964837,0.9828930542289094,1.7041271486823801,30,-0.0021222222222222215,0.017203324510157585,-0.008352986111111115,0.0038305555555555666,30,2.2074999999961244e-05,5.595865738385147e-05,2.4288541665543552e-06,4.148802083321442e-05,30,1.0001464479544666,0.00037113395770546593,1.0000191274146852,1.0002727599625756,30,2.9715686274467412e-05,6.676711772565516e-05,6.019607843127823e-06,5.4265563725384864e-05,30,-0.008833333333333334,0.07179344573548974,-0.035300416666666654,0.01611708333333332,30,0.0,0.0,0.0,0.0,0,,,,,False
0.85,0.9,graph_ppo,left_if_safe,30,0.16666666666666666,0.7666666666666667,30,0.007500000000000001,0.024901184018380363,0.0001999999999999992,0.0173,30,1.0836125874447058,0.34816425163171655,0.9990990143098539,1.2317718160320448,30,-0.0012499999999999955,0.0041501973363967165,-0.0029361111111110985,-1.666666666666113e-05,30,3.354166666671062e-06,3.2262311926385075e-05,-7.441770833324228e-06,1.52874999999895e-05,30,1.0000222688886788,0.00021395733252067427,0.9999499824907608,1.0001022779633029,30,6.151960784315606e-06,3.8521051137104126e-05,-6.3922794117819e-06,2.0128063725526603e-05,30,-0.005433333333333334,0.01703886699595213,-0.012000416666666677,-0.00028333333333334273,30,0.0,0.0,0.0,0.0,0,,,,,True
0.85,0.9,graph_ppo,node_mlp_ppo,30,0.5333333333333333,0.03333333333333333,30,0.017066666666666667,0.09340454590330333,-0.015034166666666668,0.05026666666666666,30,1.1929951445055993,0.6161256150525373,1.0012935945681716,1.4237589334213674,30,-0.002844444444444446,0.015567424317217235,-0.008364027777777788,0.002558402777777787,30,2.1808333333347973e-05,6.410145458475226e-05,-7.583333333829416e-07,4.44626041666959e-05,30,1.0001447141385063,0.00042513916504613843,0.9999977001436544,1.0002960612127925,30,3.0676470588257106e-05,7.365915126023078e-05,4.170955882397738e-06,5.6196446078428795e-05,30,-0.010816666666666667,0.06579140014723302,-0.034233333333333345,0.011900416666666675,30,0.0,0.0,0.0,0.0,0,,,,,False
0.85,0.9,graph_ppo,noop,30,0.9333333333333333,0.0,30,0.10086666666666667,0.050980884404967355,0.08249875000000001,0.11833416666666667,30,1.5601580470049814,0.28166940761793585,1.4575784319498086,1.656997042920369,30,-0.01681111111111111,0.008496814067494562,-0.019700069444444454,-0.013702708333333346,30,0.0001394000000000321,5.6395562615887816e-05,0.00011914572916664275,0.00015914177083329914,30,1.0009252373229567,0.00037437714689407276,1.0007864049309878,1.0010522484960533,30,0.00019366666666662352,6.256257973483875e-05,0.00017065159313731519,0.00021542659313705594,30,-0.06091666666666666,0.0346890331803656,-0.07226708333333334,-0.048515833333333334,30,0.0,0.0,0.0,0.0,0,,,,,True
0.85,0.9,grid_cnn_ppo,baseline1_hdv,30,0.9,0.0,30,0.08893333333333334,0.07359543807701077,0.061532916666666666,0.11246708333333334,30,1.5026167653798337,0.41976379167128647,1.3461812010651408,1.6392136422145471,30,-0.014822222222222226,0.012265906346168462,-0.01877506944444445,-0.010149930555555556,30,8.27958333333323e-05,6.122812314566099e-05,6.21415624998825e-05,0.00010540437499996647,30,1.0005494847565828,0.00040650283536009495,1.0004134389010202,1.0006972394336142,30,0.000123563725490089,8.09374483504352e-05,9.564681372539432e-05,0.0001527307598037413,30,-0.05155000000000001,0.05008980727756343,-0.0674,-0.032182500000000024,30,0.0,0.0,0.0,0.0,0,,,,,True
0.85,0.9,grid_cnn_ppo,baseline2_matched,30,0.3333333333333333,0.0,30,-0.04163333333333333,0.08570105754521244,-0.07350041666666667,-0.01324916666666668,30,0.8809375416262761,0.2614226280543409,0.7851132332273483,0.9697706887975176,30,0.006938888888888891,0.01428350959086877,0.0021305555555555535,0.01236118055555557,30,-4.9716666666604906e-05,9.115580833757312e-05,-8.163364583326594e-05,-1.815385416660302e-05,30,0.999670659179572,0.0006041587027822194,0.9994550916706642,0.9998783865257467,30,-7.07352941176298e-05,0.00012120907072453258,-0.00011362904411762373,-2.8734681372581773e-05,30,0.0393,0.05935495215083224,0.019982500000000007,0.061617083333333315,30,0.0,0.0,0.0,0.0,0,,,,,False
0.85,0.9,grid_cnn_ppo,left_if_safe,30,0.4,0.0,30,-0.005233333333333332,0.11403135785700634,-0.045051249999999994,0.03563375,30,1.16307608084634,0.9283300778406188,0.9009610368724821,1.540298200384027,30,0.000872222222222226,0.019005226309501078,-0.0058197222222222305,0.007386180555555563,30,-1.8720833333290184e-05,5.88709840431792e-05,-3.961687499992689e-05,2.272083333392706e-06,30,0.9998759572044437,0.00039035901074297325,0.9997387953783288,1.0000117423666952,30,-2.3563725490151808e-05,7.47561429862319e-05,-4.9481372549127896e-05,3.2549019608621905e-06,30,0.0033999999999999994,0.07954812033150664,-0.023817083333333326,0.03193333333333333,30,0.0,0.0,0.0,0.0,0,,,,,False
0.85,0.9,grid_cnn_ppo,noop,30,0.9,0.0,30,0.08813333333333333,0.07202955970477933,0.061099583333333346,0.11123375,30,1.4914774189640716,0.40222163360484436,1.3374359133462128,1.623018397268199,30,-0.014688888888888888,0.012004926617463234,-0.01855006944444445,-0.010163750000000001,30,0.00011732500000007084,5.025649297563493e-05,9.9466666666792e-05,0.0001347541666667462,30,1.0007787280322904,0.00033366496342746157,1.0006571342896402,1.0008954386151128,30,0.0001639509803921561,6.288039867276674e-05,0.00014194607843141512,0.00018601495098049807,30,-0.052083333333333336,0.049744187553947425,-0.06808374999999998,-0.03338291666666666,30,0.0,0.0,0.0,0.0,0,,,,,True
0.85,0.9,left_if_safe,baseline1_hdv,30,0.9,0.0,30,0.09416666666666666,0.06451374263291308,0.0699825,0.11531666666666666,30,1.5233364776293885,0.35510775991341414,1.390676746549436,1.6389205201509747,30,-0.015694444444444452,0.010752290438818849,-0.019194583333333334,-0.01159430555555557,30,0.00010151666666662248,6.433386896031214e-05,7.906229166655843e-05,0.00012427093749993532,30,1.0006736931020817,0.00042708564928915717,1.0005269268333563,1.0008263920414269,30,0.0001471274509802408,6.907148272033083e-05,0.0001225632352938576,0.00017068174019601058,30,-0.05494999999999999,0.04554428500428703,-0.06975,-0.038133333333333366,30,0.0,0.0,0.0,0.0,0,,,,,True
0.85,0.9,left_if_safe,baseline2_matched,30,0.3333333333333333,0.0,30,-0.03639999999999999,0.06755028778110678,-0.060500416666666675,-0.013883333333333334,30,0.8884796849351162,0.2254408566668638,0.8053640014823036,0.9627060337909785,30,0.006066666666666665,0.011258381296851127,0.0022217361111111153,0.010105833333333336,30,-3.099583333331472e-05,8.092024918230385e-05,-5.92837500000045e-05,-1.9113541666579117e-06,30,0.9997947127416285,0.0005364626238467998,0.9996114245277399,0.9999911800340086,30,-4.7171568627477996e-05,9.805050488583503e-05,-8.034852941183158e-05,-1.1421078431489644e-05,30,0.0359,0.045264814682884354,0.020616666666666672,0.05323375000000002,30,0.0,0.0,0.0,0.0,0,,,,,False
0.85,0.9,left_if_safe,noop,30,0.9,0.0,30,0.09336666666666668,0.06523484542383207,0.06924916666666668,0.11520083333333334,30,1.517197302843458,0.3626223722855533,1.3811540388850436,1.6382504460771377,30,-0.015561111111111114,0.01087247423730534,-0.01917784722222222,-0.011558333333333337,30,0.00013604583333336103,5.6118260321620705e-05,0.0001161203124999616,0.00015549583333334977,30,1.0009029698002556,0.000372525331293205,1.0007701584121482,1.0010298756577634,30,0.0001875147058823079,6.431214742033137e-05,0.00016356286764707755,0.00020968223039210962,30,-0.055483333333333336,0.04512596991666262,-0.07038416666666664,-0.039016249999999995,30,0.0,0.0,0.0,0.0,0,,,,,True
0.85,0.9,node_mlp_ppo,baseline1_hdv,30,0.9,0.0,30,0.08460000000000002,0.06677657032842871,0.060750000000000005,0.10696708333333334,30,1.4776834728207575,0.38552104318721403,1.3387792653626969,1.6102647185972319,30,-0.014100000000000001,0.011129428388071442,-0.01788333333333334,-0.010002777777777786,30,8.306249999994557e-05,5.918250329368505e-05,6.252885416665275e-05,0.0001038833333332332,30,1.000551234793348,0.0003928185138436588,1.0004142175868371,1.000690650279757,30,0.00012260294117629928,7.866822054904772e-05,9.489681372528597e-05,0.0001503922794116086,30,-0.04956666666666667,0.04618156322180091,-0.06526749999999999,-0.03281583333333337,30,0.0,0.0,0.0,0.0,0,,,,,True
0.85,0.9,node_mlp_ppo,baseline2_matched,30,0.3,0.03333333333333333,30,-0.04596666666666667,0.07729755910556399,-0.07461749999999998,-0.019931666666666684,30,0.8648438462106014,0.2397470682949313,0.7792917489326749,0.9476620243242884,30,0.007661111111111115,0.012882926517594012,0.003227777777777774,0.012416805555555563,30,-4.944999999999163e-05,5.705220688408343e-05,-6.956249999997753e-05,-2.9774895833366035e-05,30,0.9996723055733795,0.00037810225424617235,0.999540944996042,0.9998062876896673,30,-7.16960784314195e-05,7.875875995861665e-05,-9.956409313725172e-05,-4.357279411769799e-05,30,0.04128333333333334,0.05312520723421378,0.023549166666666656,0.060883750000000014,30,0.0,0.0,0.0,0.0,0,,,,,False
0.85,0.9,node_mlp_ppo,grid_cnn_ppo,30,0.5333333333333333,0.0,30,-0.004333333333333331,0.06245264872952415,-0.026083333333333337,0.017734166666666662,30,1.0800392728356356,0.5374733517820128,0.9304543649485363,1.2933878541757413,30,0.0007222222222222241,0.010408774788254015,-0.0028945138888888913,0.004325000000000001,30,2.666666666132726e-07,5.991893529983205e-05,-2.0642083333424555e-05,2.1637708333223232e-05,30,1.0000018306731167,0.000397422823457004,0.9998673965319224,1.0001414593177345,30,-9.607843137896902e-07,7.706501428043349e-05,-2.754411764706803e-05,2.6348651960721303e-05,30,0.001983333333333333,0.04351109318191233,-0.013250416666666666,0.017301249999999976,30,0.0,0.0,0.0,0.0,0,,,,,False
0.85,0.9,node_mlp_ppo,left_if_safe,30,0.43333333333333335,0.03333333333333333,30,-0.009566666666666664,0.10566739729251738,-0.045967499999999994,0.028500833333333336,30,1.1253399153095827,0.8131834234168952,0.8916419524840261,1.4523929928648454,30,0.0015944444444444502,0.01761123288208624,-0.004652847222222224,0.007533958333333331,30,-1.8454166666676913e-05,5.9698835431368565e-05,-3.9662708333344095e-05,2.4421874999117464e-06,30,0.9998777134057859,0.00039582787790894185,0.9997384031145573,1.0000151975451368,30,-2.4524509803941498e-05,6.777738661931367e-05,-4.736838235296853e-05,-3.872549019855427e-08,30,0.005383333333333333,0.07512055636445825,-0.021084166666666647,0.031167083333333324,30,0.0,0.0,0.0,0.0,0,,,,,False
0.85,0.9,node_mlp_ppo,noop,30,0.9,0.0,30,0.08380000000000003,0.0681293900831605,0.05911541666666668,0.10655166666666664,30,1.4727057059784383,0.37989053959135954,1.3347470011966756,1.598924138282552,30,-0.013966666666666664,0.01135489834719342,-0.017739027777777767,-0.009830555555555568,30,0.00011759166666668412,5.2792799409973194e-05,9.986239583332663e-05,0.00013616249999996944,30,1.0007804892901224,0.00035049963527452677,1.0006589866855218,1.0009082483009195,30,0.0001629901960783664,6.38231594073009e-05,0.0001405683823528971,0.00018597585784303807,30,-0.0501,0.047170527034257906,-0.06601666666666665,-0.03211500000000001,30,0.0,0.0,0.0,0.0,0,,,,,True
0.85,0.9,noop,baseline1_hdv,30,0.5666666666666667,0.03333333333333333,30,0.0007999999999999988,0.009434529390891008,-0.002516666666666669,0.004083333333333333,30,1.0061726709858343,0.05346863004357029,0.9873680623308131,1.0251635368054193,30,-0.00013333333333333716,0.0015724215651484982,-0.0006944444444444531,0.0004166666666666542,30,-3.452916666673855e-05,6.03810518789079e-05,-5.520447916670672e-05,-1.3516250000084381e-05,30,0.9997709866601365,0.0004006211192956347,0.9996306529068618,0.9999137543770452,30,-4.038725490206711e-05,7.062555516300366e-05,-6.449522058836781e-05,-1.51602941178131e-05,30,0.000533333333333319,0.0060784147963742685,-0.00160000000000002,0.0026333333333333287,30,0.0,0.0,0.0,0.0,0,,,,,False
0.85,0.9,noop,baseline2_matched,30,0.0,0.0,30,-0.12976666666666667,0.03519103856669051,-0.1420675,-0.11724958333333334,30,0.5882766592877657,0.06830809560596232,0.5645464219260822,0.6124768112683904,30,0.02162777777777778,0.005865173094448444,0.01959708333333333,0.023711111111111124,30,-0.00016704166666667574,8.517503108037936e-05,-0.0001973377083333556,-0.00013728406250000202,30,0.9988928246757179,0.0005641144127917186,0.9986909724746611,0.9990884873287641,30,-0.0002346862745097859,0.0001070953920597183,-0.00027347720588244575,-0.0001985294117648028,30,0.09138333333333334,0.023909557796475214,0.08299999999999999,0.09980000000000001,30,0.0,0.0,0.0,0.0,0,,,,,False
0.85,0.95,baseline2_matched,baseline1_hdv,30,1.0,0.0,30,0.16536666666666663,0.03133466003549791,0.15463333333333334,0.1765504166666667,30,1.9248929640657824,0.1822172539621974,1.8626295355463047,1.9907073430759614,30,-0.027561111111111113,0.005222443339249663,-0.029474999999999998,-0.025708333333333333,30,0.000178370833333256,9.485501915430873e-05,0.00014642458333325616,0.0002123001041666219,30,1.0011836338047702,0.0006295778575209421,1.0009684804097188,1.0014123729189008,30,0.0002584852941174572,0.00011855499141380885,0.0002177098039214724,0.00030171727941158275,30,-0.11213333333333336,0.022544183948084197,-0.12026708333333334,-0.10431625000000001,30,0.0,0.0,0.0,0.0,0,,,,,True
0.85,0.95,graph_ppo,baseline1_hdv,30,0.9,0.0,30,0.15196666666666664,0.10021553783215707,0.11428041666666668,0.18425041666666667,30,1.8454662935705448,0.555270010001093,1.6417704793591816,2.0290045378443557,30,-0.025327777777777782,0.01670258963869283,-0.03093062500000001,-0.018999791666666675,30,8.255833333331205e-05,8.09764542014972e-05,5.386156249991601e-05,0.00011092104166661808,30,1.0005479220941054,0.0005374394312224275,1.0003569292122376,1.0007332810226532,30,0.0001418235294115805,9.099671149770368e-05,0.00010948504901942886,0.00017384374999975698,30,-0.08376666666666668,0.06613762210324214,-0.1053675,-0.05933291666666668,30,0.0,0.0,0.0,0.0,0,,,,,True
0.85,0.95,graph_ppo,baseline2_matched,30,0.5333333333333333,0.0,30,-0.0134,0.10540622568801665,-0.05155000000000001,0.021733749999999986,30,0.9680285392307307,0.3025733067913284,0.8542488385428524,1.0676039302196259,30,0.0022333333333333315,0.017567704281336107,-0.0035390277777777716,0.008677916666666664,30,-9.581249999994398e-05,0.00010237053824843157,-0.00013297166666655945,-6.048614583329607e-05,30,0.999365313796433,0.0006779753573705367,0.9991264708165212,0.9996021425672396,30,-0.0001166617647058767,0.00012777300125244682,-0.00016140723039216457,-7.24210784314943e-05,30,0.02836666666666666,0.06929881988015099,0.005765833333333342,0.05465083333333331,30,0.0,0.0,0.0,0.0,0,,,,,False
0.85,0.95,graph_ppo,grid_cnn_ppo,30,0.5333333333333333,0.0,30,-0.00041666666666666425,0.15852950793167014,-0.05680124999999998,0.055969166666666605,30,1.3066266157591937,1.2938708869484332,0.9232822192125206,1.826376983304778,30,6.94444444444368e-05,0.026421584655278347,-0.009005694444444448,0.009480694444444434,30,-1.09166666660739e-06,7.468843282004246e-05,-2.7125520833262205e-05,2.485479166668538e-05,30,0.9999928477367029,0.0004952841795282571,0.9998144426283276,1.0001645052046266,30,-1.4068627450726975e-06,9.879814615446268e-05,-3.5877696078451554e-05,3.2466053921575115e-05,30,0.0013333333333333346,0.10239943202069492,-0.033934583333333296,0.03751708333333333,30,0.0,0.0,0.0,0.0,0,,,,,False
0.85,0.95,graph_ppo,left_if_safe,30,0.06666666666666667,0.7666666666666667,30,-0.015666666666666666,0.07473024284319099,-0.04320083333333333,0.01005,30,1.0588017120426507,0.8117927953450478,0.8559726349637259,1.3869743217366914,30,0.0026111111111111083,0.012455040473865179,-0.0017085416666666729,0.00714722222222222,30,-4.5166666666725716e-06,4.110825612047e-05,-1.9208854166687308e-05,9.91406249997398e-06,30,0.9999700993297921,0.0002725459937257574,0.9998746328882019,1.0000657792155379,30,-9.921568627525393e-06,5.5613889319182834e-05,-3.093137254911009e-05,7.64362745090191e-06,30,0.011366666666666666,0.04948370218172035,-0.005450000000000003,0.029466666666666662,30,0.0,0.0,0.0,0.0,0,,,,,False
0.85,0.95,graph_ppo,node_mlp_ppo,30,0.5,0.0,30,-0.0010333333333333306,0.15298359915100507,-0.05576708333333333,0.052018333333333305,30,1.2150725476991486,1.0215861490182228,0.9143536673200563,1.6175835051415388,30,0.00017222222222221806,0.0254972665251675,-0.008658472222222222,0.009164097222222207,30,-1.240416666660286e-05,6.673425556386066e-05,-3.66673958333342e-05,1.0450729166709707e-05,30,0.9999178320128074,0.0004424218394097222,0.9997533960118739,1.0000694435126194,30,-1.4897058823521806e-05,7.999866838707544e-05,-4.4102941176437396e-05,1.2961274509860891e-05,30,0.002200000000000002,0.10050438316055055,-0.03270041666666664,0.03888416666666667,30,0.0,0.0,0.0,0.0,0,,,,,False
0.85,0.95,graph_ppo,noop,30,0.9,0.0,30,0.15365,0.09914036983507012,0.11609958333333334,0.18645083333333334,30,1.8592008133632063,0.5601517939474491,1.6496190607519674,2.0480824535728996,30,-0.025608333333333344,0.016523394972511693,-0.030980555555555567,-0.01966111111111113,30,0.00011479166666669335,6.809355358787118e-05,9.04666666667452e-05,0.00013807937500001223,30,1.000761898906151,0.00045196478637424655,1.0005979323478986,1.0009156194926625,30,0.00018024019607834247,8.524560139490192e-05,0.0001489504901959338,0.0002095458333332206,30,-0.08638333333333333,0.06560339080457252,-0.10785,-0.061783333333333336,30,0.0,0.0,0.0,0.0,0,,,,,True
0.85,0.95,grid_cnn_ppo,baseline1_hdv,30,0.9333333333333333,0.0,30,0.15238333333333334,0.09221916205743096,0.11753291666666668,0.18311791666666669,30,1.851675681447835,0.5318290902785922,1.6562718399765293,2.027703871325587,30,-0.02539722222222222,0.01536986034290515,-0.030402847222222213,-0.01958326388888889,30,8.364999999991943e-05,6.058123998342205e-05,6.230364583328522e-05,0.00010467510416658134,30,1.0005551355383393,0.00040209860118450234,1.000410738090707,1.0006954061311188,30,0.0001432303921566532,8.553234448006434e-05,0.0001122787990193302,0.00017269681372531528,30,-0.0851,0.05839718344648787,-0.10401708333333333,-0.06303333333333334,30,0.0,0.0,0.0,0.0,0,,,,,True
0.85,0.95,grid_cnn_ppo,baseline2_matched,30,0.5,0.0,30,-0.012983333333333336,0.09721736074325951,-0.0481345833333333,0.01975083333333332,30,0.9693575109492117,0.2920976634390923,0.864468273228642,1.0650422115574312,30,0.002163888888888895,0.01620289345720993,-0.0031972916666666617,0.008041736111111128,30,-9.472083333333658e-05,8.518192172089134e-05,-0.00012563052083334493,-6.560666666662851e-05,30,0.999372511608255,0.0005640248914976129,0.999166602634141,0.9995615617262182,30,-0.00011525490196080401,0.0001164353288192323,-0.00015584840686267955,-7.572414215688191e-05,30,0.02703333333333333,0.06212736269472814,0.006550000000000014,0.05040124999999997,30,0.0,0.0,0.0,0.0,0,,,,,False
0.85,0.95,grid_cnn_ppo,left_if_safe,30,0.4666666666666667,0.0,30,-0.015250000000000005,0.13997251885453357,-0.06431749999999999,0.03405,30,1.2019470426505712,1.365960653478862,0.8655264046481926,1.744343310351774,30,0.0025416666666666717,0.02332875314242226,-0.005817013888888882,0.010689097222222221,30,-3.4250000000651815e-06,7.994967166907358e-05,-3.1641770833379654e-05,2.4979270833281724e-05,30,0.9999774699613774,0.0005302012980882193,0.9997896400364527,1.000165005482241,30,-8.514705882452696e-06,9.520997360313511e-05,-4.190220588245627e-05,2.4750245097869685e-05,30,0.010033333333333332,0.0895723492330442,-0.02258375,0.04101666666666666,30,0.0,0.0,0.0,0.0,0,,,,,False
0.85,0.95,grid_cnn_ppo,noop,30,0.9333333333333333,0.0,30,0.15406666666666666,0.09451817315982818,0.11819916666666667,0.18471666666666664,30,1.8754556344974325,0.5324422061599006,1.6772002922865583,2.049487128752208,30,-0.025677777777777782,0.015753028859971357,-0.030736111111111117,-0.019763888888888897,30,0.00011588333333330073,6.236505201348174e-05,9.478281249994708e-05,0.00013785072916671466,30,1.000769159459796,0.00041406966723426684,1.0006257693216556,1.000917079787509,30,0.0001816470588234152,8.399773187158344e-05,0.000151529166666611,0.00021175073529421158,30,-0.08771666666666668,0.06107664536625602,-0.1071,-0.06463333333333335,30,0.0,0.0,0.0,0.0,0,,,,,True
0.85,0.95,left_if_safe,baseline1_hdv,30,0.9666666666666667,0.0,30,0.16763333333333336,0.07663718073666573,0.13814958333333333,0.1922,30,1.932673013815433,0.4233556619366358,1.765614498911362,2.0682430537895478,30,-0.02793888888888889,0.01277286345611095,-0.03204166666666667,-0.023160972222222225,30,8.707499999998462e-05,8.348875621177837e-05,5.7074687500011635e-05,0.00011706697916660207,30,1.000577884743412,0.0005540993654217855,1.0003803376090015,1.0007732720579363,30,0.0001517450980391059,8.920263131788177e-05,0.00012102450980383435,0.0001831671568625376,30,-0.09513333333333335,0.04980426053879419,-0.11083333333333334,-0.07648250000000001,30,0.0,0.0,0.0,0.0,0,,,,,True
0.85,0.95,left_if_safe,baseline2_matched,30,0.5,0.0,30,0.0022666666666666642,0.08011949409059779,-0.02738375,0.028083333333333335,30,1.0114790052477673,0.23864337439183636,0.9198592073011711,1.0895264949562757,30,-0.0003777777777777769,0.013353249015099626,-0.004797222222222212,0.004539236111111102,30,-9.12958333332714e-05,0.00010451080357515953,-0.00012824260416661632,-5.604531249996308e-05,30,0.9993952416611158,0.0006921705133999379,0.9991486206909798,0.9996330429597357,30,-0.00010674019607835132,0.00012304582177484176,-0.00015058382352936797,-6.487218137248357e-05,30,0.016999999999999998,0.051707899749958174,8.291666666665744e-05,0.036400416666666664,30,0.0,0.0,0.0,0.0,0,,,,,False
0.85,0.95,left_if_safe,noop,30,0.9666666666666667,0.0,30,0.16931666666666664,0.07601128356951392,0.13960000000000003,0.19351666666666664,30,1.949039517879757,0.42988068308698085,1.7839178483240923,2.0889342961072037,30,-0.028219444444444453,0.012668547261585665,-0.0322695138888889,-0.02345000000000001,30,0.00011930833333336592,6.928808032206728e-05,9.513322916673835e-05,0.00014345833333324776,30,1.0007918626709524,0.000459914283311298,1.000628124612102,1.0009532666228698,30,0.00019016176470586788,7.731800850516057e-05,0.0001632890931372027,0.00021745122549031543,30,-0.09775,0.049111897217231,-0.11323333333333331,-0.07926666666666667,30,0.0,0.0,0.0,0.0,0,,,,,True
0.85,0.95,node_mlp_ppo,baseline1_hdv,30,0.9,0.0,30,0.153,0.08682195415986634,0.1200825,0.18099999999999997,30,1.8634708632473864,0.48959846428811,1.6812674701478243,2.0222772804059597,30,-0.025500000000000002,0.014470325693311055,-0.03026944444444443,-0.020155486111111114,30,9.49624999999149e-05,7.186328727653818e-05,7.019062499981642e-05,0.00012002281249995001,30,1.0006302069122062,0.0004769932405389883,1.00046497387208,1.0007957239521146,30,0.00015672058823510231,9.018484469948793e-05,0.00012563651960762333,0.0001882893382352129,30,-0.0859666666666667,0.056602049026718,-0.10403333333333332,-0.06459916666666671,30,0.0,0.0,0.0,0.0,0,,,,,True
0.85,0.95,node_mlp_ppo,baseline2_matched,30,0.5333333333333333,0.0,30,-0.01236666666666667,0.09015512812057215,-0.04595374999999998,0.01803374999999999,30,0.9719773863883181,0.26045982447250693,0.8754280203557012,1.058896120477561,30,0.0020611111111111134,0.015025854686762026,-0.002883333333333334,0.007758333333333334,30,-8.340833333334111e-05,8.299972043299982e-05,-0.00011259635416659222,-5.4387083333317195e-05,30,0.9994474547631387,0.0005497490317966206,0.9992487134366128,0.9996381353693717,30,-0.0001017647058823549,0.00010404585485106665,-0.00013891213235299221,-6.533296568626491e-05,30,0.02616666666666666,0.061023219624445665,0.005983333333333326,0.048833749999999995,30,0.0,0.0,0.0,0.0,0,,,,,False
0.85,0.95,node_mlp_ppo,grid_cnn_ppo,30,0.5333333333333333,0.0,30,0.0006166666666666663,0.10265255118294828,-0.034600416666666654,0.03776749999999999,30,1.240419136226379,1.1877359944144696,0.9205435882630589,1.7281299195619106,30,-0.00010277777777778126,0.01710875853049137,-0.006430625000000008,0.005819444444444433,30,1.1312499999995469e-05,5.853862147970173e-05,-9.696354166679669e-06,3.171697916662432e-05,30,1.0000750707909232,0.00038820246458991524,0.9999378831269983,1.000212897390307,30,1.3490196078449109e-05,6.724075368092934e-05,-9.721200980478332e-06,3.74660539215436e-05,30,-0.0008666666666666674,0.0674558518886463,-0.02511791666666665,0.02264999999999999,30,0.0,0.0,0.0,0.0,0,,,,,False
0.85,0.95,node_mlp_ppo,left_if_safe,30,0.5333333333333333,0.0,30,-0.014633333333333335,0.1344213610214187,-0.06029999999999999,0.03306833333333331,30,1.2092127273763305,1.4105888823882236,0.8718894511118438,1.7699982544640023,30,0.0024388888888888906,0.022403560170236442,-0.005366805555555552,0.010275694444444436,30,7.887499999930288e-06,8.043352597831618e-05,-1.9738854166734488e-05,3.639593749998421e-05,30,1.0000524678559366,0.0005334086535008118,0.9998715894541438,1.0002418256778491,30,4.9754901959964125e-06,8.76419883920715e-05,-2.5348161764780958e-05,3.645649509790039e-05,30,0.009166666666666663,0.08724799506967573,-0.022733750000000007,0.039901249999999985,30,0.0,0.0,0.0,0.0,0,,,,,False
0.85,0.95,node_mlp_ppo,noop,30,0.9333333333333333,0.0,30,0.15468333333333337,0.08534438180540724,0.12336666666666665,0.18255,30,1.877220280065623,0.48825948467175995,1.694093836174045,2.038364421692345,30,-0.025780555555555563,0.014224063634234533,-0.030541666666666658,-0.020483055555555556,30,0.0001271958333332962,7.216606121664926e-05,0.00010249124999996037,0.00015280437500003583,30,1.0008442431464888,0.0004791275206889295,1.0006809913988193,1.0010168262012087,30,0.00019513725490186428,8.33452238664213e-05,0.00016646985294113765,0.00022556997549012177,30,-0.08858333333333332,0.055925301678364604,-0.10675125000000002,-0.06773083333333338,30,0.0,0.0,0.0,0.0,0,,,,,True
0.85,0.95,noop,baseline1_hdv,30,0.26666666666666666,0.03333333333333333,30,-0.0016833333333333312,0.00786029232295459,-0.004316666666666662,0.0011833333333333361,30,0.991637078348714,0.044556339615130613,0.9769322250164679,1.0078683025122228,30,0.00028055555555556166,0.0013100487204924212,-0.00019999999999998537,0.0007083333333333441,30,-3.22333333333813e-05,5.678966915727804e-05,-5.223760416681658e-05,-1.2340729166730656e-05,30,0.9997862138745762,0.00037680536788675233,0.9996546560216252,0.9999203160335097,30,-3.841666666676198e-05,6.651198117168313e-05,-6.15790441176863e-05,-1.5116911764790503e-05,30,0.002616666666666656,0.006402697886819687,0.00024999999999998347,0.0047666666666666595,30,0.0,0.0,0.0,0.0,0,,,,,False
0.85,0.95,noop,baseline2_matched,30,0.0,0.0,30,-0.16705,0.03281698204199813,-0.17856708333333338,-0.1555,30,0.5193690478296754,0.05174266840797295,0.5009861573447703,0.5374214969182043,30,0.027841666666666674,0.00546949700699969,0.025947152777777788,0.029819583333333344,30,-0.0002106041666666373,9.280252302312978e-05,-0.00024322125000004877,-0.00017862416666673443,30,0.9986045370436797,0.0006142845463209048,0.9983884152404411,0.9988088746992045,30,-0.0002969019607842192,0.00011607421574676041,-0.00033690686274494926,-0.00025617634803923,30,0.11475,0.023063910455888466,0.10683291666666665,0.12308333333333334,30,0.0,0.0,0.0,0.0,0,,,,,False
0.85,1.0,baseline2_matched,baseline1_hdv,30,1.0,0.0,30,0.233,0.07116421029974412,0.2080154166666667,0.25726708333333337,30,2.3065004507018085,0.4122842781188971,2.1592206361500113,2.446599535317493,30,-0.038833333333333324,0.01186070171662401,-0.04299729166666668,-0.03458881944444444,30,0.00017642499999991345,9.079775508008882e-05,0.00014451656249994197,0.00020779312499988545,30,1.0011707382570967,0.0006026527413599515,1.0009589367181213,1.0013849149976786,30,0.0002760882352939383,0.00012484701054100303,0.00023213651960765923,0.00031960808823512454,30,-0.15658333333333332,0.04764959806128796,-0.17360041666666667,-0.14006666666666673,30,0.13333333333333333,0.34574590364176044,0.03333333333333333,0.26666666666666666,0,,,,,True
0.85,1.0,graph_ppo,baseline1_hdv,30,0.9,0.0,30,0.3211833333333333,0.1637038159842833,0.26074875,0.37463375000000015,30,2.7964842129679623,0.9162590788690174,2.4476845941113203,3.1002613643576367,30,-0.053530555555555547,0.02728396933071388,-0.06258354166666666,-0.043199999999999995,30,2.3279166666666703e-05,9.57695053247141e-05,-9.108437499912718e-06,5.8001145833402485e-05,30,1.0001546045298555,0.00063554437006094,0.9999368197525533,1.0003797122046996,30,0.00012185294117616855,8.825850438478598e-05,9.08765931369115e-05,0.00015354963235264985,30,-0.1734166666666667,0.09976023699379162,-0.20621708333333336,-0.13591500000000004,30,0.7,0.466091599699399,0.5333333333333333,0.8666666666666667,0,,,,,True
0.85,1.0,graph_ppo,baseline2_matched,30,0.7666666666666667,0.0,30,0.08818333333333336,0.19536669691727868,0.017548750000000033,0.15301999999999993,30,1.270888117983271,0.506825736157938,1.0848154385845723,1.4438025304030158,30,-0.01469722222222221,0.03256111615287977,-0.0256503472222222,-0.0029277083333333043,30,-0.00015314583333324677,0.00011338221179651348,-0.00019496020833320097,-0.00011452427083318287,30,0.9989853073613165,0.0007507769491022992,0.99871931796478,0.9992379573555354,30,-0.00015423529411776973,0.0001424726846634139,-0.00020442683823548359,-0.00010481323529436822,30,-0.01683333333333333,0.12026309759721875,-0.05793333333333333,0.02738375000000001,30,0.5666666666666667,0.6260623155792925,0.3333333333333333,0.7666666666666667,2,-140.0,103.23759005323593,-213.0,-67.0,True
0.85,1.0,graph_ppo,grid_cnn_ppo,30,0.5333333333333333,0.0,30,0.01648333333333334,0.2692265576941028,-0.07714458333333324,0.11131916666666664,30,1.7723553915919306,2.736619031014833,0.9728640036658183,2.8613728906445064,30,-0.002747222222222223,0.04487109294901713,-0.01820006944444445,0.012756250000000005,30,1.5695833333340126e-05,7.796051777135585e-05,-1.2430416666672507e-05,4.320000000000601e-05,30,1.000104212140588,0.0005172875981090308,0.999924415915786,1.0002844753704012,30,2.3313725490118713e-05,7.821348898237978e-05,-3.305147058917137e-06,5.075012254871718e-05,30,-0.006149999999999992,0.16617373283030812,-0.06435124999999998,0.051517083333333324,30,0.03333333333333333,0.8087168778415269,-0.26666666666666666,0.3333333333333333,11,-47.72727272727273,217.97435211927612,-173.54772727272723,74.63863636363634,False
0.85,1.0,graph_ppo,left_if_safe,30,0.03333333333333333,0.7666666666666667,30,-0.01791666666666666,0.06965779449087758,-0.04651666666666667,0.0011833333333333344,30,0.9544271851967969,0.1630043383019449,0.8905798576207385,1.0027039543892904,30,0.002986111111111119,0.011609632415146258,-0.00014722222222222082,0.007713888888888891,30,8.958333333330034e-06,3.728218832219776e-05,-2.7916666666618257e-06,2.345010416664755e-05,30,1.0000594453743987,0.0002473482039272186,0.9999819554944445,1.0001561972070767,30,5.269607843109517e-06,4.478088488227938e-05,-9.392156862716068e-06,2.205968137253159e-05,30,0.011166666666666668,0.04133303207157545,-0.00013333333333332976,0.027967083333333333,30,-0.06666666666666667,0.2537081317024625,-0.16666666666666666,0.0,21,5.0476190476190474,23.131096365015196,0.0,15.142857142857142,False
0.85,1.0,graph_ppo,node_mlp_ppo,30,0.5666666666666667,0.0,30,-0.022083333333333337,0.23617169686966905,-0.10546791666666666,0.060068749999999956,30,1.2857748389758774,1.8182380571400594,0.8534921113092926,2.004547412356434,30,0.0036805555555555645,0.039361949478278174,-0.009839374999999985,0.017964999999999988,30,2.239166666676932e-05,8.981705384234302e-05,-9.762499999880677e-06,5.4137708333472206e-05,30,1.0001486924174283,0.0005959551154061624,0.9999421116476177,1.0003553247906039,30,1.9848039215641934e-05,8.804425298356973e-05,-1.1715931372314837e-05,5.058345588227329e-05,30,0.016700000000000003,0.14324548497428197,-0.03441708333333332,0.06815083333333333,30,-0.03333333333333333,0.7648904962570576,-0.3,0.23333333333333334,13,-38.84615384615385,222.22992828519077,-152.69423076923073,76.6923076923077,False
0.85,1.0,graph_ppo,noop,30,0.9,0.0,30,0.32025,0.16315371163626544,0.2603825,0.3739350000000001,30,2.7776847169695555,0.911226811445097,2.434089107027029,3.0740249543175917,30,-0.053374999999999985,0.027192285272710896,-0.06226402777777776,-0.043244236111111105,30,3.928750000009399e-05,8.030837085181964e-05,1.2345520833425275e-05,6.870260416680546e-05,30,1.000260765406295,0.0005330500090208789,1.0000805729512998,1.0004555065365943,30,0.00014041176470559746,8.304847367552015e-05,0.00011215649509772927,0.00017101066176440513,30,-0.17536666666666664,0.09999982183892177,-0.20816750000000003,-0.13911583333333333,30,0.7,0.466091599699399,0.5333333333333333,0.8666666666666667,0,,,,,True
0.85,1.0,grid_cnn_ppo,baseline1_hdv,30,0.9,0.0,30,0.3047,0.15848434057311958,0.24456666666666668,0.3548858333333333,30,2.7161735535564686,0.903322571088442,2.3758538149910966,3.0089054470744743,30,-0.050783333333333326,0.026414056762186586,-0.059386319444444446,-0.04098,30,7.583333333326577e-06,6.230916843664156e-05,-1.49961458333412e-05,2.913749999992043e-05,30,1.000050403906255,0.00041339849191811165,0.9999004658809955,1.0001889166681026,30,9.853921568604984e-05,8.340246843844252e-05,6.89650735292919e-05,0.00012803958333306494,30,-0.16726666666666665,0.0983132514074214,-0.1993675,-0.1310458333333334,30,0.6666666666666666,0.47946330148538413,0.5,0.8333333333333334,0,,,,,True
0.85,1.0,grid_cnn_ppo,baseline2_matched,30,0.8,0.0,30,0.07170000000000003,0.15298363671794535,0.014912916666666706,0.12215083333333333,30,1.1929705505404056,0.4343123825230822,1.0359606645850037,1.341881185478329,30,-0.011949999999999987,0.02549727278632423,-0.020430763888888877,-0.002549930555555542,30,-0.00016884166666658688,0.00010789171781468169,-0.00020729177083326887,-0.00013174864583326575,30,0.9988813151926464,0.0007144928579618142,0.9986281845948688,0.9991332828232952,30,-0.00017754901960788846,0.00013243228032933744,-0.00022454436274504122,-0.00013034571078440868,30,-0.010683333333333338,0.09603837984003505,-0.04308375000000001,0.024150833333333326,30,0.5333333333333333,0.5713464637233658,0.3333333333333333,0.7333333333333333,3,-229.0,6.244997998398398,-236.0,-224.0,True
0.85,1.0,grid_cnn_ppo,left_if_safe,30,0.4666666666666667,0.0,30,-0.03439999999999999,0.24936500044768883,-0.12343499999999998,0.05188624999999997,30,1.2376378800787364,1.3688852170890193,0.8582141014998199,1.7841953491106173,30,0.005733333333333342,0.04156083340794813,-0.00883895833333332,0.020027847222222214,30,-6.737500000010092e-06,7.576010907565081e-05,-3.453833333335408e-05,1.9346041666621045e-05,30,0.9999554597559573,0.0005026044178226901,0.999776736075463,1.0001294310814022,30,-1.8044117647009195e-05,8.587360980741727e-05,-4.801017156859222e-05,1.2358823529387077e-05,30,0.01731666666666666,0.1533679080834222,-0.03541749999999999,0.06983416666666666,30,-0.1,0.7588557629520365,-0.36666666666666664,0.16666666666666666,13,15.384615384615385,222.62245261935377,-99.77115384615384,130.5442307692307,False
0.85,1.0,grid_cnn_ppo,noop,30,0.9,0.0,30,0.3037666666666667,0.15703287231820523,0.24448166666666662,0.35415125,30,2.693805907593053,0.8774431909687531,2.3652444809205724,2.979534603469854,30,-0.05062777777777778,0.026172145386367553,-0.05914722222222221,-0.04091937499999996,30,2.3591666666753867e-05,5.878249223779482e-05,3.561875000070002e-06,4.4550000000085495e-05,30,1.0001566025798454,0.0003901548359283325,1.0000219944881654,1.0002950077701844,30,0.00011709803921547875,6.650462847586305e-05,9.472022058801042e-05,0.00014107107843118024,30,-0.1692166666666667,0.09726613715359322,-0.20088375000000003,-0.13401625,30,0.6666666666666666,0.47946330148538413,0.5,0.8333333333333334,0,,,,,True
0.85,1.0,left_if_safe,baseline1_hdv,30,0.9666666666666667,0.0,30,0.3391,0.13890460631373033,0.2864333333333333,0.38393458333333336,30,2.8954337985962697,0.7811829127946063,2.603620546112161,3.1463517584364213,30,-0.056516666666666666,0.023150767718955047,-0.06409451388888888,-0.04805,30,1.432083333333667e-05,8.771170008142024e-05,-1.5562708333344807e-05,4.5596145833350226e-05,30,1.000095151614128,0.0005820637547427792,0.9998932768735445,1.0003022171392582,30,0.00011658333333305904,8.544375280516373e-05,8.765073529382792e-05,0.00014734399509774292,30,-0.18458333333333332,0.08471586214429135,-0.21186708333333334,-0.15245000000000003,30,0.7666666666666667,0.43018306715207627,0.6,0.9,0,,,,,True
0.85,1.0,left_if_safe,baseline2_matched,30,0.8333333333333334,0.0,30,0.10610000000000001,0.17166222848855006,0.04411333333333337,0.16433416666666667,30,1.3109036186620646,0.45459085837137775,1.1494447520253617,1.463664042051431,30,-0.01768333333333333,0.02861037141475834,-0.027019791666666664,-0.007066597222222208,30,-0.0001621041666665768,0.00010929892222772548,-0.00020122093749993096,-0.0001248162499998878,30,0.9989259360574201,0.0007236989823068614,0.9986621464023288,0.9991704705729861,30,-0.00015950490196087926,0.00013991483510916153,-0.00020962781862757647,-0.00011144963235299543,30,-0.027999999999999994,0.10646077470939302,-0.06333375,0.010350833333333325,30,0.6333333333333333,0.6149478998583782,0.4,0.8333333333333334,2,-140.0,103.23759005323593,-213.0,-67.0,True
0.85,1.0,left_if_safe,noop,30,0.9666666666666667,0.0,30,0.33816666666666667,0.13855885923052472,0.28616625,0.38251874999999996,30,2.8773261189540458,0.774022508679973,2.583339902840172,3.123044794906496,30,-0.056361111111111105,0.02309314320508745,-0.06378333333333332,-0.04769395833333334,30,3.0329166666763958e-05,7.039467311937601e-05,6.644895833383618e-06,5.4989166666714025e-05,30,1.000201305842625,0.00046722129115814824,1.000043255707011,1.0003695916635165,30,0.00013514215686248794,7.902972752947805e-05,0.0001078186274508984,0.00016320588235255154,30,-0.1865333333333333,0.08510510067510371,-0.21466666666666667,-0.1549325,30,0.7666666666666667,0.43018306715207627,0.6,0.9,0,,,,,True
0.85,1.0,node_mlp_ppo,baseline1_hdv,30,0.9666666666666667,0.0,30,0.34326666666666666,0.1142974592692344,0.3003495833333333,0.3798675,30,2.9195514061821126,0.6701653896513236,2.664019230524648,3.135759216812534,30,-0.0572111111111111,0.019049576544872413,-0.06324736111111111,-0.050033194444444436,30,8.874999998973825e-07,6.484105525150193e-05,-2.2083541666833364e-05,2.331260416668604e-05,30,1.0000059771710954,0.0004302071968580606,0.9998522148751938,1.000157546799207,30,0.00010200490196052662,8.009634198716211e-05,7.327414215665437e-05,0.00012965539215678998,30,-0.19011666666666668,0.06899896092837486,-0.21194999999999997,-0.16326624999999997,30,0.7333333333333333,0.4497764451088037,0.5666666666666667,0.9,0,,,,,True
0.85,1.0,node_mlp_ppo,baseline2_matched,30,0.8666666666666667,0.0,30,0.1102666666666667,0.11819736076560264,0.06693208333333336,0.1497170833333333,30,1.2934649266327756,0.3621856035783341,1.163329167380894,1.419809098175799,30,-0.018377777777777774,0.019699560127600456,-0.02522506944444445,-0.011305555555555543,30,-0.00017553750000001608,9.736514297633748e-05,-0.00021049187500001164,-0.0001422996874999592,30,0.9988368876671659,0.0006446806484028008,0.9986086549628703,0.9990651152630734,30,-0.0001740833333334117,0.000124729403347193,-0.00021762953431372708,-0.0001307639705884265,30,-0.033533333333333325,0.07386858477114577,-0.05846666666666665,-0.006649583333333347,30,0.6,0.49827287912243984,0.43333333333333335,0.7666666666666667,4,-200.5,80.85583879143587,-273.75,-125.75,True
0.85,1.0,node_mlp_ppo,grid_cnn_ppo,30,0.5333333333333333,0.03333333333333333,30,0.03856666666666667,0.1692877948089122,-0.020049999999999988,0.0986175,30,1.6332375214110066,2.1383993761578832,1.0198602835607617,2.5037728370062813,30,-0.0064277777777777875,0.028214632468152038,-0.016819513888888898,0.00332784722222221,30,-6.695833333429194e-06,5.6332073106568076e-05,-2.641416666670135e-05,1.3256249999827902e-05,30,0.9999556361566376,0.00037372071558180255,0.9998262088200102,1.0000875721392257,30,3.4656862744767797e-06,6.388443037291718e-05,-1.8800122548980047e-05,2.5544852941158947e-05,30,-0.022849999999999995,0.1034605663675946,-0.05989999999999999,0.013000833333333323,30,0.06666666666666667,0.5208304597621879,-0.1,0.23333333333333334,17,-35.05882352941177,93.13664060684931,-78.65147058823526,7.001470588235272,False
0.85,1.0,node_mlp_ppo,left_if_safe,30,0.43333333333333335,0.0,30,0.004166666666666672,0.21363489372312744,-0.07191666666666666,0.07898333333333335,30,1.310179818293828,1.3893758843941462,0.9386080478411541,1.8853668825371006,30,-0.0006944444444444457,0.03560581562052123,-0.01356979166666666,0.012081041666666662,30,-1.3433333333439286e-05,8.062138613483641e-05,-4.1321041666845965e-05,1.5216874999911925e-05,30,0.999911046579695,0.000534927045585684,0.9997288372194427,1.0001040702069746,30,-1.4578431372532414e-05,8.625720291718511e-05,-4.4593872549074576e-05,1.6264705882465004e-05,30,-0.0055333333333333345,0.129929751134546,-0.05126749999999998,0.04056708333333334,30,-0.03333333333333333,0.7183954022841381,-0.26666666666666666,0.2,15,-0.4,236.37766391941523,-117.46666666666667,110.07166666666659,False
0.85,1.0,node_mlp_ppo,noop,30,0.9666666666666667,0.0,30,0.3423333333333333,0.1130698848083552,0.2983816666666667,0.37801833333333335,30,2.8986913022759557,0.6429418519617186,2.649491883785191,3.099407300051565,30,-0.05705555555555555,0.018844980801392536,-0.062955625,-0.04983291666666666,30,1.6895833333324672e-05,6.043665716641246e-05,-4.416770833433891e-06,3.806677083336614e-05,30,1.0001121684637455,0.0004010641195771993,0.9999671819202832,1.0002532095168748,30,0.00012056372548995554,6.694909668220755e-05,9.667622548985837e-05,0.00014413823529387955,30,-0.1920666666666667,0.06810650044084522,-0.21316666666666664,-0.16591625,30,0.7333333333333333,0.4497764451088037,0.5666666666666667,0.9,0,,,,,True
0.85,1.0,noop,baseline1_hdv,30,0.5666666666666667,0.0,30,0.0009333333333333332,0.008483994396482135,-0.0020000000000000018,0.003850416666666663,30,1.006613680383237,0.04868065951645788,0.9900547653425782,1.0243890422500646,30,-0.00015555555555555692,0.001413999066080345,-0.000658333333333335,0.00033333333333332264,30,-1.600833333342729e-05,5.030560627789679e-05,-3.364177083340747e-05,1.487604166433286e-06,30,0.9998938627472215,0.0003337961264463509,0.9997780542201885,1.000012338078277,30,-1.855882352942891e-05,5.853202874682996e-05,-3.901470588226516e-05,1.9117647059121073e-06,30,0.0019499999999999925,0.006907454743571079,-0.0005833333333333395,0.00428333333333332,30,0.0,0.0,0.0,0.0,0,,,,,False
0.85,1.0,noop,baseline2_matched,30,0.0,0.0,30,-0.2320666666666667,0.06935897790547345,-0.25586708333333336,-0.20713125,30,0.44969519858876433,0.08019729071557165,0.4224800383985347,0.4788469302075339,30,0.03867777777777777,0.01155982965091225,0.034616527777777774,0.04269743055555557,30,-0.00019243333333334074,9.063774127627656e-05,-0.00022403468750001226,-0.00016025802083324519,30,0.9987249130363715,0.0006001193743025422,0.9985133396712371,0.9989382718240557,30,-0.0002946470588233672,0.00012278609549771683,-0.00033789301470570315,-0.00025119007352918517,30,0.1585333333333333,0.046062351545324495,0.14253333333333337,0.17459999999999998,30,-0.13333333333333333,0.34574590364176044,-0.26666666666666666,-0.03333333333333333,0,,,,,False
0.9,0.9,baseline2_matched,baseline1_hdv,30,1.0,0.0,30,0.06723333333333333,0.02073342018683069,0.06003333333333332,0.0743675,30,1.5950440816303162,0.18002891153905257,1.5310372907578116,1.6580070573841956,30,-0.01120555555555555,0.0034555700311384497,-0.01239999999999999,-0.009972152777777762,30,8.457500000004689e-05,4.190176833559278e-05,7.004145833339068e-05,9.918802083333319e-05,30,1.0008433173369558,0.00041793687105657116,1.0006992520571885,1.000994190136717,30,0.00011264814814820381,4.9630632447795345e-05,9.560578703706524e-05,0.00013013449074076423,30,-0.04676666666666666,0.015400253767128474,-0.052016666666666676,-0.04129999999999999,30,0.0,0.0,0.0,0.0,0,,,,,True
0.9,0.9,graph_ppo,baseline1_hdv,30,0.8666666666666667,0.0,30,0.05091666666666666,0.037980049965768856,0.03684958333333334,0.06383375,30,1.453044281753139,0.33576009716065675,1.3292221920811176,1.5639206802150212,30,-0.008486111111111102,0.0063300083276281475,-0.01052229166666666,-0.006124791666666658,30,3.792916666670448e-05,3.067334648563628e-05,2.7349999999946583e-05,4.8867500000097815e-05,30,1.0003782266280659,0.0003059425075968391,1.000269502555681,1.00048759800588,30,5.628703703708243e-05,3.8604907529159595e-05,4.274930555562831e-05,6.974085648153028e-05,30,-0.03181666666666666,0.029026291094672144,-0.041549999999999976,-0.021216666666666658,30,0.0,0.0,0.0,0.0,0,,,,,True
0.9,0.9,graph_ppo,baseline2_matched,30,0.4,0.0,30,-0.016316666666666667,0.04550189145999078,-0.0327,-0.0007495833333333382,30,0.9261658984273549,0.254010776069437,0.8373264211232246,1.014250508546023,30,0.0027194444444444484,0.0075836485766651385,0.0001083333333333361,0.005469652777777783,30,-4.66458333333424e-05,4.208610687062818e-05,-6.176302083334419e-05,-3.163322916662343e-05,30,0.9995354251865788,0.0004191598158231693,0.9993912788745728,0.999687196936024,30,-5.636111111112137e-05,5.4081121662702705e-05,-7.43148148147106e-05,-3.644826388900432e-05,30,0.01495,0.03389699152554336,0.003616666666666668,0.027333749999999997,30,0.0,0.0,0.0,0.0,0,,,,,False
0.9,0.9,graph_ppo,grid_cnn_ppo,30,0.5333333333333333,0.0,30,0.001250000000000004,0.07599600148283665,-0.024817083333333326,0.02880041666666666,30,1.2470191893965668,0.8887778560465948,0.9607799200105919,1.5815900540385253,30,-0.0002083333333333252,0.012666000247139445,-0.004672291666666655,0.004158402777777789,30,-9.291666666267721e-07,3.4187075398206765e-05,-1.297937499996233e-05,1.104999999993056e-05,30,0.9999907900718183,0.0003407508412928467,0.9998739187285126,1.000112124137369,30,-6.851851851480406e-07,4.8542849353577396e-05,-1.777800925930253e-05,1.6254976851893897e-05,30,-0.0011000000000000083,0.057368650576473536,-0.02131750000000001,0.018867083333333323,30,0.0,0.0,0.0,0.0,0,,,,,False
0.9,0.9,graph_ppo,left_if_safe,30,0.1,0.8,30,0.0019000000000000002,0.021428067317551463,-0.004600000000000001,0.01035,30,1.046238722942189,0.3024900329092528,0.9655452904321972,1.1690966736328805,30,-0.0003166666666666651,0.003571344552925247,-0.0017194444444444438,0.000741736111111124,30,-2.4874999999873376e-06,1.326074507384875e-05,-7.66260416664232e-06,1.5250000000160968e-06,30,0.9999752068752574,0.0001321625251294426,0.9999230483585788,1.0000149881396654,30,-2.2361111111151205e-06,1.6934209191203508e-05,-8.907638888899145e-06,3.069675925934745e-06,30,-0.0015500000000000032,0.01640770949994187,-0.00796666666666667,0.003383333333333327,30,0.0,0.0,0.0,0.0,0,,,,,False
0.9,0.9,graph_ppo,node_mlp_ppo,30,0.5333333333333333,0.0,30,0.005033333333333334,0.06723645015826653,-0.01925083333333332,0.029050416666666662,30,1.159678222551005,0.5983265948528603,0.9627247343783094,1.381666775456858,30,-0.000838888888888878,0.011206075026377752,-0.004780624999999994,0.0030305555555555663,30,1.4166666665963816e-07,3.299581565247332e-05,-1.1708645833279546e-05,1.1667083333344869e-05,30,1.0000014368820596,0.00032884372763136027,0.9998863043107903,1.0001193383782923,30,1.555555555519487e-06,4.1649124659829416e-05,-1.3500347222332856e-05,1.6055787037064838e-05,30,-0.0042,0.052201301344592596,-0.022383333333333318,0.014217499999999992,30,0.0,0.0,0.0,0.0,0,,,,,False
0.9,0.9,graph_ppo,noop,30,0.8666666666666667,0.0,30,0.05101666666666667,0.03892576563004326,0.0366,0.06401708333333332,30,1.456865766462845,0.34824043224550044,1.3304317941445634,1.5729309745806372,30,-0.008502777777777774,0.006487627605007217,-0.010666666666666668,-0.006072222222222219,30,4.9529166666667514e-05,3.0546983373941584e-05,3.822500000002857e-05,5.9991666666628696e-05,30,1.0004939244741913,0.00030465725099713053,1.0003856323155753,1.0005988010032456,30,6.920370370371159e-05,3.8158646291381296e-05,5.53189814814471e-05,8.178252314820033e-05,30,-0.03243333333333333,0.029944124210145858,-0.04243375,-0.02159958333333333,30,0.0,0.0,0.0,0.0,0,,,,,True
0.9,0.9,grid_cnn_ppo,baseline1_hdv,30,0.8333333333333334,0.0,30,0.049666666666666665,0.049979708526239085,0.03151541666666667,0.0663,30,1.4441603198222794,0.43881814847497436,1.2799015430120273,1.5917526094570955,30,-0.008277777777777776,0.00832995142103984,-0.011027777777777774,-0.005158055555555558,30,3.8858333333331253e-05,3.576586236793844e-05,2.6741250000012395e-05,5.1991770833403005e-05,30,1.0003875125190598,0.00035672682399310614,1.0002652940246504,1.0005146750138156,30,5.6972222222230474e-05,4.3180380790689206e-05,4.193981481487993e-05,7.225960648152747e-05,30,-0.030716666666666653,0.03772968357922587,-0.04324999999999998,-0.01658291666666666,30,0.0,0.0,0.0,0.0,0,,,,,True
0.9,0.9,grid_cnn_ppo,baseline2_matched,30,0.5,0.0,30,-0.017566666666666664,0.050827418159705984,-0.035633750000000006,-0.00011541666666668635,30,0.9108994559283334,0.2915408787342911,0.8068160043445216,1.0100841924008928,30,0.0029277777777777735,0.008471236359950994,-4.173611111111718e-05,0.005911111111111098,30,-4.571666666671563e-05,4.0194944319617946e-05,-5.964666666670573e-05,-3.102822916669436e-05,30,0.9995446795456512,0.0004003110941701147,0.9994080569254904,0.9996861552318718,30,-5.567592592597333e-05,5.240473290585023e-05,-7.441226851849321e-05,-3.732847222227598e-05,30,0.01605000000000001,0.038638320713848415,0.0028495833333333346,0.030200000000000005,30,0.0,0.0,0.0,0.0,0,,,,,False
0.9,0.9,grid_cnn_ppo,left_if_safe,30,0.4666666666666667,0.0,30,0.0006499999999999968,0.07933268557158518,-0.02783333333333333,0.02795291666666662,30,1.1660778575689763,0.7050798032659916,0.9339233726698466,1.426278156934183,30,-0.0001083333333333399,0.013222114261930868,-0.004744444444444448,0.004572708333333318,30,-1.5583333333605657e-06,3.1074901401733984e-05,-1.2625208333378969e-05,9.13781249996094e-06,30,0.9999845106942673,0.0003096935990265875,0.9998738963293118,1.0000926433332789,30,-1.5509259259670801e-06,4.4278637124313314e-05,-1.7403240740766913e-05,1.3629629629536115e-05,30,-0.00044999999999999484,0.06001542186862445,-0.021466666666666658,0.020184166666666666,30,0.0,0.0,0.0,0.0,0,,,,,False
0.9,0.9,grid_cnn_ppo,noop,30,0.8333333333333334,0.0,30,0.04976666666666666,0.04861880814815524,0.031649583333333335,0.06566708333333332,30,1.4403859661158742,0.4279776902768034,1.2778683839768148,1.5851538252545654,30,-0.008294444444444448,0.008103134691359199,-0.010969513888888886,-0.005338819444444453,30,5.0458333333294286e-05,3.6606501055701956e-05,3.790406249995108e-05,6.364604166661027e-05,30,1.0005032147429715,0.00036513964802127277,1.0003774136088648,1.0006333805795509,30,6.988888888885963e-05,4.661047862606782e-05,5.3842013888851024e-05,8.652349537040982e-05,30,-0.03133333333333332,0.03643021986675664,-0.04346708333333333,-0.017916249999999988,30,0.0,0.0,0.0,0.0,0,,,,,True
0.9,0.9,left_if_safe,baseline1_hdv,30,0.8333333333333334,0.0,30,0.04901666666666667,0.04139329517032283,0.03378333333333334,0.06306708333333333,30,1.4348971706963032,0.3677682963190471,1.2938115028939274,1.5591547242376458,30,-0.008169444444444436,0.006898882528387143,-0.010463958333333337,-0.005608263888888865,30,4.041666666669182e-05,2.9447907200806218e-05,3.0145624999993322e-05,5.0775000000077305e-05,30,1.0004030346527562,0.00029372665800668507,1.000300314748407,1.0005057464268057,30,5.8523148148197555e-05,3.54473607383529e-05,4.652291666675624e-05,7.123622685184843e-05,30,-0.030266666666666657,0.03157578003878085,-0.04086666666666665,-0.018665833333333322,30,0.0,0.0,0.0,0.0,0,,,,,True
0.9,0.9,left_if_safe,baseline2_matched,30,0.4,0.0,30,-0.01821666666666667,0.04949776785864697,-0.035800416666666654,-0.0014666666666666695,30,0.9167609990532904,0.27812424903780114,0.8144684860368472,1.0149113054447623,30,0.0030361111111111136,0.00824962797644117,0.0001888194444444398,0.005991736111111113,30,-4.415833333335506e-05,4.223855860865515e-05,-5.847093750004726e-05,-2.9304062500033824e-05,30,0.9995602164597013,0.000420667253395402,0.9994130117934655,0.9997096269221291,30,-5.412500000000625e-05,5.374722351169118e-05,-7.277465277770765e-05,-3.484236111118239e-05,30,0.016500000000000004,0.03735777627584199,0.0036666666666666627,0.030250000000000003,30,0.0,0.0,0.0,0.0,0,,,,,False
0.9,0.9,left_if_safe,noop,30,0.8333333333333334,0.0,30,0.04911666666666667,0.04318777831056257,0.03331666666666667,0.06358333333333334,30,1.4416740757820061,0.382606886698554,1.2997028112574334,1.5713000148466736,30,-0.00818611111111111,0.007197963051760434,-0.010650138888888905,-0.005505486111111112,30,5.201666666665485e-05,2.6828954808031472e-05,4.256656249994402e-05,6.130843749993431e-05,30,1.0005187286592416,0.0002676053577457518,1.0004279436660022,1.0006138583558974,30,7.143981481482671e-05,3.2164647568113586e-05,6.044907407403266e-05,8.306504629627719e-05,30,-0.03088333333333332,0.033441581419186676,-0.04193375,-0.018249583333333323,30,0.0,0.0,0.0,0.0,0,,,,,True
0.9,0.9,node_mlp_ppo,baseline1_hdv,30,0.8666666666666667,0.0,30,0.04588333333333334,0.0380371151171692,0.03206666666666667,0.05913333333333333,30,1.4079811222721053,0.34011380062335955,1.284098676247602,1.522029887343641,30,-0.007647222222222224,0.00633951918619486,-0.009794444444444435,-0.005388750000000009,30,3.778750000004484e-05,3.9135184446164055e-05,2.4707916666736253e-05,5.21251041667132e-05,30,1.0003768698879119,0.00039038914195908126,1.00024640579261,1.0005184529771662,30,5.473148148156295e-05,4.155588615055329e-05,4.055995370385555e-05,6.986631944448617e-05,30,-0.02761666666666666,0.029768556465219947,-0.03781666666666665,-0.01689999999999999,30,0.0,0.0,0.0,0.0,0,,,,,True
0.9,0.9,node_mlp_ppo,baseline2_matched,30,0.36666666666666664,0.0,30,-0.02135,0.03908614491271723,-0.03506666666666667,-0.007750000000000003,30,0.8884071990746069,0.22476304994118723,0.8090446216146492,0.9673711396069713,30,0.003558333333333326,0.006514357485452867,0.0012999305555555427,0.005869444444444427,30,-4.678750000000204e-05,4.3733348432132975e-05,-6.273354166667816e-05,-3.172874999998261e-05,30,0.9995340479597962,0.00043542030134975743,0.9993785934194501,0.9996815704028207,30,-5.7916666666640856e-05,5.149678018586292e-05,-7.617152777773726e-05,-4.015185185178402e-05,30,0.01915,0.030217073844502857,0.008549999999999995,0.029783749999999998,30,0.0,0.0,0.0,0.0,0,,,,,False
0.9,0.9,node_mlp_ppo,grid_cnn_ppo,30,0.26666666666666666,0.0,30,-0.003783333333333332,0.03290835847427313,-0.015183333333333333,0.008183749999999997,30,1.061187374974546,0.38093672598142125,0.9354162306781645,1.2008705775299773,30,0.0006305555555555527,0.0054847264123788556,-0.0013361805555555627,0.002527777777777762,30,-1.0708333332864103e-06,3.5964836804113324e-05,-1.3901145833248297e-05,1.1145937500049416e-05,30,0.9999894114480021,0.0003584026428494012,0.9998592187507936,1.0001135585105403,30,-2.2407407406675276e-06,4.305765248471601e-05,-1.7814930555527483e-05,1.2416898148227766e-05,30,0.0030999999999999917,0.025355880770645153,-0.0059170833333333514,0.01190041666666665,30,0.0,0.0,0.0,0.0,0,,,,,False
0.9,0.9,node_mlp_ppo,left_if_safe,30,0.4666666666666667,0.0,30,-0.0031333333333333335,0.0702696693942814,-0.027800833333333327,0.021483333333333333,30,1.1299908320129484,0.6423515431752059,0.9165543551185316,1.3593273989312755,30,0.0005222222222222128,0.01171161156571357,-0.003588958333333337,0.0045751388888888855,30,-2.629166666646976e-06,3.030380444651494e-05,-1.3262604166615563e-05,8.079895833359015e-06,30,0.9999738579357147,0.0003019961665429738,0.9998692316243386,1.00007994648344,30,-3.7916666666346077e-06,3.625859856770648e-05,-1.681481481474147e-05,8.76388888890268e-06,30,0.002649999999999997,0.05455859709744541,-0.016666666666666666,0.021501666666666624,30,0.0,0.0,0.0,0.0,0,,,,,False
0.9,0.9,node_mlp_ppo,noop,30,0.8666666666666667,0.0,30,0.045983333333333334,0.03727795949844648,0.03253333333333333,0.058883749999999985,30,1.4070062165143349,0.32898904606738855,1.2880514458987244,1.5192661005471146,30,-0.007663888888888896,0.006212993249741076,-0.00976111111111112,-0.005405555555555556,30,4.9387500000007875e-05,2.3331460695526718e-05,4.112916666670735e-05,5.749177083326007e-05,30,1.000492520504467,0.0002327402676813027,1.0004112471340485,1.0005738710408285,30,6.76481481481921e-05,2.692666231306172e-05,5.833321759262227e-05,7.696770833331691e-05,30,-0.028233333333333326,0.028725734387339063,-0.038017083333333326,-0.017816666666666665,30,0.0,0.0,0.0,0.0,0,,,,,True
0.9,0.9,noop,baseline1_hdv,30,0.5,0.06666666666666667,30,-9.999999999999916e-05,0.005288895328242322,-0.001949999999999999,0.0017333333333333348,30,1.0002805494155689,0.047285108385854084,0.9835384850995641,1.0168273170711433,30,1.6666666666672234e-05,0.0008814825547070519,-0.0002888888888888904,0.00032777777777779016,30,-1.159999999996303e-05,3.488210439317884e-05,-2.3279479166689435e-05,1.2668750000349927e-06,30,0.9998844173663136,0.00034786579989398215,0.9997689239378424,1.000015964284147,30,-1.2916666666629161e-05,3.85030289398943e-05,-2.570428240721731e-05,1.6299768518308259e-06,30,0.0006166666666666653,0.004891377588434953,-0.0011333333333333195,0.0023333333333333353,30,0.0,0.0,0.0,0.0,0,,,,,False
0.9,0.9,noop,baseline2_matched,30,0.0,0.0,30,-0.06733333333333333,0.02195070234259791,-0.07506666666666667,-0.05948291666666666,30,0.6352350657809772,0.0803065448694058,0.6074807784812485,0.663767957481917,30,0.011222222222222222,0.0036584503904329778,0.009944444444444445,0.012488888888888886,30,-9.617500000000991e-05,4.307849941754691e-05,-0.00011135427083330155,-8.109979166666381e-05,30,0.9990420227468262,0.0004288399555110399,0.9988881099120107,0.999193027817253,30,-0.00012556481481483298,5.1924360621123925e-05,-0.00014410196759265581,-0.00010739236111109969,30,0.04738333333333332,0.015477839182105716,0.041949999999999994,0.052783333333333335,30,0.0,0.0,0.0,0.0,0,,,,,False
0.9,0.95,baseline2_matched,baseline1_hdv,30,1.0,0.0,30,0.0764,0.030928003157500245,0.06593291666666667,0.08738375000000001,30,1.6779780445449677,0.2765866450616916,1.58167523224624,1.7768395210024268,30,-0.01273333333333333,0.0051546671929167025,-0.014541736111111111,-0.010952777777777782,30,7.787916666668569e-05,4.7537184666413646e-05,6.152843750004064e-05,9.450416666668673e-05,30,1.0007765603579568,0.00047411662952160093,1.0006104054354454,1.0009488151242185,30,0.00010775462962972447,5.7564273165597e-05,8.765590277792299e-05,0.00012796331018524303,30,-0.05178333333333331,0.021833888296886553,-0.059699999999999975,-0.04418291666666664,30,0.0,0.0,0.0,0.0,0,,,,,True
0.9,0.95,graph_ppo,baseline1_hdv,30,0.9,0.0,30,0.07356666666666666,0.05654136925103256,0.05314916666666667,0.09286666666666665,30,1.6544561560942916,0.5039358394042623,1.4722701290459863,1.8280603297187052,30,-0.012261111111111115,0.009423561541838767,-0.015444583333333348,-0.00881659722222223,30,2.7383333333342677e-05,4.259141959340046e-05,1.3353437500033164e-05,4.332927083332933e-05,30,1.0002731151077628,0.00042482041538042273,1.0001273046367023,1.0004290014803652,30,5.0861111111153806e-05,4.722294624193618e-05,3.53505787037371e-05,6.864837962972194e-05,30,-0.04503333333333334,0.04150777520295266,-0.05916708333333335,-0.030166250000000002,30,0.0,0.0,0.0,0.0,0,,,,,True
0.9,0.95,graph_ppo,baseline2_matched,30,0.5333333333333333,0.0,30,-0.0028333333333333314,0.049549058471400835,-0.020000833333333322,0.014533749999999993,30,0.9896516329785278,0.2915202569487715,0.8856187939851442,1.090444456681809,30,0.00047222222222221465,0.008258176411900143,-0.002291736111111139,0.003433333333333329,30,-5.049583333334301e-05,5.611805869967752e-05,-7.0080729166694e-05,-3.095270833335422e-05,30,0.9994971177736337,0.0005589390573693009,0.9993025652769097,0.9996971132885087,30,-5.689351851857066e-05,6.169053811347845e-05,-7.797731481489022e-05,-3.424502314812671e-05,30,0.006749999999999978,0.03705698082124617,-0.006133333333333358,0.019883333333333305,30,0.0,0.0,0.0,0.0,0,,,,,False
0.9,0.95,graph_ppo,grid_cnn_ppo,30,0.4666666666666667,0.0,30,-0.0014833333333333291,0.10601053000180863,-0.03888624999999996,0.03641708333333333,30,1.3797799881991895,1.2448502212092294,0.9731660282090995,1.854899368086063,30,0.0002472222222222209,0.017668421666968106,-0.006002777777777765,0.006316736111111113,30,2.2625000000137117e-06,3.391619917987434e-05,-9.354270833330049e-06,1.4545937499951231e-05,30,1.0000225821587907,0.0003380549965430003,0.9999059941735559,1.0001418626832874,30,2.1018518519202074e-06,3.851732617090633e-05,-1.1004629629602867e-05,1.5913078703809954e-05,30,0.0011166666666666695,0.07704708405202329,-0.025951249999999995,0.027083333333333327,30,0.0,0.0,0.0,0.0,0,,,,,False
0.9,0.95,graph_ppo,left_if_safe,30,0.06666666666666667,0.8,30,-0.0029,0.023326172957165225,-0.010868333333333318,0.0057666666666666665,30,1.0139132512634041,0.30716595084131243,0.9289702066536929,1.1391673798508661,30,0.0004833333333333356,0.0038876954928608654,-0.0009666666666666639,0.0018112499999999945,30,4.791666666688806e-07,1.600104668360683e-05,-5.008333333328859e-06,6.295833333338127e-06,30,1.0000047707966537,0.00015945204651910986,0.999950916228979,1.0000641363993912,30,-2.731481481499376e-07,1.8952889213540258e-05,-7.101851851831845e-06,6.407407407375854e-06,30,0.0017499999999999996,0.015189464361398872,-0.003699999999999996,0.006949999999999997,30,0.0,0.0,0.0,0.0,0,,,,,False
0.9,0.95,graph_ppo,node_mlp_ppo,30,0.5333333333333333,0.0,30,0.006350000000000001,0.10301072508607355,-0.03008499999999999,0.042434166666666655,30,1.3492501744350243,1.0670523606111297,1.004585590239417,1.7552816316235524,30,-0.0010583333333333278,0.01716845418101226,-0.006933333333333329,0.004994513888888889,30,4.195833333333251e-06,3.888585311598024e-05,-9.270833333334173e-06,1.8429270833319292e-05,30,1.0000418825271096,0.00038762491949294434,0.9999102785082121,1.0001825269574625,30,6.425925925948132e-06,4.183772252700571e-05,-8.144097222205545e-06,2.1287268518499405e-05,30,-0.00466666666666666,0.07500118773005893,-0.03080208333333332,0.02168375,30,0.0,0.0,0.0,0.0,0,,,,,False
0.9,0.95,graph_ppo,noop,30,0.9,0.0,30,0.07416666666666667,0.057101442299154564,0.05348208333333335,0.09313374999999999,30,1.6661072497617373,0.5164380547949969,1.4784755563527632,1.8377182058295054,30,-0.01236111111111112,0.00951690704985909,-0.015600069444444462,-0.008980555555555566,30,2.9500000000037366e-05,4.045857822172379e-05,1.487906250004482e-05,4.322916666670007e-05,30,1.0002942061593585,0.0004033676175232198,1.0001492092581439,1.000431536599168,30,5.3379629629643485e-05,4.247122854366973e-05,3.818946759265573e-05,6.79309027777826e-05,30,-0.045849999999999995,0.04230964469813897,-0.060150416666666665,-0.030566249999999996,30,0.0,0.0,0.0,0.0,0,,,,,True
0.9,0.95,grid_cnn_ppo,baseline1_hdv,30,0.8333333333333334,0.0,30,0.07505,0.06413191550395869,0.05093208333333336,0.09621666666666666,30,1.6673485945731628,0.5704230506122708,1.4536148552852344,1.8584713840199114,30,-0.012508333333333337,0.010688652583993105,-0.01605562500000002,-0.008635972222222236,30,2.5120833333328965e-05,4.353988316476835e-05,1.0474895833304198e-05,4.082104166663444e-05,30,1.00025058645717,0.00043424030421136765,1.0001032850338876,1.0004093700440853,30,4.8759259259233594e-05,4.602738054877972e-05,3.235636574068056e-05,6.495833333329918e-05,30,-0.046150000000000004,0.04690087676557134,-0.0612,-0.028550000000000006,30,0.0,0.0,0.0,0.0,0,,,,,True
0.9,0.95,grid_cnn_ppo,baseline2_matched,30,0.5333333333333333,0.0,30,-0.001349999999999999,0.06875934419257579,-0.025500416666666668,0.02216708333333333,30,1.0147630978706175,0.3890869527330643,0.8746525862924716,1.1469602772890586,30,0.00022499999999999373,0.01145989069876263,-0.003672361111111123,0.004344444444444432,30,-5.2758333333356724e-05,5.1338253841281784e-05,-7.080031250007768e-05,-3.434937500003867e-05,30,0.9994745780188766,0.0005112744132747306,0.9992938518699664,0.9996562565012509,30,-5.899537037049087e-05,5.9767287676553354e-05,-7.999583333350566e-05,-3.8184722222257875e-05,30,0.005633333333333309,0.049813433538750757,-0.011316666666666676,0.02365083333333329,30,0.0,0.0,0.0,0.0,0,,,,,False
0.9,0.95,grid_cnn_ppo,left_if_safe,30,0.5333333333333333,0.0,30,-0.001416666666666669,0.10330663123667941,-0.038766666666666665,0.034133333333333335,30,1.2424970425266426,0.9806680488202647,0.931997942800763,1.6164868263101682,30,0.00023611111111111472,0.017217771872779904,-0.005775138888888885,0.006297222222222232,30,-1.7833333333448312e-06,2.986319261209343e-05,-1.2046041666634552e-05,9.088020833335247e-06,30,0.9999822748091455,0.00029769445323312403,0.9998797652482938,1.0000855318253108,30,-2.375000000070145e-06,3.492441798799051e-05,-1.4592708333337442e-05,9.85659722216202e-06,30,0.0006333333333333302,0.07524281765853405,-0.025084166666666654,0.02731749999999999,30,0.0,0.0,0.0,0.0,0,,,,,False
0.9,0.95,grid_cnn_ppo,noop,30,0.8666666666666667,0.0,30,0.07565000000000001,0.06372924273291143,0.052647916666666676,0.09701666666666668,30,1.6762382917977632,0.5735487247271569,1.4662215435314467,1.8667262574839256,30,-0.01260833333333334,0.010621540455485235,-0.016125347222222225,-0.008619444444444454,30,2.7237500000023654e-05,3.310988350592072e-05,1.5815833333394467e-05,3.8704375000071794e-05,30,1.000271647151087,0.00033016434808463466,1.000154296322403,1.0003883140858736,30,5.127777777772328e-05,3.877505232551088e-05,3.7578587962838354e-05,6.49353009259096e-05,30,-0.046966666666666664,0.04612706089841879,-0.06263374999999999,-0.02994916666666668,30,0.0,0.0,0.0,0.0,0,,,,,True
0.9,0.95,left_if_safe,baseline1_hdv,30,0.9,0.0,30,0.07646666666666667,0.055277190739869864,0.05594958333333332,0.09471708333333334,30,1.680612291689463,0.49477927328168325,1.5012622270741982,1.8470922565273984,30,-0.01274444444444445,0.00921286512331165,-0.015850000000000006,-0.009386041666666671,30,2.6904166666673798e-05,4.1677276163539994e-05,1.2983333333367389e-05,4.240874999997541e-05,30,1.0002683516263369,0.00041571599070674346,1.000129379637792,1.0004231040086415,30,5.1134259259303745e-05,4.734073593665148e-05,3.553194444451893e-05,6.886585648156128e-05,30,-0.04678333333333335,0.04074366532809507,-0.06033333333333332,-0.032098750000000016,30,0.0,0.0,0.0,0.0,0,,,,,True
0.9,0.95,left_if_safe,baseline2_matched,30,0.5666666666666667,0.0,30,6.666666666666858e-05,0.04820533189376986,-0.017517499999999995,0.01665083333333332,30,1.0052938328947811,0.2896524888921076,0.9023179636028177,1.105595001603084,30,-1.111111111112099e-05,0.008034221982294977,-0.002769513888888894,0.0028917361111111027,30,-5.097500000001189e-05,5.483577951960989e-05,-6.987125000005922e-05,-3.1582499999955397e-05,30,0.9994923548485348,0.0005461658196412256,0.9993033807797748,0.9996846554937567,30,-5.6620370370420724e-05,6.223507424628175e-05,-7.822245370376459e-05,-3.43918981482147e-05,30,0.004999999999999978,0.03609255343963769,-0.007450000000000016,0.018033749999999984,30,0.0,0.0,0.0,0.0,0,,,,,False
0.9,0.95,left_if_safe,noop,30,0.9,0.0,30,0.07706666666666667,0.054765445519857736,0.05701666666666668,0.09568333333333333,30,1.6874984744006023,0.5018509048624494,1.4983365891205533,1.8576011212712389,30,-0.012844444444444455,0.009127574253309626,-0.015919513888888907,-0.009488750000000004,30,2.9020833333368487e-05,3.970695570271571e-05,1.4258333333382589e-05,4.2021250000026916e-05,30,1.0002894433846663,0.000395888019587994,1.0001424289659309,1.000421687366167,30,5.3652777777793424e-05,4.114738921110971e-05,3.8985995370357894e-05,6.776898148155359e-05,30,-0.0476,0.040916525621874554,-0.061433749999999995,-0.03303333333333333,30,0.0,0.0,0.0,0.0,0,,,,,True
0.9,0.95,node_mlp_ppo,baseline1_hdv,30,0.8333333333333334,0.0,30,0.06721666666666666,0.058812631081364176,0.045282916666666666,0.08673333333333332,30,1.5991026817350174,0.5193127518538996,1.4071299384421785,1.7763893680886274,30,-0.011202777777777787,0.009802105180227361,-0.014525069444444453,-0.00766631944444446,30,2.3187500000009427e-05,3.758639114848347e-05,9.949062500020803e-06,3.670041666669329e-05,30,1.0002312762354364,0.00037483606685804533,1.0001018123299086,1.0003653038526332,30,4.4435185185205675e-05,3.896835977702401e-05,3.005069444443649e-05,5.743993055554383e-05,30,-0.040366666666666676,0.04327357506435741,-0.055000000000000014,-0.024850000000000014,30,0.0,0.0,0.0,0.0,0,,,,,True
0.9,0.95,node_mlp_ppo,baseline2_matched,30,0.4666666666666667,0.03333333333333333,30,-0.009183333333333332,0.0644378186414187,-0.03239999999999999,0.013167083333333328,30,0.9728311068510416,0.3633287179798032,0.8424247669900543,1.099325049848503,30,0.0015305555555555424,0.010739636440236457,-0.0021723611111111223,0.005389166666666644,30,-5.469166666667626e-05,4.989142017893635e-05,-7.217541666665313e-05,-3.715406250003816e-05,30,0.9994552989454494,0.0004968393390696471,0.9992770841119579,0.9996285556331527,30,-6.33194444445188e-05,5.881282532068945e-05,-8.333900462972202e-05,-4.256481481489893e-05,30,0.011416666666666637,0.04636345977490086,-0.004783750000000039,0.027967083333333292,30,0.0,0.0,0.0,0.0,0,,,,,False
0.9,0.95,node_mlp_ppo,grid_cnn_ppo,30,0.4,0.03333333333333333,30,-0.007833333333333335,0.03430224013327584,-0.01973416666666666,0.004233333333333333,30,1.0164068906875987,0.31510890427817195,0.9135313028085021,1.1337396529874035,30,0.0013055555555555487,0.005717040022212647,-0.0006916666666666834,0.0033139583333333224,30,-1.933333333319539e-06,3.2616481139982837e-05,-1.3266770833347495e-05,9.850520833349274e-06,30,0.9999807689065249,0.000325126006401441,0.9998653679334298,1.0000959949949706,30,-4.3240740740279246e-06,3.637689057645062e-05,-1.68383101851187e-05,8.370601851788644e-06,30,0.0057833333333333296,0.0239322619265196,-0.002600416666666665,0.014249999999999988,30,0.0,0.0,0.0,0.0,0,,,,,False
0.9,0.95,node_mlp_ppo,left_if_safe,30,0.4666666666666667,0.0,30,-0.009250000000000003,0.10132865186932653,-0.04423416666666665,0.025983333333333327,30,1.203821327903688,0.9824580582792183,0.8913219022198944,1.5654921187645332,30,0.0015416666666666634,0.01688810864488776,-0.004325486111111137,0.0073917361111111,30,-3.7166666666643698e-06,3.5873639787580045e-05,-1.625864583342202e-05,8.77927083331096e-06,30,0.9999630119367079,0.000357554273102142,0.9998385770879206,1.0000860403630594,30,-6.699074074098069e-06,4.027022460772387e-05,-2.0852314814818355e-05,7.412847222207236e-06,30,0.006416666666666659,0.07367415250361851,-0.019950000000000006,0.03305041666666666,30,0.0,0.0,0.0,0.0,0,,,,,False
0.9,0.95,node_mlp_ppo,noop,30,0.8333333333333334,0.0,30,0.06781666666666666,0.0586886118503372,0.046849583333333326,0.0879,30,1.6087033961352615,0.5323681862534543,1.4144393863959452,1.7851908023591383,30,-0.011302777777777792,0.009781435308389534,-0.014552777777777793,-0.00778604166666668,30,2.5304166666704116e-05,4.250999734508452e-05,1.0129062500084895e-05,4.0071041666694234e-05,30,1.000252393877088,0.00042385204210628456,1.0001014463138524,1.0003980769054455,30,4.6953703703695354e-05,4.939697198706309e-05,2.9031712962940913e-05,6.378715277772395e-05,30,-0.04118333333333335,0.04275823843451679,-0.05561666666666666,-0.02523291666666667,30,0.0,0.0,0.0,0.0,0,,,,,True
0.9,0.95,noop,baseline1_hdv,30,0.43333333333333335,0.03333333333333333,30,-0.0005999999999999996,0.007199616848042728,-0.0031000000000000003,0.0019000000000000002,30,0.9961808760499493,0.06378976861438691,0.9740278794804769,1.0189677346599575,30,0.00010000000000000379,0.0011999361413404473,-0.00032777777777777883,0.0005084027777777869,30,-2.1166666666946886e-06,4.008911051158532e-05,-1.5712500000029266e-05,1.2020937499974079e-05,30,0.9999789838294529,0.0003997257240422191,0.9998398488703081,1.0001248316118465,30,-2.518518518489684e-06,4.51130375919761e-05,-1.8106828703704792e-05,1.3476967592645793e-05,30,0.0008166666666666618,0.006419908868905978,-0.0015000000000000015,0.0029666666666666656,30,0.0,0.0,0.0,0.0,0,,,,,False
0.9,0.95,noop,baseline2_matched,30,0.0,0.0,30,-0.07699999999999999,0.03205625443304102,-0.08861708333333333,-0.06583333333333334,30,0.6091868311639193,0.10811231671153025,0.5729376812620649,0.6480555126624273,30,0.012833333333333334,0.0053427090721735035,0.010980416666666664,0.014730555555555547,30,-7.999583333338038e-05,5.090814796727447e-05,-9.815427083341755e-05,-6.216666666674187e-05,30,0.9992031978747555,0.0005068839329359877,0.9990231443124694,0.9993801598271534,30,-0.00011027314814821415,6.136810820215836e-05,-0.00013159317129638699,-8.896273148159072e-05,30,0.05259999999999998,0.02321243721325511,0.04438291666666663,0.06086666666666664,30,0.0,0.0,0.0,0.0,0,,,,,False
0.9,1.0,baseline2_matched,baseline1_hdv,30,1.0,0.0,30,0.09318333333333335,0.042084374062469856,0.07826625,0.10808375,30,1.822632726249111,0.36411022996112324,1.6963823059692125,1.9516161551767628,30,-0.015530555555555547,0.0070140623437449775,-0.018036111111111103,-0.0131165972222222,30,8.505416666667645e-05,4.5070247891185125e-05,6.988322916665983e-05,0.00010150072916664856,30,1.0008480984416812,0.00044952709173876147,1.0006930816107313,1.0010085766485064,30,0.00012038888888887082,5.6990629341129355e-05,0.00010046261574071884,0.0001411998842592209,30,-0.06256666666666666,0.0294447856555087,-0.07305041666666667,-0.052316666666666664,30,0.0,0.0,0.0,0.0,0,,,,,True
0.9,1.0,graph_ppo,baseline1_hdv,30,0.9,0.0,30,0.10286666666666669,0.06214276296163334,0.07986666666666668,0.12300000000000001,30,1.9124584114214997,0.5546400175175089,1.7072015958094044,2.0941120334706724,30,-0.017144444444444445,0.010357127160272234,-0.02053618055555555,-0.01331111111111111,30,4.608333333362228e-06,4.1292190197007114e-05,-1.0020833333342302e-05,1.9101041666739004e-05,30,1.0000460154666257,0.00041181573998910536,0.999905320935139,1.000194390896033,30,3.369444444447506e-05,4.331144758750099e-05,1.8439583333379035e-05,4.943587962964485e-05,30,-0.06258333333333331,0.04266086863442514,-0.0764833333333333,-0.046833333333333324,30,0.0,0.0,0.0,0.0,0,,,,,True
0.9,1.0,graph_ppo,baseline2_matched,30,0.5,0.03333333333333333,30,0.009683333333333337,0.06301155932997853,-0.012949999999999998,0.03178375000000001,30,1.073172059599051,0.3689025068457937,0.944403026237685,1.202286722221722,30,-0.0016138888888888963,0.010501926554996434,-0.005222291666666679,0.0021028472222222225,30,-8.044583333331421e-05,5.505100185566939e-05,-9.967135416661996e-05,-6.1003229166619375e-05,30,0.9991987575874356,0.0005482149924672836,0.9990121273227893,0.9993927351720339,30,-8.669444444439576e-05,6.197941344118177e-05,-0.0001086165509259118,-6.512488425918224e-05,30,-1.666666666666113e-05,0.04255594357235348,-0.01434999999999999,0.015167083333333341,30,0.0,0.0,0.0,0.0,0,,,,,False
0.9,1.0,graph_ppo,grid_cnn_ppo,30,0.5,0.0,30,0.011583333333333338,0.11873558593705637,-0.02983458333333332,0.05336708333333334,30,1.5707583335905229,1.473927788527495,1.0956000033736346,2.1256143873956495,30,-0.0019305555555555538,0.019789264322842733,-0.00893361111111111,0.005100138888888902,30,1.4041666666968674e-06,3.9973707459729e-05,-1.2829166666656425e-05,1.5000104166698056e-05,30,1.0000140548335865,0.0003985076528855821,0.9998725544724119,1.0001503245513812,30,4.777777777829432e-06,3.810604713190136e-05,-8.708449073995445e-06,1.813888888895133e-05,30,-0.008399999999999989,0.08277341318946851,-0.037653333333333296,0.01993416666666667,30,0.0,0.0,0.0,0.0,0,,,,,False
0.9,1.0,graph_ppo,left_if_safe,30,0.06666666666666667,0.8,30,-0.0028833333333333337,0.019701515491039722,-0.01055,0.0031833333333333336,30,0.9878891021086044,0.1586473739595293,0.9324146089427676,1.0445651793088082,30,0.0004805555555555581,0.003283585915173278,-0.0005555555555555536,0.0017388888888888862,30,-6.416666666453353e-07,9.649667971214472e-06,-4.091666666668896e-06,2.833541666696403e-06,30,0.9999936095827036,9.618868970796447e-05,0.9999600542810354,1.0000280802977528,30,-1.5138888888812283e-06,1.1290066889351466e-05,-5.532407407389528e-06,2.4354166666735976e-06,30,0.0016833333333333292,0.013532517245084376,-0.0026837500000000043,0.006733749999999996,30,0.0,0.0,0.0,0.0,0,,,,,False
0.9,1.0,graph_ppo,node_mlp_ppo,30,0.5333333333333333,0.0,30,0.011950000000000006,0.11129576548006265,-0.027133333333333325,0.05135000000000001,30,1.4370838108931991,1.2041875191612972,1.0470685156378883,1.8946456706267276,30,-0.0019916666666666507,0.01854929424667711,-0.008355624999999985,0.004577916666666682,30,-1.9874999999803616e-06,3.957451981433738e-05,-1.6046145833304852e-05,1.2375312499993172e-05,30,0.9999802413669171,0.0003945568650223101,0.9998447862754112,1.000119219550163,30,1.1111111111475337e-06,3.382554849443228e-05,-1.0833449074091003e-05,1.3282638888863931e-05,30,-0.008516666666666665,0.07850845367761726,-0.03673375000000001,0.020150833333333326,30,0.0,0.0,0.0,0.0,0,,,,,False
0.9,1.0,graph_ppo,noop,30,0.9,0.0,30,0.10213333333333334,0.06243312744287964,0.07829958333333334,0.12286666666666667,30,1.9015465373750258,0.5543286799717321,1.6962526854014335,2.0841534140412517,30,-0.01702222222222222,0.010405521240479948,-0.02041388888888888,-0.01315277777777778,30,2.2458333333331506e-06,4.2156784582664056e-05,-1.2737916666659591e-05,1.6759062500030325e-05,30,1.0000224614165067,0.000420297424238033,0.9998720228442606,1.0001661233377763,30,3.0865740740751896e-05,4.409476428939016e-05,1.5254166666569504e-05,4.6018518518460074e-05,30,-0.06258333333333332,0.043381046897061605,-0.07678375000000001,-0.04594916666666667,30,0.0,0.0,0.0,0.0,0,,,,,True
0.9,1.0,grid_cnn_ppo,baseline1_hdv,30,0.8333333333333334,0.0,30,0.09128333333333336,0.07675595937027023,0.06298291666666667,0.1169504166666667,30,1.807972122156088,0.6888422139053965,1.555012578815896,2.0417079769014572,30,-0.01521388888888889,0.012792659895045029,-0.01942784722222223,-0.010424791666666666,30,3.2041666666653606e-06,4.1105461024150876e-05,-1.0671145833338691e-05,1.805854166666146e-05,30,1.0000320362016837,0.0004099612409916852,0.9998960980473464,1.0001846881725416,30,2.8916666666645627e-05,4.001666585542119e-05,1.4657407407509388e-05,4.299178240736931e-05,30,-0.05418333333333333,0.05411107403603564,-0.07208333333333332,-0.03431583333333335,30,0.0,0.0,0.0,0.0,0,,,,,True
0.9,1.0,grid_cnn_ppo,baseline2_matched,30,0.5333333333333333,0.0,30,-0.0019000000000000017,0.07952232390970475,-0.029950416666666663,0.025400416666666654,30,1.0119175022062334,0.43409690956243213,0.8564746530295233,1.1649918445588652,30,0.0003166666666666577,0.013253720651617468,-0.004316736111111131,0.005033402777777785,30,-8.185000000001108e-05,5.203011603039529e-05,-9.972927083335292e-05,-6.319989583333155e-05,30,0.9991847753785732,0.0005181044614872251,0.9990052839020688,0.9993709606325202,30,-9.14722222222252e-05,6.148925802691995e-05,-0.0001130371527777398,-6.945694444440163e-05,30,0.008383333333333328,0.05587990252091645,-0.011100416666666653,0.02808416666666665,30,0.0,0.0,0.0,0.0,0,,,,,False
0.9,1.0,grid_cnn_ppo,left_if_safe,30,0.5,0.0,30,-0.014466666666666673,0.11475340377592692,-0.05488333333333333,0.025000416666666653,30,1.1568967293546513,0.93562608920637,0.8619259838005607,1.5139138689146152,30,0.002411111111111112,0.019125567295987828,-0.004314027777777797,0.009164791666666661,30,-2.0458333333422027e-06,4.052608625791091e-05,-1.622187499999257e-05,1.2504479166692521e-05,30,0.9999797062300598,0.0004040552343751634,0.999839741157043,1.000120924248221,30,-6.29166666671066e-06,3.9752991425514515e-05,-1.9695138888958074e-05,7.953703703699929e-06,30,0.010083333333333317,0.08039086448069843,-0.017383749999999993,0.038883333333333304,30,0.0,0.0,0.0,0.0,0,,,,,False
0.9,1.0,grid_cnn_ppo,noop,30,0.8333333333333334,0.0,30,0.09055,0.07638924256274797,0.06289916666666667,0.11535041666666668,30,1.7940967807850332,0.6809176145060277,1.547085602347352,2.022571499080499,30,-0.015091666666666666,0.012731540427124653,-0.019397291666666674,-0.010450000000000018,30,8.416666666362833e-07,4.5288180850087724e-05,-1.4691666666687731e-05,1.6741770833314945e-05,30,1.0000084963838465,0.0004515520499268305,0.9998487314824559,1.0001675273754567,30,2.6087962962922465e-05,4.1767583462319795e-05,1.1286921296307918e-05,4.055104166669241e-05,30,-0.05418333333333334,0.05420435205414038,-0.07223333333333332,-0.03438291666666668,30,0.0,0.0,0.0,0.0,0,,,,,True
0.9,1.0,left_if_safe,baseline1_hdv,30,0.9,0.0,30,0.10575000000000002,0.05749658910423027,0.08416583333333334,0.12430083333333335,30,1.936826113721908,0.5160139229154108,1.7392944744393297,2.105798185220162,30,-0.017625000000000002,0.009582764850705047,-0.020777777777777787,-0.01402770833333334,30,5.250000000007564e-06,4.045953704544179e-05,-8.729479166624877e-06,2.014687500005156e-05,30,1.0000524074181947,0.0004035065172158196,0.9999093547309931,1.0001951091641605,30,3.5208333333356284e-05,4.30582552299148e-05,2.0262615740871715e-05,5.094907407406676e-05,30,-0.06426666666666664,0.03964557055167472,-0.07700041666666665,-0.04964958333333331,30,0.0,0.0,0.0,0.0,0,,,,,True
0.9,1.0,left_if_safe,baseline2_matched,30,0.5,0.03333333333333333,30,0.012566666666666667,0.05706163233782812,-0.007350833333333331,0.032850416666666674,30,1.0847264754156782,0.3471760298876647,0.9652396705937617,1.2086724895298937,30,-0.0020944444444444543,0.009510272056304694,-0.005469444444444445,0.001266736111111111,30,-7.980416666666888e-05,5.577574675430865e-05,-9.93605208333139e-05,-6.012916666673747e-05,30,0.9992051512460515,0.0005554364562845837,0.9990085679453031,0.9994028660334504,30,-8.518055555551454e-05,6.320535514842985e-05,-0.00010659270833332445,-6.285636574068127e-05,30,-0.0016999999999999904,0.0385266589295758,-0.015749999999999983,0.011750000000000009,30,0.0,0.0,0.0,0.0,0,,,,,False
0.9,1.0,left_if_safe,noop,30,0.9,0.0,30,0.10501666666666666,0.058136949395865896,0.08328250000000002,0.12361708333333335,30,1.927270633667507,0.5161096501612824,1.736969410867694,2.0974694337569164,30,-0.017502777777777777,0.009689491565977645,-0.02066118055555557,-0.013863611111111116,30,2.887499999978486e-06,4.150266596647792e-05,-1.1829479166684505e-05,1.7196458333313715e-05,30,1.0000288538586684,0.0004137679750135499,0.9998796780498761,1.000170651764596,30,3.237962962963313e-05,4.410850548531039e-05,1.6777777777727635e-05,4.758796296300889e-05,30,-0.06426666666666665,0.04070514949490174,-0.07746666666666666,-0.04888333333333333,30,0.0,0.0,0.0,0.0,0,,,,,True
0.9,1.0,node_mlp_ppo,baseline1_hdv,30,0.8333333333333334,0.0,30,0.09091666666666666,0.07095993081739296,0.06528250000000001,0.11488375,30,1.8040801426763176,0.633569959829172,1.569709932156611,2.017290645819542,30,-0.015152777777777793,0.011826655136232142,-0.01910583333333334,-0.01088048611111112,30,6.595833333342589e-06,3.435670646978364e-05,-5.154166666534662e-06,1.8662604166716014e-05,30,1.0000658254026582,0.00034257727807784043,0.9999489105928435,1.0001885067623797,30,3.258333333332752e-05,3.337402927639991e-05,2.0638657407318315e-05,4.404189814820274e-05,30,-0.05406666666666666,0.05035336055855884,-0.07153333333333331,-0.03586624999999999,30,0.0,0.0,0.0,0.0,0,,,,,True
0.9,1.0,node_mlp_ppo,baseline2_matched,30,0.5333333333333333,0.0,30,-0.0022666666666666677,0.07351140344723131,-0.02823333333333333,0.0227,30,1.0126205278937048,0.3996504403063491,0.8682345564609618,1.150467299725546,30,0.0003777777777777547,0.012251900574538553,-0.0038945138888889144,0.004788888888888869,30,-7.845833333333385e-05,4.580026367060225e-05,-9.480156249997125e-05,-6.226218749998843e-05,30,0.9992185311536372,0.0004559474679391543,0.999055920514156,0.9993757601623252,30,-8.780555555554329e-05,5.649268752809597e-05,-0.00010775972222221583,-6.837928240743517e-05,30,0.008500000000000004,0.053926354634241044,-0.010299999999999998,0.02758416666666666,30,0.0,0.0,0.0,0.0,0,,,,,False
0.9,1.0,node_mlp_ppo,grid_cnn_ppo,30,0.6333333333333333,0.0,30,-0.00036666666666666515,0.04948857989708217,-0.018150416666666655,0.016667083333333332,30,1.1060740684174148,0.5116711562024554,0.9451931149523682,1.3073357678034614,30,6.111111111109699e-05,0.008248096649513701,-0.002800000000000006,0.0030167361111111068,30,3.3916666666772287e-06,3.5354527299581813e-05,-9.075312500003346e-06,1.553781249999062e-05,30,1.0000338726596298,0.0003524619738287799,0.9999048990214756,1.0001550126332648,30,3.6666666666818983e-06,3.502045485723155e-05,-8.676041666616425e-06,1.557418981476184e-05,30,0.00011666666666667602,0.035294740091987076,-0.011733333333333333,0.012967083333333343,30,0.0,0.0,0.0,0.0,0,,,,,False
0.9,1.0,node_mlp_ppo,left_if_safe,30,0.4666666666666667,0.0,30,-0.014833333333333339,0.10745065694615795,-0.053550833333333325,0.022167499999999982,30,1.14067162820536,0.8804387640954346,0.8604130017832172,1.4874461433979207,30,0.002472222222222209,0.017908442824359657,-0.0039087500000000025,0.008836111111111097,30,1.3458333333350263e-06,4.123305142057997e-05,-1.3745833333339193e-05,1.56086458334041e-05,30,1.000013520918228,0.00041103685977371147,0.9998671614153335,1.000153892728987,30,-2.6250000000287617e-06,3.751930023413157e-05,-1.584432870379531e-05,1.0296296296311037e-05,30,0.010199999999999994,0.07624140426394263,-0.01666666666666667,0.03713374999999999,30,0.0,0.0,0.0,0.0,0,,,,,False
0.9,1.0,node_mlp_ppo,noop,30,0.8333333333333334,0.0,30,0.09018333333333335,0.07049559577015083,0.06501625,0.11385041666666665,30,1.7897002151934942,0.6255526209788902,1.561770143805988,2.001994172837184,30,-0.01503055555555557,0.011749265961691784,-0.01893055555555557,-0.010844375000000017,30,4.233333333313513e-06,4.395162570707456e-05,-1.1295937499975228e-05,1.9921250000001913e-05,30,1.0000423035341994,0.00043819446898754556,0.9998887429031497,1.0002028769741507,30,2.9754629629604364e-05,4.159760693469676e-05,1.5041319444353497e-05,4.442141203699705e-05,30,-0.054066666666666666,0.05012084247670535,-0.07096666666666665,-0.03633208333333335,30,0.0,0.0,0.0,0.0,0,,,,,True
0.9,1.0,noop,baseline1_hdv,30,0.5333333333333333,0.06666666666666667,30,0.0007333333333333326,0.004048697818186546,-0.0006504166666666648,0.0021499999999999996,30,1.0071480570261608,0.03618749535371933,0.9946226004305556,1.0204073912423866,30,-0.00012222222222222357,0.000674782969697755,-0.0003611111111111122,0.0001083333333333251,30,2.3625000000290776e-06,4.071922560720247e-05,-1.1488750000016359e-05,1.6895833333371763e-05,30,1.0000236366313635,0.00040604796713903724,0.9998833885847912,1.000170485320985,30,2.8287037037231604e-06,4.529504353325204e-05,-1.2422453703636815e-05,1.8888888888938803e-05,30,3.7007434154171884e-18,0.003987047996216987,-0.0014166666666666661,0.0013833333333333365,30,0.0,0.0,0.0,0.0,0,,,,,False
0.9,1.0,noop,baseline2_matched,30,0.0,0.0,30,-0.09245,0.04227360593349816,-0.10773375000000003,-0.07781583333333333,30,0.5743168709746767,0.11585123120675211,0.5340782357564626,0.6156458375157261,30,0.015408333333333324,0.007045600988916354,0.012952777777777773,0.017947291666666653,30,-8.269166666664737e-05,4.653235958448441e-05,-9.965864583323714e-05,-6.686218750003655e-05,30,0.9991763584380399,0.00046323301592647657,0.9990127285887648,0.9993368201961804,30,-0.00011756018518514766,6.058894694481768e-05,-0.00013891319444438223,-9.666608796290509e-05,30,0.06256666666666667,0.02954445316203496,0.05226666666666667,0.07301666666666667,30,0.0,0.0,0.0,0.0,0,,,,,False
