requested_density,effective_density_mean,av_fraction,mode,model_preset,runs,flow_all_valid_runs,flow_all_mean,flow_all_std,flow_all_sem,flow_all_ci95_low,flow_all_ci95_high,flow_background_valid_runs,flow_background_mean,flow_background_std,flow_background_sem,flow_background_ci95_low,flow_background_ci95_high,mean_speed_all_valid_runs,mean_speed_all_mean,mean_speed_all_std,mean_speed_all_sem,mean_speed_all_ci95_low,mean_speed_all_ci95_high,mean_speed_background_valid_runs,mean_speed_background_mean,mean_speed_background_std,mean_speed_background_sem,mean_speed_background_ci95_low,mean_speed_background_ci95_high,mean_speed_priority_valid_runs,mean_speed_priority_mean,mean_speed_priority_std,mean_speed_priority_sem,mean_speed_priority_ci95_low,mean_speed_priority_ci95_high,mean_priority_time_loss_valid_runs,mean_priority_time_loss_mean,mean_priority_time_loss_std,mean_priority_time_loss_sem,mean_priority_time_loss_ci95_low,mean_priority_time_loss_ci95_high,stopped_fraction_all_valid_runs,stopped_fraction_all_mean,stopped_fraction_all_std,stopped_fraction_all_sem,stopped_fraction_all_ci95_low,stopped_fraction_all_ci95_high,stopped_fraction_priority_valid_runs,stopped_fraction_priority_mean,stopped_fraction_priority_std,stopped_fraction_priority_sem,stopped_fraction_priority_ci95_low,stopped_fraction_priority_ci95_high,lane_change_rate_all_valid_runs,lane_change_rate_all_mean,lane_change_rate_all_std,lane_change_rate_all_sem,lane_change_rate_all_ci95_low,lane_change_rate_all_ci95_high,rule_requests_valid_runs,rule_requests_mean,rule_requests_std,rule_requests_sem,rule_requests_ci95_low,rule_requests_ci95_high,rule_applied_valid_runs,rule_applied_mean,rule_applied_std,rule_applied_sem,rule_applied_ci95_low,rule_applied_ci95_high,rule_rejected_valid_runs,rule_rejected_mean,rule_rejected_std,rule_rejected_sem,rule_rejected_ci95_low,rule_rejected_ci95_high,active_av_count_mean_valid_runs,active_av_count_mean_mean,active_av_count_mean_std,active_av_count_mean_sem,active_av_count_mean_ci95_low,active_av_count_mean_ci95_high,policy_left_requests_valid_runs,policy_left_requests_mean,policy_left_requests_std,policy_left_requests_sem,policy_left_requests_ci95_low,policy_left_requests_ci95_high,policy_right_requests_valid_runs,policy_right_requests_mean,policy_right_requests_std,policy_right_requests_sem,policy_right_requests_ci95_low,policy_right_requests_ci95_high,policy_stay_actions_valid_runs,policy_stay_actions_mean,policy_stay_actions_std,policy_stay_actions_sem,policy_stay_actions_ci95_low,policy_stay_actions_ci95_high,completed_priority_laps_valid_runs,completed_priority_laps_mean,completed_priority_laps_std,completed_priority_laps_sem,completed_priority_laps_ci95_low,completed_priority_laps_ci95_high,mean_priority_lap_time_valid_runs,mean_priority_lap_time_mean,mean_priority_lap_time_std,mean_priority_lap_time_sem,mean_priority_lap_time_ci95_low,mean_priority_lap_time_ci95_high
0.05,0.05,0.9,baseline1_hdv,,30,30,0.24980558333333408,0.000302493335515868,5.522747445233984e-05,0.2496973374834075,0.24991382918326066,30,0.248476583333324,0.0003087180709649618,5.636395045899675e-05,0.24836610999042438,0.24858705667622363,30,4.996111666666648,0.006049866710330356,0.0011045494890491695,4.993946749668112,4.998276583665184,30,4.994504187604684,0.006205388361172485,0.001132943727831395,4.992283617898134,4.996724757311234,30,5.316,0.13142672010904283,0.023995126420880194,5.268969552215075,5.363030447784925,30,0.11400000000000002,0.02190445335150714,0.003999187736813366,0.10616159203584583,0.12183840796415421,30,1.6e-05,9.482288389595006e-06,1.7312210825835065e-06,1.2606806678136327e-05,1.9393193321863674e-05,30,0.00315,0.001934932949029857,0.0003532688078145488,0.002457593136683484,0.003842406863316516,30,0.00013366666666666665,5.6434022101696e-05,1.0303395638614666e-05,0.00011347201121498189,0.0001538613221183514,30,0.0,0.0,0.0,0.0,0.0,30,0.0,0.0,0.0,0.0,0.0,30,0.0,0.0,0.0,0.0,0.0,30,0.0,0.0,0.0,0.0,0.0,0,,,,,,0,,,,,,0,,,,,,30,10.1,0.30512857662936466,0.055708601453115555,9.990811141151893,10.209188858848107,30,188.14242424242423,4.685281510103328,0.8554114571151539,186.46581778647854,189.81903069836991
0.05,0.05,0.9,baseline2_matched,,30,30,0.24823127500000092,0.001187621004452102,0.00021682893796845317,0.24780629028158274,0.2486562597184191,30,0.24680019166666636,0.001212465240672795,0.00022136485416914003,0.24636631655249486,0.24723406678083787,30,4.964625499999981,0.023752420089029794,0.004336578759366828,4.956125805631622,4.97312519436834,30,4.960807872696811,0.024371160616558554,0.0044495448074235435,4.95208676487426,4.969528980519361,30,5.724333333333333,0.22512147423317821,0.04110136987210991,5.643774648383998,5.804892018282668,30,0.04594444444444445,0.037520245705529705,0.006850228312018318,0.032517996952888546,0.05937089193600035,30,9.083333333333333e-06,1.1456125701647747e-05,2.0915928228023897e-06,4.9838114006406494e-06,1.3182855266026017e-05,30,0.0015166666666666666,0.00235797741110138,0.00043050580604928615,0.0006728752868100658,0.002360458046523267,30,0.0002879166666666666,0.00010141261597139144,1.8515325794379926e-05,0.00025162662810968196,0.0003242067052236513,30,90.33333333333333,29.145690322375554,5.321250681208369,79.90368199816493,100.76298466850173,30,90.33333333333333,29.145690322375554,5.321250681208369,79.90368199816493,100.76298466850173,30,0.0,0.0,0.0,0.0,0.0,30,0.0,0.0,0.0,0.0,0.0,0,,,,,,0,,,,,,0,,,,,,30,10.866666666666667,0.3457459036417604,0.06312427686319991,10.742943084014795,10.990390249318539,30,175.0439393939394,7.436229920900554,1.357663623490697,172.38291869189766,177.70496009598116
0.05,0.05,0.9,noop,,30,30,0.24978550833333374,0.00036820490238983816,6.722471027430074e-05,0.2496537479011961,0.24991726876547138,30,0.24845634583332454,0.0003762183665825075,6.868776197499572e-05,0.24832171781985354,0.24859097384679554,30,4.995710166666652,0.007364098047799602,0.001344494205486533,4.9930749580238984,4.998345375309405,30,4.994097403685085,0.007562178222855251,0.0013806585321773834,4.991391312962017,4.996803494408153,30,5.31665,0.1244019590432285,0.022712586388603347,5.272133330678337,5.361166669321663,30,0.11389166666666668,0.020733659840538092,0.003785431064767226,0.10647222177972292,0.12131111155361045,30,1.5833333333333333e-05,9.292500993416339e-06,1.6965708032444313e-06,1.2508054558974247e-05,1.915861210769242e-05,30,0.00315,0.0018622844702880013,0.0003400050709560992,0.0024835900609260454,0.0038164099390739547,30,0.00012941666666666668,5.445135179812966e-05,9.941411222161702e-06,0.00010993150067122975,0.0001489018326621036,30,0.0,0.0,0.0,0.0,0.0,30,0.0,0.0,0.0,0.0,0.0,30,0.0,0.0,0.0,0.0,0.0,30,7.187616666666667,0.6141515409325983,0.1121282175651138,6.9678453602390436,7.40738797309429,30,0.0,0.0,0.0,0.0,0.0,30,0.0,0.0,0.0,0.0,0.0,30,14375.233333333334,1228.3030818651966,224.25643513022763,13935.690720478087,14814.77594618858,30,10.0,0.0,0.0,10.0,10.0,30,188.00666666666666,4.721844564569447,0.8620869270159484,186.3169762897154,189.69635704361792
0.05,0.05,0.9,left_if_safe,,30,30,0.24128703750000022,0.0013623791286746741,0.00024873526021645075,0.240799516389976,0.24177455861002445,30,0.239838391666666,0.0013945000053059103,0.000254599703115707,0.23933937624855922,0.2403374070847728,30,4.825740750000005,0.027247582573482657,0.004974705204327039,4.815990327799524,4.835491172200486,30,4.820872194304861,0.028030150860424884,0.00511758197217585,4.810841733639396,4.830902654970325,30,5.794583333333334,0.17351026419670162,0.03167849521973816,5.732493482702647,5.856673183964021,30,0.03423611111111112,0.028918377366116948,0.005279749203289694,0.02388780267266332,0.04458441954955892,30,7.241666666666669e-05,2.0911176410010396e-05,3.817841007910864e-06,6.49336982911614e-05,7.989963504217198e-05,30,0.0007166666666666666,0.0013175429936931413,0.00024054933937620677,0.0002451899614893013,0.0011881433718440317,30,0.0012559166666666667,0.0002071215736333804,3.7815052674989895e-05,0.0011817991634236866,0.0013300341699096468,30,332.76666666666665,47.135668706063946,8.605756337800523,315.8993842445776,349.6339490887557,30,332.76666666666665,47.135668706063946,8.605756337800523,315.8993842445776,349.6339490887557,30,0.0,0.0,0.0,0.0,0.0,30,6.226733333333333,0.5507338479377928,0.1005497838990497,6.029655756891195,6.4238109097754705,30,332.76666666666665,47.135668706063946,8.605756337800523,315.8993842445776,349.6339490887557,30,0.0,0.0,0.0,0.0,0.0,30,12120.7,1057.298742567342,193.03545710866027,11742.350504067026,12499.049495932975,30,10.9,0.30512857662936466,0.055708601453115555,10.790811141151893,11.009188858848107,30,172.8709090909091,5.407831522734821,0.9873304373964575,170.93574143361204,174.80607674820615
0.05,0.05,0.9,graph_ppo,edge-graph,30,30,0.24277509583333362,0.001976833532817043,0.00036091877278550784,0.24206769503867404,0.2434824966279932,30,0.24132432083333322,0.002007587881789356,0.000366533723010015,0.24060591473623358,0.24204272693043286,30,4.855501916666669,0.03953667065632971,0.0072183754557081205,4.841353900773481,4.869649932559857,30,4.85074011725293,0.040353525262092106,0.007367512020300806,4.836299793693141,4.865180440812719,30,5.8031,0.16636501207098597,0.030373956630299424,5.743567045004613,5.862632954995386,30,0.03281666666666667,0.02772750201183099,0.005062326105049903,0.02289450750076886,0.04273882583256448,30,5.4083333333333345e-05,1.9123952904999637e-05,3.4915401315782507e-06,4.7239914675439976e-05,6.0926751991226713e-05,30,0.0005166666666666667,0.0011483371285992369,0.00020965671631817094,0.00010573950268305164,0.0009275938306502817,30,0.00150275,0.0003373555565745496,6.159241607853036e-05,0.0013820288644860804,0.0016234711355139196,30,462.56666666666666,119.87800791475138,21.886629694564057,419.6688724653211,505.4644608680122,30,462.3,119.66595747876814,21.847914758858447,419.47808707263744,505.1219129273626,30,0.26666666666666666,1.1426929274467317,0.20862623088806304,-0.14224074587393687,0.6755740792072702,30,6.577366666666666,0.5803845326566917,0.10596323352105458,6.3696787289653996,6.785054604367933,30,338.3,70.08524366305895,12.79575630083446,313.22031765036445,363.3796823496356,30,124.26666666666667,108.86211884553887,19.8754127165033,85.3108577423202,163.22247559101314,30,12692.166666666666,1064.5337358264621,194.35638011246624,12311.228161646231,13073.1051716871,30,10.933333333333334,0.2537081317024624,0.04632055558531008,10.842545044386126,11.024121622280541,30,172.48545454545456,5.404395158881595,0.986703046063722,170.55151657516967,174.41939251573945
0.05,0.05,0.9,node_mlp_ppo,node-mlp-matched,30,30,0.24227230833333369,0.0015057949236476928,0.0002749192822195369,0.2417334665401834,0.24281115012648397,30,0.24081852916666652,0.001540077250736814,0.00028117835017636423,0.24026741960032083,0.2413696387330122,30,4.845446166666673,0.030115898472956537,0.005498385644391227,4.834669330803666,4.85622300252968,30,4.8405734505862625,0.030956326647969816,0.005651826134197118,4.829495871363236,4.851651029809289,30,5.8151166666666665,0.17047639554138166,0.03112458912006262,5.754112471991344,5.876120861341989,30,0.030813888888888908,0.028412732590230274,0.005187431520010436,0.020646523109668455,0.04098125466810936,30,7.16666666666667e-05,1.5119257720635257e-05,2.760386168775357e-06,6.6256309775867e-05,7.70770235574664e-05,30,0.0005333333333333334,0.001173950986856023,0.00021433314563549816,0.00011324036788775695,0.0009534262987789098,30,0.002120916666666667,0.0006210559984099014,0.0001133887932676652,0.001898674631862043,0.0023431587014712905,30,715.1333333333333,280.7003228789875,51.24863291326831,614.6860128233275,815.5806538433392,30,714.4,280.83970148651434,51.27407984906034,613.9028034958417,814.8971965041583,30,0.7333333333333333,2.9934795038934014,0.5465320832372632,-0.3378695498117027,1.8045362164783691,30,6.2593499999999995,0.3440294982841663,0.06281090555247423,6.13624062511715,6.382459374882849,30,229.76666666666668,169.79677169534443,31.000507349698285,169.00567226125804,290.5276610720753,30,485.3666666666667,112.0026118332571,20.448785666856654,445.28704675962763,525.4462865737057,30,11803.566666666668,871.2324082559155,159.06454761043835,11491.800153350208,12115.333179983127,30,10.933333333333334,0.2537081317024624,0.04632055558531008,10.842545044386126,11.024121622280541,30,172.2557575757576,5.459551899565439,0.99677324308739,170.3020820193063,174.2094331322089
0.05,0.05,0.9,grid_cnn_ppo,grid-cnn-matched,30,30,0.24630230000000072,0.000961283869857497,0.00017550561989560382,0.24595830898500534,0.2466462910149961,30,0.24484424583333406,0.0009620701903538854,0.00017564918172003737,0.2444999734371628,0.24518851822950533,30,4.926045999999999,0.019225677397147065,0.003510112397911552,4.919166179700092,4.932925820299905,30,4.921492378559462,0.019338094278471697,0.0035306368184935127,4.914572330395215,4.928412426723709,30,5.832216666666667,0.05871360697213355,0.010719588990376713,5.811206272245529,5.8532270610878046,30,0.027963888888888882,0.009785601162022255,0.001786598165062785,0.024462156485365823,0.03146562129241194,30,5.641666666666668e-05,1.1884562090878831e-05,2.169814247748366e-06,5.216383074107988e-05,6.066950259225348e-05,30,0.00036666666666666667,0.0006149478998583782,0.00011227361214762056,0.00014661038685733038,0.000586722946476003,30,0.00563625,0.0008503882860605297,0.00015525894897116938,0.005331942460016508,0.005940557539983492,30,2218.0333333333333,352.74103848274456,64.40140791159902,2091.806573826599,2344.2600928400675,30,2194.9,337.55166654337063,61.62822069642199,2074.108687435013,2315.691312564987,30,23.133333333333333,31.226351971872482,5.701125787863495,11.959126789120884,34.30753987754578,30,6.940716666666666,0.23358398339537448,0.04264640559251959,6.857129711705328,7.024303621628004,30,1151.5666666666666,191.83032792716506,35.02326593977384,1082.92106542471,1220.2122679086233,30,1066.4666666666667,164.1113443163919,29.962495074861693,1007.7401763199377,1125.1931570133956,30,11663.4,429.3952925235433,78.39649593389134,11509.742867969573,11817.057132030426,30,11.0,0.0,0.0,11.0,11.0,30,171.46363636363637,1.7073341868680318,0.3117151491157872,170.8526746713694,172.07459805590332
0.05,0.05,0.95,baseline1_hdv,,30,30,0.24980558333333408,0.000302493335515868,5.522747445233984e-05,0.2496973374834075,0.24991382918326066,30,0.248476583333324,0.0003087180709649618,5.636395045899675e-05,0.24836610999042438,0.24858705667622363,30,4.996111666666648,0.006049866710330356,0.0011045494890491695,4.993946749668112,4.998276583665184,30,4.994504187604684,0.006205388361172485,0.001132943727831395,4.992283617898134,4.996724757311234,30,5.316,0.13142672010904283,0.023995126420880194,5.268969552215075,5.363030447784925,30,0.11400000000000002,0.02190445335150714,0.003999187736813366,0.10616159203584583,0.12183840796415421,30,1.6e-05,9.482288389595006e-06,1.7312210825835065e-06,1.2606806678136327e-05,1.9393193321863674e-05,30,0.00315,0.001934932949029857,0.0003532688078145488,0.002457593136683484,0.003842406863316516,30,0.00013366666666666665,5.6434022101696e-05,1.0303395638614666e-05,0.00011347201121498189,0.0001538613221183514,30,0.0,0.0,0.0,0.0,0.0,30,0.0,0.0,0.0,0.0,0.0,30,0.0,0.0,0.0,0.0,0.0,30,0.0,0.0,0.0,0.0,0.0,0,,,,,,0,,,,,,0,,,,,,30,10.1,0.30512857662936466,0.055708601453115555,9.990811141151893,10.209188858848107,30,188.14242424242423,4.685281510103328,0.8554114571151539,186.46581778647854,189.81903069836991
0.05,0.05,0.95,baseline2_matched,,30,30,0.24667293750000077,0.0016642779984712846,0.0003038542005740903,0.24607738326687556,0.24726849173312598,30,0.24521498333333397,0.001693374883621251,0.0003091665406906815,0.24460901691358022,0.24582094975308771,30,4.933458749999994,0.033285559969423645,0.006077084011481432,4.92154766533749,4.945369834662497,30,4.928944388609701,0.034037686102942416,0.00621440282795389,4.916764159066911,4.941124618152491,30,5.831816666666667,0.2049999782730574,0.0374277041294075,5.758458366573028,5.905174966760305,30,0.028030555555555572,0.034166663045509575,0.006237950688234584,0.01580417220661579,0.04025693890449536,30,7.250000000000001e-06,1.0674453874425682e-05,1.948879725357121e-06,3.430195738300044e-06,1.1069804261699958e-05,30,0.0011333333333333334,0.0021969152877635485,0.00040110002001201623,0.0003471772941097816,0.0019194893725568852,30,0.0002953333333333333,9.615391158264795e-05,1.755522212205785e-05,0.00026092509797409993,0.0003297415686925667,30,93.43333333333334,29.149653494519875,5.3219742541359425,83.0022637952269,103.86440287143978,30,93.43333333333334,29.149653494519875,5.3219742541359425,83.0022637952269,103.86440287143978,30,0.0,0.0,0.0,0.0,0.0,30,0.0,0.0,0.0,0.0,0.0,0,,,,,,0,,,,,,0,,,,,,30,10.966666666666667,0.18257418583505536,0.03333333333333333,10.901333333333334,11.032,30,171.84363636363636,6.633254048816996,1.2110609573998476,169.46995688713267,174.21731584014006
0.05,0.05,0.95,noop,,30,30,0.24978872916666706,0.0003694144628309019,6.744554478704623e-05,0.24965653589888445,0.24992092243444966,30,0.2484577083333245,0.000376664504649765,6.876921526939526e-05,0.2483229206713965,0.24859249599525252,30,4.995774583333315,0.007388289256619977,0.0013489108957412787,4.993130717977662,4.998418448688968,30,4.994124790619759,0.007571145822197404,0.001382295784326172,4.9914154908824795,4.996834090357039,30,5.324083333333333,0.1253707662215897,0.022889465570423803,5.279219980815302,5.368946685851364,30,0.11265277777777778,0.020895127703598294,0.0038149109284039686,0.10517555235810601,0.12013000319744956,30,1.55e-05,9.317206922011885e-06,1.7010814680430621e-06,1.2165880322635599e-05,1.8834119677364403e-05,30,0.0030833333333333333,0.0018665999577571115,0.0003407929675672534,0.0024153791169015167,0.00375128754976515,30,0.0001345,5.809623407582546e-05,1.0606872636476633e-05,0.00011371052963250579,0.0001552894703674942,30,0.0,0.0,0.0,0.0,0.0,30,0.0,0.0,0.0,0.0,0.0,30,0.0,0.0,0.0,0.0,0.0,30,7.6464,0.6820148319754363,0.12451830267534737,7.402344126756319,7.890455873243681,30,0.0,0.0,0.0,0.0,0.0,30,0.0,0.0,0.0,0.0,0.0,30,15292.8,1364.0296639508729,249.0366053506948,14804.688253512637,15780.911746487362,30,10.0,0.0,0.0,10.0,10.0,30,187.79333333333335,4.714170372276609,0.8606858176061417,186.1063891308253,189.4802775358414
0.05,0.05,0.95,left_if_safe,,30,30,0.24022465416666644,0.0009177686764152848,0.00016756086888143702,0.23989623486365882,0.24055307346967406,30,0.23874912916666638,0.0009466469988288752,0.0001728333050843805,0.23841037588870098,0.23908788244463178,30,4.804493083333336,0.01835537352830332,0.0033512173776283063,4.797924697273184,4.811061469393487,30,4.798977470686778,0.019028080378461203,0.0034740362831015463,4.7921683595719,4.805786581801657,30,5.9021,0.1300645993343308,0.02374643832942813,5.85555698087432,5.948643019125679,30,0.016316666666666684,0.021677433222388468,0.003957739721571356,0.008559496812386828,0.02407383652094654,30,8.158333333333337e-05,2.309541055070786e-05,4.216625777821835e-06,7.331874680880258e-05,8.984791985786416e-05,30,0.00036666666666666667,0.0010980651740387642,0.00020047835514395575,-2.6270909415486605e-05,0.00075960424274882,30,0.0014582500000000001,0.00020076164242445696,3.665389341255374e-05,0.0013864083689113947,0.0015300916310886056,30,380.6666666666667,47.403137778678406,8.654589285969164,363.7036716661671,397.62966166716626,30,380.6666666666667,47.403137778678406,8.654589285969164,363.7036716661671,397.62966166716626,30,0.0,0.0,0.0,0.0,0.0,30,6.704350000000001,0.43022400240035347,0.07854779696494345,6.550396317948712,6.8583036820512895,30,380.6666666666667,47.403137778678406,8.654589285969164,363.7036716661671,397.62966166716626,30,0.0,0.0,0.0,0.0,0.0,30,13028.033333333333,817.1450925624229,149.1895999836953,12735.62171736529,13320.444949301376,30,10.966666666666667,0.18257418583505536,0.03333333333333333,10.901333333333334,11.032,30,169.67878787878786,4.325310620027493,0.7896900649352381,168.1309953515148,171.22658040606092
0.05,0.05,0.95,graph_ppo,edge-graph,30,30,0.24162028750000006,0.0013904424931189825,0.0002538589061316628,0.241122724043982,0.24211785095601812,30,0.2401427916666664,0.0013975171797159154,0.000255150561277136,0.23964269656656323,0.2406428867667696,30,4.83240575,0.027808849862371535,0.005077178122631774,4.822454480879642,4.842357019120358,30,4.826990787269684,0.028090797582222455,0.005128654498031606,4.816938624453542,4.837042950085825,30,5.909983333333333,0.0555924956690437,0.010149754635314496,5.890089814248117,5.929876852418549,30,0.01500277777777778,0.009265415944840621,0.0016916257725524168,0.011687191263575043,0.018318364291980516,30,8.100000000000003e-05,2.525388327940192e-05,4.610707178910324e-06,7.19630139293358e-05,9.003698607066427e-05,30,0.00030000000000000003,0.0005508613944197479,0.00010057307059414879,0.00010287678163546841,0.0004971232183645317,30,0.0018856666666666668,0.0003472812716073175,6.340459541946873e-05,0.001761393659644508,0.0020099396736888253,30,578.5333333333333,162.8031884236901,29.72365957780633,520.2749605608329,636.7917061058337,30,575.9333333333333,157.5245866596667,28.759923158392272,519.5638839428844,632.3027827237821,30,2.6,7.3747004614798914,1.3464299325320983,-0.0390026677629125,5.239002667762913,30,7.014383333333333,0.22536536172262098,0.04114589743193028,6.93373737436675,7.095029292299916,30,409.73333333333335,76.59608945331497,13.984468670088052,382.32377473996075,437.14289192670594,30,168.8,154.47695955864344,28.2035051216941,113.52112996147957,224.07887003852045,30,13450.233333333334,383.33056620690417,69.98626603091631,13313.060251912737,13587.40641475393,30,11.0,0.0,0.0,11.0,11.0,30,169.34242424242424,1.6814891372317275,0.30699651022057234,168.74071108239193,169.94413740245656
0.05,0.05,0.95,node_mlp_ppo,node-mlp-matched,30,30,0.2415251875000001,0.0017083256850738905,0.0003118961710934788,0.2409138710046569,0.2421365039953433,30,0.24005722499999968,0.001739625153898837,0.0003176106461312631,0.2394347081335824,0.24067974186641697,30,4.8305037500000045,0.03416651370146935,0.00623792342186803,4.8182774200931435,4.8427300799068655,30,4.825270854271356,0.0349673397768551,0.006384133590577067,4.812757952433825,4.837783756108887,30,5.871849999999999,0.15147579469773492,0.02765556989065695,5.817645083014312,5.926054916985687,30,0.021358333333333337,0.025245965782955827,0.004609261648442826,0.012324180502385398,0.030392486164281276,30,7.808333333333337e-05,1.6526928565710337e-05,3.017390527238684e-06,7.216924789994555e-05,8.399741876672119e-05,30,0.00048333333333333334,0.0010866218875196568,0.00019838910642445246,9.44906847414065e-05,0.0008721759819252602,30,0.0023771666666666668,0.0007606988997572916,0.0001388839822888099,0.0021049540613805994,0.002649379271952734,30,799.1666666666666,351.32400639760493,64.1426944323525,673.4469855792557,924.8863477540775,30,798.2333333333333,350.03839034117914,63.90797412755409,672.9737040433273,923.4929626233394,30,0.9333333333333333,2.2732831086237417,0.4150428127295634,0.11984942038338908,1.7468172462832776,30,6.742850000000001,0.15571133493611256,0.028428870201250362,6.6871294144055495,6.798570585594452,30,254.66666666666666,216.33281086666273,39.49678681338997,177.25296451242232,332.08036882091096,30,544.5,136.2646385682578,24.878405444707752,495.7383253283728,593.2616746716271,30,12686.533333333333,499.34727970334075,91.1679230407871,12507.84420417339,12865.222462493275,30,10.933333333333334,0.2537081317024624,0.04632055558531008,10.842545044386126,11.024121622280541,30,170.5381818181818,4.683584838790555,0.8551016887315946,168.8621825082679,172.21418112809573
0.05,0.05,0.95,grid_cnn_ppo,grid-cnn-matched,30,30,0.2458160833333343,0.0009593320920617485,0.00017514927565361412,0.2454727907530532,0.2461593759136154,30,0.24434260000000052,0.0009643746256173763,0.00017606991211207882,0.24399750297226083,0.2446876970277402,30,4.916321666666672,0.019186641841231172,0.003502985513071589,4.909455815061052,4.923187518272292,30,4.911409045226122,0.019384414585269932,0.00353909371079483,4.904472421552964,4.91834566889928,30,5.893933333333334,0.0654638269861926,0.01195200491365104,5.870507403702578,5.91735926296409,30,0.017677777777777785,0.010910637831032105,0.001992000818941841,0.013773456172651778,0.021582099382903792,30,7.383333333333336e-05,1.820303751335596e-05,3.323404753725935e-06,6.731946001603053e-05,8.034720665063619e-05,30,0.00028333333333333335,0.0005521639769771878,0.00010081088854405632,8.574399178698297e-05,0.00048092267487968377,30,0.007455833333333333,0.0011255168033897334,0.00020549031402255466,0.007053072317849126,0.00785859434881754,30,2955.266666666667,457.60101076972205,83.5461319785804,2791.5162479886494,3119.0170853446843,30,2922.0,445.6271055954511,81.36000599012173,2762.5343882593615,3081.4656117406385,30,33.266666666666666,32.9952277984448,6.024076851743246,21.459476037249907,45.073857296083425,30,7.270216666666667,0.23753256340586423,0.04336731437313933,7.1852167304953145,7.35521660283802,30,1516.3,252.84302749279865,46.162609888568234,1425.8212846184063,1606.7787153815937,30,1438.9666666666667,207.54533918180854,37.89242132497911,1364.6975208697077,1513.2358124636257,30,11585.166666666666,414.6292139459921,75.7005911596185,11436.793507993814,11733.539825339518,30,11.0,0.0,0.0,11.0,11.0,30,169.7969696969697,1.9873758506935257,0.362843527888621,169.08579638230802,170.5081430116314
0.05,0.05,1.0,baseline1_hdv,,30,30,0.24980558333333408,0.000302493335515868,5.522747445233984e-05,0.2496973374834075,0.24991382918326066,30,0.248476583333324,0.0003087180709649618,5.636395045899675e-05,0.24836610999042438,0.24858705667622363,30,4.996111666666648,0.006049866710330356,0.0011045494890491695,4.993946749668112,4.998276583665184,30,4.994504187604684,0.006205388361172485,0.001132943727831395,4.992283617898134,4.996724757311234,30,5.316,0.13142672010904283,0.023995126420880194,5.268969552215075,5.363030447784925,30,0.11400000000000002,0.02190445335150714,0.003999187736813366,0.10616159203584583,0.12183840796415421,30,1.6e-05,9.482288389595006e-06,1.7312210825835065e-06,1.2606806678136327e-05,1.9393193321863674e-05,30,0.00315,0.001934932949029857,0.0003532688078145488,0.002457593136683484,0.003842406863316516,30,0.00013366666666666665,5.6434022101696e-05,1.0303395638614666e-05,0.00011347201121498189,0.0001538613221183514,30,0.0,0.0,0.0,0.0,0.0,30,0.0,0.0,0.0,0.0,0.0,30,0.0,0.0,0.0,0.0,0.0,30,0.0,0.0,0.0,0.0,0.0,0,,,,,,0,,,,,,0,,,,,,30,10.1,0.30512857662936466,0.055708601453115555,9.990811141151893,10.209188858848107,30,188.14242424242423,4.685281510103328,0.8554114571151539,186.46581778647854,189.81903069836991
0.05,0.05,1.0,baseline2_matched,,30,30,0.2442294166666672,0.0016409312974615836,0.0002995916956453097,0.2436422169432024,0.244816616390132,30,0.2427492708333333,0.0016771915905917736,0.0003062118891416946,0.2421490955306156,0.24334944613605103,30,4.884588333333337,0.03281862594922029,0.005991833912904115,4.872844338864045,4.896332327802629,30,4.879382328308199,0.03371239378076045,0.006155012847073123,4.867318503127936,4.891446153488462,30,5.920583333333334,0.18707305798267287,0.034154711252860605,5.853640099277727,5.987526567388941,30,0.013236111111111119,0.03117884299711215,0.005692451875476769,0.0020789054351766523,0.024393316787045587,30,4.666666666666667e-06,1.0682190571334089e-05,1.9502922464962264e-06,8.440938635340631e-07,8.489239469799272e-06,30,0.0006666666666666666,0.0021063669217862785,0.00038456822581502153,-8.708705593077554e-05,0.0014204203892641087,30,0.00021225,8.286973054969655e-05,1.5129873585481264e-05,0.00018259544777245672,0.0002419045522275433,30,64.3,18.53635756355973,3.384260390514388,57.6668496345918,70.9331503654082,30,64.3,18.53635756355973,3.384260390514388,57.6668496345918,70.9331503654082,30,0.0,0.0,0.0,0.0,0.0,30,0.0,0.0,0.0,0.0,0.0,0,,,,,,0,,,,,,0,,,,,,30,10.966666666666667,0.18257418583505536,0.03333333333333333,10.901333333333334,11.032,30,169.2012121212121,6.153040028018419,1.1233862735259692,166.99937502510122,171.403049217323
0.05,0.05,1.0,noop,,30,30,0.24978672083333373,0.0003685366414951318,6.728527727135937e-05,0.24965484168988186,0.2499185999767856,30,0.24845532083332456,0.0003758897285345951,6.862776115096367e-05,0.24832081042146867,0.24858983124518044,30,4.9957344166666475,0.007370732829904113,0.001345705545427457,4.99309683379761,4.998371999535685,30,4.99407680067001,0.007555572432947268,0.001379452485463136,4.991373073798503,4.996780527541517,30,5.3256,0.12515097090011476,0.02284933661855516,5.280815300227632,5.370384699772368,30,0.11240000000000001,0.02085849515001914,0.0038082227697591956,0.10493588337127199,0.11986411662872803,30,1.5666666666666667e-05,9.189886995415435e-06,1.6778361361041362e-06,1.237810783990256e-05,1.8955225493430772e-05,30,0.0030833333333333333,0.001852692976282853,0.0003382539117471674,0.002420355666308885,0.0037463110003577815,30,0.00013333333333333334,5.6379002776060066e-05,1.0293350530031492e-05,0.00011315836629447162,0.00015350830037219506,30,0.0,0.0,0.0,0.0,0.0,30,0.0,0.0,0.0,0.0,0.0,30,0.0,0.0,0.0,0.0,0.0,30,8.068316666666666,0.5587250184700591,0.10200876535284731,7.868379486575085,8.268253846758247,30,0.0,0.0,0.0,0.0,0.0,30,0.0,0.0,0.0,0.0,0.0,30,16136.633333333333,1117.450036940118,204.01753070569458,15736.758973150172,16536.507693516494,30,10.0,0.0,0.0,10.0,10.0,30,187.75333333333336,4.705296599785612,0.8590656958183125,186.06956456952946,189.43710209713726
0.05,0.05,1.0,left_if_safe,,30,30,0.2395533749999997,0.0002958379682330945,5.4012376189254204e-05,0.23944751074266876,0.23965923925733065,30,0.23805669583333303,0.0002982794441691959,5.44581266705238e-05,0.2379499579050588,0.23816343376160726,30,4.791067499999996,0.005916759364660948,0.001080247523784912,4.788950214853378,4.7931847851466145,30,4.785059212730328,0.005995566716971289,0.0010946357119707888,4.782913726734865,4.787204698725791,30,5.986716666666666,0.016776771366126035,0.0030630053731113306,5.980713176135368,5.992720157197964,30,0.0022138888888888967,0.002796128561021006,0.000510500895518555,0.0012133071336725288,0.0032144706441052644,30,0.00010125000000000005,2.5212459289967666e-05,4.603144227765325e-06,9.222783731358001e-05,0.00011027216268642008,30,3.3333333333333335e-05,0.00018257418583505537,3.3333333333333335e-05,-3.2000000000000005e-05,9.866666666666668e-05,30,0.001673,5.510726217866013e-05,1.0061163525867813e-05,0.0016532801194892991,0.0016927198805107009,30,431.3333333333333,15.851320696272975,2.894041970532401,425.66101107108983,437.0056555955768,30,431.3333333333333,15.851320696272975,2.894041970532401,425.66101107108983,437.0056555955768,30,0.0,0.0,0.0,0.0,0.0,30,7.135166666666667,0.11816166112965541,0.021573269077664547,7.0928830592744445,7.177450274058889,30,431.3333333333333,15.851320696272975,2.894041970532401,425.66101107108983,437.0056555955768,30,0.0,0.0,0.0,0.0,0.0,30,13839.0,232.92473255213315,42.526043406553725,13755.648954923156,13922.351045076844,30,11.066666666666666,0.2537081317024624,0.04632055558531008,10.975878377719459,11.157454955613874,30,167.0989898989899,0.5184865513569542,0.09466225998042153,166.9134518694283,167.28452792855154
0.05,0.05,1.0,graph_ppo,edge-graph,30,30,0.23957235416666645,0.0004801120234348092,8.765606178823131e-05,0.2394005482855615,0.23974416004777138,30,0.23807367083333292,0.00048159676880042354,8.792713796453072e-05,0.23790133364292243,0.2382460080237434,30,4.791447083333329,0.00960224046870007,0.0017531212357653357,4.788010965711229,4.79488320095543,30,4.785400418760477,0.009680337061317303,0.001767379657578919,4.781936354631623,4.788864482889331,30,5.9947333333333335,0.007623391105933285,0.0013918344244679718,5.992005337861376,5.997461328805291,30,0.0008777777777777847,0.0012705651843222115,0.00023197240407799483,0.00042311186578491484,0.0013324436897706547,30,0.00010491666666666672,1.9459100934919962e-05,3.552729510275177e-06,9.795331682652738e-05,0.00011188001650680606,30,0.0,0.0,0.0,0.0,0.0,30,0.0018060833333333334,0.0003030475120178845,5.532865277600442e-05,0.0016976391738923646,0.0019145274927743021,30,485.76666666666665,131.71277091834529,24.047351914496048,438.6338569142544,532.899476419079,30,484.3,127.63772818086514,23.303354304457557,438.6254255632632,529.9745744367368,30,1.4666666666666666,5.48184044939687,1.0008425569263075,-0.4949847449088962,3.4283180782422296,30,7.161466666666667,0.1101173303198983,0.02010458192948529,7.1220616860848756,7.200871647248458,30,329.3333333333333,216.83528363687736,39.58852537031619,251.73982360751359,406.92684305915304,30,156.43333333333334,201.88844364688367,36.859618228336245,84.1884816057943,228.67818506087238,30,13837.166666666666,224.27462896057213,40.94675778593559,13756.911021406233,13917.4223119271,30,11.1,0.30512857662936466,0.055708601453115555,10.990811141151893,11.209188858848107,30,166.85151515151514,0.2328775964356236,0.04251743756845857,166.76818097388096,166.93484932914933
0.05,0.05,1.0,node_mlp_ppo,node-mlp-matched,30,30,0.2399640458333333,0.000824402373982626,0.00015051459223036477,0.2396690372325618,0.2402590544341048,30,0.23846732083333302,0.0008234585355610589,0.00015034227169898732,0.238172649980803,0.23876199168586304,30,4.799280916666668,0.01648804747964876,0.003010291844606609,4.793380744651239,4.805181088682097,30,4.793312981574545,0.016551930363027424,0.003021955210028264,4.78738994936289,4.799236013786201,30,5.9869,0.013217934524858624,0.002413253634297133,5.982170022876778,5.991629977123223,30,0.002183333333333337,0.002202989087476436,0.0004022089390495219,0.0013950038127962742,0.0029716628538703996,30,9.025000000000004e-05,2.3363230025862866e-05,4.265522700449032e-06,8.188957550711993e-05,9.861042449288014e-05,30,1.6666666666666667e-05,9.128709291752768e-05,1.6666666666666667e-05,-1.6000000000000003e-05,4.933333333333334e-05,30,0.0022808333333333335,0.0010182414551173705,0.00018590460465155598,0.0019164603082162837,0.0026452063584503833,30,716.3333333333334,470.73767007005983,85.94454685493209,547.8820214976665,884.7846451690002,30,716.2,470.5371398731454,85.9079352174951,547.8204469737096,884.5795530262905,30,0.13333333333333333,0.5074162634049248,0.09264111117062016,-0.04824324456108217,0.3149099112277488,30,7.158133333333334,0.0990529232743557,0.0180845068213977,7.122687699963394,7.1935789667032735,30,177.5,281.6145262221222,51.41554284432881,76.72553602511553,278.2744639748845,30,538.8333333333334,189.55266456496506,34.60742340581385,471.0027834579382,606.6638832087285,30,13599.933333333332,478.88915522123256,87.43279761975398,13428.565049998615,13771.30161666805,30,11.0,0.0,0.0,11.0,11.0,30,167.0909090909091,0.4072581726015542,0.07435482928740121,166.9451736255058,167.2366445563124
0.05,0.05,1.0,grid_cnn_ppo,grid-cnn-matched,30,30,0.24295807083333376,0.0013515763982978057,0.0002467629605130984,0.2424744154307281,0.24344172623593943,30,0.24146174166666687,0.0013520872979771593,0.0002468562376060998,0.2409779034409589,0.24194557989237483,30,4.859161416666664,0.027031527965945348,0.004935259210260002,4.849488308614554,4.868834524718774,30,4.853502345058625,0.027177634130189508,0.004961934424242363,4.84377695358711,4.86322773653014,30,5.985316666666667,0.013238842623998085,0.0024170709134748785,5.980579207676256,5.990054125657077,30,0.0024472222222222118,0.002206473770666337,0.0004028451522458112,0.0016576457238204217,0.003236798720624002,30,0.00011683333333333339,3.838851600309059e-05,7.0087520546802586e-06,0.00010309617930616008,0.0001305704873605067,30,6.666666666666667e-05,0.0002537081317024624,4.6320555585310075e-05,-2.412162228054107e-05,0.0001574549556138744,30,0.010454833333333333,0.003500077211792012,0.0006390237473027573,0.00920234678861993,0.011707319878046737,30,4116.466666666666,1419.575306411996,259.1778057997194,3608.4781672992162,4624.455166034117,30,4086.4666666666667,1404.8360742101902,256.4868024806409,3583.7525338046107,4589.180799528723,30,30.0,32.66127095949659,5.9631049537682275,18.312314290614275,41.687685709385725,30,7.718833333333333,0.4123535755445415,0.07528511833121866,7.571274501404145,7.866392165262522,30,2098.8,771.1729266245158,140.79626921650785,1822.8393123356448,2374.7606876643554,30,2017.6666666666667,653.239847874098,119.26473338062887,1783.9077892406342,2251.4255440926995,30,11321.2,852.541571440644,155.6520832963143,11016.121916739225,11626.278083260777,30,11.0,0.0,0.0,11.0,11.0,30,167.13939393939393,0.3935453378384265,0.07185121964503252,166.99856554888967,167.28022232989818
0.1,0.1,0.9,baseline1_hdv,,30,30,0.4685066458333333,0.00022577736421826148,4.1221118452133854e-05,0.46842585244116713,0.46858743922549945,30,0.4672466541666661,0.0002251576954164724,4.110798292515983e-05,0.4671660825201328,0.4673272258131994,30,4.685066458333334,0.002257773642178784,0.0004122111845206391,4.684258524411674,4.685874392254994,30,4.684176984126976,0.0022572200041878973,0.0004121101045152056,4.683369248322126,4.684984719931826,30,5.039966666666667,0.02302956620390899,0.004204604299813191,5.031725642239033,5.0482076910943015,30,0.16000555555555557,0.0038382610339848305,0.0007007673833021982,0.15863205148428325,0.1613790596268279,30,1.0291666666666667e-05,3.0913417278199633e-06,5.643991990946631e-07,9.185444236441126e-06,1.1397889096892207e-05,30,0.0012666666666666666,0.0008482571720209959,0.00015486986256047983,0.0009631217360481261,0.0015702115972852071,30,0.0005542083333333333,5.806458515179949e-05,1.0601094359940037e-05,0.0005334301883878509,0.0005749864782788157,30,0.0,0.0,0.0,0.0,0.0,30,0.0,0.0,0.0,0.0,0.0,30,0.0,0.0,0.0,0.0,0.0,30,0.0,0.0,0.0,0.0,0.0,0,,,,,,0,,,,,,0,,,,,,30,9.966666666666667,0.18257418583505536,0.03333333333333333,9.901333333333334,10.032,30,198.4688888888889,0.919433997695047,0.16786491355824337,198.13987365831474,198.79790411946306
0.1,0.1,0.9,baseline2_matched,,30,30,0.47042285833333364,0.0002694116969028738,4.918762121648289e-05,0.47032645059574935,0.47051926607091793,30,0.46899135833333355,0.0002685710987010815,4.9034149684176246e-05,0.4688952513999526,0.4690874652667145,30,4.704228583333334,0.0026941169690301355,0.000491876212165084,4.703264505957491,4.705192660709177,30,4.7016677527151485,0.002692442092241647,0.0004915704228990517,4.700704274686267,4.70263123074403,30,5.726,0.03151709990159143,0.0057542088544151595,5.714721750645346,5.737278249354654,30,0.045666666666666654,0.0052528499835985615,0.0009590348090691913,0.04378695844089104,0.04754637489244227,30,1.7916666666666667e-05,4.5643546458763864e-06,8.333333333333338e-07,1.6283333333333334e-05,1.955e-05,30,0.00028333333333333335,0.0004086000770784383,7.459982640473674e-05,0.00013711767358004934,0.00042954899308661736,30,0.0014704583333333334,8.276439043883936e-05,1.5110641200505737e-05,0.0014408414765803422,0.0015000751900863245,30,461.23333333333335,23.49421547784774,4.289437262701408,452.82603629843857,469.64063036822813,30,461.23333333333335,23.49421547784774,4.289437262701408,452.82603629843857,469.64063036822813,30,0.0,0.0,0.0,0.0,0.0,30,0.0,0.0,0.0,0.0,0.0,0,,,,,,0,,,,,,0,,,,,,30,11.0,0.0,0.0,11.0,11.0,30,174.6909090909091,0.9810399795300399,0.1791125755343364,174.33984844286178,175.0419697389564
0.1,0.1,0.9,noop,,30,30,0.46846571666666664,0.00022630672734594499,4.131776649418177e-05,0.46838473384433804,0.46854669948899524,30,0.46720958749999963,0.0002224477010163384,4.06132079039378e-05,0.4671299856125079,0.46728918938749137,30,4.6846571666666685,0.002263067273458621,0.0004131776649416663,4.683847338443383,4.685466994889954,30,4.683805388471171,0.002230052140514672,0.00040714995392418876,4.6830073745614795,4.684603402380863,30,5.024516666666667,0.0319343300662721,0.005830384312037559,5.013089113415074,5.03594421991826,30,0.16258055555555556,0.005322388344378682,0.0009717307186729262,0.16067596334695664,0.1644851477641545,30,1.1e-05,3.6759938839017064e-06,6.711415904879971e-07,9.684562482643525e-06,1.2315437517356474e-05,30,0.0014,0.0007357848261175462,0.00013433531557819877,0.0011367027814667304,0.0016632972185332696,30,0.00046758333333333336,5.2532762081904876e-05,9.591126266770452e-06,0.00044878472585046326,0.00048638194081620346,30,0.0,0.0,0.0,0.0,0.0,30,0.0,0.0,0.0,0.0,0.0,30,0.0,0.0,0.0,0.0,0.0,30,14.839083333333333,0.3167891195485852,0.05783751558298696,14.725721802790678,14.952444863875987,30,0.0,0.0,0.0,0.0,0.0,30,0.0,0.0,0.0,0.0,0.0,30,29678.166666666668,633.5782390971705,115.67503116597395,29451.44360558136,29904.889727751975,30,9.8,0.4068381021724862,0.07427813527082075,9.654414854869191,9.94558514513081,30,199.05851851851853,1.2439172848053417,0.22710718551948794,198.61338843490032,199.50364860213674
0.1,0.1,0.9,left_if_safe,,30,30,0.46692382083333356,0.0005068795475617673,9.25431207125309e-05,0.466742436316737,0.4671052053499301,30,0.4654937833333337,0.0005192675139131968,9.48048435832952e-05,0.4653079658399104,0.46567960082675697,30,4.669238208333334,0.005068795475614895,0.0009254312071248017,4.6674243631673695,4.671052053499298,30,4.666604344193814,0.005205689362549633,0.0009504244970777076,4.664741512179542,4.668467176208087,30,5.72015,0.08298848590680184,0.015151555248118313,5.690452951713689,5.749847048286312,30,0.04664166666666667,0.013831414317800305,0.0025252592080197184,0.041692158618948025,0.05159117471438532,30,0.0003477916666666653,5.508876392622594e-05,1.0057786222490268e-05,0.00032807840567058435,0.00036750492766274626,30,0.00015000000000000001,0.00029798171663421877,5.440376930822467e-05,4.3368612155879666e-05,0.0002566313878441204,30,0.0033879166666666667,0.00019625269966662057,3.583067685956489e-05,0.0033176885400219196,0.0034581447933114138,30,1050.9,67.60705431464567,12.3433028982028,1026.7071263195226,1075.0928736804776,30,1050.9,67.60705431464567,12.3433028982028,1026.7071263195226,1075.0928736804776,30,0.0,0.0,0.0,0.0,0.0,30,9.00205,0.24200941667344414,0.04418467221357074,8.915448042461401,9.0886519575386,30,1050.9,67.60705431464567,12.3433028982028,1026.7071263195226,1075.0928736804776,30,0.0,0.0,0.0,0.0,0.0,30,16953.2,428.13254473593685,78.16595078465409,16799.99473646208,17106.405263537923,30,11.0,0.0,0.0,11.0,11.0,30,174.91818181818184,2.4851052445268884,0.45371606673392284,174.02889832738336,175.8074653089803
0.1,0.1,0.9,graph_ppo,edge-graph,30,30,0.46789051666666653,0.0005368434038246355,9.801374737420267e-05,0.4676984097218131,0.46808262361152,30,0.46646464166666707,0.0005420044124523573,9.895601432249669e-05,0.466270687878595,0.46665859545473914,30,4.678905166666667,0.0053684340382439254,0.0009801374737415831,4.676984097218133,4.6808262361152,30,4.676337259816207,0.005433628195010763,0.0009920402438344915,4.674392860938291,4.6782816586941225,30,5.7035,0.06324323597470108,0.011546582317655334,5.680868698657395,5.726131301342605,30,0.04941666666666665,0.010540539329116841,0.001924430386275888,0.04564478310956591,0.05318855022376739,30,0.00030737499999999927,4.168248981162838e-05,7.6101466409360425e-06,0.00029245911258376464,0.0003222908874162339,30,0.00036666666666666667,0.000490132517853561,8.948554539839965e-05,0.00019127499768580337,0.0005420583356475299,30,0.0034674583333333332,0.0001814036160359532,3.3119617505299145e-05,0.003402543883022947,0.0035323727836437196,30,1325.0333333333333,109.50341935562886,19.992497635008583,1285.8480379687164,1364.2186286979502,30,1323.4333333333334,109.34371095969252,19.96333900464948,1284.3051888842203,1362.5614777824464,30,1.6,1.8495106528950878,0.33767290164558234,0.9381611127746587,2.261838887225341,30,10.056133333333333,0.4428496657295584,0.08085291716790055,9.897661615684248,10.214605050982419,30,943.2,135.49587091303837,24.73804831595974,894.713425300719,991.6865746992811,30,381.8333333333333,208.88325122823554,38.13668952757443,307.0854218592874,456.5812448073792,30,18787.233333333334,812.5032279334641,148.34211532830662,18496.482787289853,19077.983879376814,30,11.0,0.0,0.0,11.0,11.0,30,175.44848484848484,1.9134795553492154,0.3493519719299068,174.76375498350222,176.13321471346745
0.1,0.1,0.9,node_mlp_ppo,node-mlp-matched,30,30,0.46761876249999995,0.0005912557185606183,0.00010794803143652552,0.46740718435838435,0.46783034064161555,30,0.4661969500000003,0.0006010788026036665,0.00010974147300807436,0.46598185671290443,0.4664120432870961,30,4.676187624999999,0.005912557185604167,0.0010794803143648873,4.674071843583844,4.678303406416154,30,4.673653634085215,0.006025852657688328,0.001100165142939451,4.671497310405054,4.6758099577653764,30,5.687250000000001,0.10263088783563666,0.01873775078812025,5.650524008455285,5.723975991544716,30,0.05212499999999999,0.01710514797260611,0.0031229584646867087,0.04600400140921404,0.05824599859078594,30,0.0003272916666666657,3.508315757457222e-05,6.405278930700479e-06,0.00031473731996249274,0.0003398460133708386,30,0.00035,0.0006179777922580536,0.00011282679228565911,0.00012885948712010813,0.0005711405128798919,30,0.003724833333333333,0.0002697174314279519,4.9243440448480696e-05,0.0036283161900543108,0.0038213504766123553,30,1571.0,208.12330562632238,37.9979430780262,1496.5240315670687,1645.4759684329313,30,1567.7333333333333,205.71924848055005,37.55902430193588,1494.117645701539,1641.3490209651277,30,3.2666666666666666,4.91256891385081,0.896908269804914,1.5087264578490351,5.024606875484298,30,9.081316666666668,0.26903452807929795,0.04911875992559617,8.985043897212499,9.177589436120837,30,381.9,132.96625187592164,24.276205179785297,334.3186378476208,429.4813621523792,30,1189.1,96.15983461458036,17.556303514790585,1154.6896451110103,1223.5103548889895,30,16591.633333333335,465.8626764759475,85.05449886853592,16424.926515551004,16758.340151115666,30,10.9,0.30512857662936466,0.055708601453115555,10.790811141151893,11.009188858848107,30,175.8169696969697,2.9358358497046697,0.5360078400051981,174.7663943305595,176.86754506337988
0.1,0.1,0.9,grid_cnn_ppo,grid-cnn-matched,30,30,0.46871287916666665,0.0004344957447948523,7.932770685471615e-05,0.46855739686123143,0.46886836147210187,30,0.4672905208333335,0.00043479193037498486,7.938178269586494e-05,0.4671349325392496,0.4674461091274174,30,4.687128791666667,0.00434495744795082,0.0007932770685475809,4.685573968612314,4.68868361472102,30,4.684616750208858,0.004358816344612046,0.0007958073453220764,4.683056967812027,4.686176532605689,30,5.689433333333333,0.07743203174545975,0.014137090153481476,5.661724636632509,5.717142030034156,30,0.051761111111111126,0.012905338624243288,0.002356181692246912,0.04714299499430718,0.05637922722791507,30,0.0002743333333333331,2.9559870086659828e-05,5.3968692144619255e-06,0.0002637554696729877,0.0002849111969936785,30,0.00045,0.0006611119160302902,0.00012070196981508372,0.0002134241391624359,0.000686575860837564,30,0.007014958333333333,0.0005922503732962439,0.00010812962971506934,0.006803024259091797,0.007226892407574869,30,4715.9,498.04156799234727,90.92953378821717,4537.678113775094,4894.121886224905,30,4686.033333333334,493.7831775554749,90.15206162123741,4509.335292555708,4862.731374110959,30,29.866666666666667,11.767088332127534,2.148366571887364,25.655868185767435,34.0774651475659,30,10.762516666666667,0.3851053255690049,0.070310291276505,10.624708495764716,10.900324837568617,30,2307.4,287.351832884478,52.463026937094455,2204.5724672032948,2410.2275327967054,30,2408.5,215.80670629699767,39.400733699919265,2331.2745619481584,2485.7254380518416,30,16809.133333333335,518.7854339096093,94.71682821913285,16623.488350023836,16994.778316642834,30,10.966666666666667,0.18257418583505536,0.03333333333333333,10.901333333333334,11.032,30,175.91272727272727,2.538245052252352,0.4634180238648308,175.0044279459522,176.82102659950235
0.1,0.1,0.95,baseline1_hdv,,30,30,0.4685066458333333,0.00022577736421826148,4.1221118452133854e-05,0.46842585244116713,0.46858743922549945,30,0.4672466541666661,0.0002251576954164724,4.110798292515983e-05,0.4671660825201328,0.4673272258131994,30,4.685066458333334,0.002257773642178784,0.0004122111845206391,4.684258524411674,4.685874392254994,30,4.684176984126976,0.0022572200041878973,0.0004121101045152056,4.683369248322126,4.684984719931826,30,5.039966666666667,0.02302956620390899,0.004204604299813191,5.031725642239033,5.0482076910943015,30,0.16000555555555557,0.0038382610339848305,0.0007007673833021982,0.15863205148428325,0.1613790596268279,30,1.0291666666666667e-05,3.0913417278199633e-06,5.643991990946631e-07,9.185444236441126e-06,1.1397889096892207e-05,30,0.0012666666666666666,0.0008482571720209959,0.00015486986256047983,0.0009631217360481261,0.0015702115972852071,30,0.0005542083333333333,5.806458515179949e-05,1.0601094359940037e-05,0.0005334301883878509,0.0005749864782788157,30,0.0,0.0,0.0,0.0,0.0,30,0.0,0.0,0.0,0.0,0.0,30,0.0,0.0,0.0,0.0,0.0,30,0.0,0.0,0.0,0.0,0.0,0,,,,,,0,,,,,,0,,,,,,30,9.966666666666667,0.18257418583505536,0.03333333333333333,9.901333333333334,10.032,30,198.4688888888889,0.919433997695047,0.16786491355824337,198.13987365831474,198.79790411946306
0.1,0.1,0.95,baseline2_matched,,30,30,0.4705562916666669,0.00033754384187364094,6.162679211371667e-05,0.470435503154124,0.4706770801792098,30,0.4691008416666668,0.0003352193198265061,6.120239439350538e-05,0.46898088497365553,0.4692207983596781,30,4.7055629166666675,0.0033754384187357237,0.0006162679211370415,4.704355031541239,4.706770801792096,30,4.702765329991667,0.0033605946849861235,0.0006135578385329559,4.701562756628142,4.703967903355192,30,5.8218,0.03839710836813736,0.00701032079873307,5.808059771234483,5.835540228765517,30,0.02970000000000001,0.0063995180613562195,0.0011683867997888437,0.027409961872413877,0.03199003812758614,30,1.7916666666666667e-05,4.646250496708173e-06,8.482854016222163e-07,1.6254027279487125e-05,1.957930605384621e-05,30,8.333333333333333e-05,0.00023056651868870703,4.209549443041376e-05,8.261642497223523e-07,0.0001658405024169443,30,0.0015586250000000001,0.0001230114893358368,2.2458722513847996e-05,0.001514605903872858,0.0016026440961271421,30,472.53333333333336,28.091885358382513,5.1288530978784,462.4807812614917,482.585885405175,30,472.53333333333336,28.091885358382513,5.1288530978784,462.4807812614917,482.585885405175,30,0.0,0.0,0.0,0.0,0.0,30,0.0,0.0,0.0,0.0,0.0,0,,,,,,0,,,,,,0,,,,,,30,11.0,0.0,0.0,11.0,11.0,30,171.81818181818184,1.192022499935875,0.21763253742285973,171.39162204483304,172.24474159153064
0.1,0.1,0.95,noop,,30,30,0.4683969041666666,0.00027734345670629457,5.0635755804831656e-05,0.4682976580852891,0.46849615024804403,30,0.46714064999999944,0.00027360309670364447,4.995286262261781e-05,0.4670427423892591,0.4672385576107398,30,4.683969041666667,0.002773434567063083,0.0005063575580483416,4.682976580852892,4.684961502480442,30,4.683114285714277,0.002742888187506469,0.0005007805776705843,4.6821327557820425,4.684095815646511,30,5.025016666666667,0.03500504479242295,0.0063910175530962655,5.012490272262598,5.0375430610707355,30,0.1624972222222222,0.00583417413207049,0.0010651695921827106,0.1604094898215441,0.16458495462290032,30,1.1875e-05,5.341263411177753e-06,9.751768186263489e-07,9.963653435492356e-06,1.3786346564507645e-05,30,0.0010166666666666666,0.0005942734383600111,0.000108498989171978,0.0008040086478895897,0.0012293246854437434,30,0.0004700416666666666,5.0160822539269546e-05,9.158071335923831e-06,0.0004520918468482559,0.00048799148648507733,30,0.0,0.0,0.0,0.0,0.0,30,0.0,0.0,0.0,0.0,0.0,30,0.0,0.0,0.0,0.0,0.0,30,15.642016666666667,0.2842959386750475,0.051905099539809624,15.54028267156864,15.743750661764693,30,0.0,0.0,0.0,0.0,0.0,30,0.0,0.0,0.0,0.0,0.0,30,31284.033333333333,568.5918773500953,103.81019907961931,31080.565343137278,31487.501323529388,30,9.833333333333334,0.3790490217894517,0.06920456654478331,9.697692382905558,9.96897428376111,30,199.05962962962965,1.447472462266364,0.2642711063169443,198.54165826124844,199.57760099801087
0.1,0.1,0.95,left_if_safe,,30,30,0.46565002083333373,0.0005161329792263313,9.423255846486898e-05,0.4654653250187426,0.46583471664792486,30,0.4641944500000005,0.0005261253779870099,9.605691253313909e-05,0.46400617845143555,0.4643827215485654,30,4.656500208333335,0.005161329792261626,0.0009423255846483818,4.654653250187424,4.6583471664792455,30,4.653578446115274,0.005274439879572787,0.000962976566748949,4.651691012044446,4.655465880186102,30,5.822283333333333,0.09815308972716293,0.01792022044413191,5.787159701262834,5.857406965403832,30,0.02961944444444445,0.01635884828786049,0.0029867034073553186,0.02376550576602803,0.03547338312286088,30,0.0004570416666666639,0.00010943451992994996,1.9979918378460756e-05,0.00041788102664488085,0.000496202306688447,30,0.0004333333333333333,0.001165105688067746,0.0002127182224107607,1.6405617408242305e-05,0.0008502610492584243,30,0.0038889999999999997,0.00021542470082174406,3.9330989361290306e-05,0.0038119112608518708,0.0039660887391481285,30,1226.3,72.25632056830023,13.192138899194179,1200.4434077575793,1252.1565922424206,30,1226.3,72.25632056830023,13.192138899194179,1200.4434077575793,1252.1565922424206,30,0.0,0.0,0.0,0.0,0.0,30,9.4579,0.2515494535597463,0.04592643668092375,9.36788418410539,9.54791581589461,30,1226.3,72.25632056830023,13.192138899194179,1200.4434077575793,1252.1565922424206,30,0.0,0.0,0.0,0.0,0.0,30,17689.5,437.50119211660245,79.87642395255483,17532.94220905299,17846.05779094701,30,11.0,0.0,0.0,11.0,11.0,30,171.92121212121214,3.016222249141691,0.5506843214346238,170.84187085120027,173.000553391224
0.1,0.1,0.95,graph_ppo,edge-graph,30,30,0.4668321458333335,0.0007088211164247582,0.00012941243823394523,0.46657849745439495,0.46708579421227203,30,0.4653758416666671,0.0007167282817673982,0.0001308560825086409,0.46511936374495016,0.4656323195883841,30,4.668321458333336,0.007088211164248515,0.0012941243823396224,4.665784974543951,4.670857942122722,30,4.665421971595651,0.007185245932502154,0.001311840426151224,4.662850764360395,4.6679931788309075,30,5.825216666666666,0.05619649690476988,0.01026002966917057,5.805107008515091,5.845326324818241,30,0.02913055555555555,0.009366082817461648,0.001710004944861762,0.025778945863626494,0.0324821652474846,30,0.00037499999999999833,5.23406860271532e-05,9.556058137455754e-06,0.00035627012605058507,0.0003937298739494116,30,0.0002666666666666667,0.0005683207771559355,0.00010376070318239086,6.329568842918057e-05,0.0004700376449041528,30,0.003876375,0.00019247406621099146,3.514079593283431e-05,0.0038074990399716447,0.003945250960028355,30,1430.5333333333333,74.68403944034118,13.635377695693455,1403.807993049774,1457.2586736168926,30,1429.6666666666667,74.24067726603482,13.554431207689412,1403.0999814995955,1456.233351833738,30,0.8666666666666667,1.2521246311585852,0.2286056350977977,0.41859962187498323,1.3147337114583502,30,10.642766666666667,0.570125859264688,0.10409026457876176,10.438749748092294,10.84678358524104,30,1026.0666666666666,179.71086612194281,32.81056506792634,961.757959133531,1090.3753741998023,30,404.46666666666664,218.75915481664293,39.93977458461342,326.1847084808243,482.74862485250895,30,19855.0,1092.6508417920911,199.48983784217893,19463.99991782933,20246.00008217067,30,11.0,0.0,0.0,11.0,11.0,30,171.72727272727272,1.7729483022724155,0.32369459281502994,171.09283132535526,172.36171412919018
0.1,0.1,0.95,node_mlp_ppo,node-mlp-matched,30,30,0.46621943333333354,0.0004627853159242423,8.449265227128741e-05,0.4660538277348818,0.4663850389317853,30,0.46475612083333384,0.0004669036100996892,8.52445464773989e-05,0.4645890415222381,0.46492320014442956,30,4.662194333333334,0.004627853159240668,0.0008449265227125538,4.6605382773488175,4.66385038931785,30,4.659209231411855,0.004680737945863023,0.0008545819195731909,4.6575342508494915,4.660884211974218,30,5.85325,0.06262666475177349,0.011434012328620005,5.830839335835905,5.875660664164095,30,0.024458333333333346,0.01043777745862891,0.0019056687214366666,0.02072322263931748,0.02819344402734921,30,0.00041958333333333095,5.358418020102596e-05,9.783088073841209e-06,0.0004004084807086022,0.0004387581859580597,30,0.0002,0.0004842341981115023,8.840866447369843e-05,2.6719017631551085e-05,0.00037328098236844893,30,0.00435575,0.00027420311657224295,5.006241076161204e-05,0.00425762767490724,0.00445387232509276,30,1789.2,314.0603280504757,57.339308696905995,1676.8149549540642,1901.5850450459359,30,1787.5333333333333,312.7422353106891,57.098658988084374,1675.6199617166878,1899.4467049499788,30,1.6666666666666667,2.1063669217862784,0.38456822581502154,0.9129129440692245,2.420420389264109,30,9.67685,0.18817527366976164,0.03435594738454546,9.60951234312629,9.74418765687371,30,387.26666666666665,211.76417158673488,38.66267121648308,311.4878310823598,463.0455022509735,30,1401.9333333333334,107.50587260088707,19.627797162594145,1363.462850894649,1440.4038157720179,30,17564.5,373.06676392413675,68.11236068556808,17430.999773056286,17698.000226943714,30,11.0,0.0,0.0,11.0,11.0,30,170.7848484848485,1.7464670739608474,0.3188598041161331,170.1598832687809,171.40981370091612
0.1,0.1,0.95,grid_cnn_ppo,grid-cnn-matched,30,30,0.46857317083333344,0.0004383544580688342,8.003220828908431e-05,0.46841630770508685,0.46873003396158003,30,0.4671211041666669,0.0004394872638048965,8.023902937405518e-05,0.4669638356690938,0.46727837266424005,30,4.685731708333333,0.004383544580688481,0.0008003220828908687,4.684163077050867,4.687300339615799,30,4.682918337510446,0.004405887356443513,0.0008044012969836389,4.681341710968359,4.684494964052534,30,5.8082666666666665,0.0610455925339093,0.011145349355697026,5.7864217819295005,5.830111551403832,30,0.03195555555555555,0.010174265422318212,0.0018575582259495033,0.028314741432694523,0.035596369678416576,30,0.0003297916666666656,3.9469929809861054e-05,7.206190300002164e-06,0.0003156675336786614,0.0003439157996546699,30,0.00028333333333333335,0.0003639660208973031,6.645079993694987e-05,0.0001530897654569116,0.00041357690120975507,30,0.007688791666666667,0.0005812789187590396,0.00010612652533551296,0.007480783677009061,0.007896799656324272,30,5210.333333333333,518.2050807808878,94.61087071915969,5024.89602672378,5395.770639942886,30,5168.4,508.153696543029,92.77574742541731,4986.559535046182,5350.2404649538175,30,41.93333333333333,14.76700266865595,2.69607348945395,36.64902929400359,47.21763737266307,30,11.49625,0.3527011959445128,0.06439413369261976,11.370037497962466,11.622462502037534,30,2579.0,308.5814037796521,56.33899855890846,2468.5755628245392,2689.4244371754608,30,2631.3333333333335,219.43427785751837,40.06303462413973,2552.8097854700195,2709.8568811966475,30,17782.166666666668,539.5172224622058,98.50191763502768,17589.102908102013,17975.230425231322,30,11.0,0.0,0.0,11.0,11.0,30,172.3060606060606,1.8852040977989994,0.3441896032885624,171.63144898361503,172.9806722285062
0.1,0.1,1.0,baseline1_hdv,,30,30,0.4685066458333333,0.00022577736421826148,4.1221118452133854e-05,0.46842585244116713,0.46858743922549945,30,0.4672466541666661,0.0002251576954164724,4.110798292515983e-05,0.4671660825201328,0.4673272258131994,30,4.685066458333334,0.002257773642178784,0.0004122111845206391,4.684258524411674,4.685874392254994,30,4.684176984126976,0.0022572200041878973,0.0004121101045152056,4.683369248322126,4.684984719931826,30,5.039966666666667,0.02302956620390899,0.004204604299813191,5.031725642239033,5.0482076910943015,30,0.16000555555555557,0.0038382610339848305,0.0007007673833021982,0.15863205148428325,0.1613790596268279,30,1.0291666666666667e-05,3.0913417278199633e-06,5.643991990946631e-07,9.185444236441126e-06,1.1397889096892207e-05,30,0.0012666666666666666,0.0008482571720209959,0.00015486986256047983,0.0009631217360481261,0.0015702115972852071,30,0.0005542083333333333,5.806458515179949e-05,1.0601094359940037e-05,0.0005334301883878509,0.0005749864782788157,30,0.0,0.0,0.0,0.0,0.0,30,0.0,0.0,0.0,0.0,0.0,30,0.0,0.0,0.0,0.0,0.0,30,0.0,0.0,0.0,0.0,0.0,0,,,,,,0,,,,,,0,,,,,,30,9.966666666666667,0.18257418583505536,0.03333333333333333,9.901333333333334,10.032,30,198.4688888888889,0.919433997695047,0.16786491355824337,198.13987365831474,198.79790411946306
0.1,0.1,1.0,baseline2_matched,,30,30,0.47028360000000013,0.00036391654026124784,6.644176605010747e-05,0.4701533741385419,0.47041382586145836,30,0.4687985250000003,0.0003637484690098569,6.641108057822249e-05,0.46866835928206696,0.46892869071793364,30,4.702836000000001,0.00363916540261435,0.0006644176605014164,4.701533741385418,4.704138258614584,30,4.699734586466184,0.003646601193088644,0.0006657752438933008,4.698429666988154,4.701039505944215,30,5.9403,0.009491012082219051,0.001732813803661817,5.936903684944823,5.943696315055177,30,0.009950000000000007,0.0015818353470365106,0.0002888023006103032,0.009383947490803813,0.010516052509196202,30,2.0541666666666667e-05,7.95788573694665e-06,1.452904509391434e-06,1.7693973828259455e-05,2.338935950507388e-05,30,1.6666666666666667e-05,9.128709291752768e-05,1.6666666666666667e-05,-1.6000000000000003e-05,4.933333333333334e-05,30,0.001628875,0.0001869138395228465,3.4125642072187894e-05,0.0015619887415385116,0.0016957612584614882,30,411.9,39.059945088860886,7.131337673360746,397.92257816021294,425.877421839787,30,411.9,39.059945088860886,7.131337673360746,397.92257816021294,425.877421839787,30,0.0,0.0,0.0,0.0,0.0,30,0.0,0.0,0.0,0.0,0.0,0,,,,,,0,,,,,,0,,,,,,30,11.0,0.0,0.0,11.0,11.0,30,168.4,0.278005353089713,0.05075660099814145,168.30051706204364,168.49948293795637
0.1,0.1,1.0,noop,,30,30,0.46847075,0.00029204799292667277,5.332042453334929e-05,0.46836624196791465,0.46857525803208533,30,0.4672165874999993,0.0002872225069186707,5.243941535417986e-05,0.4671138062459051,0.46731936875409347,30,4.6847075,0.0029204799292667514,0.0005332042453334972,4.6836624196791465,4.6857525803208535,30,4.683875563909779,0.002879423628260535,0.0005257084246038883,4.6828451753975555,4.684905952422002,30,5.01665,0.03565402477643478,0.006509504545300472,5.003891371091211,5.029408628908789,30,0.16389166666666669,0.005942337462739133,0.0010849174242167458,0.16176522851520186,0.1660181048181315,30,1.1249999999999999e-05,3.670126371966896e-06,6.700703342736216e-07,9.936662144823701e-06,1.2563337855176297e-05,30,0.0011,0.0006486059321131852,0.00011841869998335198,0.0008678993480326302,0.00133210065196737,30,0.00045629166666666664,4.320595641274742e-05,7.88829231528225e-06,0.00044083061372871343,0.00047175271960461985,30,0.0,0.0,0.0,0.0,0.0,30,0.0,0.0,0.0,0.0,0.0,30,0.0,0.0,0.0,0.0,0.0,30,16.42775,0.36856781881895995,0.06729096944587382,16.295859699886087,16.559640300113912,30,0.0,0.0,0.0,0.0,0.0,30,0.0,0.0,0.0,0.0,0.0,30,32855.5,737.1356376379194,134.58193889174754,32591.719399772173,33119.28060022782,30,9.633333333333333,0.490132517853561,0.08948554539839963,9.45794166435247,9.808725002314196,30,199.4640740740741,1.6382655047505648,0.2991049907114904,198.87782829227956,200.05031985586862
0.1,0.1,1.0,left_if_safe,,30,30,0.46416501666666726,0.0004083463177621082,7.455349650415972e-05,0.46401889181351913,0.4643111415198154,30,0.4626684416666672,0.0004073226048896202,7.436659295993636e-05,0.4625226831444657,0.4628142001888687,30,4.641650166666666,0.004083463177619433,0.0007455349650412961,4.640188918135185,4.643111415198146,30,4.638280116959055,0.004083434635482143,0.0007455297539838184,4.636818878641247,4.639741355276863,30,5.9863,0.015196188269794257,0.0027744317011539053,5.980862113865738,5.991737886134262,30,0.0022833333333333408,0.002532698044965717,0.0004624052835256522,0.0013770189776230624,0.0031896476890436194,30,0.0005174583333333295,4.4049447300405656e-05,8.04229197735574e-06,0.0005016954410577123,0.0005332212256089467,30,5e-05,0.0002012889499682244,3.6750166158041765e-05,-2.2030325669761853e-05,0.00012203032566976185,30,0.004595208333333333,9.92569828025085e-05,1.8121762823612082e-05,0.004559689678199054,0.004630726988467612,30,1458.8666666666666,19.64992468763901,3.5875690015658472,1451.8350314235975,1465.8983019097357,30,1458.8666666666666,19.64992468763901,3.5875690015658472,1451.8350314235975,1465.8983019097357,30,0.0,0.0,0.0,0.0,0.0,30,10.060816666666666,0.06482835205282524,0.011835983595072907,10.037618138820322,10.08401519451301,30,1458.8666666666666,19.64992468763901,3.5875690015658472,1451.8350314235975,1465.8983019097357,30,0.0,0.0,0.0,0.0,0.0,30,18662.766666666666,126.96664871161038,23.180832516727747,18617.33223493388,18708.20109839945,30,11.033333333333333,0.18257418583505536,0.03333333333333333,10.968,11.098666666666666,30,167.110101010101,0.4615265600930726,0.08426283595024649,166.94494585163852,167.2752561685635
0.1,0.1,1.0,graph_ppo,edge-graph,30,30,0.4641300041666672,0.00040269322504233755,7.35213877033975e-05,0.46398590224676856,0.4642741060865659,30,0.46263052083333384,0.00040278105292870765,7.353742280824515e-05,0.46248638748462967,0.462774654182038,30,4.641300041666666,0.004026932250423315,0.0007352138770339641,4.63985902246768,4.642741060865652,30,4.637899958228899,0.004037905292518005,0.0007372172712605359,4.636455012377228,4.63934490408057,30,5.997933333333333,0.003185996659233042,0.000581680746132679,5.996793239070913,5.999073427595754,30,0.0003444444444444694,0.0005309994432055111,9.694679102211392e-05,0.00015442873404112613,0.0005344601548478127,30,0.0005157083333333295,3.570213719897833e-05,6.518288631674913e-06,0.0005029324876152467,0.0005284841790514123,30,0.0,0.0,0.0,0.0,0.0,30,0.004628625,0.00010432012546764986,1.9046161973466998e-05,0.004591294522532005,0.004665955477467995,30,1470.9666666666667,33.38953308359118,6.096066818149306,1459.018375703094,1482.9149576302393,30,1470.9,33.07812069881717,6.039210955540238,1459.0631465271413,1482.736853472859,30,0.06666666666666667,0.3651483716701107,0.06666666666666667,-0.06399999999999999,0.1973333333333333,30,10.075266666666666,0.06073298446724666,0.011088275192440624,10.053533647289482,10.09699968604385,30,787.1333333333333,742.0864683018965,135.48583276943037,521.5811011052498,1052.6855655614168,30,683.8333333333334,743.6968275207095,135.77984279270714,417.7048414596274,949.9618252070393,30,18679.566666666666,117.89319635639046,21.524254340260306,18637.379128159755,18721.754205173576,30,11.033333333333333,0.18257418583505536,0.03333333333333333,10.968,11.098666666666666,30,166.76161616161616,0.10428680415808207,0.0190400783625017,166.72429760802567,166.79893471520666
0.1,0.1,1.0,node_mlp_ppo,node-mlp-matched,30,30,0.4645842875000004,0.000547632170070504,9.998349758770683e-05,0.4643883198447285,0.4647802551552723,30,0.4630873750000006,0.0005455508486367811,9.960350202148383e-05,0.46289215213603846,0.4632825978639627,30,4.645842875000001,0.005476321700704348,0.0009998349758769422,4.643883198447282,4.64780255155272,30,4.642479949874674,0.005469181439965667,0.0009985313485859275,4.640522828431445,4.644437071317903,30,5.98765,0.017517552773501564,0.003198252935444664,5.981381424246528,5.993918575753472,30,0.002058333333333336,0.0029195921289169274,0.000533042155907444,0.0010135707077547457,0.0031030959589119266,30,0.0004926249999999965,6.0082872007091926e-05,1.0969581439326647e-05,0.0004711246203789163,0.0005141253796210768,30,5e-05,0.00027386127875258305,5e-05,-4.7999999999999994e-05,0.000148,30,0.0053009166666666665,0.0008297761391435366,0.0001514957030294868,0.005003985088728872,0.005597848244604461,30,2273.6666666666665,884.798139196979,161.54129989226044,1957.045718877836,2590.287614455497,30,2273.4,884.4934104352889,161.48566428669434,1956.888097998079,2589.911902001921,30,0.26666666666666666,1.1426929274467317,0.20862623088806304,-0.14224074587393687,0.6755740792072702,30,10.1684,0.14508685864586135,0.0264891150926339,10.116481334418438,10.220318665581562,30,555.9,574.2038175926132,104.83479450035199,350.4238027793101,761.3761972206898,30,1717.7666666666667,312.42220364969796,57.04022946813747,1605.9678169091171,1829.5655164242162,30,18063.133333333335,628.3497122777571,114.72043713880281,17838.281276541282,18287.98539012539,30,11.033333333333333,0.18257418583505536,0.03333333333333333,10.968,11.098666666666666,30,167.05555555555557,0.5279966764850341,0.09639856333287022,166.86661437142314,167.244496739688
0.1,0.1,1.0,grid_cnn_ppo,grid-cnn-matched,30,30,0.46728287916666705,0.002202711020284258,0.0004021581711583026,0.46649464915119676,0.46807110918213735,30,0.4657851625000002,0.002200787814259652,0.00040180704338416704,0.4649976206949672,0.46657270430503317,30,4.6728287916666655,0.022027110202846135,0.0040215817115836746,4.664946491511961,4.68071109182137,30,4.6695254385964855,0.022063035731935708,0.0040281407858078965,4.661630282656302,4.677420594536669,30,5.990866666666666,0.010714100709951777,0.001956118214074234,5.987032674967081,5.994700658366252,30,0.0015222222222222247,0.001785683451658629,0.00032601970234570567,0.0008832236056246416,0.002161220838819808,30,0.00044104166666666375,0.0001594555943392742,2.9112475313337848e-05,0.00038398121505252156,0.0004981021182808059,30,5e-05,0.0002012889499682244,3.6750166158041765e-05,-2.2030325669761853e-05,0.00012203032566976185,30,0.00984925,0.003050716874486366,0.000556982149572613,0.008757564986837678,0.010940935013162323,30,6662.933333333333,2803.2201548900166,511.7956374954626,5659.8138838422265,7666.05278282444,30,6563.066666666667,2712.6617152916792,495.2620041153031,5592.3531386006725,7533.780194732661,30,99.86666666666666,96.86098582356388,17.684315625918014,65.20540803986735,134.52792529346596,30,11.838066666666666,1.499376317083168,0.2737474103518232,11.301521742377092,12.37461159095624,30,3287.8,1680.6968464464887,306.85185837551273,2686.3703575839954,3889.229642416005,30,3375.133333333333,1123.987076049559,205.2110252988727,2972.919723747543,3777.3469429191236,30,17013.2,415.4358243314255,75.8478573940251,16864.53819950771,17161.86180049229,30,11.033333333333333,0.18257418583505536,0.03333333333333333,10.968,11.098666666666666,30,166.96161616161618,0.31989966023415334,0.058405420016161384,166.8471415383845,167.07609078484785
0.15,0.15,0.9,baseline1_hdv,,30,30,0.6841732958333335,0.0006608995196625253,0.00012066319172116472,0.6839367959775601,0.684409795689107,30,0.682986895833333,0.0006567520658145653,0.00011990597371158497,0.6827518801248583,0.6832219115418078,30,4.561155305555555,0.004405996797747943,0.0008044212781406918,4.5595786398503995,4.562731971260711,30,4.5608473845297715,0.00438565653298596,0.0008007076708621033,4.559277997494882,4.562416771564661,30,4.7456,0.029438246293344114,0.005374663849419138,4.735065658855138,4.756134341144861,30,0.20906666666666668,0.0049063743822240205,0.0008957773082365233,0.2073109431425231,0.21082239019081025,30,0.00025127777777777724,1.9075537148316748e-05,3.482700664220284e-06,0.0002444516844759055,0.000258103871079649,30,0.0016,0.001020479941177105,0.00018631329442141513,0.0012348259429340264,0.0019651740570659736,30,0.009332444444444445,0.00022071244070392013,4.0296394165186156e-05,0.00925346351188068,0.00941142537700821,30,0.0,0.0,0.0,0.0,0.0,30,0.0,0.0,0.0,0.0,0.0,30,0.0,0.0,0.0,0.0,0.0,30,0.0,0.0,0.0,0.0,0.0,0,,,,,,0,,,,,,0,,,,,,30,9.0,0.0,0.0,9.0,9.0,30,210.80370370370372,1.2644005181730118,0.23084689517485976,210.351243789161,211.25616361824643
0.15,0.15,0.9,baseline2_matched,,30,30,0.6835067749999998,0.0005942097470517422,0.00010848736078322603,0.6832941397728647,0.6837194102271349,30,0.6821398916666669,0.0005936283893005295,0.00010838121986511947,0.6819274644757313,0.6823523188576025,30,4.556711833333333,0.003961398313677926,0.0007232490718881087,4.555294265152432,4.5581294015142335,30,4.555191263216471,0.003964129477798415,0.0007237477119537887,4.553772717701041,4.5566098087319,30,5.467533333333334,0.031354462184042885,0.005724515405547662,5.45631328313846,5.478753383528208,30,0.08874444444444445,0.005225743697340465,0.0009540859009246073,0.08687443607863221,0.09061445281025668,30,0.0002920833333333334,2.123661399438188e-05,3.8772575099176146e-06,0.0002844839086138949,0.0002996827580527719,30,0.0007166666666666668,0.000536324228579056,9.791895937643528e-05,0.0005247455062888536,0.00090858782704448,30,0.010737444444444444,0.00021095646685221307,3.8515205182182645e-05,0.010661954642287365,0.010812934246601522,30,916.9666666666667,42.62950518882055,7.783047202400181,901.7118941499623,932.2214391833711,30,916.9666666666667,42.62950518882055,7.783047202400181,901.7118941499623,932.2214391833711,30,0.0,0.0,0.0,0.0,0.0,30,0.0,0.0,0.0,0.0,0.0,0,,,,,,0,,,,,,0,,,,,,30,10.2,0.4068381021724862,0.07427813527082075,10.05441485486919,10.345585145130809,30,182.92363636363638,1.0997074664776687,0.2007781953488918,182.53011110075255,183.3171616265202
0.15,0.15,0.9,noop,,30,30,0.6837615374999996,0.0006767271622313176,0.00012355291067685025,0.683519373795073,0.6840037012049262,30,0.6825893583333332,0.0006759643699589337,0.00012341364449875849,0.6823474675901157,0.6828312490765508,30,4.558410249999999,0.004511514414871796,0.0008236860711783344,4.556795825300489,4.560024674699508,30,4.558192710072341,0.004513952387038616,0.0008241311819617801,4.556577412955696,4.559808007188987,30,4.688716666666666,0.028608138260163684,0.005223107551106082,4.678479375866498,4.698953957466834,30,0.2185472222222222,0.0047680230433606195,0.000870517925184348,0.21684100708886087,0.22025343735558353,30,0.00026930555555555524,2.2130407789158472e-05,4.040441184303376e-06,0.0002613862908343206,0.00027722482027678987,30,0.0016,0.0009773292248741483,0.00017843508752420336,0.0012502672284525616,0.0019497327715474386,30,0.009006305555555556,0.00023024773050134888,4.203729193665302e-05,0.008923912463359716,0.009088698647751395,30,0.0,0.0,0.0,0.0,0.0,30,0.0,0.0,0.0,0.0,0.0,30,0.0,0.0,0.0,0.0,0.0,30,20.348650000000003,0.8734545479953685,0.1594702529641807,20.03608830419021,20.661211695809797,30,0.0,0.0,0.0,0.0,0.0,30,0.0,0.0,0.0,0.0,0.0,30,40697.3,1746.9090959907367,318.94050592836135,40072.17660838042,41322.42339161959,30,9.0,0.0,0.0,9.0,9.0,30,213.23703703703706,1.3598053266792138,0.24826535041262895,212.7504369502283,213.7236371238458
0.15,0.15,0.9,left_if_safe,,30,30,0.6747527458333333,0.0012876619706803849,0.0002350938359277342,0.674291961914915,0.6752135297517516,30,0.6733744000000002,0.0013086344745309863,0.00023892287374318032,0.6729061111674636,0.6738426888325367,30,4.49835163888889,0.00858441313787074,0.0015672922395185032,4.495279746099434,4.501423531678346,30,4.496657095158597,0.00873879448768795,0.0015954782887694972,4.493529957712609,4.499784232604585,30,5.5133833333333335,0.10488989985672621,0.01915018806866228,5.475848964718756,5.5509177019479115,30,0.08110277777777779,0.017481649976121037,0.0031916980114437134,0.07484704967534811,0.08735850588020747,30,0.0008861388888888953,0.00011312935568408655,2.0654500008066495e-05,0.0008456560688730849,0.0009266217089047056,30,0.001,0.0014503269548146959,0.00026479226296992824,0.00048100716457894063,0.0015189928354210594,30,0.013007,0.0004183030854110067,7.637134525120617e-05,0.012857312163307636,0.013156687836692363,30,1717.7,160.2173416073433,29.251550700617642,1660.3669606267895,1775.0330393732106,30,1717.7,160.2173416073433,29.251550700617642,1660.3669606267895,1775.0330393732106,30,0.0,0.0,0.0,0.0,0.0,30,10.918416666666667,0.4199455441571815,0.0766712158195567,10.768141083660336,11.068692249673,30,1717.7,160.2173416073433,29.251550700617642,1660.3669606267895,1775.0330393732106,30,0.0,0.0,0.0,0.0,0.0,30,20119.133333333335,686.1553424866621,125.27425301087591,19873.59579743202,20364.67086923465,30,10.5,0.5085476277156078,0.09284766908852593,10.318018568586488,10.681981431413512,30,181.4781818181818,3.4584704645020468,0.631427429291047,180.24058405677135,182.71577957959227
0.15,0.15,0.9,graph_ppo,edge-graph,30,30,0.6764741375000001,0.0008493028995872872,0.00015506078541950073,0.6761702183605779,0.6767780566394223,30,0.6751163166666665,0.0008606141193523455,0.00015712592215890765,0.674808349859235,0.675424283474098,30,4.509827583333337,0.0056620193305830175,0.0010337385694635397,4.507801455737188,4.511853710929485,30,4.508289259877575,0.005747005805355416,0.001049254905902102,4.506232720262007,4.510345799493143,30,5.431283333333334,0.07363946226242322,0.013444664867893205,5.404931790192263,5.457634876474405,30,0.0947861111111111,0.012273243710403874,0.0022407774779822013,0.09039418725426598,0.09917803496795621,30,0.0007914722222222282,6.515332760757337e-05,1.1895315742397345e-05,0.0007681574033671294,0.0008147870410773271,30,0.0012000000000000001,0.0007497125886079554,0.00013687816547538925,0.0009317187956682372,0.001468281204331763,30,0.012896083333333334,0.00025668058161265627,4.6863248207599204e-05,0.01280423136684644,0.012987935299820228,30,2107.6666666666665,126.57513329171766,23.109351907698965,2062.3723369275767,2152.9609964057563,30,2104.5333333333333,125.7648965148952,22.961423587836983,2059.528943101173,2149.5377235654937,30,3.1333333333333333,3.224190177215137,0.5886538965824365,1.9795716960317578,4.287094970634909,30,12.354666666666667,0.5930646782971299,0.10827830078762753,12.142441197122917,12.566892136210416,30,1354.5333333333333,172.9647628721015,31.578900759527343,1292.6386878446597,1416.427978822007,30,753.1333333333333,239.10461328036735,43.65433009906884,667.5708463391584,838.6958203275083,30,22601.666666666668,1082.4499457515212,197.62741755278384,22214.31692826321,22989.016405070124,30,10.166666666666666,0.3790490217894517,0.06920456654478331,10.03102571623889,10.302307617094442,30,184.1969696969697,2.619256281327702,0.47820858305675995,183.25968087417843,185.13425851976095
0.15,0.15,0.9,node_mlp_ppo,node-mlp-matched,30,30,0.6750444458333332,0.0013843189660114746,0.00025274090815557065,0.6745490736533483,0.6755398180133182,30,0.6736680875000002,0.001380628763848959,0.0002520671725001826,0.6731740358418998,0.6741621391581005,30,4.500296305555557,0.009228793106742753,0.0016849393877037292,4.496993824355658,4.5035987867554566,30,4.498618280467445,0.00921955768847213,0.0016832532387321241,4.49531910411953,4.50191745681536,30,5.505433333333333,0.11544492143467151,0.021077262539727085,5.464121898755469,5.546744767911198,30,0.08242777777777778,0.019240820239111927,0.0035128770899545154,0.07554253868146693,0.08931301687408863,30,0.0009418055555555632,0.00045637770260973536,8.332278748724546e-05,0.0007784928920805622,0.0011051182190305643,30,0.0019,0.0043517733206685704,0.0007945214709597796,0.00034273791691883195,0.003457262083081168,30,0.013157833333333334,0.00030302131230131697,5.532386938408299e-05,0.013049398549340532,0.013266268117326136,30,2108.0333333333333,211.4435578610035,38.60413542654014,2032.3692278973147,2183.697438769352,30,2107.766666666667,211.36187033115755,38.58922139228564,2032.131792737787,2183.4015405955465,30,0.26666666666666666,0.6914918072835208,0.12624855372639981,0.019219501362923025,0.5141138319704103,30,11.226633333333332,0.3955934854710406,0.07222515853152704,11.08507202261154,11.368194644055125,30,311.8666666666667,98.28906465057574,17.945045955067986,276.6943765947334,347.03895673859995,30,1796.1666666666667,152.24596327434543,27.796182791487357,1741.6861483953514,1850.647184937982,30,20345.233333333334,666.8054404414371,121.74146039898088,20106.620070951332,20583.846595715335,30,10.633333333333333,0.490132517853561,0.08948554539839963,10.45794166435247,10.808725002314196,30,181.8651515151515,4.04088402539086,0.7377611109896175,180.41913973761186,183.31116329269113
0.15,0.15,0.9,grid_cnn_ppo,grid-cnn-matched,30,30,0.6768842625000002,0.0012290657074821476,0.00022439567088133942,0.6764444469850728,0.6773240780149277,30,0.6755068875000004,0.0012364851443630454,0.00022575026852922393,0.6750644169736831,0.6759493580263177,30,4.512561750000002,0.008193771383214862,0.0014959711392090289,4.509629646567153,4.515493853432852,30,4.5108974123539225,0.0082569959556804,0.001507514314051694,4.507942684298381,4.513852140409464,30,5.5095,0.08315440561036919,0.015181847902911114,5.479743578110294,5.539256421889706,30,0.08175000000000002,0.013859067601728196,0.0025303079838185187,0.07679059635171571,0.08670940364828432,30,0.0008445277777777828,0.0002027335561658586,3.70139139584271e-05,0.0007719805064192657,0.0009170750491362999,30,0.0015,0.0020086021902359585,0.0003667189095488391,0.0007812309372842754,0.0022187690627157248,30,0.01590225,0.0005279398689890727,9.638819175054574e-05,0.01571332914416893,0.01609117085583107,30,6076.366666666667,468.758778002101,85.58325224676905,5908.623492262999,6244.109841070334,30,6024.233333333334,465.294247526884,84.95071841595558,5857.729925238061,6190.736741428606,30,52.13333333333333,13.735765882098315,2.507796272745031,47.21805263875307,57.048614027913594,30,12.39815,0.499260127588815,0.09115201131443376,12.21949205782371,12.57680794217629,30,2686.9666666666667,236.2321306262759,43.12988891717277,2602.432084389008,2771.501248944325,30,3389.4,239.54793631568495,43.73526944130387,3303.6788718950447,3475.1211281049555,30,18719.933333333334,673.6327626018309,122.98795318384842,18478.87694509299,18960.98972157368,30,10.566666666666666,0.5040069329937309,0.09201865544655373,10.386310101991421,10.747023231341911,30,181.66727272727272,2.8691712445694155,0.5238366039986135,180.64055298343544,182.69399247111
0.15,0.15,0.95,baseline1_hdv,,30,30,0.6841732958333335,0.0006608995196625253,0.00012066319172116472,0.6839367959775601,0.684409795689107,30,0.682986895833333,0.0006567520658145653,0.00011990597371158497,0.6827518801248583,0.6832219115418078,30,4.561155305555555,0.004405996797747943,0.0008044212781406918,4.5595786398503995,4.562731971260711,30,4.5608473845297715,0.00438565653298596,0.0008007076708621033,4.559277997494882,4.562416771564661,30,4.7456,0.029438246293344114,0.005374663849419138,4.735065658855138,4.756134341144861,30,0.20906666666666668,0.0049063743822240205,0.0008957773082365233,0.2073109431425231,0.21082239019081025,30,0.00025127777777777724,1.9075537148316748e-05,3.482700664220284e-06,0.0002444516844759055,0.000258103871079649,30,0.0016,0.001020479941177105,0.00018631329442141513,0.0012348259429340264,0.0019651740570659736,30,0.009332444444444445,0.00022071244070392013,4.0296394165186156e-05,0.00925346351188068,0.00941142537700821,30,0.0,0.0,0.0,0.0,0.0,30,0.0,0.0,0.0,0.0,0.0,30,0.0,0.0,0.0,0.0,0.0,30,0.0,0.0,0.0,0.0,0.0,0,,,,,,0,,,,,,0,,,,,,30,9.0,0.0,0.0,9.0,9.0,30,210.80370370370372,1.2644005181730118,0.23084689517485976,210.351243789161,211.25616361824643
0.15,0.15,0.95,baseline2_matched,,30,30,0.6832874583333332,0.0007287656141742083,0.00013305378867244016,0.6830266729075352,0.6835482437591311,30,0.6818908416666666,0.0007302128364840135,0.00013331801410737518,0.6816295383590161,0.6821521449743171,30,4.555249722222221,0.004858437427826023,0.0008870252578158967,4.553511152716902,4.5569882917275395,30,4.5535281580411775,0.004876212597556997,0.0008902705449576093,4.55178322777306,4.555273088309295,30,5.5864666666666665,0.03608632689129977,0.0065884317519567205,5.573553340432832,5.599379992900501,30,0.06892222222222223,0.006014387815216636,0.0010980719586594547,0.0667700011832497,0.07107444326119476,30,0.0003036666666666669,2.0953789697379474e-05,3.825621094158028e-06,0.00029616844932211714,0.0003111648840112166,30,0.00036666666666666667,0.000490132517853561,8.948554539839965e-05,0.00019127499768580337,0.0005420583356475299,30,0.010923472222222223,0.00018131623949250577,3.3103664804018155e-05,0.010858589039206348,0.010988355405238098,30,985.6666666666666,42.07328035155127,7.681494905594505,970.6109366517014,1000.7223966816318,30,985.6666666666666,42.07328035155127,7.681494905594505,970.6109366517014,1000.7223966816318,30,0.0,0.0,0.0,0.0,0.0,30,0.0,0.0,0.0,0.0,0.0,0,,,,,,0,,,,,,0,,,,,,30,11.0,0.0,0.0,11.0,11.0,30,179.04848484848483,1.1979210007521115,0.21870945140703152,178.61981432372704,179.47715537324262
0.15,0.15,0.95,noop,,30,30,0.683833225,0.0007448675032608743,0.00013599357796284457,0.6835666775871928,0.6840997724128072,30,0.6826625124999999,0.0007434861589033123,0.00013574138014140483,0.6823964593949228,0.682928565605077,30,4.558888166666667,0.00496578335506982,0.0009066238530851421,4.5571111839146194,4.560665149418714,30,4.558681218697827,0.004964849141257763,0.0009064532897590099,4.556904570249899,4.560457867145755,30,4.68285,0.027367596621325437,0.004996616671400704,4.673056631324055,4.692643368675945,30,0.219525,0.004561266103554236,0.00083276944523345,0.21789277188734243,0.22115722811265756,30,0.0002683611111111107,2.0423536650090405e-05,3.72881057576267e-06,0.00026105264238261586,0.00027566957983960556,30,0.0014666666666666667,0.0008995528902176073,0.0001642351365470506,0.0011447657990344474,0.001788567534298886,30,0.009027527777777777,0.0002397205112861432,4.37667771760308e-05,0.008941744894512757,0.009113310661042796,30,0.0,0.0,0.0,0.0,0.0,30,0.0,0.0,0.0,0.0,0.0,30,0.0,0.0,0.0,0.0,0.0,30,21.6736,0.6114473699402886,0.1116345057478341,21.454796368734247,21.892403631265754,30,0.0,0.0,0.0,0.0,0.0,30,0.0,0.0,0.0,0.0,0.0,30,43347.2,1222.8947398805778,223.2690114956683,42909.59273746849,43784.8072625315,30,9.0,0.0,0.0,9.0,9.0,30,213.6259259259259,1.294282325313471,0.23630254178480925,213.1627729440277,214.08907890782413
0.15,0.15,0.95,left_if_safe,,30,30,0.6711103916666665,0.0015332444280043212,0.00027993085312902414,0.6705617271945337,0.6716590561387994,30,0.6696729041666669,0.0015363599511323408,0.0002804996672275726,0.6691231248189009,0.6702226835144329,30,4.474069277777775,0.010221629520029214,0.0018662056875269014,4.470411514630222,4.477727040925328,30,4.471939259877575,0.010259498838946718,0.0018731196475963929,4.468267945368287,4.475610574386864,30,5.74995,0.06260279133360284,0.0114296536587344,5.72754787882888,5.77235212117112,30,0.041675000000000004,0.010433798555600476,0.0019049422764557337,0.03794131313814676,0.045408686861853245,30,0.001142777777777783,0.00044180833410750265,8.066279689481941e-05,0.000984678695863937,0.001300876859691629,30,0.0010333333333333334,0.0029447010659515325,0.0005376263996437207,-2.041440996835924e-05,0.0020870810766350258,30,0.014134055555555556,0.0002934256265899744,5.357194487780555e-05,0.014029054543595057,0.014239056567516055,30,2227.4333333333334,105.35348817796384,19.23482732897488,2189.7330717685427,2265.133594898124,30,2227.4333333333334,105.35348817796384,19.23482732897488,2189.7330717685427,2265.133594898124,30,0.0,0.0,0.0,0.0,0.0,30,12.179133333333334,0.23790594828605072,0.0434354848136425,12.093999783098596,12.264266883568073,30,2227.4333333333334,105.35348817796384,19.23482732897488,2189.7330717685427,2265.133594898124,30,0.0,0.0,0.0,0.0,0.0,30,22130.833333333332,378.5648109530969,69.11616214556332,21995.36565552803,22266.301011138636,30,11.0,0.0,0.0,11.0,11.0,30,174.0090909090909,1.9411915323850064,0.35441146357509606,173.31444444048373,174.70373737769808
0.15,0.15,0.95,graph_ppo,edge-graph,30,30,0.6734207708333331,0.0013890048499372943,0.00025359642959824476,0.6729237218313205,0.6739178198353456,30,0.6720127958333335,0.0014073491357727821,0.0002569456226493845,0.6715091824129407,0.6725164092537264,30,4.489471805555555,0.009260032332918663,0.0016906428639889132,4.486158145542136,4.492785465568973,30,4.487564579855313,0.009397990889968748,0.0017158305352213117,4.4842015520062795,4.4909276077043465,30,5.6319,0.10045211588715744,0.0183399632735064,5.595953671983928,5.667846328016072,30,0.06134999999999999,0.01674201931452624,0.0030566605455844,0.055358945330654566,0.06734105466934541,30,0.0009861388888888953,7.442290211269596e-05,1.3587700760707487e-05,0.0009595069953979087,0.001012770782379882,30,0.0007833333333333334,0.0009067118819016376,0.00016554218362516235,0.00045887065342801515,0.0011077960132386516,30,0.013777166666666667,0.00032220375326909154,5.8826087926103446e-05,0.013661867534331504,0.01389246579900183,30,2352.1666666666665,88.59792296675464,16.175693652332182,2320.4623071080955,2383.8710262252375,30,2347.9,89.6488744472298,16.367570263232082,2315.8195622840653,2379.980437715935,30,4.266666666666667,4.093167842699069,0.7473067863670125,2.801945365387322,5.731387967946011,30,13.60135,0.6380224721747659,0.11648643340177715,13.373036590532516,13.829663409467484,30,1615.5,363.98813451672504,66.4548373130117,1485.248518866497,1745.751481133503,30,736.6666666666666,365.39627362852127,66.71192716489038,605.9112894234815,867.4220439098517,30,24850.533333333333,1256.5837577455334,229.4197565039452,24400.8706105856,25300.196056081066,30,10.9,0.30512857662936466,0.055708601453115555,10.790811141151893,11.009188858848107,30,177.5,3.2747764396295187,0.5978896422571808,176.32813630117593,178.67186369882407
0.15,0.15,0.95,node_mlp_ppo,node-mlp-matched,30,30,0.6719723916666667,0.001542830107656717,0.0002816809507872359,0.6714202970031237,0.6725244863302097,30,0.6705403458333333,0.0015586771868911743,0.0002845742183763306,0.6699825803653158,0.6710981113013509,30,4.479815944444443,0.010285534051044888,0.0018778730052482592,4.476135313354156,4.48349657553473,30,4.477731858653312,0.010408528793931206,0.0019003286702927206,4.474007214459538,4.481456502847086,30,5.728183333333333,0.0830016081411859,0.015153951029377319,5.698481589315754,5.757885077350912,30,0.04530277777777778,0.013833601356864324,0.0025256585048962213,0.040352487108181186,0.05025306844737438,30,0.00102644444444445,0.0001246064558431964,2.274992222536336e-05,0.0009818545968827378,0.0010710342920061623,30,0.00036666666666666667,0.0007648904962570576,0.00013964925960710376,9.295411783674331e-05,0.00064037921549659,30,0.01419686111111111,0.00044732354787276903,8.166973255771922e-05,0.01403678843529798,0.01435693378692424,30,2550.3333333333335,232.33705203244367,42.4187481141403,2467.1925870296186,2633.4740796370484,30,2549.0666666666666,231.16883415602862,42.205461686475864,2466.343961761174,2631.7893715721593,30,1.2666666666666666,2.3770937534400445,0.43399595668791197,0.4160345915583592,2.117298741774974,30,12.302066666666667,0.3283338485321823,0.05994528507785357,12.184573907914073,12.41955942541926,30,286.5,136.64823957633098,24.94844108644222,237.60105547057324,335.39894452942673,30,2263.8333333333335,150.1130799817564,27.406773360861724,2210.1160575460444,2317.5506091206225,30,22053.8,494.9675294121967,90.36829369722064,21876.678144353446,22230.921855646553,30,10.966666666666667,0.18257418583505536,0.03333333333333333,10.901333333333334,11.032,30,174.75,2.689676865627785,0.49106556390137646,173.7875114947533,175.7124885052467
0.15,0.15,0.95,grid_cnn_ppo,grid-cnn-matched,30,30,0.6754342708333335,0.0013018086320690783,0.00023767665111305912,0.6749684245971519,0.6759001170695151,30,0.6740062791666671,0.001300118178349701,0.00023736801790155197,0.67354103785158,0.6744715204817542,30,4.502895138888889,0.008678724213793029,0.0015845110074202433,4.499789497314346,4.506000780463433,30,4.500876655537008,0.008681924396326295,0.001585095278140778,4.497769868791852,4.503983442282164,30,5.711966666666667,0.08114630606814918,0.01481522076391455,5.682928833969394,5.74100449936394,30,0.04800555555555556,0.01352438434469153,0.0024692034606524247,0.0431659167726768,0.05284519433843431,30,0.0009850277777777817,0.00026744807238790014,4.882911406937582e-05,0.0008893227142018051,0.0010807328413537584,30,0.0009833333333333335,0.002383431796053074,0.0004351531196577737,0.00013043321880409702,0.00183623344786257,30,0.016572333333333335,0.00048327498656942545,8.823353720736017e-05,0.01639939560040691,0.01674527106625976,30,6628.066666666667,560.5224123196535,102.33692307156196,6427.486297446405,6828.647035886928,30,6561.266666666666,547.7960817005145,100.0134236201049,6365.2403563712605,6757.292976962072,30,66.8,20.920868973842595,3.819610619861182,59.313563185072084,74.28643681492791,30,13.887916666666666,0.49455497381629565,0.09029297169518731,13.710942442144098,14.064890891189233,30,2923.8,321.2329050865506,58.64883610960659,2808.8482812251714,3038.751718774829,30,3704.266666666667,248.00680376280744,45.27964027854891,3615.518571720711,3793.014761612623,30,21147.766666666666,591.362697699039,107.96756306562402,20936.150243058044,21359.38309027529,30,10.966666666666667,0.18257418583505536,0.03333333333333333,10.901333333333334,11.032,30,175.14212121212122,2.4613564892301008,0.44938015707101586,174.26133610426203,176.02290631998042
0.15,0.15,1.0,baseline1_hdv,,30,30,0.6841732958333335,0.0006608995196625253,0.00012066319172116472,0.6839367959775601,0.684409795689107,30,0.682986895833333,0.0006567520658145653,0.00011990597371158497,0.6827518801248583,0.6832219115418078,30,4.561155305555555,0.004405996797747943,0.0008044212781406918,4.5595786398503995,4.562731971260711,30,4.5608473845297715,0.00438565653298596,0.0008007076708621033,4.559277997494882,4.562416771564661,30,4.7456,0.029438246293344114,0.005374663849419138,4.735065658855138,4.756134341144861,30,0.20906666666666668,0.0049063743822240205,0.0008957773082365233,0.2073109431425231,0.21082239019081025,30,0.00025127777777777724,1.9075537148316748e-05,3.482700664220284e-06,0.0002444516844759055,0.000258103871079649,30,0.0016,0.001020479941177105,0.00018631329442141513,0.0012348259429340264,0.0019651740570659736,30,0.009332444444444445,0.00022071244070392013,4.0296394165186156e-05,0.00925346351188068,0.00941142537700821,30,0.0,0.0,0.0,0.0,0.0,30,0.0,0.0,0.0,0.0,0.0,30,0.0,0.0,0.0,0.0,0.0,30,0.0,0.0,0.0,0.0,0.0,0,,,,,,0,,,,,,0,,,,,,30,9.0,0.0,0.0,9.0,9.0,30,210.80370370370372,1.2644005181730118,0.23084689517485976,210.351243789161,211.25616361824643
0.15,0.15,1.0,baseline2_matched,,30,30,0.682784783333333,0.0006952650418197978,0.0001269374489498253,0.6825359859333914,0.6830335807332747,30,0.6813347375000002,0.0006961235517489535,0.0001270941907011722,0.6810856328862259,0.6815838421137744,30,4.551898555555558,0.00463510027879653,0.0008462496596651146,4.550239906222614,4.553557204888501,30,4.549814607679465,0.004648571297155232,0.0008487091198743237,4.548151137804512,4.551478077554419,30,5.800183333333334,0.016568293012055743,0.0030249426073527146,5.794254445822922,5.806112220843746,30,0.03330277777777777,0.002761382168675957,0.0005041571012254524,0.03231462985937589,0.034290925696179655,30,0.0003189444444444449,3.48271135989587e-05,6.35853191031487e-06,0.00030648172190022774,0.00033140716698866203,30,8.333333333333333e-05,0.00018952451089472585,3.460228327239165e-05,1.5512858119445696e-05,0.00015115380854722096,30,0.011185277777777778,0.00022883589852700458,4.1779527863401204e-05,0.011103389903165513,0.011267165652390044,30,1026.3,106.24082921882457,19.39683289706806,988.2822075217466,1064.3177924782533,30,1026.3,106.24082921882457,19.39683289706806,988.2822075217466,1064.3177924782533,30,0.0,0.0,0.0,0.0,0.0,30,0.0,0.0,0.0,0.0,0.0,0,,,,,,0,,,,,,0,,,,,,30,11.0,0.0,0.0,11.0,11.0,30,172.3878787878788,0.5024495898959673,0.0917343247984137,172.20807951127392,172.5676780644837
0.15,0.15,1.0,noop,,30,30,0.6839037208333331,0.0005321602421883314,9.715872295132049e-05,0.6837132897363485,0.6840941519303176,30,0.6827317083333332,0.0005315975468978886,9.705598931679468e-05,0.6825414785942723,0.6829219380723941,30,4.559358138888888,0.0035477349479188544,0.0006477248196748574,4.558088598242326,4.560627679535451,30,4.5591432943795205,0.0035499001462308668,0.0006481201289938445,4.557872978926692,4.560413609832349,30,4.6880500000000005,0.02991982101642944,0.0054625869624051835,4.677343329553686,4.698756670446315,30,0.21865833333333332,0.004986636836071581,0.0009104311604008654,0.21687388825894763,0.220442778407719,30,0.000266833333333333,2.4944766571574864e-05,4.554270447650786e-06,0.0002579069632559375,0.0002757597034107285,30,0.0012833333333333334,0.0008060475443037842,0.00014716347414560913,0.0009948929240079394,0.0015717737426587273,30,0.008922055555555556,0.0001946611080794591,3.5540093321356965e-05,0.008852396972645697,0.008991714138465416,30,0.0,0.0,0.0,0.0,0.0,30,0.0,0.0,0.0,0.0,0.0,30,0.0,0.0,0.0,0.0,0.0,30,23.05548333333333,0.4144530563520314,0.07566842933032246,22.9071732118459,23.20379345482076,30,0.0,0.0,0.0,0.0,0.0,30,0.0,0.0,0.0,0.0,0.0,30,46110.96666666667,828.906112704063,151.33685866064496,45814.3464236918,46407.58690964153,30,9.0,0.0,0.0,9.0,9.0,30,213.4037037037037,1.3357205109539216,0.2438680847905964,212.92572225751414,213.8816851498933
0.15,0.15,1.0,left_if_safe,,30,30,0.6667281749999995,0.0032161126750776432,0.0005871791532061027,0.6655773038597155,0.6678790461402835,30,0.6652422875000001,0.003206451330499146,0.0005854152410856117,0.6640948736274723,0.666389701372528,30,4.444854499999999,0.02144075116718189,0.003914527688040246,4.43718202573144,4.452526974268558,30,4.442352504173624,0.021412028918192598,0.003909283746815675,4.434690308029865,4.450014700317383,30,5.94355,0.06649427639356227,0.012140138375245774,5.919755328784518,5.967344671215482,30,0.009408333333333333,0.011082379398927046,0.0020233563958742956,0.005442554797419713,0.013374111869246953,30,0.001894194444444431,0.0023843706998407277,0.00043532453925238207,0.001040958347509762,0.0027474305413791,30,0.002433333333333334,0.008149183726134714,0.0014878305840193282,-0.00048281461134454945,0.005349481278011217,30,0.015428361111111111,0.0002893785026296244,5.283304451577111e-05,0.0153248083438602,0.015531913878362023,30,2738.9666666666667,84.22526581910472,15.377359333664161,2708.827042372685,2769.1062909606485,30,2738.9666666666667,84.22526581910472,15.377359333664161,2708.827042372685,2769.1062909606485,30,0.0,0.0,0.0,0.0,0.0,30,13.446783333333334,0.3536771780372147,0.0645723228285844,13.320221580589308,13.57334508607736,30,2738.9666666666667,84.22526581910472,15.377359333664161,2708.827042372685,2769.1062909606485,30,0.0,0.0,0.0,0.0,0.0,30,24154.6,650.9895703386155,118.85389079168525,23921.646374048294,24387.553625951703,30,11.033333333333333,0.18257418583505536,0.03333333333333333,10.968,11.098666666666666,30,168.35858585858585,1.9898110262441944,0.3632881280821498,167.64654112754485,169.07063058962686
0.15,0.15,1.0,graph_ppo,edge-graph,30,30,0.6673923916666666,0.0008340271561086031,0.00015227182899085485,0.6670939388818445,0.6676908444514887,30,0.6658935499999998,0.0008340008770565625,0.000152267031114324,0.6655951066190158,0.6661919933809839,30,4.44928261111111,0.005560181040723018,0.0010151455266055158,4.447292925878964,4.451272296343257,30,4.4467015025041725,0.005569287993697938,0.00101680822113035,4.444708558390757,4.448694446617588,30,5.9953666666666665,0.004960070448146411,0.0009055808237548492,5.993591728252107,5.997141605081226,30,0.000772222222222226,0.0008266784080243939,0.00015093013729247342,0.0004763991531289781,0.001068045291315474,30,0.0013200277777777735,8.122342870360592e-05,1.4829301366292517e-05,0.00129096234709984,0.001349093208455707,30,0.0,0.0,0.0,0.0,0.0,30,0.01546775,0.0002371677096688727,4.330070149915922e-05,0.015382880625061648,0.015552619374938353,30,2804.5666666666666,29.33008733346196,5.354916815377887,2794.071029708526,2815.062303624807,30,2804.1666666666665,28.731915851640437,5.245706144094575,2793.885082624241,2814.448250709092,30,0.4,1.610311599745795,0.2940013292643341,-0.17624260535809477,0.9762426053580948,30,13.488966666666666,0.057967579127345556,0.010583383564004263,13.468223234881219,13.509710098452114,30,1404.5,1413.916442685547,258.1446433621115,898.5364990102614,1910.4635009897386,30,1400.0666666666666,1422.5962165710616,259.7293460124917,890.9971484821829,1909.1361848511503,30,24173.366666666665,105.76045911702387,19.30912971683229,24135.520772421674,24211.212560911656,30,11.066666666666666,0.2537081317024624,0.04632055558531008,10.975878377719459,11.157454955613874,30,166.82929292929293,0.15481942101254448,0.02826602974281997,166.773891510997,166.88469434758886
0.15,0.15,1.0,node_mlp_ppo,node-mlp-matched,30,30,0.6700156416666666,0.0013422694573180032,0.00024506375334109606,0.669535316710118,0.6704959666232152,30,0.6685253416666664,0.0013320328307562799,0.0002431948095808919,0.6680486798398879,0.669002003493445,30,4.46677094444444,0.00894846304878765,0.0016337583556074824,4.46356877806745,4.469973110821431,30,4.464276071229828,0.008895043944950907,0.001624005406216451,4.461093020633644,4.467459121826012,30,5.961200000000001,0.05117491977319657,0.00934321931276564,5.94288729014698,5.979512709853021,30,0.006466666666666668,0.008529153295532764,0.0015572032187942738,0.003414548357829892,0.009518784975503444,30,0.0011028055555555587,0.0001258441769198005,2.297589814321524e-05,0.0010577727951948568,0.0011478383159162606,30,0.00030000000000000003,0.0010136992684699696,0.0001850753186224959,-6.274762450009198e-05,0.000662747624500092,30,0.016086916666666666,0.0009831371845571725,0.00017949547103469435,0.015735105543438665,0.016438727789894667,30,4488.333333333333,1626.8635856877434,297.02329462163857,3906.1676758749213,5070.498990791744,30,4484.533333333334,1621.7544721122529,296.09050237025457,3904.195948687635,5064.870717979033,30,3.8,6.332183803723478,1.156093302522738,1.5340571270554335,6.065942872944566,30,13.517883333333334,0.28241207613543434,0.05156115487041459,13.416823469787321,13.618943196879346,30,1317.3666666666666,1083.6591741627653,197.84819144545534,929.5842114335742,1705.149121899759,30,3170.9666666666667,548.1371891788766,100.07570104024911,2974.8182926277786,3367.1150407055547,30,22547.433333333334,1113.3447488918505,203.26801108266378,22149.028031611313,22945.838635055356,30,11.0,0.0,0.0,11.0,11.0,30,167.8121212121212,1.469929098646915,0.26837110842071726,167.2861138396166,168.33812858462582
0.15,0.15,1.0,grid_cnn_ppo,grid-cnn-matched,30,30,0.6709187291666666,0.008903010744996526,0.0016254599382484905,0.6677328276876996,0.6741046306456336,30,0.6694394458333335,0.008869218380908076,0.0016192903248876,0.6662656367965538,0.6726132548701131,30,4.472791527777778,0.059353404966641696,0.010836399588322939,4.451552184584665,4.4940308709708905,30,4.470380272676682,0.05922683392926783,0.010813290984224106,4.449186222347603,4.491574323005761,30,5.917133333333334,0.13810147027441105,0.0252137634979747,5.867714356877304,5.966552309789364,30,0.013811111111111107,0.02301691171240184,0.004202293916329116,0.005574615035106039,0.022047607187116174,30,0.003311472222222184,0.008192838510454999,0.001495800820724409,0.00037970261360234254,0.0062432418308420255,30,0.0064,0.02049112507639714,0.003741150477667495,-0.00093265493622829,0.01373265493622829,30,0.01884472222222222,0.0016728858152396835,0.00030542576571239807,0.01824608772142592,0.019443356723018522,30,9000.633333333333,2968.7506890985287,542.0172400094235,7938.279542914863,10062.987123751804,30,8813.7,2815.0993631021147,513.9644742631515,7806.329630444224,9821.070369555777,30,186.93333333333334,160.58834357435168,29.319286082687405,129.46753261126602,244.39913405540065,30,15.694483333333332,1.7852782333301156,0.3259457199392919,15.05562972225232,16.333336944414345,30,4261.933333333333,1902.8758622480966,347.4160112951252,3580.997951194888,4942.868715471779,30,4738.7,1068.3638199247193,195.05565459838533,4356.390916987165,5121.009083012835,30,22388.333333333332,1843.028436050826,336.489416182835,21728.814077614974,23047.85258905169,30,10.966666666666667,0.18257418583505536,0.03333333333333333,10.901333333333334,11.032,30,169.2121212121212,4.39398623547259,0.802228459511848,167.63975343147797,170.7844889927644
0.2,0.2,0.9,baseline1_hdv,,30,30,0.7861719041666667,0.0013199422150865028,0.00024098737526873779,0.78569956891114,0.7866442394221934,30,0.7851723666666668,0.001316400834160349,0.00024034081052941346,0.7847012986780292,0.7856434346553044,30,3.9308595208333332,0.0065997110754330715,0.0012049368763437907,3.9284978445556993,3.933221197110967,30,3.9307753024614125,0.00659024197326915,0.0012032080627256238,3.9284170146584705,3.9331335902643545,30,3.9981500000000003,0.04151093541009035,0.007578825235748815,3.9832955025379326,4.0130044974620676,30,0.33364166666666667,0.006918489235015053,0.0012631375392914684,0.33116591708965537,0.33611741624367797,30,0.0037611458333333537,0.00015428270863783312,2.8168039917979446e-05,0.003705936475094114,0.0038163551915725933,30,0.0054666666666666665,0.0017317189652806381,0.000316167180181237,0.004846978993511442,0.0060863543398218915,30,0.03067429166666667,0.00017588720098763374,3.211246251912398e-05,0.030611351240129186,0.030737232093204152,30,0.0,0.0,0.0,0.0,0.0,30,0.0,0.0,0.0,0.0,0.0,30,0.0,0.0,0.0,0.0,0.0,30,0.0,0.0,0.0,0.0,0.0,0,,,,,,0,,,,,,0,,,,,,30,7.533333333333333,0.5074162634049248,0.09264111117062016,7.351756755438918,7.714909911227749,30,250.2565476190476,2.630912142400833,0.4803366424023933,249.3150877999389,251.1980074381563
0.2,0.2,0.9,baseline2_matched,,30,30,0.7820078874999999,0.00154183276253204,0.0002814988613131015,0.7814561497318263,0.7825596252681736,30,0.7808059000000002,0.001542834781545572,0.00028168180411868835,0.7802538036639275,0.7813579963360728,30,3.910039437499999,0.007709163812664191,0.001407494306566236,3.9072807486591294,3.912798126340869,30,3.9089156445556976,0.0077238286935947115,0.001410171735262494,3.9061517079545833,3.911679581156812,30,4.80795,0.059561088605414876,0.010874317259583214,4.786636338171217,4.829263661828783,30,0.19867500000000002,0.009926848100902474,0.0018123862099305348,0.19512272302853617,0.20222727697146387,30,0.004094083333333354,0.000185457389303115,3.385973185911113e-05,0.004027718258889496,0.004160448407777212,30,0.002033333333333333,0.0010416609195243757,0.00019018039429835804,0.0016605797605085515,0.002406086906158115,30,0.0321051875,0.00022283786037180986,4.068444093060893e-05,0.03202544599577601,0.03218492900422399,30,1484.9,66.69092374787462,12.176041105855969,1461.0349594325223,1508.7650405674779,30,1484.9,66.69092374787462,12.176041105855969,1461.0349594325223,1508.7650405674779,30,0.0,0.0,0.0,0.0,0.0,30,0.0,0.0,0.0,0.0,0.0,0,,,,,,0,,,,,,0,,,,,,30,9.0,0.0,0.0,9.0,9.0,30,207.77777777777777,2.3769862971755673,0.4339763379479122,206.92718415539986,208.6283714001557
0.2,0.2,0.9,noop,,30,30,0.7875060208333332,0.0016574904002178345,0.0003026149603491912,0.7869128955110488,0.7880991461556176,30,0.7865031041666665,0.0016543567061190294,0.00030204282870044575,0.7859111002224136,0.7870951081109193,30,3.9375301041666666,0.008287452001089513,0.0015130748017460182,3.934564477555244,3.940495730778089,30,3.937437317480187,0.00828213620084556,0.0015121042738444168,3.9344735931034522,3.940401041856922,30,4.011666666666667,0.03651955860795067,0.006667528679902181,3.9985983104540583,4.024735022879275,30,0.3313888888888889,0.006086593101325113,0.001111254779983697,0.3292108295201209,0.3335669482576569,30,0.0037078958333333525,0.00016957759096366626,3.096049060606141e-05,0.0036472132717454723,0.0037685783949212327,30,0.0042,0.0016273524086899448,0.000297112541083283,0.003617659419476765,0.004782340580523234,30,0.029378458333333333,0.00019769848530515867,3.6094639995413e-05,0.029307712838942325,0.02944920382772434,30,0.0,0.0,0.0,0.0,0.0,30,0.0,0.0,0.0,0.0,0.0,30,0.0,0.0,0.0,0.0,0.0,30,29.149933333333333,1.0241688197091177,0.18698678841604177,28.783439228037892,29.516427438628774,30,0.0,0.0,0.0,0.0,0.0,30,0.0,0.0,0.0,0.0,0.0,30,58299.86666666667,2048.337639418236,373.97357683208367,57566.878456075785,59032.85487725755,30,7.6,0.49827287912243984,0.09097176522946841,7.421695340150242,7.778304659849757,30,249.09285714285716,2.238979186443193,0.4087798020665006,248.29164873080683,249.89406555490748
0.2,0.2,0.9,left_if_safe,,30,30,0.7679125333333329,0.004059230753115903,0.0007411107498667545,0.766459956263594,0.7693651104030718,30,0.766709075,0.004066654742913425,0.0007424661787596849,0.765253841289631,0.7681643087103689,30,3.839562666666666,0.02029615376557823,0.0037055537493335387,3.832299781317972,3.8468255520153596,30,3.8383433041301624,0.02035872211721311,0.003716977115192318,3.8310580289843856,3.8456285792759393,30,4.813833333333333,0.1395387310794547,0.025476170219288177,4.763900039703528,4.863766626963138,30,0.19769444444444445,0.023256455179909114,0.004246028369881362,0.189372228839477,0.2060166600494119,30,0.007549458333333366,0.0027741070360283782,0.0005064803335221797,0.006556756879629894,0.008542159787036839,30,0.00755,0.008203605178885347,0.001497766536447236,0.004614377588563418,0.010485622411436583,30,0.032285125,0.00034760116984248205,6.346300057930396e-05,0.032160737518864564,0.03240951248113543,30,2434.9666666666667,243.27130921063724,44.4150612161601,2347.913146682993,2522.0201866503403,30,2434.9666666666667,243.27130921063724,44.4150612161601,2347.913146682993,2522.0201866503403,30,0.0,0.0,0.0,0.0,0.0,30,14.285283333333332,0.8040750059726299,0.14680333956577019,13.997548787784423,14.573017878882242,30,2434.9666666666667,243.27130921063724,44.4150612161601,2347.913146682993,2522.0201866503403,30,0.0,0.0,0.0,0.0,0.0,30,26135.6,1390.7584038685636,253.91658327956412,25637.92349677205,26633.276503227946,30,9.066666666666666,0.3651483716701107,0.06666666666666667,8.936,9.197333333333333,30,207.56046296296296,6.175242806075871,1.1274399276530849,205.3506807047629,209.770245221163
0.2,0.2,0.9,graph_ppo,edge-graph,30,30,0.7699482666666668,0.0019110875809782405,0.0003489152591565877,0.7692643927587199,0.7706321405746137,30,0.7687221458333333,0.0019233182541563147,0.00035114826435428924,0.7680338952351989,0.7694103964314677,30,3.849741333333333,0.009555437904891117,0.001744576295782923,3.8463219637935984,3.8531607028730672,30,3.8484212557363366,0.009628627054600589,0.0017579387452030897,3.8449756957957386,3.8518668156769347,30,4.904483333333333,0.08951935673297177,0.016343923672000205,4.872449242936213,4.936517423730454,30,0.18258611111111112,0.014919892788828637,0.002723987278666702,0.1772470960449244,0.18792512617729784,30,0.006055812500000021,0.00029587429572123033,5.4019008650824034e-05,0.005949935243044406,0.006161689756955637,30,0.0022500000000000003,0.0017895771028085244,0.0003267305825343235,0.0016096080582327262,0.0028903919417672744,30,0.03252039583333333,0.00030431675535500695,5.556038384490612e-05,0.032411497480997316,0.03262929418566935,30,2793.233333333333,157.3578577710654,28.729482767300706,2736.923547109424,2849.5431195572423,30,2792.5666666666666,157.22061884023273,28.704426481239057,2736.305990763438,2848.8273425698953,30,0.6666666666666666,0.9589266029707683,0.1750752438129634,0.32351918879325836,1.009814144540075,30,17.933033333333334,0.788703726259799,0.14399694068695718,17.6507993295869,18.21526733707977,30,1667.5333333333333,313.1719515926799,57.1771140884089,1555.466189720052,1779.6004769466147,30,1125.7,269.69128583469734,49.23866693807907,1029.192212801365,1222.207787198635,30,33072.833333333336,1602.3040110035802,292.53935026922227,32499.45620680566,33646.21045986101,30,9.133333333333333,0.3457459036417604,0.06312427686319991,9.009609750681461,9.257056915985205,30,203.93148148148148,3.7715432929825274,0.6885864460579486,202.58185204720792,205.28111091575505
0.2,0.2,0.9,node_mlp_ppo,node-mlp-matched,30,30,0.7686323958333331,0.0042799630579048375,0.0007814107707010896,0.7671008307227589,0.7701639609439073,30,0.7674281541666665,0.004275805362443602,0.0007806516828373044,0.7658980768683055,0.7689582314650276,30,3.8431619791666676,0.021399815289522936,0.003907053853505219,3.8355041536137975,3.8508198047195377,30,3.8419431998331244,0.02140578404227146,0.003908143593678732,3.834283238389514,3.8496031612767347,30,4.816966666666667,0.16499801113395554,0.030124377547185333,4.757922886674184,4.87601044665915,30,0.19717222222222222,0.027499668522325924,0.005020729591197556,0.187331592223475,0.20701285222096943,30,0.007077979166666689,0.0025978526790631654,0.00047430083779937483,0.006148349524579914,0.008007608808753463,30,0.0077,0.009239719356836736,0.0016869342389188686,0.004393608891719018,0.011006391108280982,30,0.032551916666666666,0.0004302998945870309,7.856165291913732e-05,0.032397935826945154,0.03270589750638818,30,2866.866666666667,332.0099430722679,60.61644504556239,2748.0584343773644,2985.674898955969,30,2865.6,331.9583064804665,60.607017536854954,2746.8102456277643,2984.3897543722355,30,1.2666666666666666,1.8557149999176976,0.3388056552518735,0.6026075823729945,1.9307257509603386,30,14.6456,0.7596447490949872,0.1386915215898922,14.373764617683811,14.917435382316189,30,356.9,97.59004683562412,17.817423346618995,321.97785024062676,391.8221497593732,30,2509.9666666666667,261.6216646271842,47.76536241612006,2416.3465563310715,2603.586777002262,30,26424.333333333332,1265.926056927969,231.12541917100592,25971.32751175816,26877.339154908503,30,9.1,0.40257789993644877,0.07350033231608352,8.955939348660475,9.244060651339524,30,208.16046296296295,6.917019012834277,1.2628691146738165,205.68523949820226,210.63568642772364
0.2,0.2,0.9,grid_cnn_ppo,grid-cnn-matched,30,30,0.7670578041666667,0.005989317902585713,0.001093494839771908,0.7649145542807138,0.7692010540526196,30,0.7658500583333332,0.005965750694945235,0.001089192076024542,0.763715241864325,0.7679848748023413,30,3.835289020833334,0.029946589512929913,0.005467474198859786,3.824572771403569,3.8460052702630994,30,3.834042845223195,0.029866086082329393,0.005452776350560968,3.8233554035760955,3.844730286870295,30,4.830983333333333,0.21907121670476423,0.03999674902976731,4.752589705234989,4.909376961431677,30,0.1948361111111111,0.036511869450794036,0.006666124838294552,0.18177050642805379,0.2079017157941684,30,0.007839750000000003,0.006075934746537375,0.0011093088395359848,0.005665504674509473,0.010013995325490533,30,0.009666666666666665,0.0165525981570002,0.0030220771319691493,0.003743395488007133,0.015589937845326198,30,0.0345108125,0.0008477946344413251,0.00015478541513845332,0.034207433086328634,0.03481419191367137,30,5986.166666666667,943.4461804482007,172.248918274523,5648.558786848602,6323.774546484732,30,5959.3,938.658696372575,171.37484726721732,5623.405299356255,6295.194700643746,30,26.866666666666667,9.82162755433599,1.7931756543080395,23.35204238422291,30.381290949110426,30,15.294016666666666,1.1161699944942054,0.20378382799829778,14.894600363790003,15.693432969543329,30,2137.266666666667,397.4425079510706,72.56274230540923,1995.0436917480647,2279.489641585269,30,3848.9,552.270320492195,100.83030412472759,3651.272603915534,4046.527396084466,30,24601.866666666665,1693.86967160045,309.25687620314477,23995.7231893085,25208.01014402483,30,9.166666666666666,0.5306686305052324,0.09688639316269664,8.97676933606778,9.356563997265551,30,207.575,9.99564885116148,1.8249474508939139,203.99810299624792,211.15189700375205
0.2,0.2,0.95,baseline1_hdv,,30,30,0.7861719041666667,0.0013199422150865028,0.00024098737526873779,0.78569956891114,0.7866442394221934,30,0.7851723666666668,0.001316400834160349,0.00024034081052941346,0.7847012986780292,0.7856434346553044,30,3.9308595208333332,0.0065997110754330715,0.0012049368763437907,3.9284978445556993,3.933221197110967,30,3.9307753024614125,0.00659024197326915,0.0012032080627256238,3.9284170146584705,3.9331335902643545,30,3.9981500000000003,0.04151093541009035,0.007578825235748815,3.9832955025379326,4.0130044974620676,30,0.33364166666666667,0.006918489235015053,0.0012631375392914684,0.33116591708965537,0.33611741624367797,30,0.0037611458333333537,0.00015428270863783312,2.8168039917979446e-05,0.003705936475094114,0.0038163551915725933,30,0.0054666666666666665,0.0017317189652806381,0.000316167180181237,0.004846978993511442,0.0060863543398218915,30,0.03067429166666667,0.00017588720098763374,3.211246251912398e-05,0.030611351240129186,0.030737232093204152,30,0.0,0.0,0.0,0.0,0.0,30,0.0,0.0,0.0,0.0,0.0,30,0.0,0.0,0.0,0.0,0.0,30,0.0,0.0,0.0,0.0,0.0,0,,,,,,0,,,,,,0,,,,,,30,7.533333333333333,0.5074162634049248,0.09264111117062016,7.351756755438918,7.714909911227749,30,250.2565476190476,2.630912142400833,0.4803366424023933,249.3150877999389,251.1980074381563
0.2,0.2,0.95,baseline2_matched,,30,30,0.7823192833333333,0.0015586111481495114,0.0002845621614068379,0.781761541496976,0.7828770251696907,30,0.7810670708333333,0.0015607096327788263,0.00028494529052952247,0.7805085780638954,0.7816255636027711,30,3.911596416666667,0.007793055740747289,0.0014228108070341407,3.90880770748488,3.9143851258484537,30,3.910223133083022,0.007813314807402782,0.0014265095896345452,3.9074271742873385,3.913019091878706,30,5.00885,0.05700607196939033,0.01040783717746601,4.988450639132166,5.0292493608678335,30,0.16519166666666668,0.009501011994898386,0.001734639529577668,0.16179177318869445,0.1685915601446389,30,0.004129104166666688,0.00017023284346732908,3.108012279843403e-05,0.004068187125981757,0.004190021207351619,30,0.0013,0.0008469010445797931,0.00015462226869701368,0.000996940353353853,0.0016030596466461468,30,0.03218466666666667,0.00022919295564990768,4.1844717276911844e-05,0.03210265102080392,0.03226668231252942,30,1647.9333333333334,54.74513572051376,9.995048582602406,1628.3430381114326,1667.5236285552342,30,1647.9333333333334,54.74513572051376,9.995048582602406,1628.3430381114326,1667.5236285552342,30,0.0,0.0,0.0,0.0,0.0,30,0.0,0.0,0.0,0.0,0.0,0,,,,,,0,,,,,,0,,,,,,30,9.533333333333333,0.5074162634049248,0.09264111117062016,9.351756755438918,9.714909911227748,30,199.71518518518516,2.449184681730246,0.44715789922658883,198.83875570270104,200.5916146676693
0.2,0.2,0.95,noop,,30,30,0.7872698041666664,0.001552097625990653,0.00028337296040176576,0.7867143931642789,0.7878252151690538,30,0.7862624958333334,0.0015491111239119228,0.0002828277022162469,0.7857081535369895,0.7868168381296773,30,3.936349020833333,0.007760488129954597,0.0014168648020090719,3.9335719658213955,3.939126075845271,30,3.936232770129331,0.0077552496816629376,0.0014159083965771832,3.93345758967204,3.939007950586622,30,4.029233333333333,0.04344313233557671,0.007931594516292485,4.0136874080814,4.044779258585266,30,0.32846111111111115,0.007240522055929458,0.001321932419382082,0.32587012356912226,0.33105209865310004,30,0.003755770833333353,0.00017776931997474035,3.245608886083966e-05,0.0036921568991661073,0.003819384767500599,30,0.004033333333333333,0.0017366899418212187,0.0003170747521759387,0.0034118668190684935,0.004654799847598173,30,0.0292886875,0.00023086724790021072,4.215039982136087e-05,0.02920607271635013,0.02937130228364987,30,0.0,0.0,0.0,0.0,0.0,30,0.0,0.0,0.0,0.0,0.0,30,0.0,0.0,0.0,0.0,0.0,30,31.39356666666667,0.7290638273620604,0.13310823470241756,31.13267452664993,31.654458806683408,30,0.0,0.0,0.0,0.0,0.0,30,0.0,0.0,0.0,0.0,0.0,30,62787.13333333333,1458.1276547241207,266.21646940483504,62265.349053299855,63308.91761336681,30,7.733333333333333,0.4497764451088036,0.08211756827352529,7.5723828995172235,7.894283767149443,30,248.3952380952381,2.7105672502638902,0.4948796088680945,247.42527406185664,249.3652021286196
0.2,0.2,0.95,left_if_safe,,30,30,0.7522916125000001,0.027500096922543835,0.005020807806018553,0.7424508292002038,0.7621323957997964,30,0.7510014208333333,0.027413498271629762,0.005004997127833501,0.7411916264627797,0.760811215203887,30,3.761458062499999,0.13750048461271877,0.025104039030092687,3.7122541460010177,3.8106619789989806,30,3.759706737588652,0.13723904015834876,0.025056306021694993,3.7105963777861297,3.808817097391174,30,5.1607666666666665,0.3592897863490036,0.06559704022152033,5.032196467832486,5.289336865500847,30,0.13987222222222223,0.05988163105816726,0.010932840036920053,0.11844385574985893,0.16130058869458552,30,0.016659708333333377,0.029135242959694323,0.00531934326247272,0.006233795538886847,0.02708562112777991,30,0.02101666666666667,0.05685029999213199,0.010379397235542152,0.0006730480850040514,0.041360285248329284,30,0.03311920833333334,0.0013222296890384485,0.00024140500896313317,0.0326460545157656,0.03359236215090108,30,3535.6,157.2782730462596,28.71495265096438,3479.3186928041096,3591.8813071958903,30,3535.6,157.2782730462596,28.71495265096438,3479.3186928041096,3591.8813071958903,30,0.0,0.0,0.0,0.0,0.0,30,17.6588,2.6702111552821255,0.4875116276833167,16.703277209740698,18.6143227902593,30,3535.6,157.2782730462596,28.71495265096438,3479.3186928041096,3591.8813071958903,30,0.0,0.0,0.0,0.0,0.0,30,31782.0,5319.641030149983,971.2291300143884,29878.3909051718,33685.6090948282,30,9.8,0.6643638388299198,0.12129568697262455,9.562260453533657,10.037739546466344,30,195.1412433862434,18.465982315228274,3.371411686847333,188.5332764800226,201.74921029246417
0.2,0.2,0.95,graph_ppo,edge-graph,30,30,0.7644367958333336,0.0021978265082655884,0.0004012663853532924,0.7636503137180412,0.765223277948626,30,0.7631386583333332,0.002208133825741763,0.00040314823544964837,0.7623484877918518,0.7639288288748145,30,3.8221839791666663,0.010989132541327185,0.002006331926766324,3.8182515685902043,3.8261163897431283,30,3.8204688777638705,0.011054487237755635,0.0020182640072572452,3.816513080309646,3.824424675218095,30,5.19255,0.07514610481565571,0.013719738905394076,5.1656593117454275,5.219440688254572,30,0.134575,0.012524350802609285,0.0022866231508990123,0.13009321862423795,0.13905678137576205,30,0.006972291666666675,0.0003200875138504873,5.843971723721973e-05,0.006857749820881724,0.007086833512451626,30,0.0023333333333333335,0.001708666213713216,0.00031195834283255714,0.0017218949813815215,0.0029447716852851456,30,0.0332591875,0.00039244255255793713,7.164987952029629e-05,0.03311875373614022,0.033399621263859786,30,3445.0,202.61565449953727,36.99238815768989,3372.494919210928,3517.505080789072,30,3444.5333333333333,202.35215690053528,36.94428029808261,3372.1225439490913,3516.9441227175753,30,0.4666666666666667,1.0080138659874618,0.18403731089310746,0.10595353731617607,0.8273797960171573,30,19.536316666666668,0.7904617646899701,0.14431791312201242,19.253453556947523,19.819179776385813,30,2353.1666666666665,424.9467377037474,77.5843046595245,2201.1014295339983,2505.2319037993348,30,1091.8333333333333,363.1486902969193,66.30157646802671,961.8822434560009,1221.7844232106656,30,35627.63333333333,1696.4170047553132,309.72195347994455,35020.57830451264,36234.688362154026,30,10.0,0.0,0.0,10.0,10.0,30,192.42666666666668,3.023007560798298,0.5519231441859659,191.3448973040622,193.50843602927117
0.2,0.2,0.95,node_mlp_ppo,node-mlp-matched,30,30,0.7620161624999999,0.002970096481610912,0.0005422629469816748,0.7609533271239158,0.763078997876084,30,0.7606992749999999,0.0029570116627249034,0.0005398739968267626,0.7596411219662195,0.7617574280337803,30,3.810080812500001,0.014850482408054047,0.0027113147349082803,3.804766635619581,3.8153949893804215,30,3.8082566958698356,0.014803562767083844,0.002702748419658472,3.802959308967305,3.813554082772366,30,5.26755,0.12102324869271162,0.022095721097185255,5.224242386649517,5.310857613350483,30,0.12207500000000002,0.02017054144878527,0.0036826201828642087,0.11485706444158617,0.12929293555841387,30,0.0077459583333333555,0.0019249784322945035,0.0003514513700262102,0.007057113648081983,0.008434803018584727,30,0.004383333333333334,0.006592424248428219,0.001203606489836059,0.002024264613254658,0.006742402053412009,30,0.03370302083333333,0.0004082778989392057,7.45410049932725e-05,0.03355692046354652,0.03384912120312015,30,4073.1666666666665,340.25569323908337,62.121906168868,3951.407730575685,4194.9256027576475,30,4071.7,339.89929035849264,62.05683620311488,3950.0686010418945,4193.331398958105,30,1.4666666666666666,1.6553639735893346,0.30222672973875486,0.874302276378707,2.059031056954626,30,17.230833333333333,0.3887214970886618,0.07097051084754628,17.09173113207214,17.369935534594525,30,464.56666666666666,151.81469724256138,27.71744474685607,410.2404749628288,518.8928583705045,30,3608.6,220.33854828892052,40.2281310619277,3529.7528631186215,3687.4471368813784,30,30388.5,599.3903655755802,109.43320799233776,30174.01091233502,30602.98908766498,30,9.966666666666667,0.18257418583505536,0.03333333333333333,9.901333333333334,10.032,30,190.05777777777777,4.462529679078213,0.8147427229224757,188.46088204084973,191.65467351470582
0.2,0.2,0.95,grid_cnn_ppo,grid-cnn-matched,30,30,0.7634637125000001,0.007659914407253739,0.001398502636470562,0.7607226473325178,0.7662047776674824,30,0.7621312624999999,0.007645465554186504,0.0013958646488855613,0.7593953677881842,0.7648671572118155,30,3.8173185624999997,0.03829957203626815,0.006992513182352712,3.8036132366625885,3.831023888337411,30,3.815425594493115,0.03827517173559993,0.00698805831732408,3.80172900019116,3.82912218879507,30,5.3298000000000005,0.11671033993728173,0.02130829529258176,5.28803574122654,5.371564258773461,30,0.1117,0.019451723322880286,0.003551382548763626,0.10473929020442328,0.1186607097955767,30,0.007894187499999974,0.007496200846580223,0.001368612766420437,0.005211706477815917,0.010576668522184031,30,0.005316666666666667,0.015194420104066183,0.0027741088797356805,-0.00012058673761526726,0.010753920070948601,30,0.036028583333333336,0.0005028673422850026,9.181059560072246e-05,0.03584863456595592,0.036208532100710754,30,7886.1,525.5059532455857,95.94382156528748,7698.050109732037,8074.149890267964,30,7833.5,518.3985785155054,94.64619841051842,7647.993451115384,8019.006548884616,30,52.6,11.49692612591851,2.099041927045349,48.485877822991114,56.71412217700889,30,18.135516666666668,0.9177884633758193,0.16756448146964675,17.80709028298616,18.463943050347176,30,2749.4666666666667,227.40708346310456,41.518663116400795,2668.090086958521,2830.843246374812,30,5136.633333333333,307.63183137991575,56.16563115113516,5026.548696277108,5246.717970389558,30,28384.933333333334,1697.614856879749,309.9406503563142,27777.44965863496,28992.41700803171,30,10.066666666666666,0.2537081317024624,0.04632055558531008,9.975878377719459,10.157454955613874,30,187.35151515151517,4.192707869390251,0.7654802256981548,185.85117390914678,188.85185639388357
0.2,0.2,1.0,baseline1_hdv,,30,30,0.7861719041666667,0.0013199422150865028,0.00024098737526873779,0.78569956891114,0.7866442394221934,30,0.7851723666666668,0.001316400834160349,0.00024034081052941346,0.7847012986780292,0.7856434346553044,30,3.9308595208333332,0.0065997110754330715,0.0012049368763437907,3.9284978445556993,3.933221197110967,30,3.9307753024614125,0.00659024197326915,0.0012032080627256238,3.9284170146584705,3.9331335902643545,30,3.9981500000000003,0.04151093541009035,0.007578825235748815,3.9832955025379326,4.0130044974620676,30,0.33364166666666667,0.006918489235015053,0.0012631375392914684,0.33116591708965537,0.33611741624367797,30,0.0037611458333333537,0.00015428270863783312,2.8168039917979446e-05,0.003705936475094114,0.0038163551915725933,30,0.0054666666666666665,0.0017317189652806381,0.000316167180181237,0.004846978993511442,0.0060863543398218915,30,0.03067429166666667,0.00017588720098763374,3.211246251912398e-05,0.030611351240129186,0.030737232093204152,30,0.0,0.0,0.0,0.0,0.0,30,0.0,0.0,0.0,0.0,0.0,30,0.0,0.0,0.0,0.0,0.0,30,0.0,0.0,0.0,0.0,0.0,0,,,,,,0,,,,,,0,,,,,,30,7.533333333333333,0.5074162634049248,0.09264111117062016,7.351756755438918,7.714909911227749,30,250.2565476190476,2.630912142400833,0.4803366424023933,249.3150877999389,251.1980074381563
0.2,0.2,1.0,baseline2_matched,,30,30,0.7803061125000001,0.00127879063682595,0.0002334741593719898,0.7798485031476311,0.7807637218523692,30,0.7789574125000001,0.001274397863288597,0.0002326721523198498,0.7785013750814531,0.779413449918547,30,3.9015305625000005,0.00639395318413095,0.0011673707968601682,3.8992425157381545,3.9038186092618465,30,3.899661639549439,0.006379964271783478,0.0011648167825776103,3.8973785986555867,3.901944680443291,30,5.3948,0.04145076015275692,0.00756783878713375,5.379967035977218,5.409632964022782,30,0.10086666666666666,0.006908460025459488,0.001261306464522292,0.09839450599620297,0.10333882733713035,30,0.004258583333333353,0.00018819017611197824,3.435866818580011e-05,0.0041912403436891845,0.004325926322977521,30,0.00025,0.0003884096664161659,7.091357861639693e-05,0.00011100938591186203,0.00038899061408813795,30,0.032536916666666665,0.00018977243158643965,3.4647547190832964e-05,0.03246900747417263,0.0326048258591607,30,1795.1666666666667,163.77467349428886,29.90102767362181,1736.560652426368,1853.7726809069654,30,1795.1666666666667,163.77467349428886,29.90102767362181,1736.560652426368,1853.7726809069654,30,0.0,0.0,0.0,0.0,0.0,30,0.0,0.0,0.0,0.0,0.0,0,,,,,,0,,,,,,0,,,,,,30,10.0,0.0,0.0,10.0,10.0,30,185.39,1.4972042912225345,0.2733508544987054,184.85423232518252,185.92576767481745
0.2,0.2,1.0,noop,,30,30,0.7877588999999999,0.0011006240174563273,0.00020094553389759674,0.7873650467535607,0.7881527532464392,30,0.7867523458333336,0.0010983900780994328,0.00020053767423830682,0.7863592919918265,0.7871453996748408,30,3.938794500000001,0.005503120087281679,0.0010047276694879913,3.9368252337678045,3.9407637662321977,30,3.9386850855235753,0.0054988239203974405,0.00100394330031689,3.9367173566549543,3.9406528143921964,30,4.0262166666666666,0.04894220436204417,0.00893558311437311,4.008702923762495,4.043730409570838,30,0.3289638888888889,0.008157034060340691,0.0014892638523955177,0.32604493173819366,0.3318828460395841,30,0.0037137500000000196,0.0001821013004365704,3.324699666671165e-05,0.0036485858865332645,0.0037789141134667746,30,0.004416666666666667,0.0015870343918515252,0.0002897515119845244,0.003848753703176999,0.0049845796301563345,30,0.029202500000000003,0.00020584671910730428,3.758229714783341e-05,0.02912883869759025,0.029276161302409755,30,0.0,0.0,0.0,0.0,0.0,30,0.0,0.0,0.0,0.0,0.0,30,0.0,0.0,0.0,0.0,0.0,30,33.84048333333333,0.3086422570162616,0.056350108789037866,33.730037120106815,33.95092954655985,30,0.0,0.0,0.0,0.0,0.0,30,0.0,0.0,0.0,0.0,0.0,30,67680.96666666666,617.2845140325228,112.70021757807567,67460.07424021364,67901.85909311968,30,7.733333333333333,0.4497764451088036,0.08211756827352529,7.5723828995172235,7.894283767149443,30,248.46428571428572,3.020645008972794,0.5514918032099314,247.38336177999426,249.54520964857718
0.2,0.2,1.0,left_if_safe,,30,30,0.7461407875,0.023221292783262834,0.0042396086239416585,0.7378311545970744,0.7544504204029256,30,0.7446872708333333,0.023155926681210724,0.004227674461078284,0.7364010288896199,0.7529735127770467,30,3.7307039375,0.11610646391631549,0.021198043119708534,3.6891557729853712,3.7722521020146287,30,3.7280964747601155,0.1159245390799037,0.02116482834081748,3.686613411212113,3.769579538308118,30,5.814066666666666,0.2975643869279658,0.05432757567688074,5.70758461833998,5.920548714993353,30,0.030988888888888885,0.0495940644879943,0.009054595946146791,0.013241880834441173,0.0487358969433366,30,0.013445875000000133,0.025346314601203488,0.004627582752233903,0.004375812805621684,0.022515937194378582,30,0.009200000000000002,0.047006529260342635,0.008582178808638765,-0.007621070464931977,0.026021070464931982,30,0.0352671875,0.0011507338216957025,0.00021009429060895465,0.03485540269040645,0.03567897230959355,30,5084.533333333334,288.9427497683203,52.753487291893215,4981.136498241223,5187.930168425444,30,5084.533333333334,288.9427497683203,52.753487291893215,4981.136498241223,5187.930168425444,30,0.0,0.0,0.0,0.0,0.0,30,20.420983333333332,2.258236714797072,0.4122957296269055,19.612883703264597,21.229082963402067,30,5084.533333333334,288.9427497683203,52.753487291893215,4981.136498241223,5187.930168425444,30,0.0,0.0,0.0,0.0,0.0,30,35757.433333333334,4464.846058151222,815.1656339458156,34159.70869079953,37355.157975867136,30,10.866666666666667,0.5713464637233658,0.10431311544403152,10.662212960396365,11.071120372936969,30,172.87522727272727,12.205752092239896,2.2284552507452227,168.50745498126665,177.2429995641879
0.2,0.2,1.0,graph_ppo,edge-graph,30,30,0.7494065625,0.001607357388881838,0.00029346196662106207,0.7488313770454228,0.7499817479545773,30,0.7479144083333333,0.0016129524572156184,0.00029448348166679353,0.7473372207092664,0.7484915959574002,30,3.7470328125,0.008036786944407815,0.001467309833105059,3.744156885227114,3.749908739772886,30,3.744252357113056,0.008074855855900153,0.0014742602336263997,3.741362807055148,3.7471419071709637,30,5.968616666666667,0.045845445630481915,0.008370194910230533,5.952211084642615,5.9850222486907185,30,0.005230555555555546,0.007640907605080325,0.001395032485038423,0.0024962918848802362,0.007964819226230855,30,0.008767041666666675,0.00031735835208020034,5.794144274899743e-05,0.00865347643887864,0.00888060689445471,30,0.0,0.0,0.0,0.0,0.0,30,0.035762062500000004,0.00028949146991408503,5.28536694257575e-05,0.03565846930792552,0.03586565569207449,30,5396.766666666666,219.82590028652587,40.13453477027053,5318.102978516936,5475.430354816397,30,5393.9,212.22245160566126,38.746341317823045,5317.957171017067,5469.842828982933,30,2.8666666666666667,8.704867181277274,1.5892840384239917,-0.24833004864435715,5.9816633819776905,30,20.40823333333333,0.15954724375088955,0.029129208130045787,20.35114008539844,20.465326581268222,30,2672.733333333333,2668.203075212738,487.1450040995566,1717.929125298202,3627.537541368464,30,2724.0333333333333,2735.919608157164,499.50829496945795,1744.9970751931958,3703.0695914734706,30,35419.7,246.9181282712258,45.08087623703482,35331.34148257541,35508.058517424586,30,11.0,0.0,0.0,11.0,11.0,30,167.62121212121212,1.3433354771749055,0.245258381048554,167.14050569435696,168.1019185480673
0.2,0.2,1.0,node_mlp_ppo,node-mlp-matched,30,30,0.7595288000000001,0.0016391672308753106,0.00029926962262456205,0.758942231539656,0.7601153684603442,30,0.7580556041666668,0.0016447429097928836,0.00030028759766341566,0.7574670404752466,0.7586441678580871,30,3.7976440000000005,0.00819583615437843,0.001496348113123153,3.7947111576982793,3.8005768423017217,30,3.795021798080933,0.008234007057786295,0.0015033171347354326,3.7920752964968516,3.7979682996650146,30,5.892783333333333,0.11436478865917366,0.020880058177646803,5.851858419305145,5.933708247361521,30,0.01786944444444445,0.019060798109862276,0.0034800096962744674,0.011048625439746496,0.024690263449142408,30,0.006729937500000006,0.00036824323557883333,6.723170892507199e-05,0.006598163350506865,0.006861711649493147,30,0.0005333333333333334,0.0024667909257301006,0.00045037234489047565,-0.00034939646265199893,0.0014160631293186655,30,0.03602647916666667,0.00037346577256751887,6.818520936377471e-05,0.03589283615631367,0.036160122177019666,30,7066.366666666667,446.5362080027456,81.52598462197422,6906.575736807597,7226.157596525736,30,7064.966666666666,446.7678162191133,81.56827030351025,6905.092856871786,7224.840476461546,30,1.4,1.830771459776188,0.3342516087186933,0.7448668469113611,2.0551331530886388,30,20.760416666666668,0.550280932692618,0.10046709326690964,20.563501163863524,20.95733216946981,30,2125.633333333333,326.8065423028646,59.66643838651509,2008.6871140957637,2242.5795525709027,30,4940.733333333334,211.03798209103846,38.53008776054434,4865.214361322666,5016.252305344001,30,34454.46666666667,929.0282551411311,169.61657730015412,34122.018175158366,34786.91515817497,30,11.0,0.0,0.0,11.0,11.0,30,169.87272727272727,3.458634768222875,0.6314574269091069,168.63507071598542,171.11038382946913
0.2,0.2,1.0,grid_cnn_ppo,grid-cnn-matched,30,30,0.7626279791666667,0.002514349182066182,0.0004590552548207706,0.761728230867218,0.7635277274661154,30,0.7611538291666667,0.002495592840925025,0.00045563083110767926,0.7602607927376956,0.7620468655956378,30,3.813139895833333,0.012571745910329335,0.0022952762741035655,3.80864115433609,3.817638637330576,30,3.8105323112223592,0.012493581181099804,0.002281005412303466,3.8060615406142446,3.815003081830474,30,5.8966,0.08984194934477417,0.016402820755456432,5.864450471319306,5.928749528680695,30,0.01723333333333333,0.014973658224129023,0.0027338034592427375,0.011875078553217564,0.022591588113449093,30,0.006690875000000016,0.0012084048846730871,0.00022062353797829286,0.006258452865562562,0.0071232971344374705,30,0.001,0.0027574350900541737,0.0005034364665596533,1.3264525543079568e-05,0.0019867354744569207,30,0.0390038125,0.000984920604815915,0.000179821077536436,0.03865136318802859,0.03935626181197141,30,12805.466666666667,1928.2978510330945,352.05741019985413,12115.434142674952,13495.499190658382,30,12458.466666666667,1753.1657225073484,320.0828044207057,11831.104370002084,13085.82896333125,30,347.0,180.67440709549967,32.986482776692206,282.3464937576833,411.6535062423167,30,21.940183333333334,0.8125846744560958,0.14835698536086522,21.649403642026037,22.23096302464063,30,5565.866666666667,1126.9560078717186,205.75307560910326,5162.590638472824,5969.142694860509,30,7239.6,802.3973819876842,146.49704873258136,6952.465784484141,7526.734215515859,30,31074.9,493.3419007488445,90.07149586753899,30898.359868099626,31251.440131900377,30,11.0,0.0,0.0,11.0,11.0,30,169.71818181818182,2.624429805487803,0.47915313501818835,168.77904167354617,170.65732196281746
0.25,0.25,0.9,baseline1_hdv,,30,30,0.7705899416666667,0.0012503653016793825,0.00022828442695051665,0.7701425041898438,0.7710373791434897,30,0.769811675,0.001249299137827258,0.00022808977295324826,0.7693646190450116,0.7702587309549884,30,3.082359766666667,0.00500146120671753,0.0009131377078020666,3.080570016759375,3.0841495165739587,30,3.082329029029028,0.005002198750058867,0.0009132723641771292,3.080539015195241,3.0841190428628154,30,3.1130666666666666,0.05473033158498402,0.009992345729611073,3.093481669036629,3.1326516642967044,30,0.48115555555555556,0.009121721930830667,0.0016653909549351783,0.4778913892838826,0.48441972182722853,30,0.016053049999999944,0.0007173287894971064,0.00013096571971848002,0.015796357189351722,0.016309742810648165,30,0.016633333333333333,0.0044662205987592695,0.0008154165895782272,0.015035116817760008,0.01823154984890666,30,0.041947366666666666,0.00022755461388170194,4.154559836246212e-05,0.04186593729387624,0.04202879603945709,30,0.0,0.0,0.0,0.0,0.0,30,0.0,0.0,0.0,0.0,0.0,30,0.0,0.0,0.0,0.0,0.0,30,0.0,0.0,0.0,0.0,0.0,0,,,,,,0,,,,,,0,,,,,,30,6.0,0.0,0.0,6.0,6.0,30,321.3,5.551120835357091,1.0134913669873333,319.31355692070485,323.28644307929517
0.25,0.25,0.9,baseline2_matched,,30,30,0.7664477333333332,0.0011135653610317524,0.0002033082891644917,0.7660492490865708,0.7668462175800955,30,0.7654741500000001,0.001113742690966256,0.00020334066503290788,0.7650756022965356,0.7658726977034646,30,3.0657909333333326,0.00445426144412701,0.0008132331566579668,3.064196996346283,3.067384870320382,30,3.0649615615615597,0.004459430194060078,0.0008141768369687817,3.0633657749611007,3.0665573481620187,30,3.8943333333333334,0.054074554748646475,0.009872617807627257,3.874983002430384,3.9136836642362827,30,0.35094444444444445,0.00901242579144108,0.0016454363012712097,0.34771938929395285,0.35416949959493604,30,0.01691149999999996,0.0008725077215348691,0.00015929738689402794,0.016599277121687666,0.017223722878312257,30,0.0054,0.001826056614297785,0.0003333907996441358,0.004746554032697494,0.0060534459673025065,30,0.04327995,0.0002591987438108132,4.732299962072832e-05,0.04318719692074337,0.04337270307925663,30,2101.3333333333335,131.65847493795644,24.03743887008244,2054.219953147972,2148.446713518695,30,2101.3333333333335,131.65847493795644,24.03743887008244,2054.219953147972,2148.446713518695,30,0.0,0.0,0.0,0.0,0.0,30,0.0,0.0,0.0,0.0,0.0,0,,,,,,0,,,,,,0,,,,,,30,7.0,0.0,0.0,7.0,7.0,30,256.72380952380956,4.221011304147896,0.7706477022553674,255.21334002738905,258.2342790202301
0.25,0.25,0.9,noop,,30,30,0.7732129208333336,0.0010801605900533514,0.00019720944030010364,0.7728263903303454,0.7735994513363218,30,0.7724197249999999,0.0010805354771854275,0.0001972778850130225,0.7720330603453743,0.7728063896546254,30,3.0928516833333344,0.0043206423602134055,0.0007888377612004146,3.0913055613213816,3.094397805345287,30,3.09277167167167,0.004326468377120512,0.0007899014414938908,3.091223464846342,3.0943198784969983,30,3.1727833333333333,0.05061103929826551,0.009240269294146819,3.1546724055168056,3.190894261149861,30,0.4712027777777778,0.008435173216377581,0.0015400448823578022,0.4681842898083565,0.4742212657471991,30,0.015694099999999954,0.0005977238781266371,0.00010912895040314264,0.015480207257209794,0.015907992742790113,30,0.01796666666666667,0.005154397742894317,0.000941059971378977,0.016122189122763874,0.019811144210569464,30,0.04024646666666667,0.0002844484055189952,5.193293604971022e-05,0.04014467811200924,0.0403482552213241,30,0.0,0.0,0.0,0.0,0.0,30,0.0,0.0,0.0,0.0,0.0,30,0.0,0.0,0.0,0.0,0.0,30,38.497899999999994,1.1973463647756137,0.2186045377114709,38.069435106085514,38.926364893914474,30,0.0,0.0,0.0,0.0,0.0,30,0.0,0.0,0.0,0.0,0.0,30,76995.8,2394.692729551229,437.2090754229421,76138.87021217104,77852.72978782897,30,6.0,0.0,0.0,6.0,6.0,30,315.05,5.101113618932313,0.93133166582868,313.2245899349758,316.8754100650242
0.25,0.25,0.9,left_if_safe,,30,30,0.7424231333333334,0.03797852767084555,0.006933898768718748,0.7288326917466447,0.7560135749200222,30,0.7414906333333332,0.03788391153858449,0.006916624305404323,0.7279340496947407,0.7550472169719257,30,2.9696925333333337,0.1519141106833822,0.027735595074874993,2.9153307669865787,3.0240542996800888,30,2.9689314647981297,0.15168733348782606,0.027694191413030374,2.91465084962859,3.0232120799676694,30,3.73,0.3927645605194033,0.07170866986169339,3.589451007071081,3.870548992928919,30,0.3783333333333333,0.06546076008656722,0.011951444976948899,0.35490850117851347,0.40175816548815313,30,0.047910350000000025,0.05381130564843037,0.009824555317483491,0.028654221577732383,0.06716647842226767,30,0.06336666666666667,0.10057249344021262,0.018361941107248266,0.02737726209646007,0.09935607123687326,30,0.04087975,0.0035524888209923847,0.0006485927541808204,0.039608508201805594,0.042150991798194405,30,3206.733333333333,195.76585827045486,35.74179218802914,3136.679420644796,3276.78724602187,30,3206.733333333333,195.76585827045486,35.74179218802914,3136.679420644796,3276.78724602187,30,0.0,0.0,0.0,0.0,0.0,30,20.918499999999998,5.12877500666246,0.9363819211725793,19.083191434501742,22.753808565498254,30,3206.733333333333,195.76585827045486,35.74179218802914,3136.679420644796,3276.78724602187,30,0.0,0.0,0.0,0.0,0.0,30,38630.26666666667,10140.061415624843,1851.3134572751646,35001.69229040735,42258.84104292599,30,6.766666666666667,0.8172001541568766,0.1491996528094735,6.474235347160098,7.059097986173235,30,267.2994444444445,33.17464998530126,6.056834711429309,255.42804841004303,279.17084047884595
0.25,0.25,0.9,graph_ppo,edge-graph,30,30,0.7572492874999999,0.0017326706107058786,0.000316340926069954,0.7566292592849028,0.757869315715097,30,0.7562138666666666,0.0017483185339200954,0.00031919783291079905,0.7555882389141614,0.7568394944191718,30,3.0289971499999995,0.0069306824428235145,0.001265363704279816,3.026517037139611,3.031477262860388,30,3.0278833500166824,0.007000274410091072,0.00127806940104435,3.0253783339906355,3.0303883660427293,30,4.141683333333334,0.11663548310672965,0.02129462836768952,4.099945861732662,4.183420804934006,30,0.30971944444444444,0.019439247184454934,0.003549104727948252,0.30276319917766586,0.316675689711223,30,0.021119233333333397,0.0008888636559397552,0.0001622835583015716,0.020801157559062318,0.021437309107604476,30,0.006816666666666666,0.002666792382094152,0.0004868874479519677,0.00586236726868081,0.007770966064652523,30,0.04304615,0.0003293670562740308,6.0133922140120036e-05,0.04292828751260536,0.04316401248739463,30,4046.2,287.1960041985024,52.43457664162272,3943.4282297824193,4148.97177021758,30,4043.4,287.54724949067963,52.49870496487037,3940.502538268854,4146.297461731146,30,2.8,2.4968946230509386,0.4558685029194526,1.9064977342778728,3.6935022657221266,30,23.6284,0.8380634224210004,0.15300874702665423,23.328502855827757,23.92829714417224,30,2416.9333333333334,340.145601007947,62.10180616940151,2295.2137932413066,2538.65287342536,30,1629.2666666666667,334.7280865927193,61.11270788579164,1509.485759210515,1749.0475741228183,30,43210.6,1604.6270079002031,292.96346953632053,42636.39159970881,43784.808400291186,30,7.9,0.30512857662936466,0.055708601453115555,7.790811141151893,8.009188858848107,30,241.7827380952381,6.945492331409102,1.2680676076306374,239.29732558428205,244.26815060619415
0.25,0.25,0.9,node_mlp_ppo,node-mlp-matched,30,30,0.7542557208333331,0.005331884398693962,0.0009734644530581838,0.7523477305053391,0.7561637111613272,30,0.7532793500000001,0.005306913274251959,0.0009689053703437993,0.7513802954741263,0.7551784045258739,30,3.0170228833333326,0.021327537594775847,0.003893857812232735,3.0093909220213564,3.0246548446453088,30,3.016133533533534,0.02124890199900507,0.0038795009823572313,3.008529711608114,3.0237373554589544,30,3.9054833333333336,0.1755467067887285,0.032050297067977296,3.842664751080098,3.968301915586569,30,0.3490861111111111,0.029257784464788092,0.005341716177996217,0.3386163474022385,0.3595558748199837,30,0.031567416666666744,0.018443332401918113,0.0033672763973654958,0.02496755492783037,0.038167278405503116,30,0.0286,0.028507530765480682,0.005204739219675428,0.01839871112943616,0.03880128887056384,30,0.04269665,0.0017711322900317483,0.0003233630358587236,0.042062858449716904,0.0433304415502831,30,5010.133333333333,528.7033411928713,96.52758206656198,4820.939272482872,5199.327394183794,30,4988.466666666666,527.2512803622939,96.26247324263632,4799.792219111099,5177.141114222233,30,21.666666666666668,8.502873077655144,1.5524051294116994,18.62395261301974,24.709380720313597,30,20.389200000000002,1.4647414600630333,0.2674239795298586,19.86504900012148,20.913350999878524,30,1194.4666666666667,247.967424631061,45.27245066563142,1105.7326633620291,1283.2006699713043,30,3815.6666666666665,313.46850838182525,57.231257702740976,3703.4934015692943,3927.8399317640387,30,35768.26666666667,2999.506085011829,547.632381378329,34694.90719916514,36841.6261341682,30,7.3,0.466091599699399,0.08509629433967632,7.133211263094235,7.466788736905765,30,256.6958333333333,11.788258685017418,2.1522317318300757,252.4774591389464,260.9142075277203
0.25,0.25,0.9,grid_cnn_ppo,grid-cnn-matched,30,30,0.7503468291666668,0.012978266293641407,0.0023694964021121214,0.7457026162185271,0.7549910421148066,30,0.7493605208333334,0.012935362849097217,0.0023616633406549465,0.7447316606856497,0.7539893809810171,30,3.0013873166666674,0.05191306517456563,0.009477985608448486,2.9828104648741083,3.0199641684592264,30,3.0004425258591927,0.05179324464102876,0.00945610947209167,2.981908551293893,3.0189765004244924,30,3.9452333333333334,0.2127901967104969,0.038849996918100246,3.869087339373857,4.02137932729281,30,0.34246111111111116,0.03546503278508281,0.0064749994863500405,0.32977011211786506,0.35515211010435727,30,0.03588991666666672,0.026252182138555964,0.004792970780340438,0.026495693937199465,0.04528413939613398,30,0.0377,0.04607707186577873,0.008412483881557888,0.02121153159214654,0.054188468407853456,30,0.044084250000000005,0.0025735605777626046,0.00046986572718220223,0.04316331317472289,0.04500518682527712,30,8693.066666666668,1095.3933298712552,199.99054537039467,8301.085197740695,9085.04813559264,30,8556.2,1071.8236923982447,195.68733799833234,8172.65281752327,8939.747182476733,30,136.86666666666667,34.488112228092035,6.296639011031921,124.5252542050441,149.20807912828923,30,22.2428,1.8697996969987323,0.3413771573541768,21.573700771585813,22.911899228414185,30,3362.5,550.047443094841,100.42446409369455,3165.6680503763587,3559.3319496236413,30,5330.566666666667,556.394159674183,101.58321070589376,5131.463573683115,5529.669759650218,30,35792.53333333333,4388.41686742484,801.2116366749143,34222.158525450504,37362.90814121616,30,7.466666666666667,0.5713464637233658,0.10431311544403152,7.262212960396365,7.671120372936969,30,253.79146825396825,15.336983535537932,2.800137282166487,248.30319918092192,259.2797373270146
0.25,0.25,0.95,baseline1_hdv,,30,30,0.7705899416666667,0.0012503653016793825,0.00022828442695051665,0.7701425041898438,0.7710373791434897,30,0.769811675,0.001249299137827258,0.00022808977295324826,0.7693646190450116,0.7702587309549884,30,3.082359766666667,0.00500146120671753,0.0009131377078020666,3.080570016759375,3.0841495165739587,30,3.082329029029028,0.005002198750058867,0.0009132723641771292,3.080539015195241,3.0841190428628154,30,3.1130666666666666,0.05473033158498402,0.009992345729611073,3.093481669036629,3.1326516642967044,30,0.48115555555555556,0.009121721930830667,0.0016653909549351783,0.4778913892838826,0.48441972182722853,30,0.016053049999999944,0.0007173287894971064,0.00013096571971848002,0.015796357189351722,0.016309742810648165,30,0.016633333333333333,0.0044662205987592695,0.0008154165895782272,0.015035116817760008,0.01823154984890666,30,0.041947366666666666,0.00022755461388170194,4.154559836246212e-05,0.04186593729387624,0.04202879603945709,30,0.0,0.0,0.0,0.0,0.0,30,0.0,0.0,0.0,0.0,0.0,30,0.0,0.0,0.0,0.0,0.0,30,0.0,0.0,0.0,0.0,0.0,0,,,,,,0,,,,,,0,,,,,,30,6.0,0.0,0.0,6.0,6.0,30,321.3,5.551120835357091,1.0134913669873333,319.31355692070485,323.28644307929517
0.25,0.25,0.95,baseline2_matched,,30,30,0.7656030333333335,0.0012559026415174014,0.00022929540226313496,0.7651536143448977,0.7660524523217692,30,0.764585075,0.0012565675784890961,0.00022941680258937376,0.7641354180669248,0.7650347319330751,30,3.062412133333334,0.005023610566069606,0.0009171816090525398,3.060614457379591,3.064209809287077,30,3.061401701701701,0.005031301615572771,0.0009185857961537974,3.0596012735412392,3.0632021298621623,30,4.071833333333333,0.07047148277890472,0.012866273592947654,4.046615437091156,4.09705122957551,30,0.3213611111111111,0.011745247129817456,0.002144378932157943,0.31715812840408153,0.32556409381814067,30,0.017062466666666623,0.0007702914017942705,0.00014063532553833244,0.01678682142861149,0.017338111904721756,30,0.004016666666666667,0.0017244855971311106,0.0003148465538804918,0.0033995674210609028,0.004633765912272431,30,0.04350265,0.0002548268225339687,4.652479965307348e-05,0.04341146139267997,0.043593838607320023,30,2442.1666666666665,128.13222785892685,23.39363718057537,2396.315137792739,2488.018195540594,30,2442.1666666666665,128.13222785892685,23.39363718057537,2396.315137792739,2488.018195540594,30,0.0,0.0,0.0,0.0,0.0,30,0.0,0.0,0.0,0.0,0.0,0,,,,,,0,,,,,,0,,,,,,30,7.866666666666666,0.3457459036417604,0.06312427686319991,7.742943084014795,7.990390249318538,30,245.65,3.991638868754326,0.7287702166103824,244.22161037544365,247.07838962455637
0.25,0.25,0.95,noop,,30,30,0.7736614541666668,0.0010500215404621455,0.00019170682785914686,0.7732857087840629,0.7740371995492706,30,0.7728679041666665,0.0010498157015408202,0.00019166924698567272,0.7724922324425746,0.7732435758907584,30,3.094645816666667,0.004200086161848582,0.0007668273114365874,3.0931428351362515,3.0961487981970826,30,3.094566182849515,0.004203466272436487,0.0007674444323752066,3.0930619917620596,3.0960703739369704,30,3.1742,0.03612373372079686,0.0065952612733968215,3.1612732879041423,3.1871267120958575,30,0.47096666666666664,0.006020622286799481,0.0010992102122328045,0.46881221465069034,0.47312111868264295,30,0.01577623333333329,0.0007038880658140187,0.00012851179053500634,0.015524350223884676,0.0160281164427819,30,0.017866666666666666,0.0053206386272983104,0.0009714112655015356,0.015962700586283657,0.019770632747049675,30,0.04008953333333333,0.00027312823606015735,4.986616532724804e-05,0.03999179564929192,0.04018727101737474,30,0.0,0.0,0.0,0.0,0.0,30,0.0,0.0,0.0,0.0,0.0,30,0.0,0.0,0.0,0.0,0.0,30,40.86326666666666,0.6983266172557189,0.1274964135924112,40.61337369602553,41.11315963730779,30,0.0,0.0,0.0,0.0,0.0,30,0.0,0.0,0.0,0.0,0.0,30,81726.53333333334,1396.653234511439,254.99282718482263,81226.74739205108,82226.3192746156,30,6.0,0.0,0.0,6.0,6.0,30,315.02777777777777,3.875476323050317,0.7075619344039457,313.64095638634603,316.4145991692095
0.25,0.25,0.95,left_if_safe,,30,30,0.7454503875,0.021496381149738765,0.003924684286813586,0.7377580062978454,0.7531427687021547,30,0.7443756249999999,0.02142758351396266,0.003912123614474387,0.73670786271563,0.7520433872843697,30,2.98180155,0.08598552459895506,0.015698737147254345,2.9510320251913815,3.0125710748086187,30,2.9804829829829838,0.08579613018603653,0.01566415861651404,2.949781232094616,3.0111847338713513,30,4.299049999999999,0.3147307374073361,0.05746170813941099,4.186425052046753,4.411674947953245,30,0.28349166666666664,0.05245512290122268,0.009576951356568499,0.2647208420077924,0.3022624913255409,30,0.038217250000000064,0.031116787424417307,0.005681122129815479,0.027082250625561723,0.049352249374438405,30,0.031033333333333336,0.058395933569652475,0.01066159002755728,0.010136616879321068,0.051930049787345604,30,0.04212525,0.0021898716375151088,0.0003998140313026005,0.04134161449864691,0.0429088855013531,30,4450.766666666666,297.65945403214164,54.34493247602535,4344.250599013657,4557.282734319676,30,4450.766666666666,297.65945403214164,54.34493247602535,4344.250599013657,4557.282734319676,30,0.0,0.0,0.0,0.0,0.0,30,23.26495,2.667676492399978,0.4870488636712422,22.310334227204365,24.219565772795633,30,4450.766666666666,297.65945403214164,54.34493247602535,4344.250599013657,4557.282734319676,30,0.0,0.0,0.0,0.0,0.0,30,42079.13333333333,5363.195783867297,979.1811037135733,40159.938370054726,43998.32829661194,30,8.0,0.6948083337796512,0.1268540658512312,7.751366030931587,8.248633969068413,30,232.35277777777776,17.556799282414694,3.205418334856347,226.07015784145932,238.6353977140962
0.25,0.25,0.95,graph_ppo,edge-graph,30,30,0.752911354166667,0.0015138948779877238,0.00027639812478846913,0.7523696138420816,0.7534530944912524,30,0.7517841208333333,0.0015134067731001966,0.00027630900943602675,0.7512425551748387,0.752325686491828,30,3.011645416666668,0.006055579511950895,0.0011055924991538765,3.0094784553683263,3.0138123779650097,30,3.010146629963295,0.006059686779180046,0.0011063423801242458,3.0079781988982517,3.0123150610283385,30,4.508933333333333,0.11162674359246298,0.020380161828812412,4.468988216148861,4.5488784505178055,30,0.2485111111111111,0.018604457265410494,0.0033966936381354014,0.2418535915803657,0.25516863064185646,30,0.023060700000000076,0.003264900757851747,0.0005960865976970379,0.021892370268513883,0.02422902973148627,30,0.0071333333333333335,0.006150320055217386,0.001122889676706327,0.0049324695669889325,0.009334197099677734,30,0.043548833333333335,0.0004571833053739424,8.346986975602703e-05,0.04338523238861152,0.04371243427805515,30,5193.9,238.71268980902977,43.582774990379725,5108.477761018856,5279.3222389811435,30,5188.433333333333,239.46833111957707,43.72073558743624,5102.740691581958,5274.125975084708,30,5.466666666666667,3.3603502827813214,0.6135132169993979,4.264180761347847,6.669152571985487,30,26.61528333333333,0.7190706248385811,0.13128373388780848,26.357967214913227,26.872599451753434,30,3179.8,498.56949849302475,91.02592026955585,3001.3891962716707,3358.2108037283297,30,2014.1,405.92613138098295,74.11163294605669,1868.8411994257287,2159.358800574271,30,48036.666666666664,1508.9978253071172,275.50404938231605,47496.67872987733,48576.654603456,30,8.5,0.5085476277156078,0.09284766908852593,8.318018568586488,8.681981431413512,30,221.48981481481482,5.620959517262776,1.026242107476057,219.47838028416174,223.5012493454679
0.25,0.25,0.95,node_mlp_ppo,node-mlp-matched,30,30,0.7514091708333333,0.0031998058833705,0.0005842019539865892,0.7502641350035195,0.752554206663147,30,0.7503053083333332,0.0031723286492702247,0.0005791853203417322,0.7491701051054634,0.751440511561203,30,3.005636683333333,0.012799223533482,0.0023368078159463567,3.001056540014078,3.010216826652588,30,3.004225458792127,0.01270201661369384,0.0023190603417085,2.999680100522378,3.0087708170618757,30,4.415450000000001,0.1726862487786488,0.031528051275671626,4.353655019499684,4.477244980500317,30,0.26409166666666667,0.02878104146310813,0.005254675212611937,0.2537925032499473,0.27439083008338605,30,0.02927008333333345,0.011013091302441875,0.0020107061780704548,0.02532909922431536,0.03321106744235154,30,0.014816666666666667,0.01623081537742611,0.002963327902972669,0.009008543976840236,0.020624789356493096,30,0.04361285,0.001317323999564111,0.0002405093567013964,0.04314145166086526,0.04408424833913474,30,6196.966666666666,604.759883004779,110.41354326530086,5980.556121866676,6413.377211466656,30,6176.7,602.1146156213347,109.93058572645249,5961.236051976153,6392.163948023846,30,20.266666666666666,7.570055952662225,1.3820968022831202,17.55775693419175,22.97557639914158,30,23.53261666666667,0.8204513758032653,0.14979324195453222,23.239021912435785,23.826211420897554,30,1153.6333333333334,269.8250369678704,49.26308644232265,1057.077683906381,1250.1889827602859,30,5043.333333333333,385.8362466065135,70.44373858983785,4905.263605697251,5181.4030609694155,30,40868.26666666667,1657.1511061172869,302.5530140050251,40275.26275921682,41461.27057411652,30,8.333333333333334,0.47946330148538413,0.0875376219064817,8.16175959439663,8.504907072270038,30,226.64305555555558,9.382132698877848,1.712935238894074,223.2857024873232,230.00040862378796
0.25,0.25,0.95,grid_cnn_ppo,grid-cnn-matched,30,30,0.7502980499999997,0.006842306188167,0.0012492284815387512,0.7478495621761838,0.7527465378238156,30,0.749176525,0.0068193793135749164,0.0012450426260763592,0.7467362414528903,0.7516168085471097,30,3.001192199999999,0.027369224752668,0.004996913926155005,2.9913982487047353,3.0109861512952625,30,2.999705805805805,0.027304822076376422,0.004985155659965471,2.9899349007122726,3.009476710899337,30,4.4860999999999995,0.169675928433161,0.030978444489491493,4.425382248800596,4.546817751199403,30,0.2523166666666667,0.02827932140552684,0.005163074081581917,0.24219704146676613,0.26243629186656725,30,0.030463066666666712,0.016032982337998523,0.002927208696867903,0.024725737620805623,0.036200395712527804,30,0.020833333333333332,0.022808170546498484,0.004164183167914051,0.012671534324221793,0.02899513234244487,30,0.04574608333333333,0.0017112509695386955,0.0003124302525229765,0.0451337200383883,0.046358446628278364,30,11189.9,807.5181368732905,147.4319663866818,10900.933345882104,11478.866654117895,30,10979.433333333332,781.7293686098319,142.72360301729196,10699.69507141944,11259.171595247224,30,210.46666666666667,37.624948925004475,6.869344417068234,197.00275160921294,223.9305817241204,30,25.506733333333333,1.4479053046606218,0.26435013216467085,24.988607074290577,26.02485959237609,30,4216.433333333333,376.66830586562253,68.76990927328565,4081.6443111576937,4351.222355508973,30,6973.466666666666,460.28032937460557,84.03530639145973,6808.757466139406,7138.175867193927,30,39823.566666666666,3193.0049805390418,582.9602846891923,38680.96450867585,40966.168824657485,30,8.5,0.5085476277156078,0.09284766908852593,8.318018568586488,8.681981431413512,30,223.53287037037038,8.732789194248426,1.5943818772090754,220.40788189104057,226.65785884970018
0.25,0.25,1.0,baseline1_hdv,,30,30,0.7705899416666667,0.0012503653016793825,0.00022828442695051665,0.7701425041898438,0.7710373791434897,30,0.769811675,0.001249299137827258,0.00022808977295324826,0.7693646190450116,0.7702587309549884,30,3.082359766666667,0.00500146120671753,0.0009131377078020666,3.080570016759375,3.0841495165739587,30,3.082329029029028,0.005002198750058867,0.0009132723641771292,3.080539015195241,3.0841190428628154,30,3.1130666666666666,0.05473033158498402,0.009992345729611073,3.093481669036629,3.1326516642967044,30,0.48115555555555556,0.009121721930830667,0.0016653909549351783,0.4778913892838826,0.48441972182722853,30,0.016053049999999944,0.0007173287894971064,0.00013096571971848002,0.015796357189351722,0.016309742810648165,30,0.016633333333333333,0.0044662205987592695,0.0008154165895782272,0.015035116817760008,0.01823154984890666,30,0.041947366666666666,0.00022755461388170194,4.154559836246212e-05,0.04186593729387624,0.04202879603945709,30,0.0,0.0,0.0,0.0,0.0,30,0.0,0.0,0.0,0.0,0.0,30,0.0,0.0,0.0,0.0,0.0,30,0.0,0.0,0.0,0.0,0.0,0,,,,,,0,,,,,,0,,,,,,30,6.0,0.0,0.0,6.0,6.0,30,321.3,5.551120835357091,1.0134913669873333,319.31355692070485,323.28644307929517
0.25,0.25,1.0,baseline2_matched,,30,30,0.7648617958333335,0.001453626619383924,0.00026539469654218386,0.7643416222281108,0.7653819694385562,30,0.7637255083333335,0.001450033479820669,0.00026473868201183084,0.7632066205165904,0.7642443961500767,30,3.059447183333334,0.005814506477535696,0.0010615787861687355,3.057366488912443,3.0615278777542247,30,3.0579599933266595,0.005805939859140313,0.0010600147427898387,3.0558823644307913,3.0600376222225276,30,4.5451500000000005,0.060275681320252905,0.011004783442698429,4.523580624452311,4.56671937554769,30,0.24247500000000002,0.010045946886708814,0.001834130573783071,0.2388801040753852,0.24606989592461484,30,0.01750571666666664,0.0009855134902008596,0.00017992932310288576,0.017153055193384982,0.017858378139948297,30,0.0013333333333333333,0.0009589266029707683,0.0001750752438129634,0.000990185855459925,0.0016764808112067415,30,0.043684016666666665,0.00027268506791602604,4.978525426414523e-05,0.04358643756830894,0.04378159576502439,30,2706.633333333333,223.27275469368345,40.7638414073493,2626.7362041749284,2786.530462491738,30,2706.633333333333,223.27275469368345,40.7638414073493,2626.7362041749284,2786.530462491738,30,0.0,0.0,0.0,0.0,0.0,30,0.0,0.0,0.0,0.0,0.0,0,,,,,,0,,,,,,0,,,,,,30,8.8,0.4068381021724862,0.07427813527082075,8.654414854869191,8.94558514513081,30,220.1425925925926,3.3535822022640396,0.612277540209289,218.94252861378237,221.3426565714028
0.25,0.25,1.0,noop,,30,30,0.7735173833333332,0.001451221722946574,0.00026495562453311705,0.7729980703092483,0.7740366963574181,30,0.7727226041666662,0.0014495887388989704,0.00026465748380014416,0.7722038754984178,0.7732413328349145,30,3.094069533333333,0.005804886891786296,0.0010598224981324682,3.091992281236993,3.0961467854296725,30,3.0939844010677344,0.0058041591147121735,0.001059689624825691,3.0919074094030763,3.0960613927323926,30,3.1791166666666664,0.0468469046070748,0.008553035467529186,3.162352717150309,3.1958806161830235,30,0.4701472222222222,0.00780781743451246,0.001425505911254863,0.4673532306361627,0.47294121380828175,30,0.015880216666666627,0.000845813337230378,0.0001544236814132674,0.015577546251096624,0.01618288708223663,30,0.01775,0.004779175372528121,0.0008725540526022692,0.01603979405689955,0.019460205943100446,30,0.04002041666666667,0.00019392875884135147,3.540638525546254e-05,0.039951020151565965,0.040089813181767374,30,0.0,0.0,0.0,0.0,0.0,30,0.0,0.0,0.0,0.0,0.0,30,0.0,0.0,0.0,0.0,0.0,30,43.72448333333333,0.2947207761925519,0.05380840576203073,43.61901885803975,43.82994780862691,30,0.0,0.0,0.0,0.0,0.0,30,0.0,0.0,0.0,0.0,0.0,30,87448.96666666666,589.4415523851037,107.61681152406145,87238.0377160795,87659.89561725382,30,6.0,0.0,0.0,6.0,6.0,30,314.96666666666664,4.501255678362685,0.821813090712487,313.3559130088702,316.5774203244631
0.25,0.25,1.0,left_if_safe,,30,30,0.7362266458333333,0.0037038070631262112,0.0006762195590403955,0.7349012554976141,0.7375520361690525,30,0.7347547458333334,0.0036855627324219515,0.0006728886152159598,0.7334358841475102,0.7360736075191567,30,2.944906583333333,0.014815228252504845,0.002704878236161582,2.9396050219904564,2.95020814467621,30,2.9419609442776107,0.014757007937624618,0.002694248709573264,2.936680216806847,2.9472416717483743,30,5.8876,0.12224307328236333,0.022318429578502497,5.843855878026135,5.931344121973865,30,0.018733333333333338,0.020373845547060565,0.0037197382630837507,0.011442646337689186,0.02602402032897749,30,0.02948140000000008,0.008540158983015023,0.0015592125732259022,0.026425343356477313,0.03253745664352285,30,0.002983333333333333,0.01102386387400732,0.0020126729715533656,-0.0009615056909112632,0.006928172357577929,30,0.045898966666666666,0.0008998756900101611,0.00016429407145636383,0.04557695028661219,0.04622098304672114,30,8456.133333333333,281.123697566273,51.325930202102626,8355.534510137211,8556.732156529455,30,8456.133333333333,281.123697566273,51.325930202102626,8355.534510137211,8556.732156529455,30,0.0,0.0,0.0,0.0,0.0,30,29.735733333333332,0.5733731668867555,0.10468313912401672,29.53055438065026,29.940912286016406,30,8456.133333333333,281.123697566273,51.325930202102626,8355.534510137211,8556.732156529455,30,0.0,0.0,0.0,0.0,0.0,30,51015.333333333336,1286.4437839234959,234.87142647240015,50554.98533744743,51475.68132921924,30,10.966666666666667,0.18257418583505536,0.03333333333333333,10.901333333333334,11.032,30,170.0909090909091,3.9570218888142565,0.7224500496817559,168.67490699353286,171.50691118828533
0.25,0.25,1.0,graph_ppo,edge-graph,30,30,0.7368325000000001,0.0009529458856575669,0.00017398331921879604,0.7364914926943312,0.737173507305669,30,0.7353474458333336,0.0009554187031690235,0.00017443479186266892,0.7350055536412827,0.7356893380253844,30,2.9473300000000004,0.0038117835426302676,0.0006959332768751842,2.945965970777325,2.948694029222676,30,2.944334117450785,0.003825500312990574,0.0006984376050560036,2.9429651797448755,2.9457030551566947,30,5.940216666666667,0.04892740634811967,0.00893288137902887,5.922708219163771,5.9577251141695635,30,0.009963888888888883,0.00815456772468661,0.0014888135631714778,0.0070458143050727865,0.012881963472704979,30,0.02728343333333341,0.0008098351017052874,0.0001478549843544921,0.026993637563998606,0.027573229102668212,30,3.3333333333333335e-05,0.0001268540658512312,2.3160277792655038e-05,-1.2060811140270535e-05,7.87274778069372e-05,30,0.04622645,0.00028280446973739346,5.163279581281916e-05,0.04612524972020687,0.04632765027979313,30,8620.366666666667,126.5337581597219,23.10179787666102,8575.087142828412,8665.646190504922,30,8616.433333333332,123.49443190947387,22.546895361034874,8572.241418425705,8660.62524824096,30,3.933333333333333,10.177505057498243,1.8581496997049,0.2913599219117291,7.575306744754937,30,29.745150000000002,0.10369169736988725,0.018931427225162115,29.708044402638684,29.78225559736132,30,5732.333333333333,4067.076585709075,742.5431963646512,4276.948668458617,7187.717998208049,30,2888.0333333333333,4110.155408449807,750.4082773532729,1417.2331097209185,4358.833556945749,30,50869.933333333334,144.58285617199078,26.39709725130813,50818.19502272077,50921.6716439459,30,11.0,0.0,0.0,11.0,11.0,30,168.42121212121214,1.5231627287964364,0.27809019510431066,167.87615533880768,168.9662689036166
0.25,0.25,1.0,node_mlp_ppo,node-mlp-matched,30,30,0.7487819374999997,0.0014787949667244154,0.00026998978706668797,0.748252757517349,0.7493111174826503,30,0.7473197625000003,0.001462809966912883,0.0002670713387405239,0.7467963026760689,0.7478432223239317,30,2.9951277499999986,0.005915179866897662,0.0010799591482667519,2.993011030069396,2.9972444699306013,30,2.99227132132132,0.005857096964615799,0.0010693547096717036,2.9901753860903635,2.9943672565522763,30,5.8487,0.12036829975623528,0.02197614432834455,5.805626757116444,5.891773242883556,30,0.02521666666666665,0.02006138329270588,0.003662690721390758,0.018037792852740764,0.03239554048059254,30,0.022484583333333426,0.0013558857779386022,0.000247549741992471,0.021999385839028184,0.022969780827638668,30,0.0013333333333333333,0.003437454283917532,0.0006275904172314666,0.00010325611555965877,0.0025634105511070076,30,0.04483376666666667,0.000318930398128769,5.822845777641006e-05,0.04471963888942491,0.04494789444390843,30,7102.566666666667,416.64875501730626,76.06930722647414,6953.470824502778,7251.662508830555,30,7102.366666666667,416.5799574145883,76.0567465601705,6953.295443408732,7251.437889924601,30,0.2,0.8051557998728975,0.14700066463216704,-0.08812130267904739,0.4881213026790474,30,31.185333333333332,0.5765731902179988,0.10526738077837164,30.979009267007726,31.39165739965894,30,572.0,281.4133050796676,51.378805058072366,471.29754208617817,672.7024579138218,30,6530.566666666667,149.22366534451086,27.24438920759684,6477.167663819777,6583.965669513556,30,55268.1,1532.6891479154965,279.82947331889653,54719.634232294964,55816.56576770503,30,11.0,0.0,0.0,11.0,11.0,30,171.23333333333332,3.6531496058014463,0.6669708150128525,169.92607053590814,172.5405961307585
0.25,0.25,1.0,grid_cnn_ppo,grid-cnn-matched,30,30,0.7464425083333334,0.0033985080721260835,0.0006204798443222834,0.7452263678384617,0.747658648828205,30,0.7449864333333334,0.003380962880876934,0.0006172765453146495,0.7437765713045167,0.74619629536215,30,2.9857700333333335,0.013594032288504334,0.0024819193772891335,2.980905471353847,2.99063459531282,30,2.9829286619953286,0.013537388912420872,0.0024715777590177466,2.9780843695876538,2.9877729544030034,30,5.824299999999999,0.14498582570435084,0.0264706690855951,5.772417488592232,5.876182511407766,30,0.029283333333333342,0.024164304284058476,0.004411778180932517,0.02063624809870561,0.037930418567961074,30,0.026156266666666803,0.009080406679269426,0.0016578478565188143,0.022906884867889925,0.02940564846544368,30,0.00455,0.009734713923501491,0.0017773074689204622,0.001066477360915894,0.008033522639084106,30,0.048699599999999996,0.0012190909657439923,0.00022257454052958077,0.048263353900562016,0.049135846099437976,30,16517.366666666665,1273.2942473088792,232.47066053087826,16061.724172026145,16973.009161307185,30,15879.233333333334,1141.923835956863,208.4858146354676,15470.601136647818,16287.86553001885,30,638.1333333333333,138.51421770254174,25.289120523621172,588.5666571070358,687.7000095596309,30,30.89828333333333,0.7139523755407147,0.13034927368934968,30.642798756902206,31.153767909764458,30,5927.566666666667,575.8787997087782,105.1406029964991,5721.491084793528,6133.642248539805,30,10589.8,700.2657328127117,127.85044603646925,10339.21312576852,10840.386874231479,30,45279.2,1547.790803827763,282.58664585183976,44725.33017413039,45833.06982586961,30,10.933333333333334,0.2537081317024624,0.04632055558531008,10.842545044386126,11.024121622280541,30,172.0412121212121,4.585823704021135,0.8372530291447566,170.4001961840884,173.68222805833582
0.3,0.3,0.9,baseline1_hdv,,30,30,0.7324695,0.006004365112131629,0.0010962420718038431,0.7303208655392645,0.7346181344607355,30,0.7318605583333334,0.00599920889690643,0.001095300680007112,0.7297137690005194,0.7340073476661474,30,2.441565,0.02001455037377222,0.0036541402393461663,2.434402885130882,2.4487271148691185,30,2.4415698359744225,0.02001404135748653,0.0036540473061122294,2.4344079032544426,2.4487317686944023,30,2.4357666666666664,0.03627379916340614,0.006622659349403188,2.4227862543418364,2.4487470789914965,30,0.5940388888888889,0.006045633193901023,0.0011037765582338646,0.5918754868347506,0.5962022909430272,30,0.06130231944444443,0.05540849205962386,0.010116160326133956,0.04147464520522187,0.08112999368366698,30,0.06421666666666667,0.0592156612749523,0.010811251145958833,0.04302661442058736,0.08540671891274598,30,0.04396183333333333,0.003953850877922275,0.0007218711049498782,0.04254696596763157,0.04537670069903509,30,0.0,0.0,0.0,0.0,0.0,30,0.0,0.0,0.0,0.0,0.0,30,0.0,0.0,0.0,0.0,0.0,30,0.0,0.0,0.0,0.0,0.0,0,,,,,,0,,,,,,0,,,,,,30,4.033333333333333,0.18257418583505536,0.03333333333333333,3.968,4.0986666666666665,30,409.9633333333333,6.086360292423989,1.1112122750881193,407.7853572741606,412.141309392506
0.3,0.3,0.9,baseline2_matched,,30,30,0.7289492208333334,0.004500163450777073,0.0008216136781502974,0.7273388580241588,0.730559583642508,30,0.7281654708333334,0.00448307189046641,0.0008184932004419273,0.7265612241604672,0.7297697175061996,30,2.429830736111112,0.015000544835923587,0.002738712260500993,2.42446286008053,2.435198612141694,30,2.429242604948569,0.014956036331831467,0.002730586156603638,2.4238906560816256,2.4345945538155123,30,3.135,0.08331007721468778,0.015210269519327219,3.1051878717421184,3.164812128257881,30,0.4775,0.013885012869114614,0.002535044919887867,0.47253131195701975,0.4824686880429802,30,0.06172251388888885,0.04224702466065732,0.007713216131373017,0.04660461027139774,0.07684041750637996,30,0.036366666666666665,0.04659194346024105,0.008506486143726443,0.019693953824962838,0.053039379508370496,30,0.045370402777777784,0.003057738051393594,0.0005582640352300542,0.04427620526872688,0.04646460028682869,30,2534.8,217.61297501884331,39.73051174120956,2456.9281969872295,2612.671803012771,30,2534.8,217.61297501884331,39.73051174120956,2456.9281969872295,2612.671803012771,30,0.0,0.0,0.0,0.0,0.0,30,0.0,0.0,0.0,0.0,0.0,0,,,,,,0,,,,,,0,,,,,,30,5.866666666666666,0.3457459036417604,0.06312427686319991,5.742943084014795,5.990390249318538,30,318.4144444444445,7.717267712414994,1.4089738694653278,315.65285566029246,321.1760332285965
0.3,0.3,0.9,noop,,30,30,0.7349757791666668,0.005585018586901804,0.0010196802213772484,0.7329772059327674,0.7369743524005662,30,0.7343451875,0.00558023319982129,0.001018806533227118,0.7323483266948748,0.7363420483051252,30,2.4499192638888885,0.018616728623006416,0.0033989340712575677,2.4432573531092237,2.4565811746685533,30,2.4498588407005837,0.018616290908494825,0.003398854155886986,2.443197086555045,2.4565205948461224,30,2.522366666666666,0.04351038982804576,0.007943873998221329,2.5067966736301526,2.53793665970318,30,0.5796055555555556,0.007251731638007647,0.0013239789997035586,0.5770105567161367,0.5822005543949745,30,0.05816876388888892,0.04856644169228811,0.00886697855087519,0.040789485929173544,0.0755480418486043,30,0.06266666666666666,0.047500514213792595,0.008672367709329658,0.045668825956380533,0.0796645073769528,30,0.042499625,0.003307526281795101,0.0006038689180267885,0.04131604192066749,0.04368320807933251,30,0.0,0.0,0.0,0.0,0.0,30,0.0,0.0,0.0,0.0,0.0,30,0.0,0.0,0.0,0.0,0.0,30,47.157183333333336,3.584401882205861,0.6544192553493751,45.87452159284856,48.43984507381811,30,0.0,0.0,0.0,0.0,0.0,30,0.0,0.0,0.0,0.0,0.0,30,94314.36666666667,7168.803764411722,1308.8385106987503,91749.04318569711,96879.69014763623,30,4.7,0.466091599699399,0.08509629433967632,4.533211263094235,4.866788736905765,30,395.72333333333336,6.383190929055906,1.1654058869020927,393.43913779500525,398.00752887166146
0.3,0.3,0.9,left_if_safe,,30,30,0.7156727750000001,0.017835402899324976,0.0032562841633844435,0.7092904580397666,0.7220550919602337,30,0.7149024416666666,0.017786415708183546,0.0032473403668454508,0.7085376545476495,0.7212672287856837,30,2.3855759166666664,0.05945134299775032,0.010854280544614884,2.3643015267992213,2.4068503065341114,30,2.3849956352515984,0.0593375002775102,0.010833495802653796,2.363761983478397,2.4062292870247997,30,3.0813333333333333,0.24273958421964567,0.044317981958841665,2.9944700886940034,3.168196577972663,30,0.48644444444444446,0.04045659736994094,0.00738633032647361,0.4719672370045562,0.5009216518843327,30,0.0966849166666666,0.05189383783572835,0.009474475192714495,0.07811494528894619,0.11525488804438702,30,0.09953333333333333,0.08210831086220004,0.014990858005957805,0.07015125164165603,0.12891541502501064,30,0.04258141666666667,0.003874173618161556,0.0007073240941194968,0.041195061442192454,0.043967771891140886,30,3572.5,375.81669688183416,68.61442745642066,3438.0157221854156,3706.9842778145844,30,3572.5,375.81669688183416,68.61442745642066,3438.0157221854156,3706.9842778145844,30,0.0,0.0,0.0,0.0,0.0,30,27.45965,4.817400270338263,0.879532932198584,25.735765452890774,29.183534547109225,30,3572.5,375.81669688183416,68.61442745642066,3438.0157221854156,3706.9842778145844,30,0.0,0.0,0.0,0.0,0.0,30,51346.8,9782.541551151215,1786.0395590990327,47846.1624641659,54847.437535834106,30,5.7,0.5349830806219241,0.09767410038007758,5.508558763255048,5.891441236744952,30,321.83222222222224,24.25051009983442,4.427517137562056,313.15428863260064,330.51015581184384
0.3,0.3,0.9,graph_ppo,edge-graph,30,30,0.723619725,0.0036446299752759693,0.0006654153504060481,0.7223155109132042,0.7249239390867959,30,0.7227838583333333,0.0036386783668325416,0.0006643287403400802,0.7214817740022667,0.7240859426643999,30,2.412065750000001,0.012148766584253875,0.0022180511680202778,2.407718369710681,2.4164131302893206,30,2.4112889352237983,0.012139043759241195,0.002216276031159571,2.4069450342027254,2.415632836244871,30,3.3434666666666666,0.12050625490514742,0.022001331377338937,3.300344057167082,3.386589276166251,30,0.4427555555555555,0.020084375817524563,0.0036668885628898217,0.43556845397229144,0.4499426571388196,30,0.06250519444444441,0.030974482463371422,0.005655140917412238,0.05142111824631643,0.0735892706425724,30,0.040900000000000006,0.03921984895080727,0.0071605319907674875,0.026865357298095728,0.054934642701904284,30,0.04493575,0.0022818191173262182,0.00041660126756869897,0.04411921151556535,0.045752288484434654,30,3840.3333333333335,325.106808267082,59.35611082879594,3723.9953561088932,3956.6713105577737,30,3840.2,325.0814645910924,59.351483727786075,3723.871091893539,3956.5289081064607,30,0.13333333333333333,0.5074162634049248,0.09264111117062016,-0.04824324456108217,0.3149099112277488,30,32.02295,3.2338707066631143,0.5904213113648532,30.86572422972489,33.18017577027511,30,2935.6666666666665,455.6375096827357,83.18764736623763,2772.6188778288406,3098.7144555044924,30,904.6666666666666,263.0764060160068,48.030960640784905,810.5259838107282,998.807349522605,30,60205.566666666666,6641.365795778255,1212.5419529969995,57828.98443879255,62582.148894540784,30,6.066666666666666,0.2537081317024624,0.04632055558531008,5.975878377719459,6.157454955613874,30,297.6293650793651,10.84455865372051,1.9799364669435262,293.74868960415574,301.5100405545744
0.3,0.3,0.9,node_mlp_ppo,node-mlp-matched,30,30,0.7180564791666666,0.01253374735606407,0.0022883387189956755,0.7135713352774351,0.7225416230558981,30,0.7172694791666666,0.012487571503630196,0.0022799082003323212,0.7128008590940152,0.721738099239318,30,2.3935215972222226,0.04177915785354739,0.007627795729985674,2.378571117591451,2.4084720768529944,30,2.3928923408395897,0.041659954974579756,0.007606032361408964,2.377984517411228,2.407800164267951,30,3.148,0.2367775764080188,0.04322947323669165,3.0632702324560843,3.232729767543916,30,0.47533333333333333,0.039462929401336465,0.007204912206115274,0.4612117054093474,0.48945496125731924,30,0.09369156944444448,0.05967409406697455,0.010894949139722386,0.07233746913058861,0.11504566975830036,30,0.08738333333333334,0.08438925443661542,0.015407299421992395,0.05718502646622825,0.11758164020043843,30,0.04294586111111111,0.004679437288022473,0.0008543444530269025,0.04127134598317838,0.04462037623904384,30,4275.533333333334,533.5792435949905,97.41779597784009,4084.5944532167673,4466.472213449901,30,4259.466666666666,528.2469206681685,96.44425146086594,4070.435933803369,4448.497399529963,30,16.066666666666666,8.843206367069284,1.6145412026390522,12.902165909494125,19.23116742383921,30,27.896849999999997,5.336838923205513,0.9743690213370801,25.98708671817932,29.806613281820674,30,427.6666666666667,122.33485231917363,22.33518606142486,383.88970198627396,471.4436313470594,30,3847.866666666667,453.1421892498655,82.73206626980877,3685.7118167778417,4010.021516555492,30,51518.166666666664,10991.206629763674,2006.7106017739657,47585.01388718969,55451.319446143636,30,5.866666666666666,0.5713464637233658,0.10431311544403152,5.6622129603963645,6.071120372936968,30,316.8381746031746,22.410765215889143,4.091627213231539,308.81858526524076,324.85776394110843
0.3,0.3,0.9,grid_cnn_ppo,grid-cnn-matched,30,30,0.7146241749999996,0.01700252475796008,0.0031042221148249336,0.7085398996549428,0.7207084503450565,30,0.7138413458333335,0.01694508937076083,0.003093735895768909,0.7077776234776264,0.7199050681890405,30,2.3820805833333325,0.05667508252653358,0.01034740704941644,2.361799665516476,2.402361501150189,30,2.381455699193773,0.05653074018602503,0.010321053864116567,2.3612264336201045,2.4016849647674414,30,3.1313166666666663,0.25774762058948325,0.04705806198004766,3.039082865185773,3.2235504681475597,30,0.4781138888888889,0.0429579367649139,0.007843010330007947,0.4627415886420733,0.49348618913570447,30,0.10109876388888869,0.07366848313422371,0.013449963329934402,0.07473683576221726,0.12746069201556012,30,0.09759999999999999,0.10175870715942996,0.018578513111260745,0.06118611430192893,0.13401388569807104,30,0.04300438888888889,0.00602757927745798,0.0011004803791381421,0.04084744734577813,0.04516133043199965,30,6335.666666666667,932.9285123713404,170.32866358850686,6001.822486033194,6669.51084730014,30,6252.066666666667,916.4286729711582,167.31621884360942,5924.1268777331925,6580.006455600141,30,83.6,24.39559033075869,4.454005042603817,74.87015011649652,92.32984988350347,30,29.99996666666667,6.614887294024267,1.207707662097133,27.632859648956288,32.36707368437705,30,1866.1666666666667,398.05467336599094,72.67450790763469,1723.7246311677027,2008.6087021656308,30,4469.5,549.3820195895347,100.30297493897774,4272.906169119604,4666.093830880396,30,53664.26666666667,13919.589445821664,2541.35771022912,48683.2055546176,58645.32777871574,30,5.733333333333333,0.5832922809856746,0.1064941133048319,5.524604871255863,5.942061795410804,30,320.4007142857143,32.438876866016244,5.922501533216528,308.7926112806099,332.0088172908187
0.3,0.3,0.95,baseline1_hdv,,30,30,0.7324695,0.006004365112131629,0.0010962420718038431,0.7303208655392645,0.7346181344607355,30,0.7318605583333334,0.00599920889690643,0.001095300680007112,0.7297137690005194,0.7340073476661474,30,2.441565,0.02001455037377222,0.0036541402393461663,2.434402885130882,2.4487271148691185,30,2.4415698359744225,0.02001404135748653,0.0036540473061122294,2.4344079032544426,2.4487317686944023,30,2.4357666666666664,0.03627379916340614,0.006622659349403188,2.4227862543418364,2.4487470789914965,30,0.5940388888888889,0.006045633193901023,0.0011037765582338646,0.5918754868347506,0.5962022909430272,30,0.06130231944444443,0.05540849205962386,0.010116160326133956,0.04147464520522187,0.08112999368366698,30,0.06421666666666667,0.0592156612749523,0.010811251145958833,0.04302661442058736,0.08540671891274598,30,0.04396183333333333,0.003953850877922275,0.0007218711049498782,0.04254696596763157,0.04537670069903509,30,0.0,0.0,0.0,0.0,0.0,30,0.0,0.0,0.0,0.0,0.0,30,0.0,0.0,0.0,0.0,0.0,30,0.0,0.0,0.0,0.0,0.0,0,,,,,,0,,,,,,0,,,,,,30,4.033333333333333,0.18257418583505536,0.03333333333333333,3.968,4.0986666666666665,30,409.9633333333333,6.086360292423989,1.1112122750881193,407.7853572741606,412.141309392506
0.3,0.3,0.95,baseline2_matched,,30,30,0.7294775083333332,0.0033349690223922475,0.0006088792540483952,0.7282841049953984,0.7306709116712681,30,0.7286521624999999,0.00332580633244586,0.0006072063833913744,0.7274620379885528,0.7298422870114469,30,2.431591694444444,0.011116563407974425,0.002029597513494699,2.427613683317994,2.4355697055708934,30,2.4308662635529603,0.011095267164123401,0.0020257093691122535,2.4268958731895003,2.4348366539164203,30,3.3013833333333333,0.0679909582393045,0.012413393844686269,3.277053081397748,3.3257135852689186,30,0.44976944444444444,0.011331826373217418,0.0020688989741143786,0.44571440245518024,0.45382448643370865,30,0.05007918055555553,0.03266575661566679,0.005963923918791438,0.038389889674724315,0.06176847143638675,30,0.021716666666666665,0.03723056848726671,0.006797340729738989,0.008393878836378248,0.035039454496955086,30,0.04644672222222222,0.0024329170634076656,0.0004441878520558683,0.04557611403219272,0.047317330412251724,30,2949.5,220.7213487479257,40.29802054406785,2870.515879733627,3028.484120266373,30,2949.5,220.7213487479257,40.29802054406785,2870.515879733627,3028.484120266373,30,0.0,0.0,0.0,0.0,0.0,30,0.0,0.0,0.0,0.0,0.0,0,,,,,,0,,,,,,0,,,,,,30,6.0,0.0,0.0,6.0,6.0,30,302.81666666666666,6.5878022079472345,1.2027626245583465,300.4592519225323,305.174081410801
0.3,0.3,0.95,noop,,30,30,0.7346447291666666,0.00629758806192639,0.001149777013130775,0.7323911662209303,0.7368982921124029,30,0.7340147291666663,0.0062901958883382235,0.001148427393056364,0.7317638114762759,0.7362656468570568,30,2.448815763888889,0.02099196020642158,0.003832590043769301,2.4413038874031012,2.456327640374677,30,2.448756394217404,0.02098480696693407,0.003831284046893785,2.441247077485492,2.456265710949316,30,2.52,0.04227312670455442,0.007717981690786161,2.5048727558860593,2.5351272441139407,30,0.58,0.007045521117425722,0.0012863302817976907,0.5774787926476765,0.5825212073523234,30,0.06228098611111113,0.05465418161145893,0.009978442710193368,0.04272323839913213,0.08183873382309013,30,0.07161666666666666,0.056177164849916666,0.010256500134995225,0.05151392640207602,0.0917194069312573,30,0.04214708333333333,0.003681990601464381,0.0006722364363146852,0.04082949991815654,0.043464666748510114,30,0.0,0.0,0.0,0.0,0.0,30,0.0,0.0,0.0,0.0,0.0,30,0.0,0.0,0.0,0.0,0.0,30,51.084916666666665,4.003810650564623,0.7309924697645594,49.65217142592813,52.5176619074052,30,0.0,0.0,0.0,0.0,0.0,30,0.0,0.0,0.0,0.0,0.0,30,102169.83333333333,8007.621301129247,1461.984939529119,99304.34285185626,105035.3238148104,30,4.7,0.466091599699399,0.08509629433967632,4.533211263094235,4.866788736905765,30,395.18833333333333,5.703971443642144,1.0413979423493698,393.14719336632857,397.2294733003381
0.3,0.3,0.95,left_if_safe,,30,30,0.706185208333333,0.02025128208673759,0.003697361339102157,0.6989383801086928,0.7134320365579732,30,0.7053146124999999,0.020190398208564875,0.0036862455146142925,0.698089571291356,0.7125396537086439,30,2.3539506944444435,0.06750427362245758,0.012324537797006995,2.32979460036231,2.378106788526577,30,2.3530095496246872,0.06735745857736394,0.012297733159680689,2.328905992631713,2.3771131066176614,30,3.482383333333333,0.31654322805879936,0.05779262214443555,3.3691097939302392,3.5956568727364266,30,0.41960277777777777,0.052757204676466544,0.009632103690739255,0.40072385454392884,0.4384817010116267,30,0.1152212083333334,0.06326126627578668,0.011549874185196398,0.09258345493034845,0.13785896173631834,30,0.10345,0.08544087994348631,0.015599299092712725,0.07287537377828306,0.13402462622171693,30,0.041639333333333334,0.004954843586962596,0.0009046265338297413,0.03986626532702704,0.043412401339639625,30,4909.3,658.0005319146786,120.13391139335582,4673.837533669022,5144.762466330978,30,4909.3,658.0005319146786,120.13391139335582,4673.837533669022,5144.762466330978,30,0.0,0.0,0.0,0.0,0.0,30,34.09236666666666,5.862438148976475,1.070329872057749,31.994520117433474,36.19021321589985,30,4909.3,658.0005319146786,120.13391139335582,4673.837533669022,5144.762466330978,30,0.0,0.0,0.0,0.0,0.0,30,63275.433333333334,12244.372854452391,2235.5064049624984,58893.840779606835,67657.02588705983,30,6.4,0.6214554662658653,0.11346172578623508,6.1776150174589795,6.622384982541021,30,289.1146031746032,27.972115733954084,5.106986256210609,279.1049101124304,299.124296236776
0.3,0.3,0.95,graph_ppo,edge-graph,30,30,0.7214779125,0.003142863300802825,0.0005738057083349505,0.7203532533116636,0.7226025716883365,30,0.720549283333333,0.0031303088899811726,0.0005715135970005484,0.719429116683212,0.7216694499834541,30,2.404926375,0.010476211002675623,0.0019126856944497509,2.4011775110388784,2.4086752389611217,30,2.4038341395607463,0.010443065521205072,0.0019066341851561542,2.4000971365578403,2.4075711425636523,30,3.714516666666667,0.13852022654081803,0.02529021758237728,3.6649478402052074,3.7640854931281265,30,0.38091388888888894,0.023086704423469672,0.004215036263729547,0.37265241781197905,0.38917535996579883,30,0.06016858333333332,0.026193594183319176,0.004782274132113341,0.05079532603439117,0.06954184063227546,30,0.028083333333333335,0.029851957520673447,0.005450196839919613,0.01740094752709089,0.03876571913957578,30,0.045468638888888885,0.0019851236725630904,0.00036243233830010125,0.044758271505820686,0.04617900627195708,30,4924.7,387.94019713317175,70.82786564427971,4785.8773833372115,5063.522616662788,30,4924.5,387.8807806530249,70.81701772879171,4785.698645251568,5063.301354748432,30,0.2,0.6102571532587293,0.11141720290623111,-0.018377717696212964,0.418377717696213,30,35.65725,2.355330644297211,0.43002257475491973,34.81440575348036,36.50009424651964,30,3666.4666666666667,558.7823420144256,102.01923115228921,3466.50897360818,3866.4243597251534,30,1258.2333333333333,305.05258826831056,55.694727939963165,1149.0716665710056,1367.395000095661,30,66389.8,4965.25188026577,906.5268195055007,64613.00743376922,68166.59256623079,30,6.966666666666667,0.18257418583505536,0.03333333333333333,6.9013333333333335,7.032,30,269.3904761904762,10.859666114188707,1.9826946992385426,265.5043945799687,273.2765578009837
0.3,0.3,0.95,node_mlp_ppo,node-mlp-matched,30,30,0.7110033374999999,0.015384610433546006,0.0028088327242941605,0.7054980253603833,0.7165086496396165,30,0.7101255166666666,0.015342270003373027,0.0028011024547274226,0.7046353558554008,0.7156156774779323,30,2.3700111249999996,0.05128203477848687,0.009362775747647234,2.351660084534611,2.388362165465388,30,2.3690592716152348,0.05118355297205304,0.009344795512018013,2.3507434724116796,2.38737507081879,30,3.511283333333333,0.26778370979184873,0.04889039279513753,3.4154581634548635,3.6071085032118027,30,0.4147861111111111,0.04463061829864145,0.008148398799189587,0.3988152494646995,0.43075697275752267,30,0.10055536111111116,0.06046338993076473,0.011039054189436855,0.07891881489981492,0.1221919073224074,30,0.08046666666666667,0.07622968167201075,0.013917572067732805,0.05318822541391037,0.10774510791942297,30,0.04297984722222222,0.004799825595594511,0.0008763242502659276,0.041262251691701,0.04469744275274344,30,5389.2,597.8968542113782,109.16053137098318,5175.245358512872,5603.154641487127,30,5380.466666666666,596.4823166054367,108.90227331924534,5167.018210960945,5593.9151223723875,30,8.733333333333333,7.0950849103486755,1.2953793509374962,6.19438980549584,11.272276861170825,30,32.702983333333336,5.492925612476052,1.002866421550338,30.737365147094675,34.668601519572,30,331.96666666666664,76.29501874341123,13.929500930348595,304.6648448431834,359.2684884901499,30,5057.233333333334,588.5779872934739,107.45914683054157,4846.613405545472,5267.853261121195,30,60016.76666666667,11401.352226769006,2081.5926002210467,55936.84517023342,64096.68816309992,30,6.566666666666666,0.5683207771559354,0.10376070318239085,6.36329568842918,6.770037644904153,30,284.91555555555556,21.304009980371706,3.8895622771882583,277.29201349226656,292.53909761884455
0.3,0.3,0.95,grid_cnn_ppo,grid-cnn-matched,30,30,0.7118693416666669,0.011822890194564397,0.0021585545514898542,0.7076385747457469,0.716100108587587,30,0.7109807166666667,0.011751374736202505,0.002145497674904811,0.7067755412238533,0.7151858921094801,30,2.372897805555556,0.03940963398188221,0.0071951818382996755,2.3587952491524886,2.3870003619586235,30,2.371912315818738,0.03920391905322011,0.0071576236026850764,2.357883373557475,2.385941258080001,30,3.5545,0.31179425134600186,0.05692558158754691,3.442925860088408,3.666074139911592,30,0.4075833333333333,0.05196570855766697,0.009487596931257817,0.38898764334806796,0.42617902331859864,30,0.10488927777777791,0.06771518782500681,0.012363045285818473,0.08065770901757371,0.12912084653798211,30,0.094,0.08925003622137775,0.016294752698867244,0.062062284710220204,0.1259377152897798,30,0.04372961111111111,0.005687181805478845,0.0010383325878312404,0.04169447923896188,0.04576474298326034,30,8813.8,1464.3341996538434,267.3496242922279,8289.794736387234,9337.805263612765,30,8696.666666666666,1433.8300849974094,261.7803603942103,8183.577160294014,9209.756173039319,30,117.13333333333334,38.84072989595554,7.091314637993378,103.23435664286632,131.03231002380036,30,35.591499999999996,6.365210223524056,1.1621230742288755,33.3137387745114,37.86926122548859,30,2652.0333333333333,554.3267729997964,101.20575926701137,2453.670045169991,2850.3966214966754,30,6161.766666666666,919.4549616140976,167.86874102869595,5832.743934250422,6490.789399082911,30,62369.2,13967.13834981091,2550.038912662306,57371.12373118188,67367.27626881811,30,6.633333333333334,0.6686751354593717,0.12208281844464015,6.394051009181839,6.872615657484828,30,280.2314285714286,25.41574055603284,4.640258139412693,271.1365226181797,289.32633452467746
0.3,0.3,1.0,baseline1_hdv,,30,30,0.7324695,0.006004365112131629,0.0010962420718038431,0.7303208655392645,0.7346181344607355,30,0.7318605583333334,0.00599920889690643,0.001095300680007112,0.7297137690005194,0.7340073476661474,30,2.441565,0.02001455037377222,0.0036541402393461663,2.434402885130882,2.4487271148691185,30,2.4415698359744225,0.02001404135748653,0.0036540473061122294,2.4344079032544426,2.4487317686944023,30,2.4357666666666664,0.03627379916340614,0.006622659349403188,2.4227862543418364,2.4487470789914965,30,0.5940388888888889,0.006045633193901023,0.0011037765582338646,0.5918754868347506,0.5962022909430272,30,0.06130231944444443,0.05540849205962386,0.010116160326133956,0.04147464520522187,0.08112999368366698,30,0.06421666666666667,0.0592156612749523,0.010811251145958833,0.04302661442058736,0.08540671891274598,30,0.04396183333333333,0.003953850877922275,0.0007218711049498782,0.04254696596763157,0.04537670069903509,30,0.0,0.0,0.0,0.0,0.0,30,0.0,0.0,0.0,0.0,0.0,30,0.0,0.0,0.0,0.0,0.0,30,0.0,0.0,0.0,0.0,0.0,0,,,,,,0,,,,,,0,,,,,,30,4.033333333333333,0.18257418583505536,0.03333333333333333,3.968,4.0986666666666665,30,409.9633333333333,6.086360292423989,1.1112122750881193,407.7853572741606,412.141309392506
0.3,0.3,1.0,baseline2_matched,,30,30,0.7285419166666665,0.0040099555324377475,0.0007321143665695977,0.72710697250819,0.7299768608251429,30,0.7276246291666664,0.00398936356943051,0.0007283548056888057,0.7261970537475163,0.7290522045858164,30,2.428473055555556,0.013366518441458164,0.0024403812218984776,2.423689908360635,2.433256202750477,30,2.4274382958020575,0.013308969372578685,0.002429874247502241,2.422675742276953,2.432200849327162,30,3.66915,0.09708191972726456,0.017724652453509526,3.6344096811911215,3.7038903188088788,30,0.38847499999999996,0.0161803199545441,0.0029541087422515887,0.38268494686518684,0.3942650531348131,30,0.051953180555555555,0.03768062749752597,0.006879509887114804,0.03846934117681054,0.06543701993430057,30,0.019583333333333335,0.04727689589067234,0.008631540776048177,0.0026655134122789068,0.03650115325438776,30,0.046627097222222226,0.0028535150642292405,0.0005209781896197193,0.045605979970567576,0.047648214473876876,30,3320.4333333333334,307.30111968705796,56.105251733065515,3210.467039936525,3430.399626730142,30,3320.4333333333334,307.30111968705796,56.105251733065515,3210.467039936525,3430.399626730142,30,0.0,0.0,0.0,0.0,0.0,30,0.0,0.0,0.0,0.0,0.0,0,,,,,,0,,,,,,0,,,,,,30,6.933333333333334,0.2537081317024624,0.04632055558531008,6.842545044386126,7.024121622280541,30,272.3952380952381,6.849948333027187,1.2506237399146334,269.94401556500543,274.84646062547074
0.3,0.3,1.0,noop,,30,30,0.7331666374999998,0.007314417624950338,0.0013354238427328875,0.7305492067682433,0.7357840682317562,30,0.7325397708333335,0.007307422141684055,0.001334146648071023,0.7299248434031144,0.7351546982635527,30,2.4438887916666667,0.024381392083169404,0.004451412809109918,2.4351640225608113,2.452613560772522,30,2.443835765916041,0.02437838912988778,0.004450864547359426,2.4351120714032164,2.452559460428865,30,2.5074666666666667,0.048957394097129105,0.008938356367889292,2.489947488185604,2.5249858451477296,30,0.5820888888888889,0.008159565682854843,0.0014897260613148805,0.5791690258087117,0.5850087519690661,30,0.07950718055555553,0.06349974129107576,0.011593413566954805,0.056784089964324116,0.10223027114678694,30,0.08838333333333333,0.0645131212707303,0.011778430591681778,0.06529760937363704,0.11146905729302961,30,0.04079918055555556,0.004309795603084395,0.0007868574233486349,0.03925694000579223,0.04234142110531888,30,0.0,0.0,0.0,0.0,0.0,30,0.0,0.0,0.0,0.0,0.0,30,0.0,0.0,0.0,0.0,0.0,30,55.72616666666667,4.779253679172624,0.8725683493741346,54.01593270189337,57.43640063143997,30,0.0,0.0,0.0,0.0,0.0,30,0.0,0.0,0.0,0.0,0.0,30,111452.33333333333,9558.507358345247,1745.1366987482693,108031.86540378672,114872.80126287993,30,4.666666666666667,0.47946330148538413,0.0875376219064817,4.495092927729963,4.838240405603371,30,397.4866666666667,7.4412171479992555,1.3585741624178167,394.82386130832776,400.1494720250056
0.3,0.3,1.0,left_if_safe,,30,30,0.7022352749999999,0.012542670225264783,0.0022899678045753082,0.6977469381030323,0.7067236118969675,30,0.7008374791666668,0.012435854530040357,0.0022704660159853034,0.6963873657753357,0.705287592557998,30,2.3407842499999987,0.04180890075088209,0.007633226015250932,2.325823127010107,2.3557453729898903,30,2.338073324993049,0.041487421284539236,0.007574532163420698,2.323227241952744,2.3529194080333538,30,5.591183333333333,0.4694956663773655,0.08571778904193429,5.423176466811142,5.759190199855524,30,0.0681361111111111,0.07824927772956092,0.014286298173655714,0.040134966690745906,0.09613725553147631,30,0.0766643055555556,0.045533589301454444,0.008313257994860832,0.060370319885628375,0.09295829122548283,30,0.027633333333333333,0.05426673162186516,0.009907704343791486,0.00821423281950202,0.04705243384716465,30,0.04759034722222222,0.00409102824115934,0.000746916150357885,0.04612639156752076,0.049054302876923674,30,10611.766666666666,1313.4447124426968,239.80109901358378,10141.756512600043,11081.77682073329,30,10611.766666666666,1313.4447124426968,239.80109901358378,10141.756512600043,11081.77682073329,30,0.0,0.0,0.0,0.0,0.0,30,40.80843333333333,3.3997935934643038,0.6207145473339825,39.59183282055873,42.02503384610794,30,10611.766666666666,1313.4447124426968,239.80109901358378,10141.756512600043,11081.77682073329,30,0.0,0.0,0.0,0.0,0.0,30,71005.1,8091.044493120476,1477.2158608866791,68109.75691266211,73900.4430873379,30,10.6,0.8944271909999159,0.1632993161855452,10.279933340276331,10.920066659723668,30,180.7572222222222,18.524175944671327,3.382036341363685,174.12843099314938,187.386013451295
0.3,0.3,1.0,graph_ppo,edge-graph,30,30,0.7074945333333335,0.0012215786453529673,0.00022302872660880785,0.7070573970291801,0.7079316696374868,30,0.706036125,0.0012065433094349688,0.0002202836623948227,0.7056043690217062,0.7064678809782938,30,2.3583151111111103,0.004071928817841662,0.000743429088695741,2.3568579900972666,2.359772232124954,30,2.355416597164302,0.004025165335897142,0.0007348912840529079,2.3539762102475583,2.3568569840810456,30,5.833633333333333,0.11308723618740417,0.020646810075251928,5.7931655855858395,5.874101081080827,30,0.027727777777777785,0.018847872697900697,0.0034411350125419884,0.02098315315319549,0.03447240240236008,30,0.0558798194444445,0.009917788698647326,0.0018107321969396488,0.052330784338442786,0.05942885455044621,30,0.0027166666666666667,0.01204494695407318,0.0021990963835663412,-0.0015935622451233623,0.007026895578456696,30,0.04944197222222222,0.0009267092389577238,0.0001691931848085302,0.049110353579997504,0.04977359086444694,30,11276.566666666668,328.9606079900683,60.05971517559153,11158.849624922508,11394.283708410827,30,11275.3,329.1707606321868,60.0980836231274,11157.50775609867,11393.092243901328,30,1.2666666666666666,3.5809200641381436,0.6537835652504358,-0.014749121224187478,2.5480824545575205,30,39.43398333333334,0.9454388005443357,0.1726127192662534,39.09566240357148,39.772304263095194,30,6447.866666666667,5679.990770593116,1037.019690491667,4415.308073302999,8480.425260030333,30,4828.7,5625.518373968933,1027.0744370275224,2815.634103426056,6841.765896573944,30,67591.4,2200.2299346925633,401.7051889764118,66804.05782960623,68378.74217039376,30,10.966666666666667,0.18257418583505536,0.03333333333333333,10.901333333333334,11.032,30,171.52242424242425,3.737459688167909,0.6823636596585959,170.1849914694934,172.8598570153551
0.3,0.3,1.0,node_mlp_ppo,node-mlp-matched,30,30,0.7079083166666665,0.0014601396982104249,0.0002665838166062118,0.7073858123861183,0.7084308209472148,30,0.7064868333333334,0.0014611082477972962,0.00026676064875847565,0.7059639824617668,0.7070096842049,30,2.3596943888888906,0.00486713232736817,0.0008886127220207217,2.35795270795373,2.3614360698240513,30,2.3569202112871834,0.004874422845029489,0.0008899437823470532,2.355175921473783,2.358664501100584,30,5.685933333333334,0.19057516090514787,0.034794104842642046,5.6177368878417555,5.754129778824912,30,0.052344444444444464,0.031762526817524644,0.005799017473773674,0.04097837019584806,0.06371051869304087,30,0.058275152777777825,0.010581044470048633,0.001931825579403644,0.05448877464214668,0.06206153091340897,30,0.0077666666666666665,0.014447129134533443,0.0026376728393913513,0.0025968279014596182,0.012936505431873715,30,0.049120333333333335,0.0009855468304837813,0.00017993541017789568,0.04876765992938466,0.04947300673728201,30,11018.966666666667,440.1102121634702,80.35276366343905,10861.475249886327,11176.458083447007,30,11017.9,440.53747345400865,80.43077054569795,10860.255689730431,11175.544310269568,30,1.0666666666666667,1.6386144974533723,0.2991687077700679,0.4802959994373336,1.6530373338959996,30,39.26401666666666,0.918196503303166,0.16763897902717026,38.93544426777341,39.59258906555991,30,118.9,145.00995209604253,26.475073941915344,67.00885507384592,170.7911449261541,30,10900.066666666668,505.74110409162523,92.33527032285046,10719.08953683388,11081.043796499454,30,67509.06666666667,2128.666523393482,388.6395574229028,66747.33313411777,68270.80019921556,30,10.8,0.4068381021724862,0.07427813527082075,10.654414854869191,10.94558514513081,30,176.35848484848484,6.314592328887259,1.1528815533268775,174.09883700396415,178.61813269300552
0.3,0.3,1.0,grid_cnn_ppo,grid-cnn-matched,30,30,0.7122769125,0.004301041731540685,0.0007852591923786374,0.7107378044829379,0.7138160205170622,30,0.710884095833333,0.0042315775964053524,0.0007725768344615677,0.7093698452377883,0.7123983464288777,30,2.374256375,0.014336805771802958,0.0026175306412622476,2.369126014943126,2.379386735056874,30,2.371589977759244,0.014117022840385667,0.002577403951498294,2.3665382660143073,2.3766416895041806,30,5.571266666666667,0.3460688025407,0.06318322986678085,5.447427536127777,5.695105797205557,30,0.07145555555555555,0.05767813375678334,0.010530538311130141,0.05081570046574047,0.09209541064537063,30,0.06503147222222226,0.03208288617051662,0.0058575068218208294,0.05355075885145344,0.07651218559299108,30,0.017033333333333334,0.03358287056524946,0.0061313652514544655,0.005015857440482583,0.029050809226184086,30,0.05002865277777778,0.0029043440072738977,0.000530258242512954,0.04898934662245239,0.05106795893310317,30,16907.466666666667,1653.7534055707283,301.93268159402584,16315.678610742376,17499.25472259096,30,16311.6,1532.3555588115605,279.768568559842,15763.25360562271,16859.94639437729,30,595.8666666666667,131.69445654642215,24.0440081829531,548.7404106280786,642.9929227052547,30,40.823166666666665,2.671527382878803,0.4877519368651537,39.86717287041096,41.77916046292237,30,4729.1,552.1077075079238,100.80061519151808,4531.5307942246245,4926.669205775376,30,12178.366666666667,1153.4333002653077,210.5871457109795,11765.615861073147,12591.117472260186,30,64738.86666666667,6286.005451265003,1147.6623274194278,62489.44850492459,66988.28482840875,30,10.566666666666666,0.7738543627276671,0.14128583022990943,10.289746439416044,10.843586893917289,30,180.4575420875421,12.567780337984242,2.29455226296129,175.96021965213797,184.95486452294622
0.35,0.35,0.9,baseline1_hdv,,30,30,0.6678405458333335,0.009080494115519443,0.0016578638201209734,0.6645911327458964,0.6710899589207706,30,0.66736,0.00907757093558164,0.0016573301229237797,0.6641116329590694,0.6706083670409305,30,1.9081158452380955,0.025944268901484546,0.0047367537717742875,1.8988318078454178,1.9173998826307732,30,1.9081057898498925,0.025954455855843887,0.004738613646672583,1.8988181071024144,1.9173934725973707,30,1.9221833333333334,0.04592938420372445,0.008385519926900445,1.9057477142766084,1.9386189523900583,30,0.6796361111111111,0.007654897367287417,0.001397586654483409,0.6768968412683236,0.6823753809538986,30,0.3138141904761904,0.07537219795932258,0.013761017677021942,0.2868425958292274,0.34078578512315344,30,0.3138833333333333,0.07665694778477787,0.01399557983040617,0.2864519968657372,0.3413146698009294,30,0.029805428571428573,0.005102385689955634,0.0009315639131600872,0.027979563301634803,0.03163129384122235,30,0.0,0.0,0.0,0.0,0.0,30,0.0,0.0,0.0,0.0,0.0,30,0.0,0.0,0.0,0.0,0.0,30,0.0,0.0,0.0,0.0,0.0,0,,,,,,0,,,,,,0,,,,,,30,3.033333333333333,0.18257418583505536,0.03333333333333333,2.968,3.0986666666666665,30,518.5916666666667,16.13657511721152,2.9461220641911066,512.8172674208521,524.3660659124813
0.35,0.35,0.9,baseline2_matched,,30,30,0.668802525,0.00924383538980401,0.0016876857202867389,0.6654946609882381,0.672110389011762,30,0.6682090041666665,0.009218661372834223,0.0016830895946342822,0.6649101485611834,0.6715078597721497,30,1.9108643571428565,0.02641095825658299,0.0048219592008192725,1.9014133171092507,1.9203153971764624,30,1.910533249940434,0.026357859536337895,0.004812264745201641,1.9011012110398386,1.9199652888410292,30,2.374083333333333,0.11788678696202509,0.021523084150302352,2.3318980883987406,2.4162685782679256,30,0.6043194444444444,0.01964779782700416,0.003587180691717055,0.597288570288679,0.6113503186002098,30,0.2890963095238093,0.08124204887194457,0.014832700928367058,0.2600242157042099,0.31816840334340873,30,0.27571666666666667,0.09881467182466423,0.018041008256946257,0.24035629048305202,0.3110770428502813,30,0.03248736904761905,0.005624229059283503,0.001026839041448545,0.030474764526379903,0.0344999735688582,30,2025.9666666666667,449.7622730941876,82.11498082949514,1865.0213042408564,2186.912029092477,30,2025.9666666666667,449.7622730941876,82.11498082949514,1865.0213042408564,2186.912029092477,30,0.0,0.0,0.0,0.0,0.0,30,0.0,0.0,0.0,0.0,0.0,0,,,,,,0,,,,,,0,,,,,,30,4.1,0.30512857662936466,0.055708601453115555,3.990811141151893,4.209188858848107,30,417.28,19.520910980721197,3.5640144290637648,410.294531719035,424.26546828096497
0.35,0.35,0.9,noop,,30,30,0.6672401791666667,0.008784115296899628,0.0016037526986127054,0.6640968238773858,0.6703835344559476,30,0.6667526916666666,0.008778836383521171,0.0016027889053005398,0.6636112254122776,0.6698941579210557,30,1.9064005119047616,0.025097472276856523,0.004582150567464953,1.8974194967925302,1.915381527016993,30,1.9063693828925432,0.025100318466106886,0.004582670208150071,1.897387349284569,1.9153514165005174,30,1.94995,0.043121190486413045,0.007872816245295197,1.9345192801592215,1.9653807198407787,30,0.6750083333333333,0.0071868650810688346,0.0013121360408825317,0.6724365466932035,0.6775801199734631,30,0.326519357142857,0.07285243873954443,0.013300974688970572,0.3004494467524747,0.3525892675332393,30,0.3347,0.06830151207494706,0.012470092958386662,0.31025861780156216,0.35914138219843783,30,0.027872690476190475,0.00476476821466226,0.0008699236774847125,0.02616764006832044,0.02957774088406051,30,0.0,0.0,0.0,0.0,0.0,30,0.0,0.0,0.0,0.0,0.0,30,0.0,0.0,0.0,0.0,0.0,30,70.20286666666667,5.726720000521049,1.0455512416004584,68.15358623312977,72.25214710020356,30,0.0,0.0,0.0,0.0,0.0,30,0.0,0.0,0.0,0.0,0.0,30,140405.73333333334,11453.4400010421,2091.102483200917,136307.17246625954,144504.29420040714,30,3.066666666666667,0.2537081317024624,0.04632055558531008,2.975878377719459,3.1574549556138747,30,510.7472222222222,16.696044271525235,3.04826668953976,504.77261951072427,516.7218249337201
0.35,0.35,0.9,left_if_safe,,30,30,0.6504106541666667,0.032326806497590135,0.005902040376944897,0.6388426550278546,0.6619786533054787,30,0.6498382958333333,0.03227799008975562,0.005893127761029118,0.6382877654217163,0.6613888262449503,30,1.858316154761905,0.0923623042788294,0.016862972505556927,1.8252647286510133,1.8913675808727965,30,1.8580079938050986,0.09228874936313232,0.01684954327670937,1.8249828889827482,1.891033098627449,30,2.289433333333333,0.21796724419102492,0.03979519214688708,2.2114347567254344,2.367431909941232,30,0.6184277777777777,0.03632787403183747,0.006632532024481177,0.6054280150097946,0.6314275405457608,30,0.2995616309523811,0.06137394853298881,0.011205298684893023,0.27759924552999077,0.3215240163747714,30,0.3176833333333333,0.08623919056035803,0.01574505000363156,0.28682303532621545,0.3485436313404512,30,0.03139625,0.004267355096251691,0.0007791088823672268,0.029869196590560237,0.03292330340943977,30,3003.4,489.76691148566465,89.41879511344486,2828.1391615776483,3178.660838422352,30,3003.4,489.76691148566465,89.41879511344486,2828.1391615776483,3178.660838422352,30,0.0,0.0,0.0,0.0,0.0,30,47.096000000000004,6.430253113482259,1.1739982269073532,44.79496347526159,49.39703652473842,30,3003.4,489.76691148566465,89.41879511344486,2828.1391615776483,3178.660838422352,30,0.0,0.0,0.0,0.0,0.0,30,91188.6,12983.319862888266,2370.4190534029276,86542.57865533026,95834.62134466975,30,4.0,0.5252257314388902,0.09589266029707681,3.8120503858177295,4.187949614182271,30,432.9422222222222,39.111941894041266,7.140830947732577,418.9461935646664,446.938250879778
0.35,0.35,0.9,graph_ppo,edge-graph,30,30,0.6656838791666667,0.008464518311210853,0.0015454025391552393,0.6626548901899224,0.668712868143411,30,0.6650747458333333,0.008433766105385172,0.0015397879802139835,0.6620567613921139,0.6680927302745526,30,1.9019539404761903,0.02418433803203051,0.004415435826157736,1.8932996862569211,1.9106081946954594,30,1.9015718251131764,0.02411369865728484,0.004402538899825647,1.8929428488695181,1.9102008013568346,30,2.4365333333333337,0.15716567874288787,0.02869439583769662,2.380292317491448,2.4927743491752192,30,0.5939111111111112,0.026194279790481303,0.004782399306282769,0.5845376084707969,0.6032846137514254,30,0.2749168214285716,0.06425613400226665,0.011731511350372053,0.2519230591818424,0.2979105836753008,30,0.27621666666666667,0.08363752698125543,0.015270053393860186,0.2462873620147007,0.30614597131863264,30,0.03313211904761905,0.004441005443021307,0.0008108129530486645,0.031542925659643666,0.03472131243559443,30,2929.633333333333,515.0793365963206,94.04019051953367,2745.314559915047,3113.9521067516193,30,2929.633333333333,515.0793365963206,94.04019051953367,2745.314559915047,3113.9521067516193,30,0.0,0.0,0.0,0.0,0.0,30,49.51253333333333,6.277431772151967,1.1460969949357542,47.266183223259254,51.758883443407406,30,2810.9666666666667,521.4435191640231,95.2021259703376,2624.370499764805,2997.5628335685283,30,118.66666666666667,67.8036380538193,12.379194014330837,94.40344639857824,142.9298869347551,30,96095.43333333333,12947.185231796013,2363.8218025508095,91462.34260033375,100728.52406633292,30,4.266666666666667,0.4497764451088036,0.08211756827352529,4.105716232850557,4.4276171004827765,30,410.03499999999997,28.900856537837935,5.2765503523314985,399.69296130943025,420.3770386905697
0.35,0.35,0.9,node_mlp_ppo,node-mlp-matched,30,30,0.6578303791666666,0.011723743933781353,0.0021404530036487996,0.653635091279515,0.6620256670538183,30,0.6572367333333334,0.011699866514247915,0.0021360936032176403,0.6530499898710269,0.66142347679564,30,1.8795153690476194,0.033496411239375065,0.006115580010425101,1.8675288322271861,1.8915019058680527,30,1.8791614963068861,0.03345208438669983,0.006107487071387289,1.867190821646967,1.8911321709668052,30,2.3745833333333333,0.1502965507286163,0.02744027038309422,2.3208004033824685,2.428366263284198,30,0.6042361111111111,0.02504942512143603,0.004573378397182366,0.5952722894526337,0.6131999327695885,30,0.28878872619047635,0.04576835425163633,0.008356120014502897,0.27241073096205065,0.30516672141890205,30,0.30135,0.062372649565279034,0.01138763571275604,0.27903023400299815,0.32366976599700187,30,0.032241309523809526,0.003238835882830277,0.0005913278243611006,0.03108230698806177,0.033400312059557284,30,3098.0666666666666,348.9688192111284,63.71269804929239,2973.1897784900534,3222.94355484328,30,3097.866666666667,348.68568331253067,63.66100474312524,2973.091097370141,3222.6422359631924,30,0.2,0.6102571532587293,0.11141720290623111,-0.018377717696212964,0.418377717696213,30,47.118066666666664,5.666523471584935,1.0345609093398511,45.090327284360555,49.14580604897277,30,2.7666666666666666,2.2078751422302307,0.40310100651814146,1.9765886938911095,3.5567446394422237,30,3095.3,348.995321577179,63.71753669719679,2970.4136280734947,3220.1863719265057,30,91138.06666666667,11485.233301740209,2096.9071191908833,87028.12871305253,95248.0046202808,30,4.166666666666667,0.46113303737741407,0.08419098886082753,4.001652328499445,4.3316810048338885,30,420.0011111111111,27.165707596544305,4.959756947072255,410.2799874948495,429.72223472737267
0.35,0.35,0.9,grid_cnn_ppo,grid-cnn-matched,30,30,0.6633483041666666,0.009151633181261259,0.001670851977129852,0.660073434291492,0.6666231740418411,30,0.662742854166667,0.009129899203474661,0.0016668839138305068,0.6594757616955592,0.6660099466377748,30,1.8952808690476182,0.026147523375031387,0.004773862791799434,1.8859240979756913,1.904637640119545,30,1.8949045151298545,0.02610407206140063,0.004765929703589835,1.8855632929108184,1.9042457373488906,30,2.4217999999999997,0.12513107610380625,0.022845704342316777,2.377022419489059,2.4665775805109407,30,0.5963666666666666,0.02085517935063439,0.003807617390386133,0.5889037365815097,0.6038295967518235,30,0.27890680952380953,0.06301225967320387,0.011504412007462288,0.25635816198918343,0.3014554570584356,30,0.28008333333333335,0.0782214014428159,0.01428120868329914,0.25209216431406706,0.30807450235259964,30,0.03305188095238095,0.004500425113758787,0.000821661451056147,0.0314414245083109,0.034662337396451,30,3626.6,419.9761569586934,76.67680492686887,3476.313462343337,3776.8865376566628,30,3607.5333333333333,418.3298264266617,76.3762274703678,3457.8359274914123,3757.2307391752543,30,19.066666666666666,10.31548328496047,1.8833409622467803,15.375318380662977,22.758014952670354,30,47.61785,6.894090069174942,1.2586828814531554,45.15083155235181,50.084868447648184,30,438.9,49.49771851238231,9.03700565809095,421.1874689101417,456.61253108985824,30,3187.7,409.57767567800016,74.77831067312523,3041.134511080674,3334.2654889193254,30,91609.1,14076.2567010478,2569.9611067990445,86571.97623067388,96646.22376932613,30,4.233333333333333,0.4301830671520763,0.07854032324531729,4.0793942997725114,4.387272366894155,30,412.8316666666667,21.342670078787094,3.8966206131807506,405.19429026483243,420.469043068501
0.35,0.35,0.95,baseline1_hdv,,30,30,0.6678405458333335,0.009080494115519443,0.0016578638201209734,0.6645911327458964,0.6710899589207706,30,0.66736,0.00907757093558164,0.0016573301229237797,0.6641116329590694,0.6706083670409305,30,1.9081158452380955,0.025944268901484546,0.0047367537717742875,1.8988318078454178,1.9173998826307732,30,1.9081057898498925,0.025954455855843887,0.004738613646672583,1.8988181071024144,1.9173934725973707,30,1.9221833333333334,0.04592938420372445,0.008385519926900445,1.9057477142766084,1.9386189523900583,30,0.6796361111111111,0.007654897367287417,0.001397586654483409,0.6768968412683236,0.6823753809538986,30,0.3138141904761904,0.07537219795932258,0.013761017677021942,0.2868425958292274,0.34078578512315344,30,0.3138833333333333,0.07665694778477787,0.01399557983040617,0.2864519968657372,0.3413146698009294,30,0.029805428571428573,0.005102385689955634,0.0009315639131600872,0.027979563301634803,0.03163129384122235,30,0.0,0.0,0.0,0.0,0.0,30,0.0,0.0,0.0,0.0,0.0,30,0.0,0.0,0.0,0.0,0.0,30,0.0,0.0,0.0,0.0,0.0,0,,,,,,0,,,,,,0,,,,,,30,3.033333333333333,0.18257418583505536,0.03333333333333333,2.968,3.0986666666666665,30,518.5916666666667,16.13657511721152,2.9461220641911066,512.8172674208521,524.3660659124813
0.35,0.35,0.95,baseline2_matched,,30,30,0.6689200708333334,0.009120788808065763,0.0016652205908060918,0.6656562384753535,0.6721839031913133,30,0.6683064416666671,0.009098294414738316,0.0016611136952584798,0.6650506588239604,0.6715622245093738,30,1.9112002023809518,0.026059396594473937,0.004757773116588894,1.9018749670724375,1.920525437689466,30,1.9108118417917561,0.026013708119337026,0.004749431580438727,1.9015029558940961,1.920120727689416,30,2.4545166666666662,0.10584296136854995,0.019324192498234225,2.416641249370127,2.4923920839632054,30,0.5909138888888888,0.017640493561424997,0.003220698749705705,0.5846013193394657,0.597226458438312,30,0.2848738095238094,0.07986826169968503,0.01458188285388113,0.2562933191302024,0.3134542999174164,30,0.2705166666666667,0.09723128162498312,0.01775192208038027,0.23572289938912136,0.30531043394421203,30,0.032976535714285715,0.005532207973575817,0.0010100383666458064,0.030996860515659936,0.0349562109129115,30,2320.866666666667,510.5112875467531,93.20618268345429,2138.1825486070966,2503.550784726237,30,2320.866666666667,510.5112875467531,93.20618268345429,2138.1825486070966,2503.550784726237,30,0.0,0.0,0.0,0.0,0.0,30,0.0,0.0,0.0,0.0,0.0,0,,,,,,0,,,,,,0,,,,,,30,4.233333333333333,0.4301830671520763,0.07854032324531729,4.0793942997725114,4.387272366894155,30,402.84166666666664,19.023311848312872,3.473165672592085,396.03426194838613,409.64907138494715
0.35,0.35,0.95,noop,,30,30,0.6677721291666666,0.00875104816169604,0.0015977154933250123,0.6646406067997496,0.6709036515335837,30,0.6672846416666668,0.008744746025307159,0.001596564885904791,0.6641553744902934,0.6704139088430402,30,1.9079203690476194,0.025002994747702817,0.004564901409500007,1.8989731622849995,1.9168675758102394,30,1.9078903264236362,0.025002847820749557,0.004564874584431139,1.8989431722381511,1.9168374806091213,30,1.94995,0.04753063440452431,0.008677866878629698,1.932941380917886,1.9669586190821142,30,0.6750083333333333,0.00792177240075405,0.0014463111464382828,0.6721735634863143,0.6778431031803523,30,0.3231474047619048,0.0717247450205749,0.013095086926358404,0.2974810343862423,0.3488137751375673,30,0.33238333333333336,0.06841237578771506,0.012490333810483931,0.30790227906478485,0.3568643876018819,30,0.02803417857142857,0.004618195057670602,0.0008431632026816867,0.026381578694172465,0.029686778448684677,30,0.0,0.0,0.0,0.0,0.0,30,0.0,0.0,0.0,0.0,0.0,30,0.0,0.0,0.0,0.0,0.0,30,74.57843333333334,5.701242212997477,1.0408996552864638,72.53827000897186,76.61859665769481,30,0.0,0.0,0.0,0.0,0.0,30,0.0,0.0,0.0,0.0,0.0,30,149156.86666666667,11402.484425994953,2081.7993105729274,145076.54001794374,153237.1933153896,30,3.1666666666666665,0.3790490217894517,0.06920456654478331,3.0310257162388914,3.3023076170944416,30,507.8861111111111,15.380992949909299,2.808172265164417,502.3820934713889,513.3901287508334
0.35,0.35,0.95,left_if_safe,,30,30,0.6245282416666669,0.06835347629099436,0.012479580282824056,0.6000682643123317,0.648988219021002,30,0.6239212749999999,0.06823018451375178,0.012457070386973834,0.5995054170415313,0.6483371329584686,30,1.784366404761905,0.19529564654569842,0.03565594366521163,1.7144807551780903,1.8542520543457197,30,1.7839064331665477,0.19508272913152777,0.03561707044166932,1.7140969751008759,1.8537158912322196,30,2.4278666666666666,0.5190252789892656,0.09476061773927764,2.2421358558976823,2.613597477435651,30,0.5953555555555555,0.08650421316487761,0.015793436289879607,0.5644004204273915,0.6263106906837196,30,0.30982721428571425,0.08356214606212177,0.01525629078392186,0.2799248843492274,0.3397295442222011,30,0.3494333333333334,0.14954031478877672,0.027302201222078798,0.29592101893805894,0.4029456477286078,30,0.031196869047619046,0.005715912143602814,0.0010435780059229898,0.029151456156009985,0.033242281939228104,30,4209.966666666666,665.0356735743104,121.41834665409738,3971.986707224635,4447.946626108697,30,4209.966666666666,665.0356735743104,121.41834665409738,3971.986707224635,4447.946626108697,30,0.0,0.0,0.0,0.0,0.0,30,56.26991666666667,7.3396882780318515,1.3400376116447648,53.64344294784293,58.896390385490406,30,4209.966666666666,665.0356735743104,121.41834665409738,3971.986707224635,4447.946626108697,30,0.0,0.0,0.0,0.0,0.0,30,108329.86666666667,15147.228085404417,2765.4928353505957,102909.5007093795,113750.23262395384,30,4.4,1.132589343358684,0.2067815772491717,3.994708108591624,4.805291891408377,30,470.89944444444444,273.2308287429198,49.88489610277603,373.12504808300343,568.6738408058854
0.35,0.35,0.95,graph_ppo,edge-graph,30,30,0.6633486916666669,0.008834128426735468,0.0016128838050735467,0.6601874394087227,0.666509943924611,30,0.6626535375000002,0.008787623091497573,0.0016043931313555017,0.6595089269625435,0.665798148037457,30,1.8952819761904762,0.025240366933529632,0.004608239443067225,1.8862498268820644,1.904314125498888,30,1.89464914224446,0.02512544129091527,0.004587256987435338,1.8856581185490868,1.9036401659398332,30,2.7806166666666665,0.21740549604976334,0.03969263143735189,2.702819109049457,2.858414224283876,30,0.5365638888888888,0.03623424934162721,0.006615438572891979,0.5235976292860206,0.5495301484917571,30,0.2605367380952382,0.06760309299839626,0.012342579664113729,0.2363452819535753,0.2847281942369011,30,0.25386666666666663,0.09779129195183586,0.017854165509864635,0.21887250226733196,0.2888608310660013,30,0.034516988095238094,0.004872590592344731,0.0008896092603048895,0.03277335394504051,0.03626062224543568,30,4194.9,742.3888910249408,135.5410473518682,3929.239547190338,4460.560452809661,30,4194.9,742.3888910249408,135.5410473518682,3929.239547190338,4460.560452809661,30,0.0,0.0,0.0,0.0,0.0,30,55.18978333333334,8.750498608141822,1.5976151590322782,52.058457621630076,58.3211090450366,30,4145.8,743.0193481492511,135.65615254804308,3879.9139410058356,4411.686058994164,30,49.1,38.509604713271386,7.030859727355335,35.31951493438355,62.880485065616455,30,106184.66666666667,18165.332323874,3316.52075945451,99684.28597813583,112685.04735519752,30,5.066666666666666,0.4497764451088036,0.08211756827352529,4.905716232850557,5.227617100482776,30,359.00611111111107,27.077503522273297,4.943653160024891,349.3165509174623,368.69567130475986
0.35,0.35,0.95,node_mlp_ppo,node-mlp-matched,30,30,0.6559156833333334,0.012098928024648542,0.0022089519335771425,0.6515861375435222,0.6602452291231445,30,0.6552540291666666,0.012069802267502363,0.002203634322179349,0.6509349058951951,0.6595731524381382,30,1.8740448095238096,0.03456836578470806,0.006311291238791459,1.8616746786957783,1.8864149403518409,30,1.873492578031928,0.03450979919228651,0.006300598490862961,1.8611434049898365,1.8858417510740195,30,2.6466166666666666,0.17354879485436453,0.03168552992319065,2.584513028017213,2.7087203053161204,30,0.5588972222222223,0.028924799142394073,0.005280921653865105,0.5485466157806467,0.5692478286637979,30,0.2846554523809524,0.05201079006249737,0.009495827650298445,0.26604363018636745,0.30326727457553737,30,0.2877166666666667,0.06784156026250114,0.012386117630705991,0.2634398761104829,0.31199345722285043,30,0.03253472619047619,0.003958429630068095,0.0007227070668950419,0.03111822033936191,0.03395123204159047,30,4073.0,669.5252049026982,122.23801918115875,3833.413482404929,4312.586517595071,30,4072.866666666667,669.5106670795719,122.23536494993765,3833.2853513647888,4312.447981968545,30,0.13333333333333333,0.5074162634049248,0.09264111117062016,-0.04824324456108217,0.3149099112277488,30,54.81571666666667,6.4003748606319295,1.1685432292190305,52.52537193739737,57.10606139593597,30,2.066666666666667,1.5297809925141153,0.2792985192142075,1.5192415690068202,2.6140917643265134,30,4070.9333333333334,669.7015255569703,122.27021078105838,3831.283720202459,4310.582946464207,30,105558.43333333333,13353.64555076262,2438.030964360395,100779.89264318696,110336.9740234797,30,4.833333333333333,0.46113303737741407,0.08419098886082753,4.6683189951661115,4.998347671500555,30,376.0861111111111,25.861885253711055,4.72171264435592,366.8315543281735,385.3406678940487
0.35,0.35,0.95,grid_cnn_ppo,grid-cnn-matched,30,30,0.6616565624999999,0.008199718733792676,0.0014970569718986489,0.6587223308350786,0.6645907941649213,30,0.6609893708333334,0.008166504412770243,0.001490992894279914,0.6580670247605448,0.663911716906122,30,1.8904473214285713,0.023427767810836025,0.004277305633996105,1.8820638023859388,1.8988308404712038,30,1.8898909816535625,0.023349547999343176,0.004263024715596626,1.8815354532109931,1.8982465100961319,30,2.668766666666667,0.1742655886923717,0.031816397974576395,2.6064065266364973,2.7311268066968366,30,0.5552055555555556,0.029044264782061936,0.00530273299576273,0.5448121988838607,0.5655989122272506,30,0.27188125,0.06048372835813699,0.011042767461255511,0.2502374257759392,0.2935250742240608,30,0.27540000000000003,0.08397130051597884,0.015330991825215601,0.24535125602257746,0.3054487439774226,30,0.0338109761904762,0.004239889284490074,0.0007740943341465507,0.032293751295548956,0.03532820108540344,30,4727.833333333333,592.6730844719298,108.20680586381357,4515.7479938402585,4939.918672826408,30,4706.966666666666,587.5039241737371,107.26305063092016,4496.731087430063,4917.20224590327,30,20.866666666666667,9.031490247570112,1.6489169788273559,17.63478938816505,24.098543945168284,30,54.92763333333333,7.598237646088518,1.3872420520158788,52.20863891138221,57.646627755284456,30,536.9666666666667,56.75991988848404,10.36289616170294,516.6553901897289,557.2779431436045,30,4190.866666666667,587.470071627033,107.25687002976721,3980.643201408323,4401.090131925011,30,105127.43333333333,15723.665804226077,2870.735482549077,99500.79178753715,110754.07487912952,30,4.9,0.40257789993644877,0.07350033231608352,4.755939348660477,5.044060651339524,30,371.48611111111114,26.11583688994715,4.768077657583206,362.14067890224806,380.83154331997423
0.35,0.35,1.0,baseline1_hdv,,30,30,0.6678405458333335,0.009080494115519443,0.0016578638201209734,0.6645911327458964,0.6710899589207706,30,0.66736,0.00907757093558164,0.0016573301229237797,0.6641116329590694,0.6706083670409305,30,1.9081158452380955,0.025944268901484546,0.0047367537717742875,1.8988318078454178,1.9173998826307732,30,1.9081057898498925,0.025954455855843887,0.004738613646672583,1.8988181071024144,1.9173934725973707,30,1.9221833333333334,0.04592938420372445,0.008385519926900445,1.9057477142766084,1.9386189523900583,30,0.6796361111111111,0.007654897367287417,0.001397586654483409,0.6768968412683236,0.6823753809538986,30,0.3138141904761904,0.07537219795932258,0.013761017677021942,0.2868425958292274,0.34078578512315344,30,0.3138833333333333,0.07665694778477787,0.01399557983040617,0.2864519968657372,0.3413146698009294,30,0.029805428571428573,0.005102385689955634,0.0009315639131600872,0.027979563301634803,0.03163129384122235,30,0.0,0.0,0.0,0.0,0.0,30,0.0,0.0,0.0,0.0,0.0,30,0.0,0.0,0.0,0.0,0.0,30,0.0,0.0,0.0,0.0,0.0,0,,,,,,0,,,,,,0,,,,,,30,3.033333333333333,0.18257418583505536,0.03333333333333333,2.968,3.0986666666666665,30,518.5916666666667,16.13657511721152,2.9461220641911066,512.8172674208521,524.3660659124813
0.35,0.35,1.0,baseline2_matched,,30,30,0.6678699625,0.008802164712025039,0.0016070480558840262,0.6647201483104673,0.6710197766895326,30,0.6672051708333334,0.008771180496565025,0.0016013911379726762,0.664066444202907,0.6703438974637599,30,1.908199892857143,0.02514904203435729,0.004591565873954367,1.8992004237441926,1.9171993619700936,30,1.9076631045985235,0.025078428867948498,0.004578673732588046,1.898688904082651,1.9166373051143961,30,2.6591666666666667,0.13896634009054465,0.025371666400508603,2.60943820052167,2.7088951328116635,30,0.5568055555555556,0.023161056681757438,0.0042286110667514335,0.5485174778647227,0.5650936332463884,30,0.2867505833333333,0.08027137941238092,0.014655481742072273,0.25802583911887167,0.31547532754779495,30,0.2784333333333333,0.10193496348951715,0.018610692967224687,0.24195637511757292,0.31491029154909367,30,0.033038142857142856,0.005645926276409288,0.0010308003932001715,0.03101777408647052,0.03505851162781519,30,2533.633333333333,645.089808413945,117.77674656166785,2302.790910072464,2764.4757565942023,30,2533.633333333333,645.089808413945,117.77674656166785,2302.790910072464,2764.4757565942023,30,0.0,0.0,0.0,0.0,0.0,30,0.0,0.0,0.0,0.0,0.0,0,,,,,,0,,,,,,0,,,,,,30,5.0,0.2626128657194451,0.047946330148538406,4.9060251929088645,5.0939748070911355,30,373.84666666666664,17.830770253023058,3.255438361757609,367.4660074776217,380.22732585571157
0.35,0.35,1.0,noop,,30,30,0.6667247,0.008328599518609469,0.0015205872762563577,0.6637443489385375,0.6697050510614624,30,0.6662354999999999,0.008320585225747525,0.0015191240732620448,0.6632580168164063,0.6692129831835935,30,1.9049277142857137,0.023795998624597876,0.004344535075018054,1.8964124255386783,1.9134430030327492,30,1.9048906361686924,0.023790093568969224,0.004343456964294343,1.8963774605186754,1.9134038118187093,30,1.9568,0.05330064371740414,0.00973132163118942,1.937726609602869,1.9758733903971313,30,0.6738666666666667,0.008883440619567369,0.0016218869385315722,0.6706877682671448,0.6770455650661886,30,0.33254271428571425,0.06947578305091892,0.012684484525774462,0.3076811246151963,0.3574043039562322,30,0.3401166666666667,0.07100700345902428,0.012964045845118318,0.31470713681023477,0.3655261965230986,30,0.02737504761904762,0.0044605240819460285,0.000814376552658954,0.02577886957583607,0.028971225662259167,30,0.0,0.0,0.0,0.0,0.0,30,0.0,0.0,0.0,0.0,0.0,30,0.0,0.0,0.0,0.0,0.0,30,79.32225,5.7076130356441634,1.042062803044282,77.2798069060332,81.36469309396679,30,0.0,0.0,0.0,0.0,0.0,30,0.0,0.0,0.0,0.0,0.0,30,158644.5,11415.226071288325,2084.125606088564,154559.6138120664,162729.3861879336,30,3.2,0.4068381021724862,0.07427813527082075,3.0544148548691914,3.345585145130809,30,510.3777777777778,14.467325673144375,2.6413602059849284,505.20071177404736,515.5548437815082
0.35,0.35,1.0,left_if_safe,,30,30,0.6548473374999999,0.030777966044027126,0.005619262092147232,0.6438335837993914,0.6658610912006084,30,0.6538005749999999,0.030654176296512327,0.005596661279779991,0.6428311188916311,0.6647700311083686,30,1.870992392857143,0.08793704584007718,0.016055034548992035,1.8395245251411185,1.9024602605731675,30,1.8693368834882063,0.08764596510797033,0.016001890721315356,1.8379731776744281,1.9007005893019844,30,4.18705,0.7656770876722163,0.1397928708943112,3.9130559730471504,4.46104402695285,30,0.30215833333333336,0.1276128479453694,0.023298811815718537,0.25649266217452504,0.3478240044921417,30,0.22942402380952368,0.08161288683873477,0.014900406368230507,0.20021922732779188,0.25862882029125545,30,0.21193333333333333,0.12469886024790458,0.02276679288432053,0.1673104192800651,0.25655624738660154,30,0.038547202380952376,0.006363302965541946,0.0011617748581556142,0.036270123658967375,0.04082428110293738,30,8449.9,2362.552847064466,431.34116254508695,7604.471321411629,9295.32867858837,30,8449.9,2362.552847064466,431.34116254508695,7604.471321411629,9295.32867858837,30,0.0,0.0,0.0,0.0,0.0,30,64.75946666666667,9.92053036413614,1.811232754284101,61.20945046826983,68.3094828650635,30,8449.9,2362.552847064466,431.34116254508695,7604.471321411629,9295.32867858837,30,0.0,0.0,0.0,0.0,0.0,30,121069.03333333334,22057.762548681654,4027.178038668529,113175.76437754302,128962.30228912366,30,7.733333333333333,1.5959719411009734,0.29138327776210315,7.162222108919611,8.304444557747056,30,247.87160894660894,53.32065107096946,9.734974457477323,228.7910590099534,266.9521588832645
0.35,0.35,1.0,graph_ppo,edge-graph,30,30,0.6607668041666667,0.007651119729558536,0.0013968969553506787,0.6580288861341793,0.663504722199154,30,0.6597114541666663,0.0074788174958544725,0.0013654390153145979,0.6570351936966498,0.6623877146366829,30,1.8879051547619052,0.021860342084453237,0.003991134158144847,1.8800825318119414,1.895727777711869,30,1.886237181319991,0.021383323790863384,0.0039040429315642523,1.878585257174125,1.8938891054658569,30,4.2214,0.7052846013954347,0.12876676188177305,3.969017146711725,4.4737828532882755,30,0.2964333333333334,0.11754743356590579,0.02146112698029551,0.2543695244519542,0.33849714221471255,30,0.22409051190476184,0.07079641437675772,0.012925597714877751,0.19875634038360146,0.24942468342592222,30,0.20958333333333332,0.11736849451938594,0.021428457329563045,0.16758355696738975,0.2515831096992769,30,0.03893664285714286,0.005577871503242562,0.0010183753483970672,0.036940627174284604,0.04093265854000111,30,8463.4,2348.842262139753,428.83796366513513,7622.877591216335,9303.922408783665,30,8463.2,2348.9652512806865,428.8604183074076,7622.633580117482,9303.766419882519,30,0.2,0.8051557998728975,0.14700066463216704,-0.08812130267904739,0.4881213026790474,30,65.35138333333333,10.015158375564695,1.8285093864278599,61.767504935934724,68.93526173073194,30,8458.933333333332,2351.7968322603647,429.3773918993984,7617.353645210512,9300.513021456154,30,4.466666666666667,13.43883547226376,2.4535844449198176,-0.3423588453761761,9.275692178709509,30,122239.36666666667,22299.512712293672,4071.3153779654845,114259.58852585431,130219.14480747902,30,7.9,1.422722014672748,0.25975231349848665,7.390885465542967,8.409114534457034,30,242.2932671957672,36.17409554478669,6.604456042408933,229.34853335264572,255.2380010388887
0.35,0.35,1.0,node_mlp_ppo,node-mlp-matched,30,30,0.6599136791666667,0.007185719952942253,0.0013119269700471443,0.6573423023053743,0.662485056027959,30,0.6588781791666669,0.007034843346377227,0.0012843807964419787,0.6563607928056406,0.6613955655276932,30,1.8854676547619038,0.020530628436979087,0.0037483627715634922,1.8781208637296394,1.8928144457941682,30,1.8838546938289253,0.0201139195035796,0.0036722824773178864,1.8766570201733823,1.8910523674844684,30,4.142,0.6282811664676342,0.11470792244332721,3.917172472011079,4.366827527988922,30,0.30966666666666665,0.10471352774460571,0.01911798707388787,0.27219541200184644,0.34713792133148685,30,0.2307482142857141,0.06292640589412862,0.011488737323646763,0.20823028913136643,0.25326613944006177,30,0.21416666666666667,0.10063850751776031,0.01837399357371019,0.1781536392621947,0.25017969407113866,30,0.03826680952380953,0.005037320021331022,0.000919684601685135,0.03646422770450666,0.040069391343112395,30,8240.766666666666,2099.1099211140754,383.2432848256896,7489.609828408315,8991.923504925018,30,8239.766666666666,2098.948795737151,383.2138674911803,7488.6674863839535,8990.86584694938,30,1.0,1.9475891374404053,0.35557950110937975,0.3030641778256157,1.6969358221743844,30,65.1268,8.37731951369188,1.529482289692417,62.12901471220287,68.12458528779715,30,18.333333333333332,19.643957276253285,3.5864795062905555,11.303833501003844,25.36283316566282,30,8222.433333333332,2097.57381495751,382.9628314947985,7471.826183603527,8973.040483063138,30,122012.83333333333,18770.60122323228,3427.0272359661276,115295.85995083972,128729.80671582694,30,7.766666666666667,1.3817363722139078,0.25226939319563724,7.272218656003218,8.261114677330115,30,245.1218795093795,32.595673127186494,5.951128482941668,233.45766768281385,256.7860913359452
0.35,0.35,1.0,grid_cnn_ppo,grid-cnn-matched,30,30,0.6633428166666665,0.0073499675111241515,0.0013419143342576002,0.6607126645715216,0.6659729687618114,30,0.6623248291666667,0.00720172993349533,0.0013148499792118573,0.6597477232074115,0.6649019351259219,30,1.8952651904761904,0.02099990717464098,0.003834040955021815,1.8877504702043475,1.9027799107480332,30,1.8937093042649509,0.020591079152238154,0.0037593995116850633,1.8863408812220481,1.9010777273078536,30,4.07195,0.6158631222478154,0.11244070813023006,3.8515662120647494,4.292333787935251,30,0.3213416666666667,0.10264385370796923,0.018740118021705013,0.28461103534412485,0.35807229798920853,30,0.23301327380952364,0.06637451567570761,0.012118273159688437,0.2092614584165343,0.25676508920251295,30,0.22431666666666666,0.10426644278939425,0.019036360902191032,0.18700539929837223,0.2616279340349611,30,0.03887780952380952,0.0054817350506471746,0.001000823313835394,0.03691619582869215,0.0408394232189269,30,11643.0,3494.8687015937107,638.0728077938888,10392.377296723978,12893.622703276022,30,10998.066666666668,3081.0308164564053,562.5166928472441,9895.533948686068,12100.599384647267,30,644.9333333333333,422.1719647443349,77.07770274558264,493.8610359519913,796.0056307146752,30,66.92418333333333,8.965285770089418,1.6368297502526827,63.715997022838074,70.1323696438286,30,2856.4,1100.2882255619866,200.88422696587745,2462.6669151468805,3250.1330848531197,30,8786.6,2401.40155340369,438.4339334757159,7927.269490387597,9645.930509612404,30,122205.36666666667,21274.685638073493,3884.2084092680134,114592.31818450136,129818.41514883198,30,7.633333333333334,1.2994251602637363,0.237241490688738,7.168340011583407,8.09832665508326,30,249.01472823472824,34.9143251898973,6.374454495525864,236.52079742349756,261.50865904595895
0.4,0.4,0.9,baseline1_hdv,,30,30,0.6038893666666666,0.0010696103836316032,0.00019528324495226117,0.6035066115065602,0.604272121826773,30,0.6035096041666664,0.0010709238554556149,0.00019552305100114742,0.6031263789867042,0.6038928293466287,30,1.509723416666667,0.002674025959079366,0.0004882081123807183,1.508766528766401,1.5106803045669333,30,1.5097175839066082,0.002678984003642107,0.0004891133233300947,1.5087589217928812,1.5106762460203351,30,1.51905,0.02560520892587935,0.004674850172778915,1.5098872936613534,1.5282127063386466,30,0.746825,0.004267534820979879,0.0007791416954631501,0.7452978822768922,0.7483521177231077,30,0.5004446770833334,0.014444184205106427,0.0026371351712988723,0.4952758921475876,0.5056134620190792,30,0.5035000000000001,0.013451701597272703,0.0024559334672181778,0.49868637040425245,0.5083136295957477,30,0.01974616666666667,0.0010601659611221852,0.00019355893720192192,0.0193667911497509,0.020125542183582437,30,0.0,0.0,0.0,0.0,0.0,30,0.0,0.0,0.0,0.0,0.0,30,0.0,0.0,0.0,0.0,0.0,30,0.0,0.0,0.0,0.0,0.0,0,,,,,,0,,,,,,0,,,,,,30,2.7666666666666666,0.4301830671520763,0.07854032324531729,2.6127276331058447,2.9206057002274886,30,653.938888888889,11.650192254455405,2.127024365679064,649.7699211321581,658.1078566456199
0.4,0.4,0.9,baseline2_matched,,30,30,0.6061650541666669,0.0013831516721422423,0.0002525277904277653,0.6056700996974285,0.6066600086359053,30,0.6057018333333335,0.0013823230526583763,0.0002523765059001314,0.6052071753817693,0.6061964912848977,30,1.5154126354166662,0.00345787918035639,0.0006313194760695565,1.5141752492435698,1.5166500215897625,30,1.5152015843235356,0.0034579688621845044,0.0006313358496563086,1.5139641660582093,1.5164390025888619,30,1.8528833333333334,0.05048193315150129,0.009216697844515039,1.834818605558084,1.870948061108583,30,0.6911861111111112,0.008413655525250209,0.001536116307419172,0.6881753231485696,0.6941968990736528,30,0.4752585416666666,0.012774714771327685,0.002332333148650208,0.4706871686953122,0.479829914638021,30,0.4529666666666667,0.028955653766708,0.0052865549117784676,0.4426050190395809,0.4633283142937525,30,0.02223484375,0.0009197337045129606,0.00016791963228651318,0.021905721270718433,0.022563966229281567,30,1635.8,181.06893333945956,33.058513084473745,1571.0053143544314,1700.5946856455685,30,1635.8,181.06893333945956,33.058513084473745,1571.0053143544314,1700.5946856455685,30,0.0,0.0,0.0,0.0,0.0,30,0.0,0.0,0.0,0.0,0.0,0,,,,,,0,,,,,,0,,,,,,30,3.0,0.0,0.0,3.0,3.0,30,537.0,18.48826903617596,3.37548066677929,530.3840578931126,543.6159421068874
0.4,0.4,0.9,noop,,30,30,0.6040739875,0.0016017574205944097,0.0002924395569702827,0.6035008059683382,0.6046471690316617,30,0.6036908000000002,0.0016026361586141203,0.0002925999918487937,0.6031173040159765,0.6042642959840239,30,1.5101849687499993,0.004004393551485136,0.0007310988924255446,1.5087520149208453,1.5116179225791533,30,1.5101708567854912,0.004009096081585638,0.0007319574530300086,1.5087362201775525,1.51160549339343,30,1.53275,0.025406267893491596,0.0046385286757615355,1.5236584837955074,1.5418415162044927,30,0.7445416666666667,0.004234377982248601,0.0007730881126269229,0.7430264139659178,0.7460569193674155,30,0.5036571041666665,0.012604244025850173,0.002301209591085956,0.4991467333681381,0.508167474965195,30,0.5113,0.013634767931715013,0.0024893566541827903,0.5064208609578017,0.5161791390421983,30,0.01893475,0.0007905841971889063,0.00014434026613582542,0.01865184307837378,0.01921765692162622,30,0.0,0.0,0.0,0.0,0.0,30,0.0,0.0,0.0,0.0,0.0,30,0.0,0.0,0.0,0.0,0.0,30,83.82768333333334,2.3199937034818436,0.42357096155565244,82.99748424868426,84.65788241798242,30,0.0,0.0,0.0,0.0,0.0,30,0.0,0.0,0.0,0.0,0.0,30,167655.36666666667,4639.987406963688,847.1419231113051,165994.9684973685,169315.76483596483,30,2.966666666666667,0.18257418583505536,0.03333333333333333,2.9013333333333335,3.032,30,648.2277777777778,12.660046919142578,2.3113977588960575,643.6974381703415,652.7581173852141
0.4,0.4,0.9,left_if_safe,,30,30,0.5908068624999998,0.022980578775220722,0.004195660459904277,0.5825833679985875,0.5990303570014122,30,0.5903617625,0.02295049446973965,0.004190167842324657,0.5821490335290437,0.5985744914709564,30,1.4770171562499996,0.05745144693805218,0.010489151149760761,1.4564584199964685,1.4975758925035307,30,1.4768274233896181,0.057412118748566485,0.010481970837585043,1.4562827605479514,1.497372086231285,30,1.7804,0.14391007728726848,0.02627426519418294,1.7289024402194015,1.8318975597805984,30,0.7032666666666666,0.02398501288121141,0.004379044199030489,0.6946837400365669,0.7118495932967663,30,0.4522058854166669,0.021195324136272845,0.003869719047690113,0.44462123608319426,0.45979053475013953,30,0.4807666666666667,0.046486693189322054,0.008487270161204487,0.4641316171507059,0.49740171618262746,30,0.023338489583333333,0.001557362904597794,0.00028433426435665925,0.02278119442519428,0.023895784741472387,30,2770.3,360.6359469144702,65.84281439076365,2641.2480837941034,2899.351916205897,30,2770.3,360.6359469144702,65.84281439076365,2641.2480837941034,2899.351916205897,30,0.0,0.0,0.0,0.0,0.0,30,62.35363333333333,3.8140895169985405,0.6963542882680281,60.988778928327996,63.71848773833866,30,2770.3,360.6359469144702,65.84281439076365,2641.2480837941034,2899.351916205897,30,0.0,0.0,0.0,0.0,0.0,30,121936.96666666666,7725.110714454177,1410.4057991771342,119172.57130027948,124701.36203305384,30,2.966666666666667,0.18257418583505536,0.03333333333333333,2.9013333333333335,3.032,30,560.95,63.013790833824956,11.504691557866066,538.4008045465825,583.4991954534175
0.4,0.4,0.9,graph_ppo,edge-graph,30,30,0.5930715041666667,0.02470446863902394,0.004510398248257454,0.584231123600082,0.6019118847332513,30,0.5926224,0.024672930344179833,0.004504640169753666,0.5837933052672828,0.6014514947327172,30,1.4826787604166671,0.06176117159755978,0.011275995620643624,1.4605778090002057,1.5047797118331285,30,1.4824825515947473,0.061720901423839264,0.011268643326463164,1.4603960106748795,1.5045690925146151,30,1.7964166666666666,0.15308286483387723,0.027948979412342964,1.7416366670184744,1.8511966663148587,30,0.7005972222222223,0.02551381080564621,0.004658163235390495,0.691467222280857,0.7097272221635876,30,0.4491228854166669,0.02136042000062102,0.0038998612907082154,0.4414791572868788,0.456766613546455,30,0.46948333333333336,0.03605634559229851,0.006582957940701288,0.4565807357695588,0.4823859308971079,30,0.02367359375,0.0016948298022695669,0.000309432171278354,0.023067106694294424,0.024280080805705574,30,2668.9666666666667,432.0153639775369,78.87485334643391,2514.371954107656,2823.5613792256772,30,2668.9666666666667,432.0153639775369,78.87485334643391,2514.371954107656,2823.5613792256772,30,0.0,0.0,0.0,0.0,0.0,30,61.04528333333334,4.4495732993472945,0.8123772224417334,59.45302397734754,62.63754268931913,30,2668.9666666666667,432.0153639775369,78.87485334643391,2514.371954107656,2823.5613792256772,30,0.0,0.0,0.0,0.0,0.0,30,119421.6,9131.700248074816,1667.2127380820327,116153.86303335922,122689.3369666408,30,2.9,0.30512857662936466,0.055708601453115555,2.7908111411518934,3.0091888588481064,30,567.5666666666667,80.23423085420762,14.648699374308835,538.8552158930214,596.278117440312
0.4,0.4,0.9,node_mlp_ppo,node-mlp-matched,30,30,0.5971033583333334,0.014808434820198372,0.0027036379307892023,0.5918042279889866,0.6024024886776802,30,0.5966522249999997,0.014781775076020255,0.002698770549701312,0.5913626347225851,0.6019418152774143,30,1.4927583958333328,0.03702108705049602,0.0067590948269730215,1.4795105699724658,1.5060062216941998,30,1.4925634146341467,0.0369775486579624,0.0067511458404036296,1.4793311687869555,1.5057956604813378,30,1.8045333333333333,0.1265408434359091,0.023103091465192314,1.7592512740615565,1.8498153926051102,30,0.6992444444444444,0.02109014057265152,0.0038505152441987195,0.691697434565815,0.7067914543230739,30,0.4449481041666667,0.0203002527054867,0.0037063021099501144,0.43768375203116444,0.45221245630216894,30,0.4671333333333333,0.041388806860470535,0.007556527715234762,0.4523225390114732,0.4819441276551934,30,0.02390283333333333,0.0014657997559894616,0.0002676171970469988,0.023378303627121212,0.02442736303954545,30,2694.3,347.67277024871214,63.47607296517688,2569.8868969882533,2818.713103011747,30,2694.3,347.67277024871214,63.47607296517688,2569.8868969882533,2818.713103011747,30,0.0,0.0,0.0,0.0,0.0,30,60.99948333333334,5.217289873969338,0.9525424510054304,59.1325001293627,62.86646653730398,30,0.03333333333333333,0.18257418583505536,0.03333333333333333,-0.031999999999999994,0.09866666666666665,30,2694.266666666667,347.6995267749731,63.480958016174746,2569.8439889549645,2818.6893443783692,30,119304.66666666667,10586.177009580037,1932.7626486298564,115516.45187535216,123092.88145798119,30,3.0,0.2626128657194451,0.047946330148538406,2.9060251929088645,3.0939748070911355,30,556.3805555555556,51.491656148714235,9.401047198650124,537.9545030462014,574.8066080649098
0.4,0.4,0.9,grid_cnn_ppo,grid-cnn-matched,30,30,0.6041946166666669,0.002395376651987373,0.00043733394200489535,0.6033374421403372,0.6050517911929965,30,0.6037285000000001,0.00239193757622049,0.00043670605554673163,0.6028725561311286,0.6045844438688717,30,1.5104865416666662,0.0059884416299677366,0.0010933348550121115,1.5083436053508426,1.5126294779824898,30,1.5102651657285804,0.005983583680350883,0.0010924479188159867,1.508123967807701,1.5124063636494598,30,1.8644666666666665,0.08184267217354128,0.01494235923864964,1.8351796425589133,1.8937536907744197,30,0.6892555555555556,0.013640445362256896,0.0024903932064416095,0.68437438487093,0.6941367262401812,30,0.44403638541666673,0.015458297916193927,0.002822286156444839,0.4385047045500349,0.4495680662832986,30,0.46290000000000003,0.027993348963760954,0.0051108628958552475,0.45288270872412373,0.47291729127587634,30,0.024257572916666668,0.0011436308607022051,0.00020879747328854872,0.023848329869021113,0.024666815964312222,30,3249.9666666666667,305.10433301247707,55.70417519450061,3140.7864832854457,3359.1468500478877,30,3202.0333333333333,295.15857612048353,53.88833672743149,3096.4121933475676,3307.654473319099,30,47.93333333333333,17.62821667068186,3.2184573063736908,41.625157012840894,54.241509653825766,30,63.85765,4.06240487029203,0.7416902617259311,62.40393708701718,65.31136291298283,30,499.5,64.82163857529527,11.834757887378752,476.30387454073764,522.6961254592624,30,2750.4666666666667,266.14058163948295,48.59040001049669,2655.2294826460934,2845.70385068724,30,124465.33333333333,8293.671178024566,1514.2102629114997,121497.48121802679,127433.18544863987,30,3.033333333333333,0.18257418583505536,0.03333333333333333,2.968,3.0986666666666665,30,532.0777777777778,24.852003832856244,4.537334366153404,523.1846024201171,540.9709531354384
0.4,0.4,0.95,baseline1_hdv,,30,30,0.6038893666666666,0.0010696103836316032,0.00019528324495226117,0.6035066115065602,0.604272121826773,30,0.6035096041666664,0.0010709238554556149,0.00019552305100114742,0.6031263789867042,0.6038928293466287,30,1.509723416666667,0.002674025959079366,0.0004882081123807183,1.508766528766401,1.5106803045669333,30,1.5097175839066082,0.002678984003642107,0.0004891133233300947,1.5087589217928812,1.5106762460203351,30,1.51905,0.02560520892587935,0.004674850172778915,1.5098872936613534,1.5282127063386466,30,0.746825,0.004267534820979879,0.0007791416954631501,0.7452978822768922,0.7483521177231077,30,0.5004446770833334,0.014444184205106427,0.0026371351712988723,0.4952758921475876,0.5056134620190792,30,0.5035000000000001,0.013451701597272703,0.0024559334672181778,0.49868637040425245,0.5083136295957477,30,0.01974616666666667,0.0010601659611221852,0.00019355893720192192,0.0193667911497509,0.020125542183582437,30,0.0,0.0,0.0,0.0,0.0,30,0.0,0.0,0.0,0.0,0.0,30,0.0,0.0,0.0,0.0,0.0,30,0.0,0.0,0.0,0.0,0.0,0,,,,,,0,,,,,,0,,,,,,30,2.7666666666666666,0.4301830671520763,0.07854032324531729,2.6127276331058447,2.9206057002274886,30,653.938888888889,11.650192254455405,2.127024365679064,649.7699211321581,658.1078566456199
0.4,0.4,0.95,baseline2_matched,,30,30,0.6057884916666668,0.0013723648263209932,0.0002505583908342225,0.6052973972206317,0.6062795861127019,30,0.605312925,0.0013710226745527044,0.0002503133485678601,0.604822310836807,0.605803539163193,30,1.5144712291666669,0.0034309120658015018,0.0006263959770853771,1.5132434930515795,1.5156989652817543,30,1.5142287054409005,0.0034297002490377695,0.0006261747306263574,1.5130014029688728,1.5154560079129282,30,1.9022666666666666,0.05767757188761135,0.010530435728323519,1.8816270126391526,1.9229063206941805,30,0.6829555555555555,0.009612928647935224,0.0017550726213872532,0.6795156132176365,0.6863954978934745,30,0.4736174166666666,0.013893842938211467,0.0025366570625640922,0.468645568824041,0.47858926450929223,30,0.45603333333333335,0.03357054675151124,0.006129115241194828,0.4440202674605915,0.4680463992060752,30,0.022450166666666667,0.000956880225094032,0.0001747016280382074,0.02210775147571178,0.022792581857621553,30,1821.6,217.21919645911782,39.65861794126838,1743.8691088351138,1899.330891164886,30,1821.6,217.21919645911782,39.65861794126838,1743.8691088351138,1899.330891164886,30,0.0,0.0,0.0,0.0,0.0,30,0.0,0.0,0.0,0.0,0.0,0,,,,,,0,,,,,,0,,,,,,30,3.0,0.0,0.0,3.0,3.0,30,523.5444444444445,17.94318050659385,3.275961572282809,517.1235597627701,529.9653291261188
0.4,0.4,0.95,noop,,30,30,0.6039129458333332,0.001342285977001756,0.00024506676940890746,0.6034326149652918,0.6043932767013747,30,0.6035283875,0.001343508053739869,0.0002452898890743964,0.6030476193174142,0.6040091556825858,30,1.5097823645833335,0.003355714942504093,0.0006126669235222144,1.5085815374132299,1.510983191753437,30,1.5097645716072543,0.0033608706785229012,0.0006136082278282288,1.508561899480711,1.5109672437337975,30,1.5382333333333333,0.027218697089764734,0.004969431460654788,1.52849324767045,1.5479734189962167,30,0.7436277777777778,0.004536449514960788,0.0008282385767757977,0.7420044301672972,0.7452511253882583,30,0.5054149374999999,0.011578615582002754,0.0021139563129812388,0.5012715831265566,0.5095582918734431,30,0.511,0.011903346385467143,0.0021732437750393127,0.506740442200923,0.5152595577990771,30,0.018796906250000002,0.000834767634718548,0.0001524070212701938,0.018498188488310422,0.019095624011689582,30,0.0,0.0,0.0,0.0,0.0,30,0.0,0.0,0.0,0.0,0.0,30,0.0,0.0,0.0,0.0,0.0,30,88.83391666666667,3.093193548587445,0.5647372937635986,87.72703157089002,89.94080176244331,30,0.0,0.0,0.0,0.0,0.0,30,0.0,0.0,0.0,0.0,0.0,30,177667.83333333334,6186.387097174889,1129.474587527197,175454.06314178003,179881.60352488665,30,2.9,0.30512857662936466,0.055708601453115555,2.7908111411518934,3.0091888588481064,30,646.3055555555555,11.352762532250262,2.072721376304313,642.2430216579991,650.368089453112
0.4,0.4,0.95,left_if_safe,,30,30,0.5875665833333336,0.02935786992689971,0.0053599891997551715,0.5770610045018134,0.5980721621648537,30,0.5870737541666669,0.02931761540342976,0.0053526397629064665,0.5765825802313702,0.5975649281019635,30,1.468916458333333,0.07339467481724897,0.013399972999387872,1.4426525112545328,1.4951804054121332,30,1.46860226183031,0.07333987593103114,0.013389968137351984,1.4423579242811002,1.49484659937952,30,1.9713166666666666,0.18658978994747724,0.03406647898479465,1.9045463678564691,2.038086965476864,30,0.6714472222222222,0.031098298324579537,0.005677746497465775,0.6603188390871892,0.6825756053572551,30,0.4453376354166666,0.03211329114214372,0.005863057984760985,0.4338460417665351,0.4568292290667981,30,0.4514166666666667,0.05494324396567119,0.010031218034169237,0.431755479319695,0.4710778540136384,30,0.023830947916666668,0.002458518141606577,0.00044886194806453416,0.022951178498460182,0.024710717334873154,30,3392.9333333333334,362.58601199157425,66.1988459345413,3263.1835953016325,3522.6830713650343,30,3392.9333333333334,362.58601199157425,66.1988459345413,3263.1835953016325,3522.6830713650343,30,0.0,0.0,0.0,0.0,0.0,30,70.12608333333334,4.435109649702593,0.8097365333836485,68.53899972790138,71.7131669387653,30,3392.9333333333334,362.58601199157425,66.1988459345413,3263.1835953016325,3522.6830713650343,30,0.0,0.0,0.0,0.0,0.0,30,136859.23333333334,9093.81185840635,1660.2952961857113,133605.05455280934,140113.41211385734,30,3.533333333333333,0.5713464637233658,0.10431311544403152,3.3288796270630314,3.737787039603635,30,509.3777777777778,50.34693683364749,9.192051001692152,491.3613578144612,527.3941977410944
0.4,0.4,0.95,graph_ppo,edge-graph,30,30,0.5991929916666667,0.0069039063548705865,0.0012604750818219622,0.5967224605062957,0.6016635228270377,30,0.5986886583333335,0.00690771743724463,0.0012611708870835536,0.5962167633946498,0.6011605532720172,30,1.4979824791666667,0.017259765887176176,0.0031511877045548526,1.4918061512657392,1.5041588070675942,30,1.497657681884511,0.01728009365164347,0.003154899029602316,1.4914740797864905,1.5038412839825317,30,2.0173333333333336,0.10490975870368002,0.019153813781476493,1.9797918583216396,2.0548748083450277,30,0.6637777777777778,0.017484959783946673,0.0031923022969127493,0.6575208652758288,0.6700346902797268,30,0.4341809479166666,0.01747260201528561,0.003190046087360718,0.4279284575854396,0.4404334382478936,30,0.4393333333333333,0.04530687192554966,0.008271865254540357,0.4231204774344342,0.4555461892322324,30,0.024641875,0.0013189097743953868,0.00024079887825013431,0.024169909198629737,0.025113840801370264,30,3290.2,376.2826707089526,68.69950224852725,3155.5489755928866,3424.851024407113,30,3290.2,376.2826707089526,68.69950224852725,3155.5489755928866,3424.851024407113,30,0.0,0.0,0.0,0.0,0.0,30,70.26556666666667,5.624507223983597,1.0268898271421927,68.25286260546797,72.27827072786538,30,3290.2,376.2826707089526,68.69950224852725,3155.5489755928866,3424.851024407113,30,0.0,0.0,0.0,0.0,0.0,30,137240.93333333332,11541.649021406487,2107.207173277253,133110.8072737099,141371.05939295673,30,3.566666666666667,0.5040069329937309,0.09201865544655373,3.3863101019914215,3.7470232313419123,30,489.46388888888885,22.782388036848953,4.159475947206003,481.3113160323651,497.6164617454126
0.4,0.4,0.95,node_mlp_ppo,node-mlp-matched,30,30,0.5970950208333332,0.026212029924543606,0.004785640022557657,0.5877151663891202,0.6064748752775462,30,0.5965945083333332,0.026169515131516587,0.004777877918834802,0.5872298676124169,0.6059591490542494,30,1.4927375520833335,0.06553007481135943,0.011964100056394218,1.4692879159728007,1.5161871881938662,30,1.4924190327287887,0.06546470326833434,0.01195216490014963,1.4689927895244954,1.515845275933082,30,2.00205,0.2038688451786657,0.03722118842562784,1.9290964706857696,2.075003529314231,30,0.6663250000000001,0.03397814086311094,0.006203531404271306,0.6541660784476283,0.6784839215523718,30,0.4315063229166666,0.026899042485983373,0.004911070781620978,0.42188062418468947,0.4411320216486437,30,0.44806666666666667,0.052429876540222645,0.009572342022763618,0.42930487630205,0.46682845703128334,30,0.025022302083333333,0.0019107630058617588,0.00034885600011895377,0.024338544323100182,0.025706059843566484,30,3343.1,381.19135840695276,69.59570190850819,3206.692424259324,3479.5075757406757,30,3343.1,381.19135840695276,69.59570190850819,3206.692424259324,3479.5075757406757,30,0.0,0.0,0.0,0.0,0.0,30,70.69581666666666,4.378695480594833,0.7994367623892381,69.12892061238375,72.26271272094957,30,0.0,0.0,0.0,0.0,0.0,30,3343.1,381.19135840695276,69.59570190850819,3206.692424259324,3479.5075757406757,30,138048.53333333333,8965.502673498333,1636.8693512159705,134840.26940495003,141256.79726171662,30,3.566666666666667,0.5683207771559354,0.10376070318239085,3.3632956884291807,3.770037644904153,30,498.8972222222222,84.84502630199641,15.490511599240854,468.5358194877101,529.2586249567343
0.4,0.4,0.95,grid_cnn_ppo,grid-cnn-matched,30,30,0.6038310958333335,0.0024675039534787536,0.0004505025253511638,0.6029481108836452,0.6047140807830218,30,0.6033215999999999,0.002454730238883283,0.00044817037480880635,0.6024431860653746,0.6042000139346252,30,1.5095777395833332,0.0061687598836970906,0.0011262563133779472,1.5073702772091124,1.511785201957554,30,1.5092472795497183,0.006140663511904509,0.0011211266411729976,1.5070498713330192,1.5114446877664174,30,2.0379833333333335,0.09964337126363002,0.0181923073823174,2.0023264108639913,2.0736402558026756,30,0.6603361111111111,0.016607228543938334,0.003032051230386233,0.6543932906995541,0.6662789315226681,30,0.43243728124999997,0.016954717622465105,0.0030954937659848324,0.4263701134686697,0.43850444903133023,30,0.4455666666666667,0.032311718097878694,0.005899285624652027,0.43400406684234877,0.4571292664909847,30,0.02514361458333333,0.0012028710650159565,0.0002196132053598342,0.024713172700828057,0.025574056465838605,30,3982.1,355.5283925807255,64.91030681667189,3854.875798639323,4109.324201360677,30,3924.1,350.71437932036514,64.03139226506245,3798.5984711604774,4049.6015288395224,30,58.0,21.56625716891696,3.93744184412444,50.2826139855161,65.7173860144839,30,72.47313333333334,3.776670281166159,0.6895225017513611,71.12166922990068,73.824597436766,30,608.1,62.41371975610093,11.395134069407439,585.7655372239615,630.4344627760386,30,3374.0,310.66103048510763,56.71868471149784,3262.831377965464,3485.168622034536,30,140964.16666666666,7776.937257635258,1419.8679881030655,138181.22540998465,143747.10792334867,30,3.6666666666666665,0.47946330148538413,0.0875376219064817,3.4950929277299623,3.8382404056033708,30,488.75555555555553,24.582753094003017,4.488176131721789,479.9587303373808,497.55238077373025
0.4,0.4,1.0,baseline1_hdv,,30,30,0.6038893666666666,0.0010696103836316032,0.00019528324495226117,0.6035066115065602,0.604272121826773,30,0.6035096041666664,0.0010709238554556149,0.00019552305100114742,0.6031263789867042,0.6038928293466287,30,1.509723416666667,0.002674025959079366,0.0004882081123807183,1.508766528766401,1.5106803045669333,30,1.5097175839066082,0.002678984003642107,0.0004891133233300947,1.5087589217928812,1.5106762460203351,30,1.51905,0.02560520892587935,0.004674850172778915,1.5098872936613534,1.5282127063386466,30,0.746825,0.004267534820979879,0.0007791416954631501,0.7452978822768922,0.7483521177231077,30,0.5004446770833334,0.014444184205106427,0.0026371351712988723,0.4952758921475876,0.5056134620190792,30,0.5035000000000001,0.013451701597272703,0.0024559334672181778,0.49868637040425245,0.5083136295957477,30,0.01974616666666667,0.0010601659611221852,0.00019355893720192192,0.0193667911497509,0.020125542183582437,30,0.0,0.0,0.0,0.0,0.0,30,0.0,0.0,0.0,0.0,0.0,30,0.0,0.0,0.0,0.0,0.0,30,0.0,0.0,0.0,0.0,0.0,0,,,,,,0,,,,,,0,,,,,,30,2.7666666666666666,0.4301830671520763,0.07854032324531729,2.6127276331058447,2.9206057002274886,30,653.938888888889,11.650192254455405,2.127024365679064,649.7699211321581,658.1078566456199
0.4,0.4,1.0,baseline2_matched,,30,30,0.6055338291666669,0.001604963052293837,0.00029302482256789267,0.6049595005144338,0.6061081578188999,30,0.6050296291666667,0.0016048270761945072,0.0002929999968422645,0.6044553491728558,0.6056039091604776,30,1.513834572916667,0.004012407630734553,0.0007325620564197245,1.5123987512860841,1.5152703945472497,30,1.5135200229309989,0.004014576800986297,0.0007329580909123743,1.5120834250728106,1.5149566207891871,30,2.0168000000000004,0.04933324401980114,0.009006976861517307,1.9991463253514266,2.0344536746485744,30,0.6638666666666667,0.008222207336633503,0.0015011628102528807,0.6609243875585711,0.6668089457747624,30,0.4713693958333333,0.013815910375061516,0.002522428588296951,0.4664254358002713,0.47631335586639534,30,0.46066666666666667,0.027576956063842976,0.005034840301165224,0.4507983796763828,0.4705349536569505,30,0.022698239583333335,0.0010395362900343175,0.0001897924917990095,0.022326246299407278,0.023070232867259392,30,1974.5,263.13255476909416,48.04121195366548,1880.3392245708158,2068.6607754291845,30,1974.5,263.13255476909416,48.04121195366548,1880.3392245708158,2068.6607754291845,30,0.0,0.0,0.0,0.0,0.0,30,0.0,0.0,0.0,0.0,0.0,0,,,,,,0,,,,,,0,,,,,,30,3.6333333333333333,0.490132517853561,0.08948554539839963,3.45794166435247,3.8087250023141968,30,495.25555555555553,18.31306263547081,3.3434925008174567,488.7023102539533,501.80880085715773
0.4,0.4,1.0,noop,,30,30,0.6038367666666666,0.0014123750183998455,0.00025786321907812315,0.6033313547572735,0.6043421785760598,30,0.6034544416666667,0.0014128394392012523,0.00025794801032782484,0.6029488635664242,0.6039600197669093,30,1.5095919166666663,0.003530937545999797,0.0006446580476953413,1.5083283868931834,1.5108554464401491,30,1.5095795914112984,0.0035343075402152987,0.0006452733216455054,1.5083148557008732,1.5108443271217236,30,1.5292999999999999,0.01868504842066937,0.0034114075026922975,1.5226136412947229,1.5359863587052769,30,0.7451166666666666,0.003114174736778213,0.0005685679171153801,0.7440022735491205,0.7462310597842128,30,0.5059485625000001,0.01158770930574583,0.0021156165921898396,0.501801953979308,0.5100951710206921,30,0.5147499999999999,0.013082463914300154,0.0023885201978698424,0.510068500412175,0.5194314995878249,30,0.018718281250000003,0.0008357156660620984,0.00015258010732088862,0.01841922423965106,0.019017338260348945,30,0.0,0.0,0.0,0.0,0.0,30,0.0,0.0,0.0,0.0,0.0,30,0.0,0.0,0.0,0.0,0.0,30,94.39863333333332,2.5634595694818008,0.46802154381922134,93.48131110744765,95.31595555921899,30,0.0,0.0,0.0,0.0,0.0,30,0.0,0.0,0.0,0.0,0.0,30,188797.26666666666,5126.9191389636,936.0430876384423,186962.62221489532,190631.911118438,30,2.966666666666667,0.18257418583505536,0.03333333333333333,2.9013333333333335,3.032,30,648.2777777777777,9.916928262108732,1.8105751034391522,644.7290505750369,651.8265049805185
0.4,0.4,1.0,left_if_safe,,30,30,0.5894018500000002,0.04970619415664543,0.009075067929108725,0.5716147168589472,0.6071889831410533,30,0.5887332708333334,0.04961667103576604,0.009058723318200757,0.5709781731296599,0.6064883685370068,30,1.4735046250000006,0.12426548539161401,0.022687669822771896,1.4290367921473677,1.5179724578526335,30,1.4727536481134045,0.12411925212199142,0.02266097140262855,1.4283381441642524,1.5171691520625565,30,2.674316666666667,0.40867554121638566,0.07461360420828222,2.5280740024184336,2.8205593309149,30,0.5542805555555556,0.06811259020273096,0.012435600701380374,0.52990677818085,0.5786543329302611,30,0.4222075520833333,0.04444568983401427,0.008114635635322553,0.40630286623810113,0.4381122379285655,30,0.43621666666666664,0.08922063733484972,0.016289385221094934,0.4042894716333206,0.4681438617000127,30,0.02628823958333333,0.0030364133154464866,0.0005543706889263634,0.02520167303303766,0.027374806133629002,30,5167.9,587.5306800499868,107.26793556324274,4957.654846296044,5378.145153703956,30,5167.9,587.5306800499868,107.26793556324274,4957.654846296044,5378.145153703956,30,0.0,0.0,0.0,0.0,0.0,30,85.85883333333332,6.714577676057973,1.2259085524325226,83.45605257056557,88.26161409610107,30,5167.9,587.5306800499868,107.26793556324274,4957.654846296044,5378.145153703956,30,0.0,0.0,0.0,0.0,0.0,30,166549.76666666666,13913.43146569439,2540.233422020994,161570.9091595055,171528.62417382782,30,4.9,0.8030115728972382,0.1466091841378405,4.612645999089833,5.187354000910168,30,418.63888888888886,279.0395833005262,50.94542473684668,318.78585640466935,518.4919213731083
0.4,0.4,1.0,graph_ppo,edge-graph,30,30,0.5989765541666667,0.013510827462945922,0.0024667283240052584,0.5941417666516164,0.603811341681717,30,0.5982795583333332,0.013511311362507583,0.0024668166715737547,0.5934445976570487,0.6031145190096178,30,1.4974413854166666,0.03377706865736471,0.006166820810013129,1.4853544166290409,1.5095283542042923,30,1.4966342922659994,0.03379940303316482,0.0061708984904909675,1.484539331224637,1.5087292533073617,30,2.7879833333333335,0.1686056142627509,0.030783032751241144,2.727648589140901,2.848318077525766,30,0.5353361111111111,0.02810093571045847,0.005130505458540188,0.5252803204123724,0.5453919018098499,30,0.41065205208333316,0.021943672936135663,0.004006348220545707,0.4027996095710636,0.41850449459560274,30,0.41425,0.05647607824374054,0.010311074004507812,0.3940402949511647,0.4344597050488353,30,0.02707607291666667,0.0016684172241070337,0.0003046099163245248,0.0264790374806706,0.027673108352662738,30,5310.4,667.5892088134274,121.88455627138028,5071.506269708094,5549.293730291905,30,5310.4,667.5892088134274,121.88455627138028,5071.506269708094,5549.293730291905,30,0.0,0.0,0.0,0.0,0.0,30,85.59684999999999,6.010462645211494,1.097355323941502,83.44603356507464,87.74766643492534,30,5310.4,667.5892088134274,121.88455627138028,5071.506269708094,5549.293730291905,30,0.0,0.0,0.0,0.0,0.0,30,165883.3,12623.796877189989,2304.7794370000765,161365.93230347984,170400.66769652013,30,5.066666666666666,0.3651483716701107,0.06666666666666667,4.936,5.197333333333333,30,361.7111111111111,23.849994712054055,4.354393366723645,353.17650011233275,370.24572210988947
0.4,0.4,1.0,node_mlp_ppo,node-mlp-matched,30,30,0.6006149124999999,0.011061611852432192,0.002019564777981206,0.5966565655351567,0.6045732594648431,30,0.5999261583333334,0.011060635198852108,0.0020193864662489793,0.5959681608594855,0.6038841558071814,30,1.5015372812499996,0.027654029631079796,0.005048911944952891,1.491641413837892,1.5114331486621073,30,1.500753366687513,0.02766888104778512,0.0050516234302663615,1.490852184764191,1.5106545486108351,30,2.7550166666666667,0.16114506654336136,0.02942092932549002,2.6973516451887063,2.812681688144627,30,0.5408305555555555,0.02685751109056022,0.0049034882209150026,0.5312197186425621,0.5504413924685488,30,0.4135129270833335,0.021387051466016715,0.003904723508820429,0.4058596690060454,0.42116618516062154,30,0.42695,0.05521952272208781,0.010081659403185523,0.40718994756975635,0.44671005243024364,30,0.026944979166666667,0.0015144674635317406,0.00027650266412798896,0.02640303394497581,0.027486924388357526,30,5148.833333333333,593.6124989002293,108.37831868822207,4936.4118287044175,5361.2548379622485,30,5148.833333333333,593.6124989002293,108.37831868822207,4936.4118287044175,5361.2548379622485,30,0.0,0.0,0.0,0.0,0.0,30,86.96441666666666,5.421992242778214,0.9899158193292182,85.0241816607814,88.90465167255194,30,0.0,0.0,0.0,0.0,0.0,30,5148.833333333333,593.6124989002293,108.37831868822207,4936.4118287044175,5361.2548379622485,30,168780.0,11406.429424096594,2082.5195653894552,164698.26165183666,172861.73834816334,30,5.033333333333333,0.41384099339733366,0.07555668243468872,4.885242235761344,5.181424430905323,30,365.86944444444447,21.6822702803074,3.958622843482741,358.1105436712183,373.62834521767064
0.4,0.4,1.0,grid_cnn_ppo,grid-cnn-matched,30,30,0.6038161458333332,0.0016833844776695604,0.00030734255045788994,0.6032137544344357,0.6044185372322307,30,0.6031616499999998,0.001673543999645546,0.00030554593319442777,0.6025627799709387,0.6037605200290609,30,1.5095403645833334,0.004208461194173519,0.0007683563761446551,1.5080343860860899,1.511046343080577,30,1.508847154471544,0.00418647654695638,0.000764342547078115,1.5073490430792709,1.5103452658638172,30,2.6179833333333336,0.12442186880440913,0.022716221397041072,2.573459539395133,2.662507127271534,30,0.5636694444444444,0.020736978134068187,0.003786036899506845,0.5562488121214111,0.5710900767674778,30,0.4235327916666666,0.016447177751627445,0.0030028300872878173,0.41764724469558245,0.4294183386377507,30,0.4558,0.03474825721256167,0.006344134769770537,0.44336549585124974,0.46823450414875023,30,0.02637678125,0.001218884461940428,0.00022253683826577316,0.02594060904699908,0.026812953453000915,30,5542.066666666667,447.2892247469333,81.66346604096445,5382.006273226376,5702.127060106957,30,5470.266666666666,438.3967604125627,80.03993160504946,5313.38840072077,5627.144932612563,30,71.8,24.541871327913487,4.480712176562494,63.01780413393751,80.58219586606248,30,89.02028333333332,4.041168827770035,0.7378131085521191,87.57416964057117,90.46639702609548,30,745.8333333333334,63.68623698735226,11.627462866864228,723.0435061142795,768.6231605523873,30,4796.233333333334,394.57569382935833,72.03933605119718,4655.036234672987,4937.43043199368,30,172498.5,8470.072563097552,1546.4166021713763,169467.52345974412,175529.47654025588,30,4.833333333333333,0.3790490217894517,0.06920456654478331,4.697692382905558,4.968974283761108,30,381.82,17.62992948916993,3.2187700228146334,375.5112107552833,388.1287892447167
0.45,0.45,0.9,baseline1_hdv,,30,30,0.5526907166666665,0.000433258639174898,7.910184330336103e-05,0.5525356770537919,0.552845756279541,30,0.5523833125,0.0004344377655595699,7.931712134303913e-05,0.5522278509421676,0.5525387740578322,30,1.2282015925925929,0.0009627969759445718,0.0001757818740075336,1.2278570601195382,1.2285461250656475,30,1.2282008060033365,0.0009659538978529684,0.00017635824645470394,1.2278551438402852,1.2285464681663878,30,1.2296166666666666,0.025614073224039094,0.004676468564798429,1.2204507882796616,1.2387825450536716,30,0.7950638888888889,0.004269012204006521,0.0007794114274664058,0.7935362424910547,0.7965915352867231,30,0.5444086759259263,0.012367541577988866,0.002257993834382513,0.5399830080105367,0.548834343841316,30,0.5463833333333333,0.016016523436392358,0.002924203726307418,0.5406518940297708,0.5521147726368959,30,0.018841768518518518,0.0007955868874910838,0.00014525362824473044,0.018557071407158846,0.01912646562987819,30,0.0,0.0,0.0,0.0,0.0,30,0.0,0.0,0.0,0.0,0.0,30,0.0,0.0,0.0,0.0,0.0,30,0.0,0.0,0.0,0.0,0.0,0,,,,,,0,,,,,,0,,,,,,30,2.0,0.0,0.0,2.0,2.0,30,810.4333333333333,18.385120170348653,3.3566483465810597,803.8543025740344,817.0123640926322
0.45,0.45,0.9,baseline2_matched,,30,30,0.55471705,0.0005844290617625288,0.00010670166012963899,0.5545079147461459,0.5549261852538542,30,0.5543307625,0.0005832810347193481,0.00010649206002691364,0.5541220380623473,0.5545394869376528,30,1.2327045555555556,0.0012987312483611906,0.00023711480028808945,1.232239810546991,1.2331693005641202,30,1.2325308782657038,0.0012969005774751971,0.00023678056704154725,1.2320667883543024,1.2329949681771053,30,1.54515,0.040929533641832896,0.007472676281266149,1.5305035544887184,1.5597964455112816,30,0.742475,0.006821588940305471,0.0012454460468776893,0.7400339257481198,0.7449160742518802,30,0.5246875740740742,0.013466541945252484,0.002458642931668095,0.5198686339280048,0.5295065142201436,30,0.47426666666666667,0.027313232025488313,0.004986691099577489,0.46449275211149477,0.4840405812218386,30,0.020976222222222222,0.0009790390506767882,0.00017874725757804013,0.020625877597369262,0.021326566847075182,30,1864.0333333333333,210.24591239346586,38.385476280385404,1788.797799823778,1939.2688668428887,30,1864.0333333333333,210.24591239346586,38.385476280385404,1788.797799823778,1939.2688668428887,30,0.0,0.0,0.0,0.0,0.0,30,0.0,0.0,0.0,0.0,0.0,0,,,,,,0,,,,,,0,,,,,,30,2.8666666666666667,0.3457459036417604,0.06312427686319991,2.742943084014795,2.9903902493185384,30,643.938888888889,20.50350326730628,3.7434104157948416,636.6018044739311,651.2759733038469
0.45,0.45,0.9,noop,,30,30,0.5528229750000001,0.0004977427533291058,9.08749779443603e-05,0.5526448600432292,0.553001089956771,30,0.5525117416666668,0.000498290010130201,9.097489290926294e-05,0.5523334308765647,0.5526900524567689,30,1.2284955000000002,0.001106095007397357,0.00020194439543179198,1.2280996889849538,1.2288913110150466,30,1.2284863627941462,0.0011079266484271717,0.0002022788058015525,1.2280898963347753,1.2288828292535172,30,1.2449333333333332,0.0246830715873958,0.004506491698977176,1.236100609603338,1.2537660570633284,30,0.792511111111111,0.004113845264565968,0.0007510819498295295,0.7910389904894451,0.793983231732777,30,0.5471022962962963,0.012805824965362119,0.002338013066997215,0.5425197906849817,0.5516848019076108,30,0.5551666666666667,0.0157673458578893,0.0028787103327838717,0.5495243944144103,0.5608089389189231,30,0.018212490740740737,0.0008013567793169293,0.0001463070615471905,0.017925728900108243,0.01849925258137323,30,0.0,0.0,0.0,0.0,0.0,30,0.0,0.0,0.0,0.0,0.0,30,0.0,0.0,0.0,0.0,0.0,30,85.31700000000001,3.8693961637978846,0.7064518542786853,83.93235436561379,86.70164563438622,30,0.0,0.0,0.0,0.0,0.0,30,0.0,0.0,0.0,0.0,0.0,30,170634.0,7738.792327595771,1412.903708557371,167864.70873122755,173403.29126877245,30,2.0,0.0,0.0,2.0,2.0,30,805.0833333333334,16.492466061253822,3.011098563545699,799.1815801487838,810.9850865178829
0.45,0.45,0.9,left_if_safe,,30,30,0.5501095583333334,0.008955114273692066,0.001634972697579212,0.5469050118460782,0.5533141048205886,30,0.5497333249999999,0.008933810726659854,0.0016310832198244073,0.5465364018891441,0.5529302481108558,30,1.222465685185185,0.0199002539415381,0.0036332726612871703,1.2153444707690622,1.2295868996013077,30,1.2223086714841587,0.01986394825271799,0.0036266441797096582,1.2152004488919277,1.2294168940763897,30,1.5049333333333332,0.09814000672274395,0.017917831825251838,1.4698143829558397,1.5400522837108268,30,0.7491777777777777,0.016356667787123996,0.0029863053042086403,0.7433246193815288,0.7550309361740266,30,0.5030047962962965,0.014161800748726975,0.002585579241657105,0.49793706098264856,0.5080725316099444,30,0.5169,0.03017632092929134,0.005509417225162708,0.5061015422386811,0.527698457761319,30,0.021971907407407405,0.001192608456479689,0.0002177395179617813,0.021545137952202312,0.022398676862612498,30,2906.3,335.2200666777696,61.20253074926676,2786.3430397314373,3026.256960268563,30,2906.3,335.2200666777696,61.20253074926676,2786.3430397314373,3026.256960268563,30,0.0,0.0,0.0,0.0,0.0,30,63.531216666666666,3.475080514282673,0.6344599956064245,62.287675075278074,64.77475825805526,30,2906.3,335.2200666777696,61.20253074926676,2786.3430397314373,3026.256960268563,30,0.0,0.0,0.0,0.0,0.0,30,124156.13333333333,7150.545017729398,1305.5049348888563,121597.34366095117,126714.9230057155,30,2.566666666666667,0.5040069329937309,0.09201865544655373,2.3863101019914215,2.7470232313419123,30,655.5388888888889,48.11133486803462,8.783887792969132,638.3224688146694,672.7553089631084
0.45,0.45,0.9,graph_ppo,edge-graph,30,30,0.5528045125000001,0.006634506615051621,0.0012112896436603387,0.5504303847984258,0.5551786402015744,30,0.5524279249999999,0.006619692875076803,0.0012085850371452642,0.5500590983271952,0.5547967516728046,30,1.228454472222222,0.01474334803344808,0.0026917547636896477,1.2231786328853902,1.2337303115590537,30,1.2283000000000013,0.014718605614401397,0.00268723743667661,1.223033014624115,1.2335669853758875,30,1.50635,0.08098990464973035,0.014786665902283285,1.4773681348315248,1.5353318651684753,30,0.7489416666666667,0.013498317441621725,0.002464444317047214,0.7441113558052542,0.7537719775280792,30,0.5033503518518518,0.016892004912832895,0.003084044044082221,0.4973056255254507,0.509395078178253,30,0.5199666666666667,0.03220942604947784,0.00588060973719784,0.5084406715817589,0.5314926617515745,30,0.022006333333333336,0.0014165287991663295,0.0002586215922197013,0.02149943501258272,0.022513231654083952,30,2760.4,301.92424261039736,55.12357277845903,2652.3577973542206,2868.4422026457796,30,2760.4,301.92424261039736,55.12357277845903,2652.3577973542206,2868.4422026457796,30,0.0,0.0,0.0,0.0,0.0,30,63.435950000000005,3.857025429162595,0.7041932774744658,62.055731176150054,64.81616882384996,30,2760.4,301.92424261039736,55.12357277845903,2652.3577973542206,2868.4422026457796,30,0.0,0.0,0.0,0.0,0.0,30,124111.5,7827.1177667442025,1429.0296536984197,121310.6018787511,126912.3981212489,30,2.6333333333333333,0.490132517853561,0.08948554539839963,2.45794166435247,2.8087250023141968,30,655.6944444444445,38.92753074706713,7.107162232714866,641.7644064683233,669.6244824205656
0.45,0.45,0.9,node_mlp_ppo,node-mlp-matched,30,30,0.5489051166666666,0.011118109971254226,0.002029879876026351,0.544926552109655,0.5528836812236783,30,0.5485306500000001,0.011108081732081176,0.0020280489784239722,0.5445556740022891,0.5525056259977111,30,1.219789148148148,0.02470691104723189,0.0045108441689474974,1.2109478935770108,1.2286304027192851,30,1.2196345747637585,0.024698347375389278,0.004509280663533074,1.2107963846632337,1.2284727648642833,30,1.4978666666666667,0.07833910959382945,0.014302699153136587,1.469833376326519,1.5258999570068144,30,0.7503555555555556,0.013056518265638245,0.002383783192189432,0.7456833404988643,0.7550277706122468,30,0.5005798888888889,0.015944956178726467,0.0029111373925066204,0.494874059599576,0.5062857181782019,30,0.5145333333333333,0.02826107757583081,0.0051597432292286504,0.5044202366040451,0.5246464300626215,30,0.022015037037037038,0.001439058487048791,0.0002627349316419596,0.021500076571018798,0.022529997503055278,30,2954.9333333333334,276.54405813894107,50.489806262239384,2855.973313059344,3053.8933536073228,30,2954.9333333333334,276.54405813894107,50.489806262239384,2855.973313059344,3053.8933536073228,30,0.0,0.0,0.0,0.0,0.0,30,62.686166666666665,3.132919579554192,0.5719902415238106,61.56506579328,63.80726754005333,30,0.0,0.0,0.0,0.0,0.0,30,2954.9333333333334,276.54405813894107,50.489806262239384,2855.973313059344,3053.8933536073228,30,122417.4,6259.486905269583,1142.8207254747845,120177.47137806941,124657.32862193057,30,2.5,0.5085476277156078,0.09284766908852593,2.3180185685864894,2.6819814314135106,30,666.2333333333333,48.58051341355816,8.869547683929367,648.8490198728318,683.6176467938349
0.45,0.45,0.9,grid_cnn_ppo,grid-cnn-matched,30,30,0.5546296250000001,0.0013919477956978719,0.00025413373552443896,0.5541315228783722,0.5551277271216281,30,0.5542467625000002,0.001387767928600832,0.00025337059969229815,0.5537501561246032,0.5547433688753971,30,1.232510277777778,0.0030932173237730198,0.0005647416344987479,1.2314033841741605,1.2336171713813957,30,1.2323441078376889,0.0030856429763214547,0.0005633587541795466,1.231239924679497,1.2334482909958808,30,1.53145,0.07229791693474612,0.013199733321931735,1.5055785226890137,1.5573214773109862,30,0.7447583333333333,0.012049652822457676,0.002199955553655287,0.7404464204481689,0.7490702462184977,30,0.4999787777777779,0.017614858786463662,0.0032160185015380747,0.49367538151476326,0.5062821740407925,30,0.5104333333333334,0.02919102759332091,0.005329528096539201,0.49998745826411656,0.5208792084025502,30,0.02239652777777778,0.0011690743509131332,0.0002134427977986111,0.021978179894092502,0.022814875661463056,30,3371.366666666667,356.7364025713387,65.13085825718872,3243.710184482577,3499.0231488507566,30,3287.1666666666665,340.3466876819752,62.13851940519449,3165.3751686324854,3408.9581647008476,30,84.2,32.07469730015471,5.856011745481595,72.72221697885608,95.67778302114392,30,64.18416666666667,4.1879290564202725,0.7646077378109029,62.6855355005573,65.68279783277605,30,440.9,63.48138472730846,11.59006213227026,418.18347822075026,463.6165217792497,30,2930.4666666666667,313.80608259124676,57.29289003918502,2818.172602189864,3042.7607311434695,30,124996.96666666666,8563.70374466777,1563.511238915333,121932.4846383926,128061.44869494071,30,2.6666666666666665,0.47946330148538413,0.0875376219064817,2.4950929277299623,2.8382404056033708,30,654.15,36.13110307194346,6.596606726682545,641.2206508157022,667.0793491842977
0.45,0.45,0.95,baseline1_hdv,,30,30,0.5526907166666665,0.000433258639174898,7.910184330336103e-05,0.5525356770537919,0.552845756279541,30,0.5523833125,0.0004344377655595699,7.931712134303913e-05,0.5522278509421676,0.5525387740578322,30,1.2282015925925929,0.0009627969759445718,0.0001757818740075336,1.2278570601195382,1.2285461250656475,30,1.2282008060033365,0.0009659538978529684,0.00017635824645470394,1.2278551438402852,1.2285464681663878,30,1.2296166666666666,0.025614073224039094,0.004676468564798429,1.2204507882796616,1.2387825450536716,30,0.7950638888888889,0.004269012204006521,0.0007794114274664058,0.7935362424910547,0.7965915352867231,30,0.5444086759259263,0.012367541577988866,0.002257993834382513,0.5399830080105367,0.548834343841316,30,0.5463833333333333,0.016016523436392358,0.002924203726307418,0.5406518940297708,0.5521147726368959,30,0.018841768518518518,0.0007955868874910838,0.00014525362824473044,0.018557071407158846,0.01912646562987819,30,0.0,0.0,0.0,0.0,0.0,30,0.0,0.0,0.0,0.0,0.0,30,0.0,0.0,0.0,0.0,0.0,30,0.0,0.0,0.0,0.0,0.0,0,,,,,,0,,,,,,0,,,,,,30,2.0,0.0,0.0,2.0,2.0,30,810.4333333333333,18.385120170348653,3.3566483465810597,803.8543025740344,817.0123640926322
0.45,0.45,0.95,baseline2_matched,,30,30,0.5546845666666671,0.0008174531495152379,0.00014924584323104635,0.5543920448139342,0.5549770885194,30,0.5542836125000002,0.000816233554086577,0.00014902317658861043,0.5539915270738865,0.5545756979261139,30,1.2326323703703703,0.0018165625544783388,0.0003316574294023311,1.2319823218087418,1.2332824189319989,30,1.2324260422456932,0.001814860598302657,0.00033134669613922905,1.2317766027212602,1.2330754817701262,30,1.6038166666666667,0.04438535859347387,0.00810362070820047,1.5879335700785937,1.6196997632547396,30,0.7326972222222222,0.00739755976557897,0.0013506034513667434,0.7300500394575434,0.735344404986901,30,0.5225344444444449,0.015280634618997372,0.0027898494246064065,0.5170663395722163,0.5280025493166735,30,0.4665666666666667,0.03299339885213543,0.006023742933359877,0.4547601305172813,0.47837320281605206,30,0.021188861111111113,0.0010826929936541916,0.0001976717918257328,0.020801424399132677,0.02157629782308955,30,2057.0,217.43726800445543,39.698432176112185,1979.19107293482,2134.80892706518,30,2057.0,217.43726800445543,39.698432176112185,1979.19107293482,2134.80892706518,30,0.0,0.0,0.0,0.0,0.0,30,0.0,0.0,0.0,0.0,0.0,0,,,,,,0,,,,,,0,,,,,,30,3.0,0.0,0.0,3.0,3.0,30,624.5,16.259803998008092,2.9686204767739057,618.6815038655232,630.3184961344768
0.45,0.45,0.95,noop,,30,30,0.5526826625000002,0.000598907836037324,0.00010934511055474927,0.5524683460833129,0.5528969789166875,30,0.5523700500000002,0.0005990954969283501,0.00010937937258914145,0.5521556664297255,0.5525844335702749,30,1.2281836944444435,0.0013309063023044492,0.0002429891345659789,1.2277074357406943,1.2286599531481928,30,1.2281713173985556,0.0013320633617077133,0.00024320038374449265,1.2276946446464163,1.2286479901506948,30,1.25045,0.02951310346036263,0.005388330835741462,1.2398888715619467,1.2610111284380534,30,0.7915916666666667,0.004918850576727106,0.0008980551392902439,0.7898314785936578,0.7933518547396756,30,0.5478803333333335,0.013683262589866166,0.0024982105269120863,0.5429838407005858,0.5527768259660812,30,0.55795,0.016271590431559343,0.002970772375283424,0.5521272861444444,0.5637727138555555,30,0.018071055555555555,0.0008425830822726871,0.00015383392024432733,0.017769541071876675,0.018372570039234436,30,0.0,0.0,0.0,0.0,0.0,30,0.0,0.0,0.0,0.0,0.0,30,0.0,0.0,0.0,0.0,0.0,30,90.65286666666665,3.486740566017586,0.6365888200587209,89.40515257935157,91.90058075398174,30,0.0,0.0,0.0,0.0,0.0,30,0.0,0.0,0.0,0.0,0.0,30,181305.73333333334,6973.481132035175,1273.1776401174423,178810.30515870315,183801.16150796352,30,2.0,0.0,0.0,2.0,2.0,30,799.2666666666667,20.256430793842906,3.6983013601100128,792.017996000851,806.5153373324823
0.45,0.45,0.95,left_if_safe,,30,30,0.5474786541666667,0.020303930659451085,0.0037069736094007006,0.5402129858922414,0.5547443224410921,30,0.5470671958333334,0.020274979820685074,0.003701687933583754,0.5398118874835093,0.5543225041831575,30,1.2166192314814817,0.045119845909891376,0.00823771913200157,1.2004733019827585,1.2327651609802048,30,1.2163806466555505,0.04508055546566963,0.008230545711136688,1.2002487770617225,1.2325125162493784,30,1.6458333333333333,0.14172358559055612,0.025875068252820568,1.595118199557805,1.6965484671088615,30,0.7256944444444444,0.02362059759842601,0.004312511375470093,0.717241922148523,0.7341469667403658,30,0.48887791666666636,0.024059710515997767,0.004392682058885412,0.48026825983125093,0.4974875735020818,30,0.4947,0.04450699286396582,0.008125827986105179,0.47877337714723384,0.5106266228527662,30,0.022980944444444443,0.0017856513691221138,0.00032601384490272184,0.022341957308435106,0.02361993158045378,30,3504.0666666666666,358.9501870477423,65.53503815558238,3375.617991881725,3632.515341451608,30,3504.0666666666666,358.9501870477423,65.53503815558238,3375.617991881725,3632.515341451608,30,0.0,0.0,0.0,0.0,0.0,30,73.42895,3.87160654159627,0.7068554122056134,72.043513392077,74.814386607923,30,3504.0666666666666,358.9501870477423,65.53503815558238,3375.617991881725,3632.515341451608,30,0.0,0.0,0.0,0.0,0.0,30,143353.83333333334,7985.347271110373,1457.9182766331576,140496.31351113235,146211.35315553434,30,2.933333333333333,0.2537081317024624,0.04632055558531008,2.8425450443861253,3.024121622280541,30,613.2,85.59348141828724,15.627160182731734,582.5707660418459,643.8292339581542
0.45,0.45,0.95,graph_ppo,edge-graph,30,30,0.5470772958333333,0.016202924483778507,0.0029582357457727457,0.5412791537716187,0.5528754378950479,30,0.5466698291666668,0.01617057259443114,0.0029523291259149244,0.5408832640798736,0.55245639425346,30,1.2157273240740738,0.03600649885284104,0.006573857212828308,1.2028425639369302,1.2286120842112174,30,1.2154971187696877,0.03595458053236519,0.006564378267737507,1.2026309373649222,1.2283633001744532,30,1.6298666666666668,0.15001390357019517,0.02738866630826689,1.5761848807024637,1.68354845263087,30,0.7283555555555555,0.025002317261699193,0.004564777718044481,0.7194085912281883,0.7373025198829227,30,0.4889349537037034,0.01982379747027323,0.0036193136832941655,0.4818410988844468,0.49602880852295994,30,0.4938,0.045077634182022853,0.008230012360153284,0.47766917577409956,0.5099308242259004,30,0.02286137962962963,0.001570635626827956,0.00028675752081164593,0.022299334888838805,0.023423424370420456,30,3571.8333333333335,332.7022157542929,60.742836166858964,3452.7773744462897,3690.8892922203772,30,3571.8333333333335,332.7022157542929,60.742836166858964,3452.7773744462897,3690.8892922203772,30,0.0,0.0,0.0,0.0,0.0,30,71.8515,4.156103322534969,0.7587971803581905,70.36425752649795,73.33874247350205,30,3571.8333333333335,332.7022157542929,60.742836166858964,3452.7773744462897,3690.8892922203772,30,0.0,0.0,0.0,0.0,0.0,30,140131.16666666666,8533.964236622627,1558.081572446856,137077.32678467082,143185.0065486625,30,2.8666666666666667,0.3457459036417604,0.06312427686319991,2.742943084014795,2.9903902493185384,30,621.0833333333334,83.9233452238602,15.322236426800558,591.0517499368043,651.1149167298624
0.45,0.45,0.95,node_mlp_ppo,node-mlp-matched,30,30,0.5422664541666665,0.026214804726624418,0.004786146629788415,0.5328856067722813,0.5516473015610518,30,0.541867120833333,0.02616997226973273,0.004777961380472429,0.532502316527607,0.5512319251390589,30,1.2050365648148151,0.058255121614721,0.010635881399529824,1.1841902372717368,1.2258828923578935,30,1.2048185010190855,0.05818782049968387,0.010623593953246127,1.1839962568707232,1.2256407451674478,30,1.5973333333333335,0.19619032513903667,0.035819288880974416,1.5271275271266236,1.6675391395400434,30,0.7337777777777778,0.032698387523172785,0.0059698814801624036,0.7220768100766595,0.745478745478896,30,0.4924700092592591,0.027379368900746125,0.004998765985731359,0.48267242792722564,0.5022675905912926,30,0.5005166666666666,0.05944041979787092,0.01085228625029019,0.47924618561609783,0.5217871477172353,30,0.022520685185185185,0.002129628525126039,0.00038881519410599634,0.021758607404737434,0.023282762965632937,30,3640.233333333333,324.52072707124665,59.24910753163307,3524.1050825713323,3756.361584095334,30,3640.233333333333,324.52072707124665,59.24910753163307,3524.1050825713323,3756.361584095334,30,0.0,0.0,0.0,0.0,0.0,30,72.44966666666666,3.564220631869425,0.6507346800000668,71.17422669386653,73.72510663946679,30,0.0,0.0,0.0,0.0,0.0,30,3640.233333333333,324.52072707124665,59.24910753163307,3524.1050825713323,3756.361584095334,30,141259.1,7341.850393228653,1340.4323580665025,138631.85257818966,143886.34742181035,30,2.8,0.4842341981115023,0.08840866447369844,2.626719017631551,2.9732809823684487,30,624.2944444444444,82.92173851909628,15.139368898151353,594.6212814040678,653.967607484821
0.45,0.45,0.95,grid_cnn_ppo,grid-cnn-matched,30,30,0.5541139583333334,0.002003395314977834,0.00036576826853784234,0.5533970525269992,0.5548308641396676,30,0.5536952291666667,0.0019915847587745113,0.0003636119658547616,0.5529825497135914,0.554407908619742,30,1.231364351851852,0.004451989588839236,0.0008128183745284664,1.2297712278377761,1.2329574758659279,30,1.2311177969242182,0.004428204021733721,0.000808475743979552,1.2295331844660182,1.2327024093824182,30,1.6749166666666668,0.0810938242613661,0.014805638940769977,1.6458976143427577,1.703935718990576,30,0.7208472222222222,0.013515637376894356,0.0024676064901283305,0.7160107135015706,0.7256837309428738,30,0.4879693425925924,0.014748148922833777,0.002692631282160526,0.48269178527955775,0.49324689990562703,30,0.48755,0.03703897062321772,0.0067623599057025086,0.4742957745848231,0.5008042254151769,30,0.023177925925925925,0.0010583995507621393,0.00019323643626858593,0.022799182510839497,0.023556669341012353,30,4083.8333333333335,356.2528241469023,65.04256932005984,3956.349897466016,4211.316769200651,30,4004.233333333333,333.9651730070206,60.9734195590202,3884.7254309976533,4123.741235669013,30,79.6,33.80838500360117,6.172538366430579,67.50182480179606,91.69817519820393,30,73.82121666666667,4.178117693418589,0.7628164361989382,72.32609645171675,75.31633688161659,30,514.0,73.56301544512236,13.430707652464818,487.67581300116893,540.324186998831,30,3569.8333333333335,320.8185740746074,58.573189962434846,3455.029881006961,3684.6367856597058,30,143558.6,8635.6283224869,1576.6428101521908,140468.38009210172,146648.8199078983,30,2.966666666666667,0.18257418583505536,0.03333333333333333,2.9013333333333335,3.032,30,602.05,24.852328228775754,4.537393592474297,593.1567085587503,610.9432914412496
0.45,0.45,1.0,baseline1_hdv,,30,30,0.5526907166666665,0.000433258639174898,7.910184330336103e-05,0.5525356770537919,0.552845756279541,30,0.5523833125,0.0004344377655595699,7.931712134303913e-05,0.5522278509421676,0.5525387740578322,30,1.2282015925925929,0.0009627969759445718,0.0001757818740075336,1.2278570601195382,1.2285461250656475,30,1.2282008060033365,0.0009659538978529684,0.00017635824645470394,1.2278551438402852,1.2285464681663878,30,1.2296166666666666,0.025614073224039094,0.004676468564798429,1.2204507882796616,1.2387825450536716,30,0.7950638888888889,0.004269012204006521,0.0007794114274664058,0.7935362424910547,0.7965915352867231,30,0.5444086759259263,0.012367541577988866,0.002257993834382513,0.5399830080105367,0.548834343841316,30,0.5463833333333333,0.016016523436392358,0.002924203726307418,0.5406518940297708,0.5521147726368959,30,0.018841768518518518,0.0007955868874910838,0.00014525362824473044,0.018557071407158846,0.01912646562987819,30,0.0,0.0,0.0,0.0,0.0,30,0.0,0.0,0.0,0.0,0.0,30,0.0,0.0,0.0,0.0,0.0,30,0.0,0.0,0.0,0.0,0.0,0,,,,,,0,,,,,,0,,,,,,30,2.0,0.0,0.0,2.0,2.0,30,810.4333333333333,18.385120170348653,3.3566483465810597,803.8543025740344,817.0123640926322
0.45,0.45,1.0,baseline2_matched,,30,30,0.5545934041666669,0.0009827538178349303,0.0001794254781675047,0.5542417302294586,0.5549450781038753,30,0.5541675458333334,0.0009808061435642944,0.0001790698831232715,0.5538165688624118,0.554518522804255,30,1.232429787037037,0.0021838973729663104,0.00039872328481664035,1.2316482893987966,1.2332112846752776,30,1.2321679729479356,0.0021807807527835016,0.00039815427042420696,1.2313875905779041,1.232948355317967,30,1.7034333333333334,0.05070872422614946,0.009258104040323584,1.685287449414299,1.7215792172523676,30,0.7160944444444444,0.008451454037691576,0.0015430173400539308,0.7130701304579387,0.7191187584309501,30,0.5170529166666668,0.016724760439510156,0.0030535095205299094,0.5110680380064281,0.5230377953269054,30,0.46608333333333335,0.03771126314267518,0.006885103165085452,0.4525885311297659,0.4795781355369008,30,0.021663555555555554,0.0012286612721622535,0.00022432183143208682,0.021223884765948664,0.022103226345162444,30,2366.133333333333,333.5467431786098,60.897025073768994,2246.775164188746,2485.49150247792,30,2366.133333333333,333.5467431786098,60.897025073768994,2246.775164188746,2485.49150247792,30,0.0,0.0,0.0,0.0,0.0,30,0.0,0.0,0.0,0.0,0.0,0,,,,,,0,,,,,,0,,,,,,30,3.0,0.0,0.0,3.0,3.0,30,588.1666666666666,20.152246197878867,3.679279942325324,580.955277979709,595.3780553536243
0.45,0.45,1.0,noop,,30,30,0.55264195,0.0003655352308012752,6.673729715757187e-05,0.5525111448975712,0.5527727551024288,30,0.5523300833333333,0.0003678837257939321,6.716607171879391e-05,0.5521984378327645,0.5524617288339022,30,1.2280932222222227,0.0008123005128917579,0.0001483051047946106,1.2278025442168252,1.2283839002276202,30,1.22808245321475,0.0008179738205536152,0.00014934090432196597,1.227789745042279,1.2283751613872211,30,1.2474666666666667,0.02740278532700936,0.005003041220691535,1.2376607058741114,1.257272627459222,30,0.792088888888889,0.004567130887834892,0.0008338402034485891,0.7904545620901298,0.7937232156876481,30,0.5476744537037035,0.014158514192356544,0.0025849792013035726,0.5426078944691485,0.5527410129382585,30,0.55915,0.017764818971873826,0.003243397360297009,0.5527929411738179,0.5655070588261821,30,0.018057296296296297,0.0008777135929214562,0.0001602478446239961,0.017743210520833264,0.01837138207175933,30,0.0,0.0,0.0,0.0,0.0,30,0.0,0.0,0.0,0.0,0.0,30,0.0,0.0,0.0,0.0,0.0,30,96.05835,3.225141323153195,0.5888275512776878,94.90424799949574,97.21245200050427,30,0.0,0.0,0.0,0.0,0.0,30,0.0,0.0,0.0,0.0,0.0,30,192116.7,6450.282646306391,1177.6551025553758,189808.49599899148,194424.90400100854,30,2.0,0.0,0.0,2.0,2.0,30,804.65,20.229353033103433,3.693357659988767,797.411018986422,811.8889810135779
0.45,0.45,1.0,left_if_safe,,30,30,0.5412275083333336,0.033534013217040914,0.006122445160883231,0.5292275158180024,0.5532275008486647,30,0.5406626083333335,0.03348492452805439,0.006113482833457806,0.5286801819797562,0.5526450346869107,30,1.2027277962962963,0.07452002937120146,0.01360543369085152,1.1760611462622275,1.2293944463303652,30,1.2021403186955724,0.07445230578778059,0.013593069112746622,1.175497903234589,1.2287827341565558,30,2.2596,0.2465816434703762,0.04501944279847383,2.1713618921149913,2.3478381078850084,30,0.6234000000000001,0.04109694057839602,0.0075032404664123024,0.608693648685832,0.6381063513141682,30,0.4827346481481479,0.03432744178346638,0.006267304735416636,0.47045073086673134,0.4950185654295645,30,0.4671333333333333,0.0628352983015413,0.01147210342910674,0.4446480106122841,0.4896186560543825,30,0.023645925925925924,0.002702569314171205,0.0004934193921976117,0.022678823917218604,0.024613027934633245,30,5097.133333333333,519.7949684206286,94.90114316055458,4911.127092738646,5283.139573928021,30,5097.133333333333,519.7949684206286,94.90114316055458,4911.127092738646,5283.139573928021,30,0.0,0.0,0.0,0.0,0.0,30,89.62625,6.402472089572794,1.1689261290854185,87.33515478699258,91.91734521300742,30,5097.133333333333,519.7949684206286,94.90114316055458,4911.127092738646,5283.139573928021,30,0.0,0.0,0.0,0.0,0.0,30,174155.36666666667,13240.232893261964,2417.3247407538224,169417.41017478917,178893.32315854417,30,3.966666666666667,0.6149478998583782,0.11227361214762055,3.7466103868573306,4.186722946476003,30,459.18333333333334,101.70159725912603,18.568086317709636,422.78988415062247,495.5767825160442
0.45,0.45,1.0,graph_ppo,edge-graph,30,30,0.5520081791666669,0.006504336282094131,0.001187523901100747,0.5496806323205095,0.5543357260128243,30,0.5514235375000002,0.006515175821418722,0.0011895029211677613,0.5490921117745113,0.553754963225489,30,1.2266848425925925,0.014454080626875233,0.0026389420024459927,1.2215125162677982,1.2318571689173867,30,1.2260667871039472,0.014486216390036442,0.002644809163241338,1.2208829611439942,1.2312506130639003,30,2.3385666666666665,0.10352000750590673,0.018900081088029742,2.3015225077341284,2.3756108255992046,30,0.6102388888888889,0.017253334584317777,0.0031500135146716214,0.6040648624001325,0.6164129153776453,30,0.47227704629629597,0.015099631457580708,0.002756802919777188,0.46687371257353266,0.47768038001905927,30,0.45899999999999996,0.05020578342835786,0.00916628003364355,0.4410340911340586,0.4769659088659413,30,0.024431694444444443,0.0012849275425659337,0.0002345945999410138,0.023971889028560057,0.02489149986032883,30,5085.366666666667,480.238194012623,87.67909727875201,4913.515636000313,5257.217697333021,30,5085.366666666667,480.238194012623,87.67909727875201,4913.515636000313,5257.217697333021,30,0.0,0.0,0.0,0.0,0.0,30,90.81476666666667,4.6138669729065835,0.8423730061296709,89.16371557465251,92.46581775868083,30,5085.366666666667,480.238194012623,87.67909727875201,4913.515636000313,5257.217697333021,30,0.0,0.0,0.0,0.0,0.0,30,176544.16666666666,9677.047808170071,1766.7791248635579,173081.2795819341,180007.05375139922,30,4.066666666666666,0.2537081317024624,0.04632055558531008,3.9758783777194586,4.157454955613874,30,428.7583333333333,20.93483766741265,3.8221609427169145,421.26689788560816,436.2497687810585
0.45,0.45,1.0,node_mlp_ppo,node-mlp-matched,30,30,0.5518943999999997,0.01082424173204318,0.0019762271215096132,0.5480209948418409,0.5557678051581585,30,0.5513121458333331,0.01082363909514475,0.001976117095568528,0.5474389563260188,0.5551853353406474,30,1.2264319999999997,0.02405387051565138,0.004391615825576894,1.217824432981869,1.2350395670181304,30,1.2258191124698914,0.024065901267692775,0.0043938123303358355,1.2172072403024332,1.2344309846373496,30,2.3290166666666665,0.1360708793070813,0.024843030005350455,2.28032432785618,2.3777090054771532,30,0.6118305555555555,0.02267847988451355,0.004140505000891742,0.6037151657538077,0.6199459453573034,30,0.4719055925925923,0.018341047488818242,0.0033486018126330772,0.46534233303983147,0.4784688521453531,30,0.46818333333333334,0.04787564410898901,0.008740856744527533,0.4510512541140594,0.4853154125526073,30,0.024440037037037034,0.0015250311006978327,0.00027843131158304516,0.023894311666334267,0.024985762407739802,30,5087.333333333333,573.751197629782,104.7521577791454,4882.019104086208,5292.647562580458,30,5087.333333333333,573.751197629782,104.7521577791454,4882.019104086208,5292.647562580458,30,0.0,0.0,0.0,0.0,0.0,30,91.68204999999999,5.2934499609227545,0.9664473168740776,89.7878132589268,93.57628674107318,30,0.0,0.0,0.0,0.0,0.0,30,5087.333333333333,573.751197629782,104.7521577791454,4882.019104086208,5292.647562580458,30,178276.76666666666,11117.983638459695,2029.8568109192454,174298.24731726493,182255.2860160684,30,4.1,0.30512857662936466,0.055708601453115555,3.990811141151893,4.209188858848107,30,433.4166666666667,25.814949335518797,4.713143357305548,424.17890568634783,442.65442764698554
0.45,0.45,1.0,grid_cnn_ppo,grid-cnn-matched,30,30,0.5546917291666668,0.0013217095398945556,0.00024131004315667412,0.5542187614820797,0.5551646968512538,30,0.5541477374999999,0.0013065214358097663,0.00023853708741901564,0.5536802048086586,0.5546152701913412,30,1.2326482870370372,0.0029371323108770783,0.0005362445403482173,1.2315972477379546,1.2336993263361198,30,1.23212392996109,0.0029049948544971295,0.0005303770704148385,1.2310843909030769,1.2331634690191031,30,2.1759666666666666,0.10534785837580096,0.019233799472428578,2.1382684197007067,2.2136649136326265,30,0.6373388888888889,0.017557976395966818,0.0032056332454047614,0.6310558477278956,0.6436219300498822,30,0.4813828055555554,0.01569722426884573,0.0028659079407547814,0.47576562599167604,0.48699998511943476,30,0.5030166666666667,0.033401549451292326,0.0060982606966990364,0.4910640757011366,0.5149692576321968,30,0.024042703703703705,0.0010987113831947856,0.0002005963362544955,0.023649534884644895,0.024435872522762515,30,5064.166666666667,491.8568675549011,89.80036714121673,4888.1579470698825,5240.175386263451,30,4981.233333333334,477.6681638047942,87.20987610598615,4810.3019761656005,5152.164690501067,30,82.93333333333334,29.175962393881637,5.326777580017133,72.49284927649975,93.37381739016692,30,93.07483333333333,3.8405923311415116,0.7011930179825189,91.7004950180876,94.44917164857907,30,504.6666666666667,49.42659714917796,9.024020733108435,486.97958602977417,522.3537473035592,30,4559.5,452.6487372238487,82.64197466791009,4397.521729650896,4721.478270349104,30,181085.5,8101.550399726607,1479.1339682317525,178186.39742226576,183984.60257773424,30,3.966666666666667,0.18257418583505536,0.03333333333333333,3.9013333333333335,4.032,30,458.46388888888885,24.057021216178402,4.392191062160426,449.8551944070544,467.0725833707233
0.5,0.5,0.9,baseline1_hdv,,30,30,0.5024436,0.00039013134448338246,7.122791258778907e-05,0.5023039932913279,0.5025832067086721,30,0.5021907874999999,0.0003899572439400882,7.119612632284368e-05,0.5020512430924071,0.5023303319075927,30,1.0048872,0.0007802626889667649,0.00014245582517557814,1.0046079865826558,1.0051664134173441,30,1.004884017008504,0.000780304640200112,0.00014246348438785126,1.0046047885791038,1.0051632454379043,30,1.01125,0.013909033284040685,0.0025394304275864143,1.0062727163619307,1.0162272836380692,30,0.8314583333333334,0.002318172214006784,0.0004232384045977363,0.8306287860603219,0.832287880606345,30,0.5752147249999998,0.011205790002261394,0.0020458879863014773,0.5712047845468489,0.5792246654531508,30,0.5765333333333333,0.014911771173815326,0.002722504481417981,0.5711972245497541,0.5818694421169126,30,0.018084508333333336,0.0007293901576545526,0.00013316781418988262,0.017823499417521167,0.018345517249145505,30,0.0,0.0,0.0,0.0,0.0,30,0.0,0.0,0.0,0.0,0.0,30,0.0,0.0,0.0,0.0,0.0,30,0.0,0.0,0.0,0.0,0.0,0,,,,,,0,,,,,,0,,,,,,30,1.7666666666666666,0.4301830671520763,0.07854032324531729,1.6127276331058447,1.9206057002274886,30,986.3,19.445591646508436,3.5502630629422316,979.3414843966332,993.2585156033667
0.5,0.5,0.9,baseline2_matched,,30,30,0.5040367708333334,0.0005422499504015713,9.900084321366604e-05,0.5038427291806347,0.5042308124860322,30,0.5037048291666666,0.0005414976234179764,9.886348772715445e-05,0.5035110567307214,0.5038986016026118,30,1.0080735416666669,0.0010844999008031426,0.00019800168642733208,1.0076854583612693,1.0084616249720644,30,1.0079136151409034,0.0010835370153434443,0.00019782588839847523,1.0075258763996424,1.0083013538821644,30,1.3277666666666665,0.02464812132916972,0.0045001106840368245,1.3189464497259544,1.3365868836073787,30,0.7787055555555555,0.004108020221528286,0.0007500184473394706,0.7772355193987702,0.7801755917123409,30,0.5632446583333335,0.010419449585552352,0.0019023225249316259,0.5595161061844675,0.5669732104821995,30,0.4688,0.02285320471000164,0.004172405243650402,0.46062208572244523,0.47697791427755476,30,0.019715191666666666,0.0006413625671962584,0.00011709624853093787,0.019485683019546028,0.019944700313787304,30,2093.4333333333334,165.89229645462294,30.287650961510426,2034.069537448773,2152.7971292178936,30,2093.4333333333334,165.89229645462294,30.287650961510426,2034.069537448773,2152.7971292178936,30,0.0,0.0,0.0,0.0,0.0,30,0.0,0.0,0.0,0.0,0.0,0,,,,,,0,,,,,,0,,,,,,30,2.0,0.0,0.0,2.0,2.0,30,750.7666666666667,19.246465565958058,3.513907780907221,743.8794074160885,757.6539259172448
0.5,0.5,0.9,noop,,30,30,0.5024757125,0.00038337885167474063,6.999508171089422e-05,0.5023385221398466,0.5026129028601534,30,0.5022216,0.0003847671323289004,7.0248545921038e-05,0.5020839128499948,0.5023592871500053,30,1.004951425,0.0007667577033494813,0.00013999016342178844,1.0046770442796933,1.0052258057203067,30,1.004945672836418,0.0007699192242701065,0.0001405673755298721,1.0046701607803794,1.0052211848924564,30,1.01645,0.01688416417830626,0.0030826125283596718,1.010408079444415,1.0224919205555851,30,0.8305916666666667,0.0028140273630510465,0.0005137687547266125,0.8295846799074026,0.8315986534259309,30,0.5767966666666666,0.011608274845158672,0.002119371328804398,0.57264269886221,0.5809506344711233,30,0.5922999999999999,0.013308410615225558,0.0024297722328334146,0.5875376464236465,0.5970623535763534,30,0.017570225,0.0007448463170288078,0.00013598970990377413,0.0173036851685886,0.017836764831411396,30,0.0,0.0,0.0,0.0,0.0,30,0.0,0.0,0.0,0.0,0.0,30,0.0,0.0,0.0,0.0,0.0,30,86.44416666666666,3.003796348913675,0.5484156728172261,85.3692719479449,87.51906138538843,30,0.0,0.0,0.0,0.0,0.0,30,0.0,0.0,0.0,0.0,0.0,30,172888.33333333334,6007.592697827351,1096.8313456344524,170738.54389588983,175038.12277077686,30,1.8666666666666667,0.3457459036417604,0.06312427686319991,1.7429430840147948,1.9903902493185386,30,980.7833333333333,18.261360815957136,3.3340530832135564,974.2485892902347,987.3180773764319
0.5,0.5,0.9,left_if_safe,,30,30,0.4998982333333333,0.011618054180196504,0.0021211567829369383,0.49574076603877687,0.5040557006278896,30,0.4995902083333333,0.011594931155481597,0.0021169351155255704,0.49544101550690317,0.5037394011597635,30,0.9997964666666666,0.02323610836039301,0.0042423135658738766,0.9914815320775537,1.0081114012557792,30,0.9996802567950639,0.02320146304248458,0.004235988225163749,0.9913777198737429,1.0079827937163848,30,1.2321,0.10993637658460335,0.020071544448590002,1.1927597728807635,1.2714402271192364,30,0.7946500000000001,0.018322729430767223,0.0033452574080983333,0.7880932954801273,0.8012067045198729,30,0.5551015666666667,0.013417445549630452,0.002449679197209967,0.5503001954401351,0.5599029378931982,30,0.5526,0.04057292285460239,0.007407568357127543,0.53808116602003,0.56711883397997,30,0.019731975000000002,0.0012285047390018487,0.00022429325251776972,0.019292360225065173,0.020171589774934832,30,3056.366666666667,261.6709546467608,47.77436150131405,2962.7289181240913,3150.0044152092423,30,3056.366666666667,261.6709546467608,47.77436150131405,2962.7289181240913,3150.0044152092423,30,0.0,0.0,0.0,0.0,0.0,30,63.31615,4.171685124556775,0.7616420151761647,61.823331650254715,64.80896834974529,30,3056.366666666667,261.6709546467608,47.77436150131405,2962.7289181240913,3150.0044152092423,30,0.0,0.0,0.0,0.0,0.0,30,123575.93333333333,8293.722515723328,1514.2196358500537,120608.06284706722,126543.80381959944,30,1.9333333333333333,0.2537081317024624,0.04632055558531008,1.8425450443861255,2.024121622280541,30,793.2666666666667,126.88154490224971,23.165294758022263,747.862688940943,838.6706443923903
0.5,0.5,0.9,graph_ppo,edge-graph,30,30,0.4999900958333333,0.010313790701970702,0.001883031940285465,0.49629935323037383,0.5036808384362929,30,0.4996826583333331,0.01029258482769378,0.0018791602950544357,0.4959995041550264,0.5033658125116398,30,0.9999801916666666,0.020627581403941404,0.00376606388057093,0.9925987064607477,1.0073616768725857,30,0.9998652492913119,0.020595467389082404,0.0037602006904541535,0.9924952559380218,1.007235242644602,30,1.22975,0.11380622899745291,0.020778079602167834,1.189024963979751,1.2704750360202488,30,0.7950416666666666,0.018967704832908817,0.0034630132670279722,0.7882541606632918,0.8018291726700415,30,0.5574791333333333,0.010897269779417325,0.0019895601578020713,0.5535795954240412,0.5613786712426254,30,0.5545166666666667,0.03563088628523383,0.006505280054108007,0.541766317760615,0.5672670155727183,30,0.019522833333333333,0.001084522515968976,0.00019800581537282163,0.019134741935202603,0.019910924731464063,30,2977.1666666666665,317.38153731728795,57.94567577478209,2863.5931421480936,3090.7401911852394,30,2977.1666666666665,317.38153731728795,57.94567577478209,2863.5931421480936,3090.7401911852394,30,0.0,0.0,0.0,0.0,0.0,30,63.0005,2.9114986246569505,0.5315644909566262,61.95863359772501,64.042366402275,30,2977.1666666666665,317.38153731728795,57.94567577478209,2863.5931421480936,3090.7401911852394,30,0.0,0.0,0.0,0.0,0.0,30,123023.83333333333,5895.924396437403,1076.443596424599,120914.00388434112,125133.66278232554,30,1.9666666666666666,0.18257418583505536,0.03333333333333333,1.9013333333333333,2.032,30,806.1666666666666,70.12603596054913,12.803203921337072,781.072386980846,831.2609463524873
0.5,0.5,0.9,node_mlp_ppo,node-mlp-matched,30,30,0.5000335791666666,0.011272278572643114,0.0020580270829062565,0.4959998460841703,0.5040673122491628,30,0.49971843750000006,0.011247622559505992,0.002053525531381808,0.4956935274584917,0.5037433475415084,30,1.0000671583333332,0.022544557145286227,0.004116054165812513,0.9919996921683406,1.0081346244983256,30,0.9999368434217105,0.022506498368196105,0.004109105615571406,0.9918829964151905,1.0079906904282305,30,1.2605666666666666,0.11082719799801832,0.020234185442868674,1.220907663198644,1.3002256701346893,30,0.7899055555555556,0.018471199666336393,0.003372364240478113,0.7832957216442186,0.7965153894668927,30,0.5532869666666667,0.013117912036491352,0.002394992109918282,0.5485927821312269,0.5579811512021065,30,0.5421499999999999,0.03803926057151462,0.0069449870286118045,0.5285378254239208,0.555762174576079,30,0.01991908333333333,0.0012234654028430976,0.0002233731998214366,0.019481271861683313,0.020356894804983348,30,3098.266666666667,351.9329808195102,64.25387744162623,2972.3290668810796,3224.204266452254,30,3098.266666666667,351.9329808195102,64.25387744162623,2972.3290668810796,3224.204266452254,30,0.0,0.0,0.0,0.0,0.0,30,63.005316666666666,3.4199581906179373,0.6243960822419989,61.781500345472345,64.22913298786098,30,0.0,0.0,0.0,0.0,0.0,30,3098.266666666667,351.9329808195102,64.25387744162623,2972.3290668810796,3224.204266452254,30,122912.36666666667,6883.534719911703,1256.7557471552152,120449.12540224244,125375.6079310909,30,1.9666666666666666,0.18257418583505536,0.03333333333333333,1.9013333333333333,2.032,30,776.4,79.12325609561587,14.44586406227565,748.0861064379397,804.7138935620602
0.5,0.5,0.9,grid_cnn_ppo,grid-cnn-matched,30,30,0.5050085166666666,0.0012145067923378175,0.0002217375888022217,0.5045739109926142,0.505443122340719,30,0.5046864,0.0012092325390118453,0.0002207746462953445,0.5042536816932611,0.5051191183067388,30,1.0100170333333331,0.002429013584675635,0.0004434751776044434,1.0091478219852283,1.010886244681438,30,1.009877738869434,0.0024196749154816464,0.000441770177679568,1.009011869321182,1.010743608417686,30,1.2884666666666666,0.046832410920682674,0.008550389294536396,1.2717079036493752,1.305225429683958,30,0.7852555555555555,0.0078054018201137885,0.0014250648824227343,0.7824624283860069,0.7880486827251041,30,0.5511123083333332,0.00894912853243324,0.0016338798557422628,0.5479099038160784,0.5543147128505881,30,0.5342833333333333,0.02427773328244079,0.004432487387962253,0.5255956580529273,0.5429710086137394,30,0.020304816666666666,0.0006478070398811212,0.00011827284288451295,0.02007300189461302,0.020536631438720313,30,3411.5333333333333,259.92064217734816,47.45479962725409,3318.521926063915,3504.5447406027515,30,3317.2,250.31117186138675,45.700358408011304,3227.627297520298,3406.772702479702,30,94.33333333333333,26.709591888506548,4.876481993030682,84.77542862699319,103.89123803967347,30,63.670766666666665,3.9204557435050345,0.7157740154727983,62.26784959633998,65.07368373699335,30,392.8333333333333,47.58591745705745,8.687960136936413,375.80493146493797,409.86173520172866,30,3018.7,231.09650917251895,42.192257011496054,2936.0031762574677,3101.396823742532,30,123930.0,7957.748546607544,1452.8794619769676,121082.35625452515,126777.64374547485,30,2.0,0.0,0.0,2.0,2.0,30,766.4,39.101635912509884,7.1389493415452545,752.4076592905712,780.3923407094287
0.5,0.5,0.95,baseline1_hdv,,30,30,0.5024436,0.00039013134448338246,7.122791258778907e-05,0.5023039932913279,0.5025832067086721,30,0.5021907874999999,0.0003899572439400882,7.119612632284368e-05,0.5020512430924071,0.5023303319075927,30,1.0048872,0.0007802626889667649,0.00014245582517557814,1.0046079865826558,1.0051664134173441,30,1.004884017008504,0.000780304640200112,0.00014246348438785126,1.0046047885791038,1.0051632454379043,30,1.01125,0.013909033284040685,0.0025394304275864143,1.0062727163619307,1.0162272836380692,30,0.8314583333333334,0.002318172214006784,0.0004232384045977363,0.8306287860603219,0.832287880606345,30,0.5752147249999998,0.011205790002261394,0.0020458879863014773,0.5712047845468489,0.5792246654531508,30,0.5765333333333333,0.014911771173815326,0.002722504481417981,0.5711972245497541,0.5818694421169126,30,0.018084508333333336,0.0007293901576545526,0.00013316781418988262,0.017823499417521167,0.018345517249145505,30,0.0,0.0,0.0,0.0,0.0,30,0.0,0.0,0.0,0.0,0.0,30,0.0,0.0,0.0,0.0,0.0,30,0.0,0.0,0.0,0.0,0.0,0,,,,,,0,,,,,,0,,,,,,30,1.7666666666666666,0.4301830671520763,0.07854032324531729,1.6127276331058447,1.9206057002274886,30,986.3,19.445591646508436,3.5502630629422316,979.3414843966332,993.2585156033667
0.5,0.5,0.95,baseline2_matched,,30,30,0.5043203583333331,0.0008419167067424849,0.00015371225727444024,0.5040190823090752,0.504621634357591,30,0.5039757541666666,0.0008428957089506599,0.00015389099780552853,0.5036741278109678,0.5042773805223655,30,1.0086407166666662,0.0016838334134849698,0.0003074245145488805,1.0080381646181504,1.009243268715182,30,1.0084557362014337,0.0016866347352683764,0.000307935963592748,1.007852181712792,1.0090592906900755,30,1.3784166666666666,0.03167645795390872,0.005783303521073249,1.367081391765363,1.3897519415679702,30,0.770263888888889,0.005279409658984789,0.0009638839201788752,0.7683746764053384,0.7721531013724395,30,0.5608640583333332,0.011206687774817793,0.002046051896395027,0.5568537966163989,0.5648743200502675,30,0.4564333333333333,0.03156922697745421,0.005763725912850768,0.4451364305441458,0.4677302361225208,30,0.01993485,0.0006926553902592346,0.0001264609939408423,0.01968698645187595,0.02018271354812405,30,2374.5666666666666,197.79886742350925,36.11296717894326,2303.785250995938,2445.348082337395,30,2374.5666666666666,197.79886742350925,36.11296717894326,2303.785250995938,2445.348082337395,30,0.0,0.0,0.0,0.0,0.0,30,0.0,0.0,0.0,0.0,0.0,0,,,,,,0,,,,,,0,,,,,,30,2.0,0.0,0.0,2.0,2.0,30,722.4666666666667,17.772476460533852,3.2447954200546545,716.1068676433596,728.8264656899738
0.5,0.5,0.95,noop,,30,30,0.5025098916666666,0.0003677356852352851,6.713904333432836e-05,0.5023782991417313,0.5026414841916019,30,0.5022545875,0.0003665234961390872,6.69177288970119e-05,0.5021234287513618,0.5023857462486381,30,1.0050197833333332,0.0007354713704705701,0.00013427808666865673,1.0047565982834625,1.0052829683832039,30,1.0050116808404197,0.0007334136991275593,0.00013390240899849038,1.0047492321187828,1.0052741295620566,30,1.0212166666666667,0.017367073152522207,0.0031707792411595904,1.015001939353994,1.0274313939793394,30,0.8297972222222222,0.002894512192087031,0.000528463206859931,0.8287614343367767,0.8308330101076676,30,0.576855575,0.01048608805528719,0.001914488989288758,0.573103176580994,0.5806079734190059,30,0.5923166666666667,0.012048381872563916,0.002199723511013197,0.5880052085850809,0.5966281247482526,30,0.017540983333333333,0.0006218676158228493,0.00011353697365604371,0.017318450864967486,0.01776351580169918,30,0.0,0.0,0.0,0.0,0.0,30,0.0,0.0,0.0,0.0,0.0,30,0.0,0.0,0.0,0.0,0.0,30,91.68186666666666,2.453625585962935,0.4479686937012435,90.80384802701222,92.5598853063211,30,0.0,0.0,0.0,0.0,0.0,30,0.0,0.0,0.0,0.0,0.0,30,183363.73333333334,4907.251171925869,895.9373874024868,181607.69605402448,185119.7706126422,30,1.9,0.30512857662936466,0.055708601453115555,1.7908111411518934,2.0091888588481064,30,980.7833333333333,19.838435062956112,3.6219861298608276,973.6842405188061,987.8824261478605
0.5,0.5,0.95,left_if_safe,,30,30,0.4941107833333333,0.016010170543731394,0.002923043852102145,0.4883816173832131,0.4998399492834535,30,0.4937695041666667,0.015977081780250237,0.002917002698049284,0.4880521788784901,0.4994868294548433,30,0.9882215666666666,0.03202034108746279,0.00584608770420429,0.9767632347664262,0.999679898566907,30,0.9880330248457558,0.031970148634818014,0.0058369238580276055,0.9765926540840217,0.9994733956074899,30,1.3651166666666665,0.17437369123638546,0.031836134708536405,1.302717842637935,1.427515490695398,30,0.7724805555555555,0.029062281872730904,0.005306022451422733,0.7620807515507669,0.7828803595603441,30,0.5469409666666666,0.02003905018093464,0.0036586132716919613,0.5397700846541503,0.5541118486791828,30,0.5317000000000001,0.05758346266432571,0.010513253813502575,0.511094022525535,0.5523059774744651,30,0.02018436666666667,0.0018030857766107777,0.00032919691765548125,0.019539140708061925,0.020829592625271412,30,3851.633333333333,304.278284983736,55.55336014819255,3742.748747442876,3960.5179192237906,30,3851.633333333333,304.278284983736,55.55336014819255,3742.748747442876,3960.5179192237906,30,0.0,0.0,0.0,0.0,0.0,30,74.4348,4.180538860663448,0.763258478837439,72.93881338147861,75.93078661852138,30,3851.633333333333,304.278284983736,55.55336014819255,3742.748747442876,3960.5179192237906,30,0.0,0.0,0.0,0.0,0.0,30,145017.96666666667,8495.400550656335,1551.0408388787614,141977.9266224643,148058.00671086906,30,2.066666666666667,0.4497764451088036,0.08211756827352529,1.9057162328505572,2.2276171004827763,30,727.561111111111,97.95761538806447,17.884531875819363,692.5074286345051,762.6147935877169
0.5,0.5,0.95,graph_ppo,edge-graph,30,30,0.5006893291666666,0.013739331299429551,0.0025084472259114437,0.4957727726038802,0.5056058857294531,30,0.5003398416666667,0.013725005123261467,0.0025058316359614263,0.49542841166018226,0.5052512716731511,30,1.0013786583333333,0.027478662598859102,0.005016894451822887,0.9915455452077604,1.0112117714589062,30,1.001180273470068,0.027463742117581066,0.005014170357101283,0.9913524995701496,1.0110080473699867,30,1.39795,0.07995789301358819,0.014598247218042325,1.369337435452637,1.426562564547363,30,0.7670083333333333,0.013326315502264697,0.002433041203007054,0.7622395725754395,0.7717770940912271,30,0.5393318083333334,0.015351866192252846,0.002802854471099275,0.5338382135699788,0.5448254030966879,30,0.52015,0.031117449922112395,0.005681243084792778,0.5090147635538061,0.5312852364461939,30,0.0208858,0.0012333108953768194,0.00022517073260492596,0.020444465364094343,0.021327134635905656,30,3740.4,279.46458661593203,51.023019371134104,3640.3948820325772,3840.405117967423,30,3740.4,279.46458661593203,51.023019371134104,3640.3948820325772,3840.405117967423,30,0.0,0.0,0.0,0.0,0.0,30,74.25583333333334,3.7726051877050226,0.6887803206223507,72.90582390491353,75.60584276175315,30,3740.4,279.46458661593203,51.023019371134104,3640.3948820325772,3840.405117967423,30,0.0,0.0,0.0,0.0,0.0,30,144771.26666666666,7639.27195453875,1394.7338574724845,142037.5883060206,147504.94502731273,30,2.033333333333333,0.18257418583505536,0.03333333333333333,1.968,2.0986666666666665,30,698.8722222222223,70.20042029943349,12.816784581447763,673.7513244425846,723.9931200018599
0.5,0.5,0.95,node_mlp_ppo,node-mlp-matched,30,30,0.49932289583333317,0.015512584942738892,0.002832197566117692,0.4937717886037425,0.5048740030629238,30,0.49897572083333314,0.015485403441756524,0.0028272349257060614,0.49343434037894923,0.504517101287717,30,0.9986457916666663,0.031025169885477783,0.005664395132235384,0.987543577207485,1.0097480061258477,30,0.9984506670001664,0.030986300033529937,0.0056572985006624775,0.987362361938868,1.009538972061465,30,1.3887,0.12405766178787936,0.022649726597522735,1.3443065358688555,1.4330934641311446,30,0.76855,0.020676276964646557,0.003774954432920455,0.7611510893114759,0.775948910688524,30,0.5413643083333335,0.015830058963349464,0.002890160126954449,0.5356995944845028,0.5470290221821642,30,0.5248833333333333,0.04738119140387433,0.00865058244445728,0.5079281917421969,0.5418384749244696,30,0.02072005,0.001400058941801109,0.00025561462142042665,0.020219045342015966,0.021221054657984035,30,3785.233333333333,248.70473884998006,45.40706520885517,3696.235485523977,3874.2311811426894,30,3785.233333333333,248.70473884998006,45.40706520885517,3696.235485523977,3874.2311811426894,30,0.0,0.0,0.0,0.0,0.0,30,75.38593333333333,3.649850560789023,0.6663684945556761,74.0798510840042,76.69201558266245,30,0.0,0.0,0.0,0.0,0.0,30,3785.233333333333,248.70473884998006,45.40706520885517,3696.235485523977,3874.2311811426894,30,146986.63333333333,7436.1470301509635,1357.6484897795772,144325.64229336535,149647.6243733013,30,2.033333333333333,0.319841914974746,0.05839487722243926,1.9188793739773522,2.1477872926893142,30,719.938888888889,119.34304111394344,21.788958566457765,677.2325300986317,762.6452476791462
0.5,0.5,0.95,grid_cnn_ppo,grid-cnn-matched,30,30,0.5055442041666667,0.00122932425608479,0.00022444287518196565,0.50510429613131,0.5059841122020233,30,0.5051851749999999,0.0012283708717205299,0.00022426881180787297,0.5047456081288565,0.5056247418711434,30,1.0110884083333334,0.00245864851216958,0.0004488857503639313,1.01020859226262,1.0119682244040467,30,1.0108757878939467,0.002457970728805598,0.00044876200461807975,1.0099962143648953,1.0117553614229982,30,1.4361166666666667,0.04731637526074978,0.008638748689897346,1.419184719234468,1.4530486140988654,30,0.7606472222222221,0.0078860625434583,0.001439791448316225,0.7578252309835224,0.7634692134609219,30,0.538936575,0.009488693448890856,0.0017323904810696716,0.5355410896571035,0.5423320603428966,30,0.5121,0.026552615300763596,0.004847822120328347,0.5025982686441565,0.5216017313558435,30,0.0211154,0.0006378663099038425,0.00011645792220230515,0.02088714247248348,0.02134365752751652,30,4141.7,254.61291106846608,46.48574494141855,4050.5879399148193,4232.81206008518,30,4050.0333333333333,239.37209288171985,43.70316496951325,3964.3751299930873,4135.691536673579,30,91.66666666666667,26.574986078217826,4.851906446808551,82.15693003092191,101.17640330241143,30,76.68388333333334,3.460625505756431,0.6318208841935071,75.44551440031407,77.92225226635261,30,444.5,42.40425320242266,7.741922004375856,429.3258328714233,459.6741671285767,30,3697.2,239.58418000849895,43.74188660401104,3611.465902256138,3782.9340977438615,30,149226.06666666668,7062.231282325542,1289.381126549445,146698.87965862977,151753.2536747036,30,2.033333333333333,0.18257418583505536,0.03333333333333333,1.968,2.0986666666666665,30,678.4833333333333,29.04618300442309,5.303083213648568,668.0892902345821,688.8773764320846
0.5,0.5,1.0,baseline1_hdv,,30,30,0.5024436,0.00039013134448338246,7.122791258778907e-05,0.5023039932913279,0.5025832067086721,30,0.5021907874999999,0.0003899572439400882,7.119612632284368e-05,0.5020512430924071,0.5023303319075927,30,1.0048872,0.0007802626889667649,0.00014245582517557814,1.0046079865826558,1.0051664134173441,30,1.004884017008504,0.000780304640200112,0.00014246348438785126,1.0046047885791038,1.0051632454379043,30,1.01125,0.013909033284040685,0.0025394304275864143,1.0062727163619307,1.0162272836380692,30,0.8314583333333334,0.002318172214006784,0.0004232384045977363,0.8306287860603219,0.832287880606345,30,0.5752147249999998,0.011205790002261394,0.0020458879863014773,0.5712047845468489,0.5792246654531508,30,0.5765333333333333,0.014911771173815326,0.002722504481417981,0.5711972245497541,0.5818694421169126,30,0.018084508333333336,0.0007293901576545526,0.00013316781418988262,0.017823499417521167,0.018345517249145505,30,0.0,0.0,0.0,0.0,0.0,30,0.0,0.0,0.0,0.0,0.0,30,0.0,0.0,0.0,0.0,0.0,30,0.0,0.0,0.0,0.0,0.0,0,,,,,,0,,,,,,0,,,,,,30,1.7666666666666666,0.4301830671520763,0.07854032324531729,1.6127276331058447,1.9206057002274886,30,986.3,19.445591646508436,3.5502630629422316,979.3414843966332,993.2585156033667
0.5,0.5,1.0,baseline2_matched,,30,30,0.5043015999999999,0.0006672350253807597,0.00012181989151952471,0.5040628330126217,0.5045403669873781,30,0.5039341416666666,0.0006682562250032319,0.00012200633620917263,0.5036950092476966,0.5041732740856366,30,1.0086031999999998,0.0013344700507615195,0.00024363978303904943,1.0081256660252433,1.0090807339747563,30,1.008372469568117,0.001337181040526808,0.00024413473978825417,1.007893965478132,1.0088509736581022,30,1.4698333333333333,0.03951196530544703,0.007213864896384947,1.455694158136419,1.4839725085302478,30,0.7550277777777779,0.006585327550907836,0.0012023108160641573,0.7526712485782922,0.7573843069772636,30,0.5584040500000003,0.009596215672345499,0.0017520212634760779,0.5549700883235872,0.5618380116764133,30,0.45253333333333334,0.028022445847291202,0.00511617523567612,0.4425056298714081,0.46256103679525856,30,0.02024446666666667,0.0006412209082374961,0.0001170703852618756,0.020015008711553393,0.020473924621779944,30,2638.1666666666665,251.01038353757033,45.82801641051689,2548.3437545020533,2727.9895788312797,30,2638.1666666666665,251.01038353757033,45.82801641051689,2548.3437545020533,2727.9895788312797,30,0.0,0.0,0.0,0.0,0.0,30,0.0,0.0,0.0,0.0,0.0,0,,,,,,0,,,,,,0,,,,,,30,2.1666666666666665,0.3790490217894517,0.06920456654478331,2.0310257162388914,2.3023076170944416,30,679.9555555555556,22.387733254070806,4.087422171554373,671.9442080993091,687.9669030118022
0.5,0.5,1.0,noop,,30,30,0.5023957708333332,0.0003406351763479857,6.219118998851399e-05,0.5022738761009558,0.5025176655657106,30,0.5021399666666666,0.00034083335518359637,6.222737232807535e-05,0.5020180010169035,0.5022619323164297,30,1.0047915416666664,0.0006812703526959714,0.00012438237997702798,1.0045477522019115,1.0050353311314213,30,1.004782324495581,0.0006820077142243113,0.00012451700315773074,1.0045382711693918,1.00502637782177,30,1.0232166666666667,0.019690135519635443,0.003594910461479346,1.0161706421621672,1.030262691171166,30,0.8294638888888889,0.0032816892532725604,0.0005991517435798886,0.8282895514714723,0.8306382263063055,30,0.5774434249999997,0.011231826749079526,0.0020506416241535914,0.5734241674166587,0.5814626825833407,30,0.5917666666666667,0.013542228547140567,0.002472461351386434,0.5869206424179493,0.596612690915384,30,0.01746358333333333,0.0006546594874743892,0.00011952392292483125,0.01722931644440066,0.017697850222266002,30,0.0,0.0,0.0,0.0,0.0,30,0.0,0.0,0.0,0.0,0.0,30,0.0,0.0,0.0,0.0,0.0,30,97.28286666666666,2.2290677266258765,0.40697022535991717,96.48520502496123,98.0805283083721,30,0.0,0.0,0.0,0.0,0.0,30,0.0,0.0,0.0,0.0,0.0,30,194565.73333333334,4458.135453251755,813.9404507198348,192970.41004992247,196161.0566167442,30,1.8666666666666667,0.3457459036417604,0.06312427686319991,1.7429430840147948,1.9903902493185386,30,976.05,20.575910756228406,3.75663015413316,968.687004897899,983.4129951021009
0.5,0.5,1.0,left_if_safe,,30,30,0.49539437499999994,0.024738486564831026,0.00451660904336548,0.4865418212750036,0.5042469287249963,30,0.49490646666666666,0.02470614727590432,0.004510704724019202,0.48606548540758904,0.5037474479257443,30,0.9907887499999999,0.04947697312966205,0.00903321808673096,0.9730836425500072,1.0084938574499926,30,0.9903080873770211,0.049437013058338,0.009025922409243062,0.9726172794549047,1.0079988952991374,30,1.9516333333333333,0.16667824327610725,0.030431144562552574,1.8919882899907303,2.0112783766759366,30,0.6747277777777777,0.027779707212684548,0.005071857427092097,0.6647869372206772,0.6846686183348782,30,0.5345694916666666,0.02638334946510348,0.004816918548193012,0.5251283313122083,0.5440106520211249,30,0.5016166666666667,0.05090875599326317,0.00929462467734552,0.4833992022990695,0.5198341310342639,30,0.021378191666666668,0.0021732276267341566,0.00039677526458523825,0.020600512148079602,0.022155871185253733,30,5122.833333333333,479.1326274766139,87.47724936855366,4951.3779245709675,5294.288742095699,30,5122.833333333333,479.1326274766139,87.47724936855366,4951.3779245709675,5294.288742095699,30,0.0,0.0,0.0,0.0,0.0,30,94.53843333333334,6.666196747892248,1.217075443862721,92.1529654633624,96.92390120330428,30,5122.833333333333,479.1326274766139,87.47724936855366,4951.3779245709675,5294.288742095699,30,0.0,0.0,0.0,0.0,0.0,30,183954.03333333333,13731.90368921531,2507.091136023879,179040.13470672653,188867.93195994012,30,3.3666666666666667,0.5560534167675355,0.10152099984713352,3.167685506966285,3.5656478263670484,30,517.1027777777778,77.019237667904,14.061724610854201,489.5417975405035,544.6637580150519
0.5,0.5,1.0,graph_ppo,edge-graph,30,30,0.5016066625000001,0.0076556368394268765,0.0013977216630072186,0.4988671280405059,0.5043461969594942,30,0.5011056166666665,0.007666677307787007,0.001399737367529307,0.4983621314263091,0.5038491019070239,30,1.0032133250000002,0.015311273678853753,0.002795443326014437,0.9977342560810118,1.0086923939189885,30,1.0027125896281468,0.01534102512813813,0.002800875172644945,0.9972228742897628,1.008202304966531,30,2.004183333333333,0.09568360967751761,0.017469357134632005,1.9699433933494546,2.038423273317212,30,0.6659694444444444,0.015947268279586275,0.0029115595224386685,0.6602627877804647,0.6716761011084241,30,0.5288789166666666,0.013724653197102846,0.0025057673833295416,0.5239676125953407,0.5337902207379925,30,0.4848166666666666,0.06138508795292637,0.011207332455418797,0.4628502950540458,0.5067830382792875,30,0.021714033333333334,0.001226983082980177,0.000224015437408492,0.02127496307601269,0.022153103590653977,30,5142.0,476.30293171323297,86.96061996839349,4971.557184861948,5312.442815138052,30,5142.0,476.30293171323297,86.96061996839349,4971.557184861948,5312.442815138052,30,0.0,0.0,0.0,0.0,0.0,30,94.85648333333333,5.373488672020566,0.9810603193880477,92.93360510733275,96.7793615593339,30,5142.0,476.30293171323297,86.96061996839349,4971.557184861948,5312.442815138052,30,0.0,0.0,0.0,0.0,0.0,30,184570.96666666667,11198.995156534891,2044.6474228750862,180563.4577178315,188578.47561550184,30,3.5,0.5085476277156078,0.09284766908852593,3.3180185685864894,3.6819814314135106,30,492.18611111111113,20.62947018007492,3.766408722335732,484.8039500153331,499.56827220688916
0.5,0.5,1.0,node_mlp_ppo,node-mlp-matched,30,30,0.49683504583333327,0.03430625780183293,0.006263437087217164,0.48455870914238763,0.5091113825242789,30,0.4963450416666666,0.0342308932570724,0.006249677466816681,0.48409567383170593,0.5085944095016273,30,0.9936700916666665,0.06861251560366587,0.012526874174434328,0.9691174182847753,1.0182227650485578,30,0.9931866766716684,0.06849603453141052,0.012505607737502115,0.9686756855061642,1.0176976678371725,30,1.9600166666666667,0.3185712306894464,0.05816288307359729,1.846017415842416,2.0740159174909176,30,0.6733305555555555,0.053095205114907736,0.009693813845599548,0.6543306804181804,0.6923304306929307,30,0.5310758499999999,0.028317915022439317,0.005170120279768142,0.5209424142516543,0.5412092857483455,30,0.503,0.0828091907276331,0.01511882057675743,0.4733671116695554,0.5326328883304445,30,0.021608091666666666,0.0020704477979364474,0.0003780103210222301,0.020867191437463094,0.022348991895870238,30,5078.6,375.331816415546,68.52590080006078,4944.289234431882,5212.910765568119,30,5078.6,375.331816415546,68.52590080006078,4944.289234431882,5212.910765568119,30,0.0,0.0,0.0,0.0,0.0,30,94.73073333333333,5.876315938804146,1.072863598236726,92.62792068078934,96.83354598587732,30,0.0,0.0,0.0,0.0,0.0,30,5078.6,375.331816415546,68.52590080006078,4944.289234431882,5212.910765568119,30,184382.86666666667,11988.407652835915,2188.773766675264,180092.87008398314,188672.8632493502,30,3.4,0.8136762043449725,0.1485562705416415,3.108829709738383,3.691170290261617,29,492.11494252873564,16.741193695959275,3.1087616248586865,486.0217697440126,498.2081153134587
0.5,0.5,1.0,grid_cnn_ppo,grid-cnn-matched,30,30,0.5054913666666667,0.0009371854638642323,0.0001711058730414609,0.5051559991555055,0.505826734177828,30,0.5050194916666666,0.0009277466101029592,0.00016938258200078032,0.504687501805945,0.5053514815273882,30,1.0109827333333334,0.0018743709277284646,0.0003422117460829218,1.010311998311011,1.011653468355656,30,1.0105442554610635,0.0018564214309212254,0.0003389346313171912,1.0098799435836818,1.0112085673384452,30,1.8875,0.08091918062550711,0.014773753521141747,1.8585434430985621,1.9164565569014378,30,0.6854166666666667,0.013486530104251175,0.0024622922535236227,0.6805905738497604,0.6902427594835729,30,0.5340765083333332,0.011936856124986739,0.002179361788449648,0.5298049592279719,0.5383480574386945,30,0.5297833333333333,0.02673228815281359,0.0048806257450080374,0.5202173068731175,0.539349359793549,30,0.021686175,0.0007748217123902625,0.00014146244330697562,0.021408908611118327,0.02196344138888167,30,4965.866666666667,391.3151770837568,71.44404986096741,4825.836328939171,5105.897004394163,30,4884.4,381.0435399142004,69.56871406754256,4748.045320427616,5020.754679572383,30,81.46666666666667,20.617590971577265,3.764239885515907,74.08875649105549,88.84457684227785,30,96.96643333333333,2.9723390932155556,0.5426723899695368,95.90279544899303,98.03007121767362,30,358.8333333333333,38.44394336705322,7.01887166052872,345.076344878697,372.59032178796963,30,4607.033333333334,362.61687612489123,66.20448092855314,4477.27255071337,4736.7941159532975,30,188967.0,6289.489711223496,1148.2984633445872,186716.3350118446,191217.6649881554,30,3.066666666666667,0.2537081317024624,0.04632055558531008,2.975878377719459,3.1574549556138747,30,522.1861111111111,22.949487295224376,4.189983958257537,513.9737425529264,530.3984796692959
0.55,0.55,0.9,baseline1_hdv,,30,30,0.4522604666666666,0.00027817827741043525,5.078817251520839e-05,0.4521609218485368,0.4523600114847964,30,0.45205499583333325,0.0002771717623887351,5.060440885459073e-05,0.45195581119197825,0.45215418047468825,30,0.8222917575757596,0.0005057786862005238,9.234213184578459e-05,0.8221107669973419,0.8224727481541773,30,0.8222919433075625,0.0005041778306296905,9.204985694330019e-05,0.8221115255879536,0.8224723610271714,30,0.8218833333333334,0.015539539853244516,0.0028371188369575133,0.8163225804128967,0.8274440862537701,30,0.8630194444444445,0.0025899233088740856,0.0004728531394929188,0.8620926522910384,0.8639462365978505,30,0.6079698181818223,0.008792127499137402,0.0016052155199130127,0.6048235957627928,0.6111160406008518,30,0.60625,0.013225334882664435,0.0024146047485984166,0.601517374692747,0.6109826253072529,30,0.016822287878787878,0.0005434446247582069,9.92189599116668e-05,0.01662781871736101,0.017016757040214745,30,0.0,0.0,0.0,0.0,0.0,30,0.0,0.0,0.0,0.0,0.0,30,0.0,0.0,0.0,0.0,0.0,30,0.0,0.0,0.0,0.0,0.0,0,,,,,,0,,,,,,0,,,,,,30,1.0,0.0,0.0,1.0,1.0,30,1214.7666666666667,25.730276454729,4.697684275033042,1205.559205487602,1223.9741278457313
0.55,0.55,0.9,baseline2_matched,,30,30,0.4535535416666666,0.00038369129385486093,7.005212558755022e-05,0.453416239500515,0.4536908438328182,30,0.4532692291666666,0.00038184889095156763,6.97157503775013e-05,0.45313258629592673,0.4534058720374065,30,0.8246428030303043,0.0006976205342808425,0.00012736750106814114,0.8243931627282108,0.8248924433323979,30,0.8245006442322254,0.0006945864319261317,0.0001268135523009896,0.8242520896697154,0.8247491987947353,30,1.13725,0.02401355579811047,0.004384255398844692,1.1286568594182644,1.1458431405817358,30,0.8104583333333333,0.004002259299685074,0.0007307092331407813,0.8090261432363773,0.8118905234302892,30,0.6000483484848523,0.008129295673509762,0.0014841995390034828,0.5971393173884055,0.6029573795812991,30,0.4639833333333333,0.026514304315469656,0.004840827523379767,0.454495311387509,0.4734713552791576,30,0.018136196969696972,0.0004883068763499478,8.915223038725077e-05,0.017961458598137962,0.018310935341255982,30,2260.6666666666665,212.26274111197145,38.75369714163532,2184.7094202690614,2336.6239130642716,30,2260.6666666666665,212.26274111197145,38.75369714163532,2184.7094202690614,2336.6239130642716,30,0.0,0.0,0.0,0.0,0.0,30,0.0,0.0,0.0,0.0,0.0,0,,,,,,0,,,,,,0,,,,,,30,2.0,0.0,0.0,2.0,2.0,30,877.4166666666666,20.78837678115832,3.795420965652349,869.9776415739881,884.8556917593452
0.55,0.55,0.9,noop,,30,30,0.45222650000000003,0.0002587838121336078,4.724724380758537e-05,0.45213389540213716,0.4523191045978629,30,0.45201756249999997,0.0002591993427838716,4.732310897774679e-05,0.4519248092064036,0.45211031579359634,30,0.8222300000000018,0.000470516022061072,8.590407965014917e-05,0.8220616280038875,0.8223983719961161,30,0.8222238517507942,0.0004714858440817722,8.608114411598342e-05,0.8220551327083269,0.8223925707932614,30,0.8357500000000001,0.014515598031321226,0.0026501734924774052,0.8305556599547443,0.8409443400452559,30,0.8607083333333333,0.002419266338553541,0.00044169558207956817,0.8598426099924573,0.8615740566742093,30,0.6097553939393969,0.008119737960202466,0.0014824545472779584,0.6068497830267321,0.6126610048520618,30,0.6308833333333334,0.010255094052371657,0.0018723154472736739,0.627213595056677,0.6345530716099897,30,0.016218515151515154,0.00048145961229288225,8.790209672683439e-05,0.01604622704193056,0.01639080326109975,30,0.0,0.0,0.0,0.0,0.0,30,0.0,0.0,0.0,0.0,0.0,30,0.0,0.0,0.0,0.0,0.0,30,89.31828333333333,2.2171216844155732,0.40478918642941986,88.52489652793166,90.111670138735,30,0.0,0.0,0.0,0.0,0.0,30,0.0,0.0,0.0,0.0,0.0,30,178636.56666666668,4434.243368831146,809.5783728588395,177049.79305586335,180223.34027747,30,1.0,0.0,0.0,1.0,1.0,30,1199.0666666666666,28.00484358763348,5.112961517450254,1189.045262092464,1209.088071240869
0.55,0.55,0.9,left_if_safe,,30,30,0.4466467291666668,0.015840778110619236,0.0028921171665400734,0.44097817952024826,0.45231527881308536,30,0.44638509583333336,0.015816310007247033,0.0028876499224879657,0.44072530198525695,0.45204488968140977,30,0.812084962121214,0.028801414746580694,0.005258394848254728,0.8017785082186347,0.8223914160237932,30,0.8119783462179767,0.028770004560704124,0.005252660159141385,0.8016831323060596,0.8222735601298938,30,1.0465333333333333,0.11812281257477199,0.021566176334385834,1.004263627717937,1.0888030389487295,30,0.8255777777777777,0.01968713542912868,0.003594362722397642,0.8185328268418783,0.8326227287136772,30,0.6030725833333356,0.01061809616339954,0.0019385902621509958,0.5992729464195197,0.6068722202471515,30,0.5711999999999999,0.05091009655298724,0.009294869428945704,0.5529820559192663,0.5894179440807336,30,0.017500295454545456,0.000961117501395656,0.0001754752453091346,0.01715636397373955,0.01784422693535136,30,3255.6666666666665,454.86612909986917,83.0468131843518,3092.894912825337,3418.438420507996,30,3255.6666666666665,454.86612909986917,83.0468131843518,3092.894912825337,3418.438420507996,30,0.0,0.0,0.0,0.0,0.0,30,63.233050000000006,4.132641416213122,0.754513641913341,61.75420326184986,64.71189673815016,30,3255.6666666666665,454.86612909986917,83.0468131843518,3092.894912825337,3418.438420507996,30,0.0,0.0,0.0,0.0,0.0,30,123210.43333333333,8158.570039020882,1489.5442824525135,120290.92653972641,126129.94012694026,30,1.7,0.466091599699399,0.08509629433967632,1.5332112630942345,1.8667887369057654,30,979.35,210.43477775704085,38.41995822037255,904.0468818880698,1054.6531181119303
0.55,0.55,0.9,graph_ppo,edge-graph,30,30,0.4515332041666667,0.007708127754592858,0.0014073051491073846,0.44877488607441623,0.45429152225891717,30,0.45126320000000014,0.007692630103065357,0.0014044756779973957,0.44851042767112526,0.45401597232887503,30,0.8209694621212137,0.014014777735623539,0.0025587366347407286,0.8159543383171218,0.8259845859253055,30,0.8208516598453829,0.013992960624038644,0.002554753393355844,0.8158443431944055,0.8258589764963603,30,1.0800166666666666,0.0892024511930618,0.01628606490106452,1.0480959794605802,1.111937353872753,30,0.8199972222222222,0.014867075198843631,0.00271434415017742,0.8146771076878744,0.8253173367565699,30,0.5989011818181853,0.008127324062116168,0.0014838395736585144,0.5959928562538146,0.601809507382556,30,0.5530666666666666,0.03393445338349775,0.0061955551982497414,0.5409233784780971,0.5652099548552361,30,0.017739416666666667,0.0007419795853364471,0.00013546631869903382,0.01747390268201656,0.018004930651316774,30,3159.633333333333,377.06401938217823,68.84215634639473,3024.7027068943994,3294.563959772267,30,3159.633333333333,377.06401938217823,68.84215634639473,3024.7027068943994,3294.563959772267,30,0.0,0.0,0.0,0.0,0.0,30,62.58441666666667,4.337305843976812,0.7918800831816941,61.03233170363055,64.13650162970279,30,3159.633333333333,377.06401938217823,68.84215634639473,3024.7027068943994,3294.563959772267,30,0.0,0.0,0.0,0.0,0.0,30,122009.2,8580.68997868731,1566.6124867618541,118938.63952594677,125079.76047405323,30,1.7333333333333334,0.4497764451088036,0.08211756827352529,1.5723828995172238,1.894283767149443,30,919.75,121.7142463256487,22.22187942743269,876.1951163222319,963.3048836777681
0.55,0.55,0.9,node_mlp_ppo,node-mlp-matched,30,30,0.45168818749999995,0.01043042969728427,0.0019043272098914585,0.4479557061686127,0.4554206688313872,30,0.45141826249999994,0.01041165146816578,0.0019008987899987262,0.44769250087160245,0.45514402412839744,30,0.8212512500000013,0.018964417631426225,0.003462413108893612,0.8144649203065698,0.8280375796934328,30,0.821133719872668,0.018938883980292223,0.0034577513233264253,0.8143565272789483,0.8279109124663878,30,1.0796999999999999,0.08876689737151748,0.01620654401670872,1.0479351737272509,1.111464826272749,30,0.8200500000000001,0.014794482895252918,0.002701090669451454,0.8147558622878752,0.8253441377121249,30,0.5985046742424281,0.010790469790861549,0.0019700612368443076,0.5946433542182133,0.602365994266643,30,0.5538833333333333,0.04465088394177218,0.008152098782484605,0.5379052197196634,0.5698614469470031,30,0.017738242424242424,0.0009290067303495022,0.0001696126474288472,0.017405801635281885,0.018070683213202963,30,3132.6,282.1321040539893,51.51003919558822,3031.640323176647,3233.5596768233527,30,3132.6,282.1321040539893,51.51003919558822,3031.640323176647,3233.5596768233527,30,0.0,0.0,0.0,0.0,0.0,30,62.08305,4.085169281407887,0.7458464555514231,60.62119094711921,63.54490905288079,30,0.0,0.0,0.0,0.0,0.0,30,3132.6,282.1321040539893,51.51003919558822,3031.640323176647,3233.5596768233527,30,121033.5,8087.1599667365435,1476.506646644778,118139.54697257624,123927.45302742376,30,1.8333333333333333,0.3790490217894517,0.06920456654478331,1.697692382905558,1.9689742837611086,30,942.0,149.89571087236297,27.367087372688527,888.3605087495305,995.6394912504695
0.55,0.55,0.9,grid_cnn_ppo,grid-cnn-matched,30,30,0.4544279291666667,0.0009668803770123719,0.00017652739763292517,0.45408193546730613,0.45477392286602725,30,0.4541523041666668,0.0009603396448624632,0.00017533322878589042,0.45380865103824647,0.4544959572950871,30,0.8262325984848492,0.001757964321841016,0.0003209589047871987,0.8256035190314663,0.8268616779382321,30,0.82610696528725,0.001746866111619168,0.00031893265809171856,0.8254818572773902,0.8267320732971098,30,1.1025,0.056574333159249826,0.010329012815711212,1.0822551348812062,1.122744865118794,30,0.81625,0.009429055526541634,0.001721502135951868,0.8128758558135344,0.8196241441864657,30,0.595438628787883,0.0077892835037438,0.0014221220939344519,0.5926512694837714,0.5982259880919946,30,0.54115,0.026914343695355537,0.004913864387464393,0.5315188258005699,0.5507811741994302,30,0.01817603787878788,0.0004443584239780909,8.112837747674829e-05,0.018017026258933453,0.018335049498642304,30,3600.366666666667,273.35003243073714,49.90665961902781,3502.549613813372,3698.1837195199614,30,3490.9,260.11686365674313,47.49062460409798,3397.818375775968,3583.981624224032,30,109.46666666666667,36.75054147697112,6.709700189155436,96.31565429592202,122.61767903741132,30,63.451933333333336,4.085084217536747,0.7458309250844058,61.9901047201679,64.91376194649877,30,347.93333333333334,59.64777842689841,10.890144583160758,326.58864995033827,369.2780167163284,30,3252.4333333333334,248.71915796783705,45.40969776755837,3163.430325708919,3341.4363409577477,30,123303.5,8183.334548189156,1494.0656425515158,120375.13134059902,126231.86865940098,30,1.9666666666666666,0.18257418583505536,0.03333333333333333,1.9013333333333333,2.032,30,903.8166666666667,49.342484201005085,9.008663880077586,886.1596854617146,921.4736478716188
0.55,0.55,0.95,baseline1_hdv,,30,30,0.4522604666666666,0.00027817827741043525,5.078817251520839e-05,0.4521609218485368,0.4523600114847964,30,0.45205499583333325,0.0002771717623887351,5.060440885459073e-05,0.45195581119197825,0.45215418047468825,30,0.8222917575757596,0.0005057786862005238,9.234213184578459e-05,0.8221107669973419,0.8224727481541773,30,0.8222919433075625,0.0005041778306296905,9.204985694330019e-05,0.8221115255879536,0.8224723610271714,30,0.8218833333333334,0.015539539853244516,0.0028371188369575133,0.8163225804128967,0.8274440862537701,30,0.8630194444444445,0.0025899233088740856,0.0004728531394929188,0.8620926522910384,0.8639462365978505,30,0.6079698181818223,0.008792127499137402,0.0016052155199130127,0.6048235957627928,0.6111160406008518,30,0.60625,0.013225334882664435,0.0024146047485984166,0.601517374692747,0.6109826253072529,30,0.016822287878787878,0.0005434446247582069,9.92189599116668e-05,0.01662781871736101,0.017016757040214745,30,0.0,0.0,0.0,0.0,0.0,30,0.0,0.0,0.0,0.0,0.0,30,0.0,0.0,0.0,0.0,0.0,30,0.0,0.0,0.0,0.0,0.0,0,,,,,,0,,,,,,0,,,,,,30,1.0,0.0,0.0,1.0,1.0,30,1214.7666666666667,25.730276454729,4.697684275033042,1205.559205487602,1223.9741278457313
0.55,0.55,0.95,baseline2_matched,,30,30,0.45381057083333337,0.00043561139367183263,7.953139554010864e-05,0.45365468929807473,0.453966452368592,30,0.4535157750000001,0.0004368554949768988,7.975853632297742e-05,0.4533594482688071,0.45367210173119316,30,0.8251101287878806,0.0007920207157670956,0.00014460253734567528,0.824826707814683,0.8253935497610781,30,0.8249491132332865,0.0007946439199214916,0.00014508146670844327,0.8246647535585379,0.8252334729080351,30,1.1791833333333335,0.03594355808508795,0.0065623658533999546,1.1663210962606696,1.1920455704059973,30,0.8034694444444443,0.005990593014181325,0.0010937276422333258,0.801325738265667,0.8056131506232217,30,0.5995025151515193,0.008820714627110756,0.0016104347915281102,0.5963460629601243,0.6026589673429144,30,0.4499333333333333,0.03249608287623064,0.005932945873956293,0.43830475942037894,0.46156190724628765,30,0.018263651515151517,0.0005791639808296224,0.00010574039226495793,0.0180564003463122,0.018470902683990834,30,2611.3333333333335,227.920332925607,41.61236921914746,2529.7730896638045,2692.8935770028625,30,2611.3333333333335,227.920332925607,41.61236921914746,2529.7730896638045,2692.8935770028625,30,0.0,0.0,0.0,0.0,0.0,30,0.0,0.0,0.0,0.0,0.0,0,,,,,,0,,,,,,0,,,,,,30,2.0,0.0,0.0,2.0,2.0,30,842.4166666666666,27.901329635024545,5.094062541830109,832.4323040846796,852.4010292486537
0.55,0.55,0.95,noop,,30,30,0.4522780875,0.00024789429613894916,4.5259099290722754e-05,0.4521893796653902,0.4523667953346098,30,0.45206923333333343,0.00024739772733091924,4.5168438644885604e-05,0.45198070319358946,0.4521577634730774,30,0.8223237954545473,0.00045071690207063866,8.228927143764524e-05,0.8221625084825295,0.822485082426565,30,0.822317841443079,0.0004500186036031841,8.216178016347985e-05,0.8221568043539585,0.8224788785321994,30,0.8354166666666667,0.014346742591560841,0.0026193448480393328,0.8302827507645096,0.8405505825688238,30,0.8607638888888889,0.002391123765260154,0.0004365574746732247,0.8599082362385294,0.8616195415392484,30,0.6097903333333355,0.00838860430107429,0.001531542600561082,0.6067885098362358,0.6127921568304353,30,0.6295666666666667,0.009299363468514394,0.001697823714048272,0.6262389321871321,0.6328944011462013,30,0.016228363636363638,0.0004866129403822983,8.884296140710046e-05,0.01605423143200572,0.016402495840721554,30,0.0,0.0,0.0,0.0,0.0,30,0.0,0.0,0.0,0.0,0.0,30,0.0,0.0,0.0,0.0,0.0,30,94.58926666666666,2.0134746247141577,0.367608490306731,93.86875402566547,95.30977930766785,30,0.0,0.0,0.0,0.0,0.0,30,0.0,0.0,0.0,0.0,0.0,30,189178.53333333333,4026.9492494283145,735.2169806134618,187737.50805133095,190619.5586153357,30,1.0,0.0,0.0,1.0,1.0,30,1193.6666666666667,29.54171023617558,5.393553694544877,1183.0953014253587,1204.2380319079748
0.55,0.55,0.95,left_if_safe,,30,30,0.4515177208333333,0.008113392211954376,0.0014812959774580493,0.4486143807175155,0.4544210609491511,30,0.4512147875,0.008093176741857704,0.0014776051544638765,0.4483186813972508,0.4541108936027492,30,0.8209413106060617,0.014751622203553314,0.002693265413560072,0.815662510395484,0.8262201108166394,30,0.8207635970895848,0.014721558420841623,0.0026877765429083626,0.8154955550654844,0.8260316391136852,30,1.2117333333333336,0.11309042257486226,0.020647391827347844,1.1712644453517318,1.2522022213149353,30,0.7980444444444444,0.018848403762477033,0.0034412319712246384,0.7912996297808441,0.8047892591080448,30,0.5887011212121268,0.012236972007652632,0.0022341552013835425,0.5843221770174151,0.5930800654068386,30,0.5314333333333333,0.05037954793936438,0.009198004947767593,0.5134052436357088,0.5494614230309578,30,0.01840172727272727,0.001203618270943392,0.00021974962587368685,0.017971018006014843,0.0188324365394397,30,3994.0,337.9533736458636,61.70156204360381,3873.0649383945365,4114.9350616054635,30,3994.0,337.9533736458636,61.70156204360381,3873.0649383945365,4114.9350616054635,30,0.0,0.0,0.0,0.0,0.0,30,76.25125,3.698781045131976,0.6753019378971057,74.92765820172167,77.57484179827833,30,3994.0,337.9533736458636,61.70156204360381,3873.0649383945365,4114.9350616054635,30,0.0,0.0,0.0,0.0,0.0,30,148508.5,7527.151848360431,1374.263620371238,145814.94330407237,151202.05669592763,30,1.9333333333333333,0.2537081317024624,0.04632055558531008,1.8425450443861255,2.024121622280541,30,833.4166666666666,140.11289065049218,25.580996935509752,783.2779126730675,883.5554206602658
0.55,0.55,0.95,graph_ppo,edge-graph,30,30,0.45091557083333345,0.01035940349313094,0.00189135965849521,0.44720850590268285,0.45462263576398404,30,0.4506166708333333,0.010336320492401536,0.001887145298430409,0.44691786604840966,0.4543154756182569,30,0.8198464924242433,0.01883527907841941,0.0034388357427184756,0.8131063743685152,0.8265866104799715,30,0.819675617705016,0.018801856284495565,0.003432733603329497,0.8129474598424902,0.8264037755675417,30,1.1956,0.11514229577293511,0.021022010905922765,1.1543968586243913,1.2368031413756087,30,0.8007333333333333,0.01919038262882252,0.0035036684843204615,0.7938661431040652,0.8076005235626014,30,0.5901808333333397,0.011216519002343566,0.002047846824756304,0.5861670535568173,0.5941946131098621,30,0.5341833333333333,0.04292304327139633,0.007836639678838037,0.5188235195628108,0.5495431471038559,30,0.018311901515151514,0.0010043314916380664,0.0001833650043943267,0.017952506106538632,0.018671296923764395,30,3933.3333333333335,308.1595347390288,56.261976162287645,3823.05986005525,4043.606806611417,30,3933.3333333333335,308.1595347390288,56.261976162287645,3823.05986005525,4043.606806611417,30,0.0,0.0,0.0,0.0,0.0,30,76.07468333333333,3.313170969087212,0.6048994922134392,74.88908032859499,77.26028633807167,30,3933.3333333333335,308.1595347390288,56.261976162287645,3823.05986005525,4043.606806611417,30,0.0,0.0,0.0,0.0,0.0,30,148216.03333333333,6757.3955219618365,1233.7259857876313,145797.93040118957,150634.13626547708,30,1.9666666666666666,0.18257418583505536,0.03333333333333333,1.9013333333333333,2.032,30,809.6,72.12900320570274,13.168894035375278,783.7889676906644,835.4110323093356
0.55,0.55,0.95,node_mlp_ppo,node-mlp-matched,30,30,0.4498268166666667,0.015412889256303837,0.002813995707335545,0.444311385080289,0.45534224825304437,30,0.4495283583333335,0.01538634576589684,0.002809149551185267,0.4440224252130104,0.4550342914536566,30,0.8178669393939405,0.028023435011461314,0.005116355831519135,0.807838881964163,0.827894996823718,30,0.8176959678641793,0.027987895890671403,0.005109867305475624,0.807680627945447,0.8277113077829116,30,1.1938333333333333,0.12387099332977737,0.022615645755763678,1.1495066676520365,1.2381599990146301,30,0.8010277777777778,0.020645165554962885,0.003769274292627278,0.7936400001642283,0.8084155553913273,30,0.5884970303030362,0.012515797404674468,0.00228506152123494,0.5840183097214158,0.5929757508846567,30,0.5296833333333333,0.04991224770799617,0.009112687988485009,0.5118224648759027,0.5475442017907639,30,0.018369106060606058,0.0010048764418284881,0.0001834644982316636,0.018009515644071997,0.01872869647714012,30,4031.266666666667,296.520038670801,54.136904644100625,3925.1583335642295,4137.374999769104,30,4031.266666666667,296.520038670801,54.136904644100625,3925.1583335642295,4137.374999769104,30,0.0,0.0,0.0,0.0,0.0,30,74.7041,3.9151557713318517,0.7148063773683311,73.30307950035807,76.10512049964193,30,0.0,0.0,0.0,0.0,0.0,30,4031.266666666667,296.520038670801,54.136904644100625,3925.1583335642295,4137.374999769104,30,145376.93333333332,7978.532173938682,1456.6740158156492,142521.85226233464,148232.014404332,30,1.9333333333333333,0.2537081317024624,0.04632055558531008,1.8425450443861255,2.024121622280541,30,838.2833333333333,197.74673297503261,36.10344877445868,767.5205737353942,909.0460929312724
0.55,0.55,0.95,grid_cnn_ppo,grid-cnn-matched,30,30,0.4554485541666668,0.0008718853504413303,0.00015918375799833781,0.45513655400099007,0.4557605543323435,30,0.4551381000000002,0.0008661251977570306,0.00015813210281171618,0.4548281610784892,0.4554480389215112,30,0.8280882803030304,0.001585246091711546,0.00028942501454243903,0.8275210072745272,0.8286555533315336,30,0.8279001364256466,0.0015754892182935892,0.0002876436613218599,0.8273363548494558,0.8284639180018375,30,1.2418166666666666,0.062327068804389686,0.011379313842446925,1.2195132115354705,1.2641201217978626,30,0.7930305555555556,0.010387844800731608,0.0018965523070744864,0.7893133130336896,0.7967477980774216,30,0.587315727272733,0.007260922031300761,0.0013256569282765528,0.5847174396933109,0.589914014852155,30,0.51685,0.029261057444299937,0.005342313739565847,0.5063790650704509,0.5273209349295491,30,0.01879394696969697,0.00048140945535503766,8.789293936474344e-05,0.018621676808542074,0.018966217130851868,30,4295.433333333333,327.3046333135322,59.75737694725948,4178.308874516705,4412.557792149962,30,4193.433333333333,311.49591056521206,56.87111226239281,4081.9659532990436,4304.900713367623,30,102.0,30.075766393193227,5.491058562602573,91.23752521729895,112.76247478270105,30,77.11158333333333,3.0044663909819707,0.5485380052023204,76.03644884313678,78.18671782352988,30,355.6333333333333,48.68157148551031,8.887998279138092,338.2128567062227,373.05380996044397,30,3939.8,300.809528462436,54.92005475045617,3832.156692689106,4047.4433073108944,30,149927.73333333334,6183.77511040723,1128.9977061696798,147714.89782924077,152140.5688374259,30,2.0,0.0,0.0,2.0,2.0,30,787.6166666666667,52.89672490567943,9.657576482995317,768.6878167599958,806.5455165733375
0.55,0.55,1.0,baseline1_hdv,,30,30,0.4522604666666666,0.00027817827741043525,5.078817251520839e-05,0.4521609218485368,0.4523600114847964,30,0.45205499583333325,0.0002771717623887351,5.060440885459073e-05,0.45195581119197825,0.45215418047468825,30,0.8222917575757596,0.0005057786862005238,9.234213184578459e-05,0.8221107669973419,0.8224727481541773,30,0.8222919433075625,0.0005041778306296905,9.204985694330019e-05,0.8221115255879536,0.8224723610271714,30,0.8218833333333334,0.015539539853244516,0.0028371188369575133,0.8163225804128967,0.8274440862537701,30,0.8630194444444445,0.0025899233088740856,0.0004728531394929188,0.8620926522910384,0.8639462365978505,30,0.6079698181818223,0.008792127499137402,0.0016052155199130127,0.6048235957627928,0.6111160406008518,30,0.60625,0.013225334882664435,0.0024146047485984166,0.601517374692747,0.6109826253072529,30,0.016822287878787878,0.0005434446247582069,9.92189599116668e-05,0.01662781871736101,0.017016757040214745,30,0.0,0.0,0.0,0.0,0.0,30,0.0,0.0,0.0,0.0,0.0,30,0.0,0.0,0.0,0.0,0.0,30,0.0,0.0,0.0,0.0,0.0,0,,,,,,0,,,,,,0,,,,,,30,1.0,0.0,0.0,1.0,1.0,30,1214.7666666666667,25.730276454729,4.697684275033042,1205.559205487602,1223.9741278457313
0.55,0.55,1.0,baseline2_matched,,30,30,0.4541710749999999,0.0005370712600409759,9.805534803738848e-05,0.4539788865178466,0.4543632634821532,30,0.4538528,0.0005343787024472862,9.756375652690658e-05,0.4536615750372073,0.4540440249627927,30,0.8257655909090923,0.0009764932000744241,0.00017828245097705581,0.8254161573051773,0.8261150245130073,30,0.8255621646202804,0.0009720394769391726,0.00017746931610170252,0.8252143247607211,0.8259100044798398,30,1.2731,0.0361170033507001,0.006594032481556038,1.2601756963361501,1.2860243036638497,30,0.7878166666666666,0.0060195005584500255,0.0010990054135926746,0.7856626160560249,0.7899707172773083,30,0.5985373712121256,0.006546868768566252,0.001195289235189935,0.5961946043111533,0.6008801381130978,30,0.4311,0.02909834691358683,0.005312606996894112,0.42068729028608753,0.44151270971391243,30,0.018478613636363637,0.00043778617375857064,7.992845424381511e-05,0.018321953866045758,0.018635273406681516,30,2942.4666666666667,325.5732062742236,59.441263065224916,2825.961791058826,3058.9715422745076,30,2942.4666666666667,325.5732062742236,59.441263065224916,2825.961791058826,3058.9715422745076,30,0.0,0.0,0.0,0.0,0.0,30,0.0,0.0,0.0,0.0,0.0,0,,,,,,0,,,,,,0,,,,,,30,2.0,0.0,0.0,2.0,2.0,30,781.3,26.170396542131602,4.7780388416602255,771.9350438703459,790.664956129654
0.55,0.55,1.0,noop,,30,30,0.4522898833333333,0.00027717208011825937,5.0604466863799944e-05,0.45219069857828026,0.45238906808838636,30,0.4520814125,0.0002772924766713862,5.0626448166464415e-05,0.45198218466159373,0.45218064033840627,30,0.8223452424242443,0.000503949236578675,9.20081215705493e-05,0.8221649065059661,0.8225255783425226,30,0.8223399954524769,0.0005043974109527688,9.208994664201161e-05,0.8221594991570585,0.8225204917478953,30,0.8338833333333333,0.014971054447311578,0.002733328076810196,0.8285260103027853,0.8392406563638813,30,0.8610194444444444,0.002495175741218601,0.0004555546794683669,0.8601265572726865,0.8619123316162024,30,0.6100960681818209,0.0086627804216835,0.0015816000825567228,0.6069961320200098,0.6131960043436321,30,0.6365166666666667,0.009368401892691648,0.0017104283481337694,0.6331642271043245,0.6398691062290089,30,0.016229363636363636,0.0005214417045731647,9.5201794672889e-05,0.016042768118804774,0.016415959153922497,30,0.0,0.0,0.0,0.0,0.0,30,0.0,0.0,0.0,0.0,0.0,30,0.0,0.0,0.0,0.0,0.0,30,100.16091666666667,1.6053484264801512,0.2930951819462008,99.58645011005211,100.73538322328122,30,0.0,0.0,0.0,0.0,0.0,30,0.0,0.0,0.0,0.0,0.0,30,200321.83333333334,3210.696852960303,586.1903638924018,199172.90022010423,201470.76644656245,30,1.0,0.0,0.0,1.0,1.0,30,1199.3333333333333,31.441607984383975,5.740425979093881,1188.0820984143093,1210.5845682523573
0.55,0.55,1.0,left_if_safe,,30,30,0.44967189583333333,0.019060416013928303,0.0034799399354204113,0.4428512135599093,0.45649257810675736,30,0.4492179666666667,0.019017638370998013,0.003472129842090471,0.44241259217616935,0.45602334115716403,30,0.8175852651515155,0.03465530184350491,0.006327163518946003,0.8051840246543813,0.8299865056486497,30,0.8171313627406385,0.034593248514775785,0.006315834182974927,0.8047523277420076,0.8295103977392694,30,1.8157166666666666,0.19058949763613786,0.03479672235963008,1.7475150908417918,1.8839182424915415,30,0.6973805555555556,0.03176491627268964,0.005799453726605013,0.6860136262514097,0.7087474848597014,30,0.5771839090909165,0.018192575745692274,0.0033214947050123423,0.5706737794690924,0.5836940387127407,30,0.4859666666666667,0.05906745608045171,0.010784192703236363,0.46482964896832346,0.50710368436501,30,0.019194242424242426,0.0015377169503976438,0.00028074742026361403,0.018643977480525743,0.01974450736795911,30,5471.966666666666,370.36184388014226,67.61851211078685,5339.434382929524,5604.4989504038085,30,5471.966666666666,370.36184388014226,67.61851211078685,5339.434382929524,5604.4989504038085,30,0.0,0.0,0.0,0.0,0.0,30,97.05178333333333,5.12240429250948,0.9352187932229111,95.21875449861643,98.88481216805023,30,5471.966666666666,370.36184388014226,67.61851211078685,5339.434382929524,5604.4989504038085,30,0.0,0.0,0.0,0.0,0.0,30,188631.6,10435.008152599958,1905.1631176431024,184897.48028941953,192365.71971058048,30,2.966666666666667,0.41384099339733366,0.07555668243468872,2.8185755690946768,3.114757764238657,30,573.3055555555555,199.17617725252626,36.36442839961866,502.031275892303,644.5798352188081
0.55,0.55,1.0,graph_ppo,edge-graph,30,30,0.45196552083333336,0.008767426928908533,0.0016007058334138154,0.4488281373998423,0.4551029042668244,30,0.45151072499999984,0.008750897229516092,0.0015976879370051423,0.4483792566434698,0.4546421933565299,30,0.8217554924242424,0.015940776234380144,0.0029103742425707546,0.8160511589088038,0.827459825939681,30,0.821301909959071,0.01591795767078844,0.0029062081619010737,0.815605741961745,0.8269980779563971,30,1.8191833333333334,0.10519190044647082,0.01920532558045661,1.7815408951956384,1.8568257714710283,30,0.6968027777777778,0.01753198340774513,0.0032008875967427667,0.6905290380881619,0.7030765174673936,30,0.5754235303030374,0.012142647826015833,0.002216934040716646,0.5710783395832327,0.579768721022842,30,0.48496666666666666,0.03757313175508607,0.006859883939458105,0.4715212941453288,0.49841203918800453,30,0.019365280303030304,0.0011527624176383556,0.00021046465986157285,0.01895276956970162,0.019777791036358988,30,5416.033333333334,350.06674076310895,63.913150182756006,5290.763558975132,5541.303107691536,30,5416.033333333334,350.06674076310895,63.913150182756006,5290.763558975132,5541.303107691536,30,0.0,0.0,0.0,0.0,0.0,30,97.62098333333333,4.463638629938378,0.8149451887229014,96.02369076343643,99.21827590323022,30,5416.033333333334,350.06674076310895,63.913150182756006,5290.763558975132,5541.303107691536,30,0.0,0.0,0.0,0.0,0.0,30,189825.93333333332,9160.471486636005,1672.465623537808,186547.9007111992,193103.96595546743,30,3.033333333333333,0.18257418583505536,0.03333333333333333,2.968,3.0986666666666665,30,544.8944444444445,36.53703530548739,6.6707194737260345,531.8198342759415,557.9690546129475
0.55,0.55,1.0,node_mlp_ppo,node-mlp-matched,30,30,0.45444209166666677,0.00686469333110365,0.0012533157959335832,0.45198559270663696,0.4568985906266966,30,0.4539818083333334,0.006854750416645184,0.001251500476421501,0.4515288673995473,0.4564347492671195,30,0.8262583484848487,0.012481260602007264,0.002278755992606629,0.8217919867393397,0.8307247102303577,30,0.8257968318932832,0.012468850234916175,0.0022764901799390597,0.8213349111406026,0.8302587526459638,30,1.8411333333333333,0.09125645308626155,0.01666107262441913,1.808477630989472,1.8737890356771947,30,0.6931444444444445,0.015209408847710255,0.0027768454374031875,0.6877018273871343,0.6985870615017546,30,0.5721348712121258,0.011162335201175395,0.0020379542613725766,0.5681404808598356,0.576129261564416,30,0.49515,0.03213499274343607,0.005867020136948253,0.4836506405315814,0.5066493594684186,30,0.019792871212121213,0.0009157411295455242,0.00016719069116244805,0.019465177457442816,0.02012056496679961,30,5396.666666666667,398.4910619283469,72.75418119411457,5254.068471526202,5539.264861807132,30,5396.666666666667,398.4910619283469,72.75418119411457,5254.068471526202,5539.264861807132,30,0.0,0.0,0.0,0.0,0.0,30,98.81921666666668,3.6868913587319003,0.6731311880827777,97.49987953802443,100.13855379530892,30,0.0,0.0,0.0,0.0,0.0,30,5396.666666666667,398.4910619283469,72.75418119411457,5254.068471526202,5539.264861807132,30,192241.76666666666,7704.179356970333,1406.584273626099,189484.8614903595,194998.67184297382,30,3.066666666666667,0.2537081317024624,0.04632055558531008,2.975878377719459,3.1574549556138747,30,537.0722222222222,28.65983055797346,5.232545230292645,526.8164335708486,547.3280108735958
0.55,0.55,1.0,grid_cnn_ppo,grid-cnn-matched,30,30,0.4558023125000001,0.000995664632872457,0.00018178265971144814,0.45544601848696564,0.4561586065130345,30,0.45536337500000007,0.00099580021159986,0.00018180741288722032,0.4550070324707411,0.45571971752925905,30,0.8287314772727278,0.001810299332495216,0.0003305139267480583,0.8280836699763016,0.829379284569154,30,0.8283099135970884,0.001811369188903935,0.00033070925491084053,0.8276617234574631,0.8289581037367136,30,1.75575,0.07948419383100966,0.01451176197545232,1.7273069465281135,1.7841930534718864,30,0.7073750000000001,0.013247365638501618,0.0024186269959087215,0.702634491088019,0.7121155089119812,30,0.5791217878787948,0.008666903743135815,0.0015823528946138153,0.5760203762053516,0.5822231995522379,30,0.50995,0.029903969866776955,0.005459692951662831,0.49924900181474086,0.5206509981852592,30,0.019445507575757578,0.0004645272522925291,8.481068488550386e-05,0.01927927863338199,0.019611736518133166,30,5280.6,426.40692884323215,77.8508978679795,5128.01224017876,5433.18775982124,30,5207.0,417.98267576704575,76.31284672132631,5057.426820426201,5356.573179573799,30,73.6,17.937823648407832,3.2749835482608622,67.1810322454087,80.01896775459129,30,99.21733333333333,3.0403628536096137,0.5550917726409208,98.12935345895713,100.30531320770953,30,235.13333333333333,25.01273238990885,4.566679251597727,226.18264200020178,244.08402466646487,30,5045.466666666666,414.8285672779601,75.73698793189605,4897.02217032015,5193.911163013183,30,193154.06666666668,6468.601601973758,1180.9996709716938,190839.30731156215,195468.8260217712,30,3.0,0.0,0.0,3.0,3.0,30,559.1333333333333,28.647761742823175,5.230341776192588,548.8818634519959,569.3848032146708
0.6,0.6,0.9,baseline1_hdv,,30,30,0.4019791541666669,0.00018924538122217264,3.455132139968284e-05,0.40191143357672354,0.4020468747566103,30,0.4018110125000003,0.00018869416949471155,3.44506843673189e-05,0.40174348915864033,0.40187853584136024,30,0.6699652569444449,0.0003154089687037669,5.7585535666164696e-05,0.6698523892945392,0.6700781245943506,30,0.6699641725719047,0.0003146213747304696,5.744174133772135e-05,0.6698515867588827,0.6700767583849266,30,0.6725666666666666,0.008638060659316004,0.001577086892068441,0.6694755763582125,0.6756577569751208,30,0.8879055555555555,0.001439676776552671,0.00026284781534474086,0.8873903738374798,0.8884207372736312,30,0.6422156249999996,0.005635509342566742,0.001028898529984971,0.6401989838812291,0.6442322661187702,30,0.6405166666666666,0.010136553292104687,0.0018506729644796635,0.6368893476562865,0.6441439856770468,30,0.01507488888888889,0.0002962470634409426,5.4087066413756085e-05,0.014968878238717927,0.015180899539059852,30,0.0,0.0,0.0,0.0,0.0,30,0.0,0.0,0.0,0.0,0.0,30,0.0,0.0,0.0,0.0,0.0,30,0.0,0.0,0.0,0.0,0.0,0,,,,,,0,,,,,,0,,,,,,30,1.0,0.0,0.0,1.0,1.0,30,1486.0333333333333,26.341894432611536,4.809349929387029,1476.6070074717347,1495.4596591949319
0.6,0.6,0.9,baseline2_matched,,30,30,0.40311784583333365,0.00029239717593515394,5.338417633683018e-05,0.40301321284771346,0.40322247881895384,30,0.40287484583333366,0.00029313232507446066,5.351839559240644e-05,0.40276994977797254,0.4029797418886948,30,0.6718630763888889,0.00048732862655905587,8.897362722813536e-05,0.6716886880795218,0.672037464698256,30,0.671737967208559,0.0004887575240926909,8.923450703198051e-05,0.6715630675747764,0.6719128668423417,30,0.972,0.02981899417809231,0.005444178584485459,0.9613294099744085,0.9826705900255914,30,0.838,0.0049698323630153795,0.0009073630974142423,0.836221568329068,0.8397784316709319,30,0.638955625,0.006155586821253065,0.0011238512522272748,0.6367528765456346,0.6411583734543654,30,0.4713833333333334,0.02307584321817698,0.0042130532880160455,0.4631257488888219,0.47964091777784484,30,0.01610909027777778,0.0002741130522384644,5.004596733919964e-05,0.01601100018179295,0.01620718037376261,30,2336.8333333333335,215.44054037432605,39.33388125470695,2259.738926074108,2413.927740592559,30,2336.8333333333335,215.44054037432605,39.33388125470695,2259.738926074108,2413.927740592559,30,0.0,0.0,0.0,0.0,0.0,30,0.0,0.0,0.0,0.0,0.0,0,,,,,,0,,,,,,0,,,,,,30,1.2333333333333334,0.4301830671520763,0.07854032324531729,1.0793942997725114,1.3872723668941553,30,1018.2666666666667,37.962489047909436,6.930970530194272,1004.6819644274859,1031.8513689058475
0.6,0.6,0.9,noop,,30,30,0.40204974583333364,0.00017395434672633512,3.175957322602956e-05,0.40198749706981063,0.40211199459685665,30,0.40188057500000035,0.0001741538614468837,3.179599946369583e-05,0.4018182548410515,0.4019428951589492,30,0.6700829097222222,0.0002899239112103087,5.293262204333699e-05,0.6699791617830172,0.6701866576614272,30,0.6700801583993328,0.00029037742633934146,5.301542219878403e-05,0.6699762481718231,0.6701840686268424,30,0.6766833333333333,0.011683678073848706,0.0021331380118918154,0.6725023828300254,0.6808642838366412,30,0.8872194444444444,0.001947279678974787,0.0003555230019819697,0.8865226193605598,0.8879162695283291,30,0.6443644722222216,0.00588075412447035,0.001073673896371318,0.6422600713853338,0.6464688730591094,30,0.6690166666666666,0.009562393414626495,0.0017458461923099274,0.6655948081297391,0.672438525203594,30,0.01453604861111111,0.0002650270370170107,4.838709550765781e-05,0.014441209903916102,0.01463088731830612,30,0.0,0.0,0.0,0.0,0.0,30,0.0,0.0,0.0,0.0,0.0,30,0.0,0.0,0.0,0.0,0.0,30,93.85528333333333,2.3121628875747846,0.422141256716997,93.02788647016801,94.68268019649865,30,0.0,0.0,0.0,0.0,0.0,30,0.0,0.0,0.0,0.0,0.0,30,187710.56666666668,4624.325775149567,844.2825134339935,186055.77294033606,189365.3603929973,30,1.0,0.0,0.0,1.0,1.0,30,1477.6333333333334,30.287681954235445,5.5297488736256355,1466.7950255410271,1488.4716411256397
0.6,0.6,0.9,left_if_safe,,30,30,0.40117199166666667,0.005024095384770619,0.000917270124432155,0.39937414222277967,0.4029698411105537,30,0.40094318749999985,0.005003407386897072,0.0009134930300638348,0.39915274116107474,0.40273363383892496,30,0.6686199861111112,0.008373492307950712,0.0015287835407201999,0.6656235703712996,0.6716164018509228,30,0.6685171946644434,0.008342488348307071,0.0015231230180305993,0.6655318735491034,0.6715025157797834,30,0.9152166666666666,0.10591226715226776,0.019336845945270163,0.8773164486139371,0.953116884719396,30,0.8474638888888889,0.01765204452537795,0.003222807657545026,0.8411471858801006,0.8537805918976772,30,0.6403747569444442,0.006621825946187215,0.001208974480866576,0.6380051669619458,0.6427443469269427,30,0.5689,0.047417332783232985,0.008657180927368642,0.5519319253823575,0.5858680746176425,30,0.015579013888888889,0.0005921160845097196,0.00010810511204920289,0.01536712786927245,0.015790899908505327,30,3222.766666666667,288.276888369179,52.631918189066,3119.6081070160976,3325.925226317236,30,3222.766666666667,288.276888369179,52.631918189066,3119.6081070160976,3325.925226317236,30,0.0,0.0,0.0,0.0,0.0,30,63.03691666666667,4.559564078685996,0.8324586994288601,61.405297615786104,64.66853571754723,30,3222.766666666667,288.276888369179,52.631918189066,3119.6081070160976,3325.925226317236,30,0.0,0.0,0.0,0.0,0.0,30,122851.06666666667,8964.263952065381,1636.6431926588727,119643.24600905528,126058.88732427805,30,1.2,0.4068381021724862,0.07427813527082075,1.0544148548691914,1.3455851451308085,30,1051.2333333333333,156.44580053726955,28.562964660405456,995.2499225989386,1107.216744067728
0.6,0.6,0.9,graph_ppo,edge-graph,30,30,0.40134797500000013,0.007637048815500907,0.001394327969672652,0.39861509217944174,0.4040808578205585,30,0.4011220250000002,0.007612411391067388,0.0013898298119656297,0.3983979585685476,0.40384609143145284,30,0.6689132916666668,0.012728414692501593,0.002323879949454435,0.6643584869657361,0.6734680963675975,30,0.6688153814089204,0.01269264091882867,0.0023173485818518535,0.6642733781884907,0.67335738462935,30,0.9038,0.11259307261106252,0.02055658856263201,0.8635090864172413,0.9440909135827588,30,0.8493666666666667,0.018765512101843743,0.003426098093772,0.8426515144028736,0.8560818189304599,30,0.6402298680555557,0.0061401701114947105,0.0011210365589948879,0.6380326363999257,0.6424270997111857,30,0.57495,0.05684588208784193,0.010378590640263297,0.5546079623450839,0.595292037654916,30,0.01550682638888889,0.0005869281365398024,0.00010715792667244064,0.015296796852610905,0.015716855925166872,30,3131.9666666666667,371.321821877329,67.79377931204279,2999.0908592150627,3264.8424741182707,30,3131.9666666666667,371.321821877329,67.79377931204279,2999.0908592150627,3264.8424741182707,30,0.0,0.0,0.0,0.0,0.0,30,62.27636666666667,5.290115509353161,0.9658385320935525,60.383323143763306,64.16941018957003,30,3131.9666666666667,371.321821877329,67.79377931204279,2999.0908592150627,3264.8424741182707,30,0.0,0.0,0.0,0.0,0.0,30,121420.76666666666,10318.680989228771,1883.9247805001066,117728.27409688645,125113.25923644687,30,1.1,0.30512857662936466,0.055708601453115555,0.9908111411518936,1.2091888588481066,30,1086.9666666666667,257.275276340522,46.97182411335969,994.9018914044817,1179.0314419288516
0.6,0.6,0.9,node_mlp_ppo,node-mlp-matched,30,30,0.39967787916666675,0.008119407678591258,0.0014823942463816958,0.3967723864437586,0.4025833718895749,30,0.39945468333333334,0.008097234251085484,0.0014783459509076565,0.39655712526955433,0.40235224139711234,30,0.6661297986111112,0.01353234613098573,0.0024706570773028813,0.6612873107395976,0.6709722864826249,30,0.6660353202723354,0.013501015841742894,0.0024649369752523936,0.6612040438008406,0.6708665967438301,30,0.8927833333333334,0.11079506425995615,0.020228318651804137,0.8531358287757973,0.9324308378908694,30,0.8512027777777778,0.01846584404332602,0.0033713864419673547,0.8445948603515218,0.8578106952040337,30,0.6394458402777781,0.00735639111177666,0.0013430871179168616,0.636813389526661,0.6420782910288951,30,0.57575,0.05332492300784975,0.00973575440287518,0.5566679213703646,0.5948320786296354,30,0.015574902777777778,0.000555507475948731,0.00010142132514662615,0.01537611698049039,0.015773688575065167,30,3280.6,444.19804529992683,81.09909647015718,3121.645770918492,3439.554229081508,30,3280.6,444.19804529992683,81.09909647015718,3121.645770918492,3439.554229081508,30,0.0,0.0,0.0,0.0,0.0,30,62.20706666666667,4.601051348620626,0.8400332039596943,60.56060158690567,63.85353174642767,30,0.0,0.0,0.0,0.0,0.0,30,3280.6,444.19804529992683,81.09909647015718,3121.645770918492,3439.554229081508,30,121133.53333333334,8957.376739345884,1635.3857654039377,117928.17723314163,124338.88943352505,30,1.2,0.4068381021724862,0.07427813527082075,1.0544148548691914,1.3455851451308085,30,1078.7333333333333,200.26020716735675,36.56234427873968,1007.0711385470036,1150.3955281196631
0.6,0.6,0.9,grid_cnn_ppo,grid-cnn-matched,30,30,0.40359795833333345,0.001041920957984231,0.0001902278706084519,0.40322511170694086,0.40397080495972604,30,0.4033645875000001,0.0010342424306389287,0.00018882596972997112,0.40299448859932935,0.40373468640067084,30,0.6726632638888886,0.0017365349299737218,0.00031704645101408716,0.672041852844901,0.6732846749328762,30,0.6725545435598165,0.0017244559076931584,0.0003148411333555298,0.6719374549384396,0.6731716321811934,30,0.9334833333333333,0.05391619987717423,0.009843706295895196,0.9141896689933787,0.9527769976732879,30,0.8444194444444444,0.008986033312862374,0.0016406177159825333,0.8412038337211186,0.8476350551677702,30,0.6403329583333334,0.006315545140670812,0.0011530555121625138,0.6380729695294949,0.6425929471371719,30,0.5605833333333333,0.02430342793096073,0.0044371785674960995,0.551886463341041,0.5692802033256257,30,0.015769381944444445,0.0003248189910175922,5.930356282880106e-05,0.015653146961299994,0.015885616927588896,30,3407.133333333333,271.49607647299416,49.56817511946884,3309.979710099174,3504.2869565674923,30,3306.6666666666665,262.2359208059024,47.877509737843695,3212.826747580493,3400.5065857528402,30,100.46666666666667,32.89139215905766,6.005119144421476,88.69663314360058,112.23670018973276,30,63.01526666666667,3.817122243201052,0.6969079857853123,61.64932701452746,64.38120631880588,30,278.9,68.92141952227564,12.583272055875765,254.2367867704835,303.56321322951646,30,3128.233333333333,250.83167639885014,45.79538910016214,3038.4743706970153,3217.992295969651,30,122623.4,7524.998254553584,1373.8704297353333,119930.61395771874,125316.18604228125,30,1.1,0.30512857662936466,0.055708601453115555,0.9908111411518936,1.2091888588481066,30,1010.85,112.66865901455441,20.57038868870974,970.5320381701289,1051.167961829871
0.6,0.6,0.95,baseline1_hdv,,30,30,0.4019791541666669,0.00018924538122217264,3.455132139968284e-05,0.40191143357672354,0.4020468747566103,30,0.4018110125000003,0.00018869416949471155,3.44506843673189e-05,0.40174348915864033,0.40187853584136024,30,0.6699652569444449,0.0003154089687037669,5.7585535666164696e-05,0.6698523892945392,0.6700781245943506,30,0.6699641725719047,0.0003146213747304696,5.744174133772135e-05,0.6698515867588827,0.6700767583849266,30,0.6725666666666666,0.008638060659316004,0.001577086892068441,0.6694755763582125,0.6756577569751208,30,0.8879055555555555,0.001439676776552671,0.00026284781534474086,0.8873903738374798,0.8884207372736312,30,0.6422156249999996,0.005635509342566742,0.001028898529984971,0.6401989838812291,0.6442322661187702,30,0.6405166666666666,0.010136553292104687,0.0018506729644796635,0.6368893476562865,0.6441439856770468,30,0.01507488888888889,0.0002962470634409426,5.4087066413756085e-05,0.014968878238717927,0.015180899539059852,30,0.0,0.0,0.0,0.0,0.0,30,0.0,0.0,0.0,0.0,0.0,30,0.0,0.0,0.0,0.0,0.0,30,0.0,0.0,0.0,0.0,0.0,0,,,,,,0,,,,,,0,,,,,,30,1.0,0.0,0.0,1.0,1.0,30,1486.0333333333333,26.341894432611536,4.809349929387029,1476.6070074717347,1495.4596591949319
0.6,0.6,0.95,baseline2_matched,,30,30,0.40327498333333345,0.00036291116356995364,6.625821021923689e-05,0.40314511724130375,0.40340484942536314,30,0.40302270416666686,0.00036144610695971986,6.59907287014212e-05,0.40289336233841205,0.40315204599492166,30,0.6721249722222219,0.0006048519392833721,0.00011043035036541601,0.6719085287355057,0.6723414157089381,30,0.6719845004863138,0.0006026612871356074,0.00011003039383309004,0.6717688409144009,0.6722001600582266,30,1.0091166666666667,0.024017839394820713,0.004385037473026511,1.0005219932195346,1.0177113401137987,30,0.8318138888888889,0.00400297323247012,0.0007308395788377521,0.8303814433143668,0.8332463344634109,30,0.6394277916666666,0.005709083711796476,0.0010423313105454176,0.6373848222979976,0.6414707610353356,30,0.45705,0.016972772313325828,0.003098790086469232,0.45097637143052033,0.4631236285694797,30,0.016172520833333332,0.00027018456418688365,4.932872683161954e-05,0.016075836528743358,0.016269205137923307,30,2650.866666666667,206.95738913974594,37.78507682473784,2576.8079160901807,2724.925417243153,30,2650.866666666667,206.95738913974594,37.78507682473784,2576.8079160901807,2724.925417243153,30,0.0,0.0,0.0,0.0,0.0,30,0.0,0.0,0.0,0.0,0.0,0,,,,,,0,,,,,,0,,,,,,30,1.6333333333333333,0.490132517853561,0.08948554539839963,1.45794166435247,1.8087250023141965,30,988.0166666666667,26.297857305312437,4.801309886723882,978.6060992886878,997.4272340446455
0.6,0.6,0.95,noop,,30,30,0.4019419625000002,0.00014248893691927076,2.6014801648538423e-05,0.40189097348876907,0.4019929515112313,30,0.4017726333333336,0.000142061363370342,2.593673775595815e-05,0.4017217973273319,0.40182346933933527,30,0.6699032708333331,0.00023748156153194757,4.335800274753293e-05,0.6698182891479479,0.6699882525187183,30,0.6699001806308182,0.0002368676337977668,4.3245915391303316e-05,0.6698154186366513,0.6699849426249852,30,0.6773166666666667,0.013784351030546673,0.0025166666666666653,0.672384,0.6822493333333334,30,0.8871138888888889,0.002297391838424449,0.00041944444444444483,0.8862917777777778,0.887936,30,0.644045104166666,0.006076226479650776,0.0011093621024716451,0.6418707544458216,0.6462194538875105,30,0.6691333333333334,0.008659192179147108,0.001580944962097062,0.6660346812076231,0.6722319854590436,30,0.014496263888888888,0.00023048333832381777,4.2080307843016646e-05,0.014413786485516576,0.0145787412922612,30,0.0,0.0,0.0,0.0,0.0,30,0.0,0.0,0.0,0.0,0.0,30,0.0,0.0,0.0,0.0,0.0,30,99.00251666666666,1.8161843361333376,0.33158837649592465,98.35260344873465,99.65242988459867,30,0.0,0.0,0.0,0.0,0.0,30,0.0,0.0,0.0,0.0,0.0,30,198005.03333333333,3632.3686722666753,663.1767529918493,196705.2068974693,199304.85976919736,30,1.0,0.0,0.0,1.0,1.0,30,1469.0666666666666,32.01608790994726,5.84531118378218,1457.6098567464535,1480.5234765868797
0.6,0.6,0.95,left_if_safe,,30,30,0.39898992916666665,0.010725859176495559,0.001958265006530134,0.3951517297538676,0.4028281285794657,30,0.3987296291666667,0.010694294727378815,0.0019525021529313126,0.39490272494692136,0.40255653338641206,30,0.6649832152777777,0.01787643196082564,0.0032637750108835037,0.6585862162564461,0.6713802142991093,30,0.6648263929415031,0.01783125423489559,0.0032555267243539457,0.6584455605617694,0.6712072253212369,30,1.0412000000000001,0.14888358099419552,0.02718229858422277,0.9879226947749234,1.0944773052250767,30,0.8264666666666667,0.02481393016569925,0.004530383097370461,0.8175871157958206,0.8353462175375128,30,0.6340251041666668,0.010666544177911106,0.00194743561895577,0.6302081303535135,0.6378420779798201,30,0.5414,0.06339944522763913,0.0115751020948304,0.5187127998941324,0.5640872001058675,30,0.015823833333333332,0.0011094693218496304,0.00020256045814566728,0.015426814835367824,0.01622085183129884,30,4144.766666666666,236.38143974828324,43.157148908561005,4060.1786548058867,4229.354678527446,30,4144.766666666666,236.38143974828324,43.157148908561005,4060.1786548058867,4229.354678527446,30,0.0,0.0,0.0,0.0,0.0,30,77.49173333333333,3.4236799009790353,0.6250755704810903,76.26658521519039,78.71688145147627,30,4144.766666666666,236.38143974828324,43.157148908561005,4060.1786548058867,4229.354678527446,30,0.0,0.0,0.0,0.0,0.0,30,150838.7,6808.511646309422,1243.0584705734352,148402.30539767607,153275.09460232395,30,1.6666666666666667,0.47946330148538413,0.0875376219064817,1.4950929277299627,1.8382404056033708,30,1006.6333333333333,248.58027681815085,45.384341654726576,917.6800236900692,1095.5866429765974
0.6,0.6,0.95,graph_ppo,edge-graph,30,30,0.40290877499999994,0.003771464118965893,0.0006885719909263224,0.40155917389778434,0.40425837610221554,30,0.4026369666666666,0.003745106609155075,0.0006837597900319727,0.4012967974782039,0.4039771358551293,30,0.6715146249999999,0.006285773531609529,0.0011476199848771504,0.6692652898296407,0.6737639601703591,30,0.671341336668056,0.00624444620117517,0.001140074681170361,0.669106790292962,0.6735758830431499,30,1.0872333333333333,0.1398233943558638,0.02552814238521571,1.0371981742583105,1.137268492408356,30,0.8187944444444445,0.023303899059310625,0.00425469039753595,0.8104552512652741,0.8271336376236149,30,0.6297533749999998,0.0058960435440371115,0.00107646534970061,0.6276435029145866,0.6318632470854131,30,0.5221666666666667,0.06618473797054639,0.012083624649678982,0.49848276235329586,0.5458505709800374,30,0.016240034722222223,0.0005416198340810086,9.888580023945792e-05,0.016046218553752885,0.016433850890691562,30,4178.733333333334,238.2464579225548,43.49765308329622,4093.477933290073,4263.988733376595,30,4178.733333333334,238.2464579225548,43.49765308329622,4093.477933290073,4263.988733376595,30,0.0,0.0,0.0,0.0,0.0,30,77.90563333333333,4.054795213446482,0.7403009348228711,76.4546435010805,79.35662316558616,30,4178.733333333334,238.2464579225548,43.49765308329622,4093.477933290073,4263.988733376595,30,0.0,0.0,0.0,0.0,0.0,30,151632.53333333333,8028.647336293625,1465.8237507805945,148759.51878180337,154505.54788486328,30,1.8333333333333333,0.3790490217894517,0.06920456654478331,1.697692382905558,1.9689742837611086,30,929.6333333333333,160.3271404161597,29.271597128742957,872.2610029609971,987.0056637056696
0.6,0.6,0.95,node_mlp_ppo,node-mlp-matched,30,30,0.4017612416666669,0.005628307197881216,0.0010275836042827448,0.3997471778022727,0.40377530553106106,30,0.40149668750000006,0.005612701727112536,0.0010247344481625804,0.3994882079816014,0.4035051670183987,30,0.6696020694444442,0.009380511996468648,0.0017126393404712332,0.6662452963371206,0.6729588425517679,30,0.6694400791996664,0.009358402212776342,0.0017086026647146213,0.6660912179768258,0.672788940422507,30,1.0582166666666668,0.08375669642125518,0.01529181065734456,1.0282447177782714,1.0881886155550622,30,0.8236305555555555,0.013959449403542537,0.002548635109557428,0.818635230740823,0.8286258803702881,30,0.6306124375,0.008836070691323037,0.0016132384124492984,0.6274504902115994,0.6337743847884005,30,0.5335,0.04348325083809025,0.007938919119225816,0.5179397185263174,0.5490602814736826,30,0.016128229166666667,0.0008105764970150384,0.00014799034399955182,0.015838168092427544,0.01641829024090579,30,4129.866666666667,255.04803243815607,46.56518687122914,4038.5989003990576,4221.1344329342755,30,4129.866666666667,255.04803243815607,46.56518687122914,4038.5989003990576,4221.1344329342755,30,0.0,0.0,0.0,0.0,0.0,30,77.62838333333335,3.2110530866951916,0.5862554029765161,76.47932274349938,78.77744392316731,30,0.0,0.0,0.0,0.0,0.0,30,4129.866666666667,255.04803243815607,46.56518687122914,4038.5989003990576,4221.1344329342755,30,151126.9,6478.319787222397,1182.7739607312583,148808.66303696673,153445.13696303326,30,1.8,0.4068381021724862,0.07427813527082075,1.6544148548691915,1.9455851451308086,30,943.4333333333333,135.24216679039463,24.691728492325066,895.0375454883762,991.8291211782904
0.6,0.6,0.95,grid_cnn_ppo,grid-cnn-matched,30,30,0.4046926625000001,0.0008540333642374193,0.00015592444615162012,0.4043870505855429,0.40499827441445724,30,0.4044176375,0.0008465654102970947,0.00015456099054111166,0.4041146979585394,0.4047205770414606,30,0.6744877708333333,0.0014233889403955742,0.0002598740769193441,0.6739784176425714,0.6749971240240953,30,0.6743103584827008,0.0014115304881987343,0.00025770902966424215,0.6738052487845589,0.6748154681808427,30,1.1001,0.0642423214249685,0.011728989530317558,1.0771111805205777,1.1230888194794224,30,0.81665,0.010707053570828084,0.0019548315883862596,0.812818530086763,0.820481469913237,30,0.6312309722222225,0.0049691438087430565,0.0009072373851785697,0.6294527869472725,0.6330091574971725,30,0.5100166666666667,0.02331918084758337,0.00425748045758795,0.5016720049697942,0.5183613283635391,30,0.01630161111111111,0.00031588922607923413,5.767321826548191e-05,0.016188571603310765,0.016414650618911456,30,4275.466666666666,238.37217109810237,43.52060506397056,4190.166280741284,4360.7670525920485,30,4189.733333333334,236.34018925580827,43.149617633482094,4105.160082771708,4274.306583894959,30,85.73333333333333,24.36919102605517,4.44918521104096,77.01293031969306,94.45373634697361,30,78.25248333333334,3.8402474428253237,0.7011300502789868,76.87826843478653,79.62669823188016,30,253.23333333333332,41.477607862833516,7.5727404859425205,238.39076198088597,268.07590468578064,30,4022.233333333333,241.54269749392896,44.09946133935715,3935.798389108193,4108.668277558473,30,152229.5,7608.9864645195275,1389.2045087896092,149506.65916277235,154952.34083722765,30,2.0,0.0,0.0,2.0,2.0,30,900.9333333333333,65.57921418661049,11.973071637823121,877.4661129232,924.4005537434666
0.6,0.6,1.0,baseline1_hdv,,30,30,0.4019791541666669,0.00018924538122217264,3.455132139968284e-05,0.40191143357672354,0.4020468747566103,30,0.4018110125000003,0.00018869416949471155,3.44506843673189e-05,0.40174348915864033,0.40187853584136024,30,0.6699652569444449,0.0003154089687037669,5.7585535666164696e-05,0.6698523892945392,0.6700781245943506,30,0.6699641725719047,0.0003146213747304696,5.744174133772135e-05,0.6698515867588827,0.6700767583849266,30,0.6725666666666666,0.008638060659316004,0.001577086892068441,0.6694755763582125,0.6756577569751208,30,0.8879055555555555,0.001439676776552671,0.00026284781534474086,0.8873903738374798,0.8884207372736312,30,0.6422156249999996,0.005635509342566742,0.001028898529984971,0.6401989838812291,0.6442322661187702,30,0.6405166666666666,0.010136553292104687,0.0018506729644796635,0.6368893476562865,0.6441439856770468,30,0.01507488888888889,0.0002962470634409426,5.4087066413756085e-05,0.014968878238717927,0.015180899539059852,30,0.0,0.0,0.0,0.0,0.0,30,0.0,0.0,0.0,0.0,0.0,30,0.0,0.0,0.0,0.0,0.0,30,0.0,0.0,0.0,0.0,0.0,0,,,,,,0,,,,,,0,,,,,,30,1.0,0.0,0.0,1.0,1.0,30,1486.0333333333333,26.341894432611536,4.809349929387029,1476.6070074717347,1495.4596591949319
0.6,0.6,1.0,baseline2_matched,,30,30,0.4036182375000001,0.00040237458603802046,7.346321244660902e-05,0.40347424960360473,0.40376222539639545,30,0.40333982916666683,0.00040219182955674056,7.342984583083326e-05,0.4031959066688384,0.40348375166449524,30,0.6726970624999999,0.0006706243100630099,0.00012243868741094975,0.6724570826726745,0.6729370423273254,30,0.6725132624704735,0.000670599132232941,0.00012243409058912384,0.6722732916529188,0.6727532332880282,30,1.1136333333333333,0.02850013107451208,0.005203388227121405,1.1034346924081753,1.1238319742584912,30,0.8143944444444444,0.004750021845752017,0.0008672313711869015,0.812694670956918,0.8160942179319708,30,0.6365430833333333,0.004713181573182029,0.0008605052884164944,0.634856492968037,0.6382296736986296,30,0.4093,0.019855773068252234,0.0036251516020617707,0.40219470285995895,0.41640529714004104,30,0.016568159722222222,0.0002554054457144376,4.6630441309152876e-05,0.01647676405725628,0.016659555387188163,30,3269.0333333333333,260.05244608086974,47.47886361762943,3175.9747606427795,3362.091906023887,30,3269.0333333333333,260.05244608086974,47.47886361762943,3175.9747606427795,3362.091906023887,30,0.0,0.0,0.0,0.0,0.0,30,0.0,0.0,0.0,0.0,0.0,0,,,,,,0,,,,,,0,,,,,,30,2.0,0.0,0.0,2.0,2.0,30,896.05,26.827144642230795,4.897944091334555,886.4500295809843,905.6499704190156
0.6,0.6,1.0,noop,,30,30,0.402007691666667,0.00022269043510007841,4.0657524881651056e-05,0.401928002917899,0.402087380415435,30,0.4018371416666669,0.00022203018427655467,4.053698012509928e-05,0.4017576891856217,0.4019165941477121,30,0.6700128194444446,0.0003711507251666835,6.776254146939763e-05,0.6698800048631646,0.6701456340257246,30,0.6700077393358342,0.00037020455902721065,6.758979595681868e-05,0.6698752633357589,0.6701402153359096,30,0.6822,0.008797139033368383,0.0016061304966950185,0.6790519842264778,0.6853480157735222,30,0.8863,0.0014661898388947311,0.00026768841611583653,0.8857753307044129,0.886824669295587,30,0.6452066597222217,0.006164413204798469,0.0011254627220169447,0.6430007527870685,0.6474125666573749,30,0.67075,0.008481978868002525,0.0015485903860957056,0.6677147628432524,0.6737852371567475,30,0.014452152777777777,0.00022142932434904153,4.042727861303266e-05,0.014372915311696233,0.014531390243859322,30,0.0,0.0,0.0,0.0,0.0,30,0.0,0.0,0.0,0.0,0.0,30,0.0,0.0,0.0,0.0,0.0,30,104.16751666666667,1.2064001629479821,0.22025752754150596,103.73581191268532,104.59922142064802,30,0.0,0.0,0.0,0.0,0.0,30,0.0,0.0,0.0,0.0,0.0,30,208335.03333333333,2412.8003258959657,440.5150550830122,207471.62382537063,209198.44284129603,30,1.0,0.0,0.0,1.0,1.0,30,1458.2,22.624978567336008,4.130737041466949,1450.1037553987248,1466.2962446012752
0.6,0.6,1.0,left_if_safe,,30,30,0.3982359916666665,0.017890742175295654,0.0032663876866394913,0.3918338718008531,0.4046381115324799,30,0.3978227874999999,0.017828363232614466,0.003254998901966222,0.3914429896521461,0.4042025853478537,30,0.6637266527777778,0.029817903625492668,0.00544397947773247,0.6530564530014221,0.6743968525541334,30,0.6633143601500624,0.029726324689644736,0.005427259528080392,0.6526769314750248,0.6739517888251,30,1.6528166666666666,0.2574496764797739,0.04700366507679313,1.560689483116152,1.7449438502171812,30,0.7245305555555556,0.042908279413295655,0.007833944179465521,0.7091760249638032,0.739885086147308,30,0.6239557430555555,0.016616828175615835,0.0030338038753240696,0.6180094874599202,0.6299019986511907,30,0.47413333333333335,0.06744025879062986,0.012312850341204681,0.45000014666457216,0.49826652000209454,30,0.016611944444444447,0.0014797441819548996,0.00027016308926457584,0.016082424789485877,0.017141464099403016,30,5657.866666666667,320.4954928225048,58.514203665873644,5543.178827481554,5772.554505851779,30,5657.866666666667,320.4954928225048,58.514203665873644,5543.178827481554,5772.554505851779,30,0.0,0.0,0.0,0.0,0.0,30,99.57168333333334,6.369121947933143,1.1628372541280756,97.29252231524231,101.85084435142437,30,5657.866666666667,320.4954928225048,58.514203665873644,5543.178827481554,5772.554505851779,30,0.0,0.0,0.0,0.0,0.0,30,193485.5,12721.393677038963,2322.5980932726097,188933.20773718567,198037.79226281433,30,2.8666666666666667,0.43417248545530474,0.07926868804398468,2.7113000381004566,3.022033295232877,30,636.688888888889,255.0338522092101,46.56259792747437,545.4261969510392,727.9515808267388
0.6,0.6,1.0,graph_ppo,edge-graph,30,30,0.40256717499999994,0.006489568962211682,0.001184827769696243,0.40024491257139533,0.40488943742860456,30,0.40213973333333325,0.00647009653357712,0.0011812726068920567,0.3998244390238248,0.4044550276428417,30,0.6709452916666666,0.010815948270353013,0.0019747129494937766,0.6670748542856588,0.6748157290476744,30,0.6705122690009724,0.010787989218136272,0.0019696083482985856,0.6666518366383072,0.6743727013636376,30,1.7097666666666667,0.10926847143881309,0.019949602210382302,1.6706654463343174,1.748867886999016,30,0.7150388888888889,0.018211411906468855,0.0033249337017303847,0.7085220188334973,0.7215557589442805,30,0.6209720902777774,0.008732603767483948,0.001594348023068519,0.6178471681525631,0.6240970124029918,30,0.4578,0.031750264728736155,0.005796778732896479,0.4464383136835229,0.4691616863164771,30,0.016873555555555555,0.0009180774800521963,0.00016761724845402903,0.016545025748585657,0.017202085362525453,30,5675.766666666666,339.62247634216084,62.00629710945537,5554.234324332134,5797.299009001199,30,5675.766666666666,339.62247634216084,62.00629710945537,5554.234324332134,5797.299009001199,30,0.0,0.0,0.0,0.0,0.0,30,100.73488333333333,4.184850435434224,0.7640456610908803,99.23735383759521,102.23241282907145,30,5675.766666666666,339.62247634216084,62.00629710945537,5554.234324332134,5797.299009001199,30,0.0,0.0,0.0,0.0,0.0,30,195794.0,8469.700092398338,1546.3485986367198,192763.15674667203,198824.84325332797,30,2.933333333333333,0.2537081317024624,0.04632055558531008,2.8425450443861253,3.024121622280541,30,585.0555555555555,63.62383968084884,11.616070729431065,562.2880569258707,607.8230541852404
0.6,0.6,1.0,node_mlp_ppo,node-mlp-matched,30,30,0.4026877125000002,0.010524738967048827,0.0019215456480354213,0.39892148302985075,0.4064539419701496,30,0.4022658791666666,0.01048846226707655,0.0019149224590732004,0.3985126311468831,0.4060191271864501,30,0.6711461875,0.017541231611748136,0.0032025760800590518,0.6648691383830843,0.6774232366169157,30,0.6707225996943171,0.017488057135601025,0.0031928677933692876,0.6644645788193133,0.676980620569321,30,1.6873333333333334,0.1688293534155499,0.030823881744902845,1.6269185251133238,1.747748141553343,30,0.7187777777777777,0.028138225569258317,0.0051373136241504745,0.7087086430744428,0.7288469124811127,30,0.6209017847222221,0.012234219374115018,0.00223365264155651,0.6165238255447714,0.6252797438996729,30,0.47523333333333334,0.04829930629424969,0.008818206523070603,0.457949648548115,0.4925170181185517,30,0.016955291666666667,0.0009378136234674301,0.00017122055876958922,0.016619699371478273,0.01729088396185506,30,5604.966666666666,346.29701058517657,63.224894764702164,5481.04587292785,5728.887460405483,30,5604.966666666666,346.29701058517657,63.224894764702164,5481.04587292785,5728.887460405483,30,0.0,0.0,0.0,0.0,0.0,30,101.56028333333333,4.0615633152156745,0.7415366154930301,100.10687156696699,103.01369509969967,30,0.0,0.0,0.0,0.0,0.0,30,5604.966666666666,346.29701058517657,63.224894764702164,5481.04587292785,5728.887460405483,30,197515.6,8237.166798661146,1503.8940218531084,194567.96771716792,200463.2322828321,30,2.9,0.40257789993644877,0.07350033231608352,2.755939348660476,3.0440606513395236,30,611.7833333333333,178.07276672484804,32.51149040418487,548.060812141131,675.5058545255356
0.6,0.6,1.0,grid_cnn_ppo,grid-cnn-matched,30,30,0.40537254583333326,0.0005939275755176378,0.0001084358435451211,0.4051600115799848,0.4055850800866817,30,0.40495692916666665,0.0005920850883223672,0.00010809945294553305,0.4047450542388934,0.4051688040944399,30,0.675620909722222,0.0009898792925299522,0.00018072640590863662,0.6752666859666411,0.6759751334778029,30,0.6752095525913576,0.0009872198221300115,0.00018024085526561503,0.674856280515037,0.6755628246676783,30,1.6624666666666668,0.0813759827879986,0.014857153804046322,1.633346645210736,1.6915866881225976,30,0.7229222222222222,0.01356266379799977,0.0024761923006743876,0.7180688853129005,0.727775559131544,30,0.621681409722222,0.004876701780678667,0.0008903598571677725,0.6199363044021732,0.6234265150422708,30,0.48091666666666666,0.032854455251686294,0.0059983754186308845,0.46915985084615014,0.4926734824871832,30,0.017052069444444443,0.00028173487861162856,5.1437516083856235e-05,0.016951251912920084,0.0171528869759688,30,5520.666666666667,294.95111615238926,53.85045989266332,5415.119765277047,5626.213568056287,30,5474.6,287.88474705375916,52.560323307670934,5371.5817663169655,5577.618233683035,30,46.06666666666667,13.98997999390582,2.554209207236068,41.06041662048398,51.07291671284936,30,102.04253333333332,2.0235377561525043,0.36944575833603827,101.31841964699468,102.76664701967196,30,120.4,17.00020283854649,3.1037981922784224,114.3165555431343,126.48344445686571,30,5400.266666666666,294.5622038789481,53.779454550978535,5294.858935746748,5505.674397586585,30,198564.4,4300.263918123775,785.1171837273133,197025.57031989447,200103.22968010552,30,2.966666666666667,0.18257418583505536,0.03333333333333333,2.9013333333333335,3.032,30,593.2277777777778,33.53509293997819,6.1226422904194315,581.2273988885556,605.2281566669999
0.65,0.65,0.9,baseline1_hdv,,30,30,0.351697145833333,0.0001575368596829648,2.8762163895628657e-05,0.3516407719920976,0.3517535196745684,30,0.3515621791666662,0.0001570957273344249,2.8681624516248477e-05,0.35150596318261434,0.3516183951507181,30,0.5410725320512821,0.0002423643995122866,4.424948291635782e-05,0.5409858030647661,0.5411592610377982,30,0.5410729960241115,0.00024177872617837484,4.4142554084253575e-05,0.5409864766181064,0.5411595154301166,30,0.5398666666666667,0.008063255667162187,0.0014721423386120324,0.5369812676829872,0.5427520656503463,30,0.9100222222222223,0.0013438759445270365,0.0002453570564353397,0.909541322391609,0.9105031220528356,30,0.6799493525641024,0.004707417496357361,0.0008594529167831399,0.6782648248472074,0.6816338802809974,30,0.6790666666666667,0.007165209688840759,0.001308182325277552,0.6765026293091227,0.6816307040242107,30,0.0128441858974359,0.00022554923829275772,4.117946854701714e-05,0.012763474139083745,0.012924897655788053,30,0.0,0.0,0.0,0.0,0.0,30,0.0,0.0,0.0,0.0,0.0,30,0.0,0.0,0.0,0.0,0.0,30,0.0,0.0,0.0,0.0,0.0,0,,,,,,0,,,,,,0,,,,,,30,1.0,0.0,0.0,1.0,1.0,30,1851.3333333333333,30.727201622344815,5.609993819189197,1840.3377454477225,1862.328921218944
0.65,0.65,0.9,baseline2_matched,,30,30,0.35252062499999964,0.00026032116271738816,4.7527924338762115e-05,0.3524274702682957,0.3526137797317036,30,0.35231532083333295,0.00025879784182758134,4.72498052675401e-05,0.3522227112150086,0.3524079304516573,30,0.542339423076923,0.0004004940964887874,7.311988359818647e-05,0.5421961081050705,0.5424827380487754,30,0.542232121328716,0.00039830371962689353,7.271997732595425e-05,0.5420895901731572,0.5423746524842749,30,0.8212166666666667,0.026353591436637163,0.004811485500373717,0.8117861550859342,0.8306471782473992,30,0.8631305555555555,0.004392265239439528,0.0008019142500622864,0.8615588036254335,0.8647023074856776,30,0.6780219551282053,0.0050181137788493846,0.0009161780376010994,0.6762262461745071,0.6798176640819035,30,0.5046166666666667,0.022024940147608738,0.00402118551551549,0.4967351430562564,0.5124981902770771,30,0.013783910256410258,0.0002849222901414316,5.20194551488313e-05,0.013681952124318547,0.013885868388501968,30,2197.5333333333333,243.9362174030735,44.53645628804921,2110.2418790087568,2284.82478765791,30,2197.5333333333333,243.9362174030735,44.53645628804921,2110.2418790087568,2284.82478765791,30,0.0,0.0,0.0,0.0,0.0,30,0.0,0.0,0.0,0.0,0.0,0,,,,,,0,,,,,,0,,,,,,30,1.0,0.0,0.0,1.0,1.0,30,1210.0333333333333,51.5347109896001,9.40890790117112,1191.591873847038,1228.4747928196286
0.65,0.65,0.9,noop,,30,30,0.35172897083333315,0.00013681802145541349,2.4979438874785254e-05,0.35168001113313857,0.35177793053352774,30,0.35159243333333307,0.00013677846632634687,2.4972217129300316e-05,0.3515434877877596,0.3516413788789065,30,0.5411214935897437,0.00021048926377759244,3.842990596121415e-05,0.5410461709740597,0.5411968162054277,30,0.5411195588046683,0.00021050937487696899,3.843357772880907e-05,0.5410442289923199,0.5411948886170168,30,0.54615,0.006092887317361865,0.001112403941352077,0.54396968827495,0.5483303117250501,30,0.908975,0.0010154812195603072,0.00018540065689201217,0.9086116147124916,0.9093383852875083,30,0.6804774615384616,0.005002325732663081,0.0009132955479227089,0.6786874022645331,0.6822675208123901,30,0.6996666666666667,0.007534213151755919,0.0013755528320896033,0.6969705831157711,0.7023627502175622,30,0.012505570512820512,0.00016904328959386813,3.0862940968479964e-05,0.012445079148522291,0.012566061877118733,30,0.0,0.0,0.0,0.0,0.0,30,0.0,0.0,0.0,0.0,0.0,30,0.0,0.0,0.0,0.0,0.0,30,98.20795,2.668880394052649,0.48726866503530414,97.2529034165308,99.1629965834692,30,0.0,0.0,0.0,0.0,0.0,30,0.0,0.0,0.0,0.0,0.0,30,196415.9,5337.760788105297,974.5373300706082,194505.8068330616,198325.9931669384,30,1.0,0.0,0.0,1.0,1.0,30,1827.3,23.044409898849807,4.207314375331794,1819.0536638243495,1835.5463361756504
0.65,0.65,0.9,left_if_safe,,30,30,0.3499275541666664,0.006184488575840504,0.0011291279665402811,0.3477144633522474,0.3521406449810853,30,0.34974053749999967,0.006160381267165299,0.0011247265942862313,0.34753607337519865,0.3519450016248007,30,0.5383500833333332,0.00951459780898535,0.001737119948523502,0.5349453282342271,0.5417548384324393,30,0.5382693920738745,0.00948115624034695,0.0017310143813562989,0.5348766038864161,0.5416621802613328,30,0.7480666666666667,0.1132361533997937,0.020673998514060772,0.7075456295791075,0.7885877037542258,30,0.8753222222222222,0.018872692233298963,0.0034456664190101313,0.8685687160409624,0.882075728403482,30,0.6791716153846151,0.005508297166081588,0.0010056728704348887,0.6772004965585627,0.6811427342106675,30,0.5997,0.06210872002745086,0.01133944899226924,0.5774746799751523,0.6219253200248477,30,0.013158096153846154,0.0004925275623646246,8.99228187000458e-05,0.012981847429194063,0.013334344878498244,30,3079.4,411.5841222097524,75.14463601508147,2932.1165134104403,3226.68348658956,30,3079.4,411.5841222097524,75.14463601508147,2932.1165134104403,3226.68348658956,30,0.0,0.0,0.0,0.0,0.0,30,64.53206666666667,4.943160169458354,0.9024934433911332,62.763179517620046,66.30095381571329,30,3079.4,411.5841222097524,75.14463601508147,2932.1165134104403,3226.68348658956,30,0.0,0.0,0.0,0.0,0.0,30,125984.73333333334,9573.186674187993,1747.8167628868744,122559.01247807506,129410.45418859161,30,0.9666666666666667,0.18257418583505536,0.03333333333333333,0.9013333333333333,1.032,29,1262.896551724138,233.01614671636358,43.27001216520867,1178.087327880329,1347.7057755679468
0.65,0.65,0.9,graph_ppo,edge-graph,30,30,0.35142937083333314,0.0031962812142764677,0.0005835584403964082,0.3502855962901562,0.3525731453765101,30,0.3512384458333331,0.003176770876064659,0.0005799963562820206,0.3501016529750203,0.35237523869164583,30,0.5406605705128202,0.004917355714271339,0.0008977822159944469,0.5389009173694711,0.5424202236561694,30,0.5405747531101706,0.004889220278668118,0.0008926454117460742,0.5388251681031483,0.5423243381171928,30,0.7637,0.09296769924790156,0.016973501999143915,0.730431936081678,0.7969680639183221,30,0.8727166666666667,0.015494616541316921,0.0028289169998573184,0.8671719893469464,0.878261343986387,30,0.6786484038461535,0.005754131065538692,0.0010505557944789263,0.6765893144889749,0.6807074932033322,30,0.5921000000000001,0.05379677595774932,0.009821902571036963,0.5728490709607676,0.6113509290392325,30,0.013254673076923077,0.0004212598674431024,7.691117732340776e-05,0.013103927169369197,0.013405418984476957,30,3008.733333333333,304.8788265041945,55.663003527350405,2899.6338464197265,3117.8328202469397,30,3008.733333333333,304.8788265041945,55.663003527350405,2899.6338464197265,3117.8328202469397,30,0.0,0.0,0.0,0.0,0.0,30,63.5478,4.152186975890973,0.7580821565582151,62.0619589731459,65.0336410268541,30,3008.733333333333,304.8788265041945,55.663003527350405,2899.6338464197265,3117.8328202469397,30,0.0,0.0,0.0,0.0,0.0,30,124086.86666666667,8093.28508696256,1477.6249354831846,121190.72179311962,126983.01154021372,30,1.0,0.0,0.0,1.0,1.0,30,1256.9333333333334,217.48260863221054,39.70671020430982,1179.108181332886,1334.7584853337808
0.65,0.65,0.9,node_mlp_ppo,node-mlp-matched,30,30,0.35069859166666645,0.004495612559299775,0.0008207828028440061,0.34908985737309217,0.3523073259602407,30,0.35051094583333314,0.004478201586584749,0.0008176040086759637,0.34890844197632825,0.35211344969033803,30,0.5395362948717951,0.00691632701430714,0.0012627427736061254,0.5370613190355271,0.5420112707080631,30,0.5394550917019364,0.006892191745417076,0.001258336296538612,0.5369887525607208,0.541921430843152,30,0.7505833333333333,0.09109128458001227,0.016630917118865073,0.7179867357803578,0.7831799308863088,30,0.8749027777777777,0.015181880763335383,0.0027718195198108463,0.8694700115189484,0.880335544036607,30,0.6799133846153845,0.005624381975524832,0.0010268669600068067,0.6779007253737712,0.6819260438569978,30,0.5986833333333333,0.05162371870887773,0.009425158413051268,0.5802100228437529,0.6171566438229138,30,0.013230717948717947,0.00047468225428757833,8.666472610690333e-05,0.013060855085548417,0.013400580811887478,30,3015.266666666667,400.0124940577467,73.03195542644303,2872.1240340308386,3158.409299302495,30,3015.266666666667,400.0124940577467,73.03195542644303,2872.1240340308386,3158.409299302495,30,0.0,0.0,0.0,0.0,0.0,30,63.679116666666665,5.118259339556176,0.934462031812137,61.84757108431488,65.51066224901845,30,0.0,0.0,0.0,0.0,0.0,30,3015.266666666667,400.0124940577467,73.03195542644303,2872.1240340308386,3158.409299302495,30,124342.96666666666,9950.46430898417,1816.6979198935617,120782.23874367528,127903.69458965804,30,1.0,0.0,0.0,1.0,1.0,30,1270.8666666666666,242.0206222808201,44.18671806821419,1184.2606992529668,1357.4726340803663
0.65,0.65,0.9,grid_cnn_ppo,grid-cnn-matched,30,30,0.35265452499999966,0.0011229239279933368,0.0002050169219080858,0.3522526918330598,0.35305635816693953,30,0.3524587624999998,0.0011059755291445371,0.0002019225817870584,0.35206299423969717,0.35285453076030243,30,0.5425454230769229,0.0017275752738361181,0.0003154106490894021,0.5419272182047077,0.5431636279491381,30,0.5424528857252788,0.0017021554892569907,0.00031076965261576543,0.541843777206152,0.5430619942444057,30,0.7830499999999999,0.09542349797359789,0.01742186745206269,0.7489031397939571,0.8171968602060428,30,0.8694916666666667,0.015903916328932975,0.002903644575343781,0.8638005232989928,0.8751828100343405,30,0.677794019230769,0.00534886625807383,0.0009765649022084287,0.6758799520224404,0.6797080864390975,30,0.5811666666666666,0.04676930420790921,0.008538867637831052,0.5644304860965177,0.5979028472368155,30,0.013524179487179487,0.00021833311228989697,3.986199021716166e-05,0.01344604998635385,0.013602308988005124,30,3302.0,343.52965037919967,62.7196462281836,3179.0694933927603,3424.9305066072397,30,3217.0,359.3200475227122,65.60256513067257,3088.4189723438817,3345.5810276561183,30,85.0,32.950328343296285,6.015879370275068,73.20887643426087,96.79112356573913,30,65.7785,5.462272764941412,0.997270002868175,63.82385079437837,67.73314920562161,30,214.5,63.099674844782214,11.520371761242837,191.92007134796404,237.07992865203596,30,3087.5,380.7033191888131,69.50659854560077,2951.2670668506225,3223.7329331493775,30,128255.0,10668.661574588607,1947.8222009302547,124437.2684861767,132072.7315138233,30,1.0,0.0,0.0,1.0,1.0,30,1232.5333333333333,207.82332239990134,37.94317388469821,1158.164712519325,1306.9019541473417
0.65,0.65,0.95,baseline1_hdv,,30,30,0.351697145833333,0.0001575368596829648,2.8762163895628657e-05,0.3516407719920976,0.3517535196745684,30,0.3515621791666662,0.0001570957273344249,2.8681624516248477e-05,0.35150596318261434,0.3516183951507181,30,0.5410725320512821,0.0002423643995122866,4.424948291635782e-05,0.5409858030647661,0.5411592610377982,30,0.5410729960241115,0.00024177872617837484,4.4142554084253575e-05,0.5409864766181064,0.5411595154301166,30,0.5398666666666667,0.008063255667162187,0.0014721423386120324,0.5369812676829872,0.5427520656503463,30,0.9100222222222223,0.0013438759445270365,0.0002453570564353397,0.909541322391609,0.9105031220528356,30,0.6799493525641024,0.004707417496357361,0.0008594529167831399,0.6782648248472074,0.6816338802809974,30,0.6790666666666667,0.007165209688840759,0.001308182325277552,0.6765026293091227,0.6816307040242107,30,0.0128441858974359,0.00022554923829275772,4.117946854701714e-05,0.012763474139083745,0.012924897655788053,30,0.0,0.0,0.0,0.0,0.0,30,0.0,0.0,0.0,0.0,0.0,30,0.0,0.0,0.0,0.0,0.0,30,0.0,0.0,0.0,0.0,0.0,0,,,,,,0,,,,,,0,,,,,,30,1.0,0.0,0.0,1.0,1.0,30,1851.3333333333333,30.727201622344815,5.609993819189197,1840.3377454477225,1862.328921218944
0.65,0.65,0.95,baseline2_matched,,30,30,0.3526550833333331,0.000188707629217187,3.445314176519142e-05,0.35258755517547336,0.3527226114911929,30,0.352434958333333,0.00018801612106858766,3.432689022796259e-05,0.3523676776284862,0.3525022390381798,30,0.542546282051282,0.0002903194295645194,5.300483348483984e-05,0.5424423925776517,0.5426501715249122,30,0.5424162498396821,0.00028936686582291336,5.283091993526012e-05,0.5423127012366089,0.5425197984427552,30,0.8805,0.024844689989807777,0.004535999047213505,0.8716094418674615,0.8893905581325384,30,0.85325,0.0041407816649679675,0.0007559998412022517,0.8517682403112435,0.8547317596887564,30,0.6770379423076922,0.004265657963913916,0.0007787990298124031,0.6755114962092599,0.6785643884061245,30,0.46795000000000003,0.01930800709371721,0.003525143675232893,0.46104071839654354,0.47485928160345653,30,0.013945910256410256,0.00020790513050544197,3.7958109932962e-05,0.01387151236094165,0.014020308151878862,30,2625.1666666666665,205.54571323646002,37.52734124603245,2551.613077824443,2698.72025550889,30,2625.1666666666665,205.54571323646002,37.52734124603245,2551.613077824443,2698.72025550889,30,0.0,0.0,0.0,0.0,0.0,30,0.0,0.0,0.0,0.0,0.0,0,,,,,,0,,,,,,0,,,,,,30,1.0,0.0,0.0,1.0,1.0,30,1118.3,37.81456570305079,6.903963545940706,1104.7682314499561,1131.8317685500438
0.65,0.65,0.95,noop,,30,30,0.35170969583333317,0.00014745775141337516,2.6921978909364954e-05,0.3516569287546708,0.35176246291199553,30,0.3515738749999998,0.00014710457296740655,2.6857497642137744e-05,0.35152123430462123,0.3516265156953784,30,0.5410918397435898,0.00022685807909728385,4.1418429091291194e-05,0.5410106596225709,0.5411730198646086,30,0.5410909965371293,0.00022640180525964801,4.133512526686699e-05,0.5410099796916062,0.5411720133826524,30,0.5432833333333333,0.008663919768045328,0.0015818080977911175,0.5401829894616628,0.5463836772050039,30,0.9094527777777778,0.0014439866280075604,0.0002636346829651873,0.908936053799166,0.9099695017563896,30,0.6806243782051281,0.00463974866250339,0.0008470983345358435,0.6789640654694379,0.6822846909408183,30,0.7037833333333333,0.008640006518728923,0.0015774421557665042,0.700691546708031,0.7068751199586356,30,0.012439320512820512,0.0002413003392814285,4.405521298602944e-05,0.012352972295367894,0.01252566873027313,30,0.0,0.0,0.0,0.0,0.0,30,0.0,0.0,0.0,0.0,0.0,30,0.0,0.0,0.0,0.0,0.0,30,103.56408333333334,1.9390541290097827,0.3540212288940635,102.87020172470098,104.25796494196571,30,0.0,0.0,0.0,0.0,0.0,30,0.0,0.0,0.0,0.0,0.0,30,207128.16666666666,3878.1082580195643,708.0424577881269,205740.40344940193,208515.92988393139,30,1.0,0.0,0.0,1.0,1.0,30,1839.7666666666667,34.91929940970133,6.3753626596567505,1827.2709558537395,1852.2623774795939
0.65,0.65,0.95,left_if_safe,,30,30,0.3483948249999998,0.008405943179158925,0.0015347082321106775,0.34538679686506285,0.35140285313493674,30,0.34816885416666654,0.008371504398007854,0.0015284205996808694,0.34517314979129204,0.35116455854204104,30,0.5359920384615383,0.012932220275629102,0.0023610895878625787,0.5313643028693277,0.540619774053749,30,0.5358504873669357,0.012884192994240758,0.0023523210460652307,0.5312399381166479,0.5404610366172236,30,0.9038833333333333,0.16228634141293408,0.02962929665561627,0.8458099118883253,0.9619567547783412,30,0.8493527777777777,0.02704772356882234,0.004938216109269377,0.8396738742036097,0.8590316813519457,30,0.6758417435897434,0.008812518624118797,0.0016089384129547516,0.672688224300352,0.6789952628791347,30,0.5506,0.08521053035135165,0.015557243203471302,0.5201078033211962,0.5810921966788037,30,0.013316358974358974,0.0008496107014659319,0.0001551169820968928,0.013012329689449063,0.013620388259268885,30,4033.633333333333,278.339718420808,50.81764747623759,3934.0307442799076,4133.235922386759,30,4033.633333333333,278.339718420808,50.81764747623759,3934.0307442799076,4133.235922386759,30,0.0,0.0,0.0,0.0,0.0,30,80.66008333333333,4.501153974803023,0.8217945222678852,79.04936606968828,82.27080059697839,30,4033.633333333333,278.339718420808,50.81764747623759,3934.0307442799076,4133.235922386759,30,0.0,0.0,0.0,0.0,0.0,30,157286.53333333333,8868.28044496647,1619.119081996696,154113.0599326198,160460.00673404685,30,1.2333333333333334,0.4301830671520763,0.07854032324531729,1.0793942997725114,1.3872723668941553,30,1108.7,304.146420047296,55.52928501478183,999.8626013710277,1217.5373986289724
0.65,0.65,0.95,graph_ppo,edge-graph,30,30,0.3500062083333332,0.007790872185369451,0.001422412146188806,0.34721828052680315,0.3527941361398632,30,0.34977674583333307,0.007753794731110795,0.0014156427601646955,0.34700208602341026,0.3525514056432559,30,0.5384710897435897,0.011985957208260732,0.0021883263787520163,0.5341819700412358,0.5427602094459436,30,0.5383251186353724,0.011933504780470807,0.0021787499194531987,0.5340547687932441,0.5425954684775006,30,0.9178499999999999,0.1681818673854033,0.03070566751010926,0.8576668916801858,0.978033108319814,30,0.847025,0.02803031123090054,0.0051176112516848745,0.8369944819466977,0.8570555180533024,30,0.6737657948717949,0.007811507998106458,0.00142617971289831,0.6709704826345142,0.6765611071090756,30,0.5389833333333333,0.08690943396803179,0.01586741914809891,0.5078831918030594,0.5700834748636071,30,0.01349100641025641,0.0007164884717604411,0.00013081229939186558,0.013234614303448354,0.013747398517064467,30,4041.3,299.69422923119953,54.71642990135071,3934.055797393353,4148.544202606648,30,4041.3,299.69422923119953,54.71642990135071,3934.055797393353,4148.544202606648,30,0.0,0.0,0.0,0.0,0.0,30,80.23094999999999,4.228090211149791,0.7719401279378404,78.71794734924183,81.74395265075816,30,4041.3,299.69422923119953,54.71642990135071,3934.055797393353,4148.544202606648,30,0.0,0.0,0.0,0.0,0.0,30,156420.6,8324.724324316216,1519.8797658133144,153441.6356590059,159399.5643409941,30,1.1666666666666667,0.46113303737741407,0.08419098886082753,1.0016523284994447,1.3316810048338887,29,1074.7931034482758,307.5043413526692,57.1021226583955,962.8729430378206,1186.713263858731
0.65,0.65,0.95,node_mlp_ppo,node-mlp-matched,30,30,0.3489727041666665,0.011240934614910094,0.002052304485342302,0.34495018737539557,0.3529952209579374,30,0.3487434666666665,0.011200746112190609,0.002044967102178362,0.34473533114639693,0.3527516021869361,30,0.5368810833333331,0.017293745561400314,0.003157391515911265,0.530692595962147,0.5430695707045191,30,0.5367348467359236,0.017238547306180265,0.003147313739404949,0.5305661118066899,0.5429035816651574,30,0.91695,0.17340019239936827,0.031658398950956616,0.8548995380561251,0.979000461943875,30,0.847175,0.028900032066561367,0.005276399825159434,0.8368332563426876,0.8575167436573125,30,0.6735826474358976,0.008130848698961704,0.0014844830813609522,0.6706730605964301,0.6764922342753651,30,0.5428,0.09011186534448207,0.016452100449346956,0.51055388311928,0.5750461168807199,30,0.013549025641025642,0.0007246849746056793,0.0001323087692255297,0.013289700453343604,0.01380835082870768,30,4114.5,290.378082909993,53.015542071636176,4010.589537539593,4218.410462460407,30,4114.5,290.378082909993,53.015542071636176,4010.589537539593,4218.410462460407,30,0.0,0.0,0.0,0.0,0.0,30,80.98928333333333,3.975431749884346,0.725811215077964,79.56669335178053,82.41187331488614,30,0.0,0.0,0.0,0.0,0.0,30,4114.5,290.378082909993,53.015542071636176,4010.589537539593,4218.410462460407,30,157864.06666666668,7939.717470580656,1449.5874529516284,155022.87525888148,160705.25807445188,30,1.3,0.5349830806219241,0.09767410038007758,1.108558763255048,1.491441236744952,29,1060.2586206896551,259.1430458773706,48.1216555404296,965.9401758304131,1154.577065548897
0.65,0.65,0.95,grid_cnn_ppo,grid-cnn-matched,30,30,0.35334708333333326,0.0009221410012688958,0.00016835914253179141,0.35301709941397097,0.35367706725269554,30,0.3531087,0.0009025872358497575,0.0001647891297303826,0.35278571330572844,0.35343168669427155,30,0.5436108974358974,0.0014186784634905281,0.0002590140654335105,0.5431032298676477,0.5441185650041471,30,0.5434531742978067,0.0013891300282414,0.00025361928392520107,0.5429560805013133,0.5439502680943001,30,0.9535333333333333,0.10645566774673061,0.019436056866386504,0.9154386618752158,0.9916280047914509,30,0.8410777777777778,0.01774261129112177,0.003239342811064418,0.8347286658680916,0.847426889687464,30,0.6716836153846152,0.004883957999582039,0.0008916846554262965,0.6699359134599796,0.6734313173092508,30,0.52005,0.05033223242306718,0.009189366355902267,0.5020388419424315,0.5380611580575685,30,0.013855852564102565,0.00029738358519572307,5.429456594781896e-05,0.01374943521484484,0.01396226991336029,30,4175.733333333334,266.94529122227857,48.737319207409264,4080.2081876868115,4271.258478979856,30,4115.866666666667,267.5675529698974,48.85092813935707,4020.118847513527,4211.614485819807,30,59.86666666666667,24.359000791088082,4.447324737188376,51.14991018177745,68.58342315155588,30,81.64035,3.285618033894867,0.5998690375033306,80.46460668649347,82.81609331350653,30,149.03333333333333,29.828802712552307,5.445969369678728,138.35923336876303,159.70743329790363,30,4026.7,277.0252260391984,50.577655099878825,3927.567796004237,4125.832203995762,30,159104.96666666667,6455.806600334271,1178.6636339646063,156794.78594409605,161415.1473892373,30,1.3333333333333333,0.47946330148538413,0.0875376219064817,1.1617595943966292,1.5049070722700373,30,1032.0833333333333,163.23101269595531,29.80176924599563,973.6718656111818,1090.4948010554847
0.65,0.65,1.0,baseline1_hdv,,30,30,0.351697145833333,0.0001575368596829648,2.8762163895628657e-05,0.3516407719920976,0.3517535196745684,30,0.3515621791666662,0.0001570957273344249,2.8681624516248477e-05,0.35150596318261434,0.3516183951507181,30,0.5410725320512821,0.0002423643995122866,4.424948291635782e-05,0.5409858030647661,0.5411592610377982,30,0.5410729960241115,0.00024177872617837484,4.4142554084253575e-05,0.5409864766181064,0.5411595154301166,30,0.5398666666666667,0.008063255667162187,0.0014721423386120324,0.5369812676829872,0.5427520656503463,30,0.9100222222222223,0.0013438759445270365,0.0002453570564353397,0.909541322391609,0.9105031220528356,30,0.6799493525641024,0.004707417496357361,0.0008594529167831399,0.6782648248472074,0.6816338802809974,30,0.6790666666666667,0.007165209688840759,0.001308182325277552,0.6765026293091227,0.6816307040242107,30,0.0128441858974359,0.00022554923829275772,4.117946854701714e-05,0.012763474139083745,0.012924897655788053,30,0.0,0.0,0.0,0.0,0.0,30,0.0,0.0,0.0,0.0,0.0,30,0.0,0.0,0.0,0.0,0.0,30,0.0,0.0,0.0,0.0,0.0,0,,,,,,0,,,,,,0,,,,,,30,1.0,0.0,0.0,1.0,1.0,30,1851.3333333333333,30.727201622344815,5.609993819189197,1840.3377454477225,1862.328921218944
0.65,0.65,1.0,baseline2_matched,,30,30,0.35288818749999973,0.00023289934361531964,4.2521408042085785e-05,0.3528048455402372,0.35297152945976223,30,0.35264732083333317,0.00023173079255693938,4.230806078399532e-05,0.3525643970341965,0.3527302446324698,30,0.5429049038461538,0.0003583066824852678,6.541755083400746e-05,0.5427766854465191,0.5430331222457884,30,0.5427430870847761,0.0003566460831967124,6.511436827090119e-05,0.5426154629229651,0.5428707112465871,30,0.9634666666666667,0.03082205136869889,0.005627310934406454,0.95243713723523,0.9744961960981033,30,0.8394222222222222,0.0051370085614498165,0.0009378851557344093,0.8375839673169827,0.8412604771274617,30,0.6766279807692307,0.0055312892488835535,0.0010098706312331098,0.6746486343320138,0.6786073272064476,30,0.4174166666666667,0.02770972794865561,0.0050590810199366764,0.4075008678675908,0.4273324654657426,30,0.01412075,0.00031718797818067835,5.7910336873004657e-05,0.01400724573972891,0.01423425426027109,30,3187.1666666666665,305.82168382711285,55.83514493544085,3077.7297825932023,3296.6035507401307,30,3187.1666666666665,305.82168382711285,55.83514493544085,3077.7297825932023,3296.6035507401307,30,0.0,0.0,0.0,0.0,0.0,30,0.0,0.0,0.0,0.0,0.0,0,,,,,,0,,,,,,0,,,,,,30,1.1333333333333333,0.3457459036417604,0.06312427686319991,1.0096097506814614,1.2570569159852052,30,1018.5833333333334,33.661623327722495,6.145743472945242,1006.5376761263607,1030.628990540306
0.65,0.65,1.0,noop,,30,30,0.351669133333333,0.00012261897781849063,2.238706004313764e-05,0.3516252546956484,0.35171301197101756,30,0.35153258333333287,0.00012262447200727894,2.2388063140182488e-05,0.3514887027295781,0.35157646393708764,30,0.5410294358974357,0.0001886445812592932,3.4441630835610404e-05,0.5409619303009979,0.5410969414938734,30,0.5410274464537643,0.00018872562063443148,3.4456426533546855e-05,0.5409599118577586,0.54109498104977,30,0.5462,0.01002118445748977,0.0018296095934291058,0.542613965196879,0.549786034803121,30,0.9089666666666666,0.0016701974095816266,0.000304934932238184,0.9083689941994797,0.9095643391338535,30,0.6805866602564099,0.004426570542901268,0.000808177512911638,0.6790026323311031,0.6821706881817167,30,0.7028666666666666,0.007999928160596985,0.0014605803706599267,0.7000039291401732,0.7057294041931601,30,0.012411115384615385,0.00020214299253431582,3.6906092284214384e-05,0.012338779443738325,0.012483451325492445,30,0.0,0.0,0.0,0.0,0.0,30,0.0,0.0,0.0,0.0,0.0,30,0.0,0.0,0.0,0.0,0.0,30,109.28479999999999,0.7866652291531772,0.14362476373738858,109.0032954630747,109.56630453692527,30,0.0,0.0,0.0,0.0,0.0,30,0.0,0.0,0.0,0.0,0.0,30,218569.6,1573.3304583063543,287.24952747477715,218006.59092614945,219132.60907385056,30,1.0,0.0,0.0,1.0,1.0,30,1824.7666666666667,39.103473109116564,7.139284766219938,1810.7736685248756,1838.7596648084577
0.65,0.65,1.0,left_if_safe,,30,30,0.34413329583333324,0.021950157424065433,0.004007532120650042,0.33627853287685916,0.3519880587898073,30,0.34377897083333314,0.021832343026940444,0.0039860222530153,0.3359663672174232,0.3515915744492431,30,0.5294358397435895,0.033769472960100744,0.00616543403176931,0.5173515890413217,0.5415200904458574,30,0.5290942221367191,0.03360114355819994,0.006134701428265169,0.5170702073373193,0.5411182369361188,30,1.4173,0.4789061818712333,0.08743590624651537,1.24592562375683,1.58867437624317,30,0.7637833333333333,0.07981769697853888,0.014572651041085896,0.7352209372928049,0.7923457293738616,30,0.6678848205128209,0.01724123820333226,0.0031478050277616403,0.6617151226584082,0.6740545183672337,30,0.48063333333333336,0.16323052945796152,0.029801681019212347,0.42222203853567714,0.5390446281309895,30,0.013750807692307692,0.0013462097832258422,0.0002457831551356445,0.01326907270824183,0.014232542676373555,30,5613.633333333333,402.4105369270107,73.46977615089646,5469.632572077576,5757.634094589091,30,5613.633333333333,402.4105369270107,73.46977615089646,5469.632572077576,5757.634094589091,30,0.0,0.0,0.0,0.0,0.0,30,100.72101666666667,10.581116527751245,1.9318387352800317,96.93461274551781,104.50742058781553,30,5613.633333333333,402.4105369270107,73.46977615089646,5469.632572077576,5757.634094589091,30,0.0,0.0,0.0,0.0,0.0,30,195828.4,21053.234353206502,3843.7771212312955,188294.59684238664,203362.20315761334,30,2.5,0.9001915504970077,0.16435173942758732,2.1778705907219287,2.8221294092780713,28,727.5952380952382,340.4485344153179,64.3387254485247,601.4913362161298,853.6991399743466
0.65,0.65,1.0,graph_ppo,edge-graph,30,30,0.35062901666666646,0.008026333130200512,0.00146540123648729,0.34775683024315135,0.35350120309018157,30,0.35024034999999976,0.00797462140446886,0.001455960010263708,0.3473866683798829,0.3530940316201166,30,0.5394292564102563,0.012348204815693115,0.0022544634407496806,0.535010508066387,0.5438480047541256,30,0.5390386302424007,0.012273368841044843,0.0022408003236070993,0.5346466616081308,0.5434305988766707,30,1.5546666666666666,0.22148158378073557,0.0404368198362264,1.475410499787663,1.6339228335456704,30,0.7408888888888889,0.03691359729678926,0.006739469972704399,0.7276795277423883,0.7540982500353896,30,0.6636199423076927,0.010521301675361333,0.0019209180873040995,0.6598549428565766,0.6673849417588088,30,0.43106666666666665,0.05952451441290348,0.010867639756162872,0.4097660927445874,0.4523672405887459,30,0.014051878205128206,0.0009051088584880052,0.0001652495129305439,0.01372798915978434,0.014375767250472073,30,5627.966666666666,414.68155487557317,75.7101472622226,5479.57477803271,5776.358555300622,30,5627.966666666666,414.68155487557317,75.7101472622226,5479.57477803271,5776.358555300622,30,0.0,0.0,0.0,0.0,0.0,30,103.45786666666666,5.19514775922975,0.9484998724341838,101.59880691669566,105.31692641663766,30,5627.966666666666,414.68155487557317,75.7101472622226,5479.57477803271,5776.358555300622,30,0.0,0.0,0.0,0.0,0.0,30,201287.76666666666,10311.078520408182,1882.5367659448511,197597.99460541474,204977.53872791858,30,2.7333333333333334,0.5208304597621878,0.095090197149179,2.5469565469209425,2.9197101197457243,30,674.8444444444444,189.72182668263463,34.6383080417215,606.9533606826703,742.7355282062185
0.65,0.65,1.0,node_mlp_ppo,node-mlp-matched,30,30,0.3511735374999999,0.006827042643770362,0.0012464417523475777,0.34873051166539865,0.3536165633346012,30,0.35077530833333326,0.006779481805842273,0.0012377583710852238,0.3483493019260062,0.3532013147406603,30,0.5402669807692307,0.010503142528877546,0.0019176026959193625,0.5365084794852288,0.5440254820532326,30,0.5398619597281002,0.010433985080172818,0.0019049763310276671,0.536128206119286,0.5435957133369145,30,1.5929166666666668,0.2084510644356795,0.03805778337579485,1.518323411250109,1.6675099220832246,30,0.7345138888888889,0.034741844072613264,0.006342963895965811,0.7220816796527959,0.7469460981249819,30,0.6616964038461542,0.010829509095024201,0.001977188806017371,0.6578211137863602,0.6655716939059483,30,0.4097,0.0598169045418226,0.010921022645896486,0.3882947956140429,0.4311052043859571,30,0.014194942307692308,0.0009185572723761848,0.00016770484614695114,0.013866240809244283,0.014523643806140333,30,5706.466666666666,418.0649787255345,76.3278731169642,5556.8640353574165,5856.069297975916,30,5706.466666666666,418.0649787255345,76.3278731169642,5556.8640353574165,5856.069297975916,30,0.0,0.0,0.0,0.0,0.0,30,103.60911666666668,4.256767542200693,0.7771758683063813,102.08585196478617,105.13238136854719,30,0.0,0.0,0.0,0.0,0.0,30,5706.466666666666,418.0649787255345,76.3278731169642,5556.8640353574165,5856.069297975916,30,201511.76666666666,8433.58473576938,1539.7548668040452,198493.84712773073,204529.6862056026,30,2.7666666666666666,0.4301830671520763,0.07854032324531729,2.6127276331058447,2.9206057002274886,30,643.2055555555556,119.5088903483171,21.8192383553949,600.4398483789817,685.9712627321296
0.65,0.65,1.0,grid_cnn_ppo,grid-cnn-matched,30,30,0.3542926208333332,0.0005788417430109401,0.00010568155995756673,0.3540854849758164,0.35449975669085,30,0.35390949166666663,0.0005630351840362628,0.00010279569032191125,0.3537080121136357,0.3541109712196976,30,0.5450655705128206,0.0008905257584784199,0.00016258701531934267,0.5447468999627947,0.5453842410628464,30,0.544685635500833,0.0008665412605405649,0.00015820806513567622,0.5443755476931671,0.544995723308499,30,1.5325166666666665,0.12235304227530668,0.022338507077856225,1.4887331927940683,1.5763001405392647,30,0.7445805555555556,0.02039217371255111,0.0037230845129760377,0.7372833099101226,0.7518778012009886,30,0.6631099679487185,0.005802817146397816,0.0010594446160532805,0.661033456501254,0.6651864793961829,30,0.4444666666666667,0.04854768955284629,0.008863554894283934,0.4270940990738702,0.46183923425946316,30,0.014351448717948717,0.00028721656509963437,5.243833053140693e-05,0.01424866959010716,0.014454227845790275,30,5471.2,321.5577815829555,58.70815017143466,5356.132025663988,5586.267974336011,30,5451.0,320.7712688140129,58.56455324299609,5336.213475643728,5565.786524356272,30,20.2,7.954179122778251,1.452227777327434,17.35363355643823,23.04636644356177,30,105.639,2.3901153737842873,0.4363733684205153,104.78370819789579,106.4942918021042,30,49.4,9.747148124027055,1.7795776329579267,45.91202783940246,52.887972160597535,30,5421.8,322.3566668918997,58.85400600629073,5306.44614822767,5537.15385177233,30,205806.8,4967.400391379364,906.9190821728228,204029.23859894124,207584.36140105873,30,2.6666666666666665,0.47946330148538413,0.0875376219064817,2.4950929277299623,2.8382404056033708,30,652.811111111111,67.39722889202785,12.304994192500857,628.6933224938093,676.9288997284127
0.7,0.7,0.9,baseline1_hdv,,30,30,0.301472729166667,0.00011477912673754913,2.095570561496667e-05,0.3014316559836617,0.30151380234967234,30,0.30136584166666697,0.00011461920149166939,2.0926507393405702e-05,0.3013248257121759,0.30140685762115804,30,0.43067532738095304,0.0001639701810535233,2.9936722307073636e-05,0.4306166514052312,0.4307340033566749,30,0.430676443968082,0.00016380021649389627,2.9905691165978918e-05,0.4306178288133967,0.4307350591227673,30,0.42755,0.008225643251232808,0.0015017901195634477,0.42460649136565565,0.4304935086343443,30,0.9287416666666667,0.00137094054187213,0.00025029835326057377,0.928251081894276,0.9292322514390574,30,0.7216673571428579,0.004007028408664515,0.0007315799493298612,0.7202334604421714,0.7231012538435444,30,0.7227833333333333,0.007086513822812995,0.0012938144916089483,0.7202474569297798,0.7253192097368869,30,0.010436309523809525,0.00015612605804435456,2.850458793508463e-05,0.010380440531456758,0.010492178516162291,30,0.0,0.0,0.0,0.0,0.0,30,0.0,0.0,0.0,0.0,0.0,30,0.0,0.0,0.0,0.0,0.0,30,0.0,0.0,0.0,0.0,0.0,0,,,,,,0,,,,,,0,,,,,,30,0.0,0.0,0.0,0.0,0.0,0,,,,,
0.7,0.7,0.9,baseline2_matched,,30,30,0.30213047916666697,0.00018372713346859456,3.35438318088372e-05,0.30206473325632166,0.30219622507701227,30,0.3019581083333335,0.00018099674558108222,3.304533346326074e-05,0.3018933394797455,0.30202287718692145,30,0.4316149702380958,0.0002624673335264335,4.7919759726886524e-05,0.4315210475090311,0.43170889296716053,30,0.431522841491007,0.0002586591576720428,4.722448512075443e-05,0.4314302815001703,0.4316154014818437,30,0.6894833333333333,0.025218521974428098,0.004604251117444663,0.6804590011431418,0.6985076655235248,30,0.8850861111111111,0.004203086995738008,0.0007673751862407756,0.8835820557460792,0.8865901664761431,30,0.720879071428572,0.003971287633941843,0.0007250546064837554,0.7194579643998639,0.7223001784572801,30,0.5529666666666666,0.019119376943630858,0.0034907046791569332,0.546124885495519,0.5598084478378142,30,0.01120264880952381,0.000206914819928719,3.777730478569296e-05,0.011128605292143852,0.011276692326903768,30,1983.3,175.25550805452102,31.997131696163162,1920.5856218755202,2046.0143781244797,30,1983.3,175.25550805452102,31.997131696163162,1920.5856218755202,2046.0143781244797,30,0.0,0.0,0.0,0.0,0.0,30,0.0,0.0,0.0,0.0,0.0,0,,,,,,0,,,,,,0,,,,,,30,1.0,0.0,0.0,1.0,1.0,30,1431.9333333333334,62.245860315661005,11.36448726873439,1409.658938286614,1454.2077283800527
0.7,0.7,0.9,noop,,30,30,0.3014666208333336,0.00010604896032657516,1.936180259027855e-05,0.30142867170025667,0.3015045699664105,30,0.30135804166666685,0.00010576935062498121,1.931075307665845e-05,0.3013201925906366,0.3013958907426971,30,0.43066660119047656,0.00015149851475228853,2.7659717986119205e-05,0.4306123881432238,0.43072081423772934,30,0.43066529712992563,0.00015115305555538422,2.7596646054505166e-05,0.4306112077036588,0.43071938655619246,30,0.4343166666666667,0.008103302150797942,0.0014794537927573872,0.43141693723286223,0.43721639610047114,30,0.9276138888888888,0.0013505503584663172,0.00024657563212623007,0.9271306006499215,0.9280971771278562,30,0.7218239940476197,0.003982576149272877,0.0007271155979796055,0.7203988474755796,0.7232491406196597,30,0.7331833333333333,0.006817173209968538,0.0012446398485065568,0.7307438392302604,0.7356228274364062,30,0.010125934523809525,0.0001468460323623373,2.6810294801661922e-05,0.010073386345998268,0.010178482701620781,30,0.0,0.0,0.0,0.0,0.0,30,0.0,0.0,0.0,0.0,0.0,30,0.0,0.0,0.0,0.0,0.0,30,102.75903333333332,2.9633025726006457,0.541022554575488,101.69862912636536,103.81943754030128,30,0.0,0.0,0.0,0.0,0.0,30,0.0,0.0,0.0,0.0,0.0,30,205518.06666666668,5926.6051452012925,1082.045109150976,203397.25825273077,207638.8750806026,30,0.0,0.0,0.0,0.0,0.0,0,,,,,
0.7,0.7,0.9,left_if_safe,,30,30,0.3006000458333335,0.004061488429294989,0.0007415229432570304,0.2991466608645497,0.3020534308021173,30,0.3004430083333335,0.004033084553283883,0.000736337128719743,0.2989997875610428,0.3018862291056242,30,0.4294286369047622,0.005802126327564442,0.0010593184903672178,0.42735237266364245,0.4315049011458819,30,0.42935763963320095,0.005763607793188452,0.001052286000313962,0.4272951590725856,0.4314201201938163,30,0.62815,0.12734098603410424,0.023249176848609738,0.5825816133767249,0.6737183866232751,30,0.8953083333333333,0.021223497672350704,0.0038748628081016223,0.8877136022294541,0.9029030644372125,30,0.7198472559523813,0.004065053141714107,0.0007421737677246872,0.7183925953676409,0.7213019165371217,30,0.6298333333333334,0.07582481321342359,0.01384365353853596,0.6026997723978029,0.6569668942688638,30,0.010794303571428571,0.00021059111970839415,3.8448502224852745e-05,0.01071894450706786,0.010869662635789283,30,2825.1,492.17822325685626,89.85903839686465,2648.9762847421453,3001.2237152578546,30,2825.1,492.17822325685626,89.85903839686465,2648.9762847421453,3001.2237152578546,30,0.0,0.0,0.0,0.0,0.0,30,69.16866666666667,4.672198045322205,0.8530227541848387,67.49674206846439,70.84059126486895,30,2825.1,492.17822325685626,89.85903839686465,2648.9762847421453,3001.2237152578546,30,0.0,0.0,0.0,0.0,0.0,30,135512.23333333334,9030.99665208027,1648.826861032666,132280.5326857093,138743.93398095737,30,0.8666666666666667,0.3457459036417604,0.06312427686319991,0.7429430840147949,0.9903902493185385,26,1438.1538461538462,204.639720935637,40.13315116565366,1359.4928698691651,1516.8148224385272
0.7,0.7,0.9,graph_ppo,edge-graph,30,30,0.30102365000000025,0.0032510187538571504,0.0005935521021199655,0.29986028787984514,0.30218701212015536,30,0.3008657083333335,0.0032287299235984478,0.0005894827370822671,0.29971032216865223,0.30202109449801473,30,0.43003378571428613,0.00464431250551021,0.0008479315744570928,0.42837183982835025,0.431695731600222,30,0.4299617125163735,0.004614119219147365,0.0008424190597817115,0.42831057115920135,0.43161285387354564,30,0.6317666666666667,0.10836112464040475,0.019783944107392853,0.5929901362161767,0.6705431971171567,30,0.8947055555555555,0.018060187440067446,0.003297324017898807,0.8882428004804739,0.9011683106306372,30,0.7194727500000005,0.003812532578107772,0.0006960700314176512,0.7181084527384219,0.7208370472615792,30,0.6273833333333333,0.06406579098639652,0.011696759629220174,0.6044576844600618,0.6503089822066048,30,0.010820958333333333,0.00016439817635042258,3.0014863199946256e-05,0.010762129201461438,0.010879787465205229,30,2776.5,400.67458203591497,73.15283560000827,2633.120442223984,2919.879557776016,30,2776.5,400.67458203591497,73.15283560000827,2633.120442223984,2919.879557776016,30,0.0,0.0,0.0,0.0,0.0,30,68.44206666666668,4.582300504025833,0.8366097837740802,66.80231149046948,70.08182184286387,30,2776.5,400.67458203591497,73.15283560000827,2633.120442223984,2919.879557776016,30,0.0,0.0,0.0,0.0,0.0,30,134107.63333333333,8907.393850377737,1626.2601801448943,130920.16338024935,137295.10328641732,30,0.8666666666666667,0.3457459036417604,0.06312427686319991,0.7429430840147949,0.9903902493185385,26,1455.423076923077,228.71889700274843,44.85546611324741,1367.5063633411119,1543.339790505042
0.7,0.7,0.9,node_mlp_ppo,node-mlp-matched,30,30,0.301188966666667,0.0031742550072768358,0.000579537023586416,0.30005307410043763,0.30232485923289637,30,0.30103383750000023,0.003157900791097204,0.0005765511658824493,0.29990379721487065,0.3021638777851298,30,0.4302699523809528,0.004534650010395265,0.0008279100336948408,0.4286472487149109,0.43189265604699467,30,0.43020198285101674,0.004512898593921903,0.0008239387865414577,0.42858706282939546,0.431816902872638,30,0.6205166666666667,0.081065691043547,0.014800502541431733,0.5915076816854605,0.6495256516478729,30,0.8965805555555556,0.013510948507257833,0.0024667504235719555,0.8917457247253545,0.9014153863857567,30,0.7200639166666669,0.004164525549639524,0.0007603348616147225,0.718573660337902,0.7215541729954318,30,0.6328666666666667,0.04894612332458769,0.008936298615768811,0.6153515213797598,0.6503818119535736,30,0.010783910714285715,0.00025066235861947235,4.576447604444484e-05,0.010694212341238603,0.010873609087332826,30,2705.1,369.6954338277705,67.49684283804278,2572.806188037436,2837.3938119625636,30,2705.1,369.6954338277705,67.49684283804278,2572.806188037436,2837.3938119625636,30,0.0,0.0,0.0,0.0,0.0,30,67.9063,4.7395689852050085,0.8653229486828841,66.21026702058155,69.60233297941845,30,0.0,0.0,0.0,0.0,0.0,30,2705.1,369.6954338277705,67.49684283804278,2572.806188037436,2837.3938119625636,30,133107.5,9241.983033773202,1687.3475278925373,129800.29884533063,136414.70115466937,30,0.9,0.30512857662936466,0.055708601453115555,0.7908111411518935,1.0091888588481066,27,1489.3703703703704,191.6605870459042,36.88509717466483,1417.0755799080273,1561.6651608327136
0.7,0.7,0.9,grid_cnn_ppo,grid-cnn-matched,30,30,0.30140652500000026,0.0020441484596282994,0.0003732087407426193,0.3006750358681447,0.3021380141318558,30,0.30126208333333365,0.0020015356085729945,0.00036542873415508655,0.3005458430143897,0.3019783236522776,30,0.4305807500000004,0.002920212085183027,0.0005331553439179805,0.42953576552592115,0.43162573447407965,30,0.43052816482076806,0.002860358140153868,0.0005222275586352656,0.4295045988058429,0.4315517308356932,30,0.5777666666666667,0.1751171397770023,0.03197186922054979,0.515101802994389,0.6404315303389443,30,0.9037055555555555,0.029186189962833717,0.005328644870091631,0.8932614116101759,0.9141496995009352,30,0.7195015178571431,0.005298209820492916,0.0009673163443597889,0.7176055778221979,0.7213974578920883,30,0.6514833333333333,0.10080105734028556,0.018403670975215367,0.6154121382219112,0.6875545284447554,30,0.010892482142857143,0.00011899929247966775,2.1726198939422968e-05,0.010849898792935873,0.010935065492778413,30,2861.9,447.0262161563173,81.6154474616651,2701.9337229751363,3021.866277024864,30,2793.766666666667,470.3835326795486,85.87989050918574,2625.442081268663,2962.0912520646707,30,68.13333333333334,39.04350653180181,7.128336417189382,54.16179395564215,82.10487271102453,30,69.57491666666667,8.312536598916925,1.5176546017713577,66.60031364719481,72.54951968613852,30,147.13333333333333,73.14922552838341,13.35516029530945,120.9572191545268,173.30944751213985,30,2714.766666666667,498.62685124410336,91.03639140138944,2536.335339519944,2893.19799381339,30,136287.93333333332,16216.46729447088,2960.708313408824,130484.94503905202,142090.92162761462,30,0.8333333333333334,0.3790490217894517,0.06920456654478331,0.6976923829055581,0.9689742837611086,25,1437.2,118.06742423999376,23.613484847998752,1390.9175696979225,1483.4824303020775
0.7,0.7,0.95,baseline1_hdv,,30,30,0.301472729166667,0.00011477912673754913,2.095570561496667e-05,0.3014316559836617,0.30151380234967234,30,0.30136584166666697,0.00011461920149166939,2.0926507393405702e-05,0.3013248257121759,0.30140685762115804,30,0.43067532738095304,0.0001639701810535233,2.9936722307073636e-05,0.4306166514052312,0.4307340033566749,30,0.430676443968082,0.00016380021649389627,2.9905691165978918e-05,0.4306178288133967,0.4307350591227673,30,0.42755,0.008225643251232808,0.0015017901195634477,0.42460649136565565,0.4304935086343443,30,0.9287416666666667,0.00137094054187213,0.00025029835326057377,0.928251081894276,0.9292322514390574,30,0.7216673571428579,0.004007028408664515,0.0007315799493298612,0.7202334604421714,0.7231012538435444,30,0.7227833333333333,0.007086513822812995,0.0012938144916089483,0.7202474569297798,0.7253192097368869,30,0.010436309523809525,0.00015612605804435456,2.850458793508463e-05,0.010380440531456758,0.010492178516162291,30,0.0,0.0,0.0,0.0,0.0,30,0.0,0.0,0.0,0.0,0.0,30,0.0,0.0,0.0,0.0,0.0,30,0.0,0.0,0.0,0.0,0.0,0,,,,,,0,,,,,,0,,,,,,30,0.0,0.0,0.0,0.0,0.0,0,,,,,
0.7,0.7,0.95,baseline2_matched,,30,30,0.3022019791666671,0.0002130790869327125,3.8902740815216966e-05,0.30212572979466923,0.30227822853866493,30,0.3020159375000002,0.00020960019862839186,3.8267585615444536e-05,0.30194093303219394,0.3020909419678065,30,0.4317171130952385,0.00030439869561819103,5.5575344021744064e-05,0.4316081854209559,0.43182604076952114,30,0.43160548410146315,0.00029953583226650167,5.468751070448225e-05,0.4314982965804824,0.4317126716224439,30,0.7441666666666666,0.029616029365907556,0.005407122449147663,0.7335687066663372,0.7547646266669961,30,0.8759722222222222,0.004936004894317919,0.0009011870748579426,0.8742058955555005,0.8777385488889438,30,0.7198120416666671,0.00339268248762404,0.0006194162429748093,0.7185979858304365,0.7210260975028977,30,0.514,0.022050099694825066,0.004025778999364489,0.5061094731612457,0.5218905268387544,30,0.011286392857142858,0.00021357336646731054,3.8992983498821136e-05,0.011209966609485169,0.011362819104800546,30,2457.8,331.6564903423524,60.551913701166896,2339.118249145713,2576.4817508542874,30,2457.8,331.6564903423524,60.551913701166896,2339.118249145713,2576.4817508542874,30,0.0,0.0,0.0,0.0,0.0,30,0.0,0.0,0.0,0.0,0.0,0,,,,,,0,,,,,,0,,,,,,30,1.0,0.0,0.0,1.0,1.0,30,1320.3,62.834840983162444,11.472019934576053,1297.814840928231,1342.785159071769
0.7,0.7,0.95,noop,,30,30,0.3014737958333336,0.00010440535374938317,1.906172245761458e-05,0.3014364348573167,0.30151115680935053,30,0.30136522083333356,0.0001047669606225777,1.912774253808043e-05,0.3013277304579589,0.3014027112087082,30,0.4306768511904769,0.00014915050535613123,2.7231032082282723e-05,0.4306234783675956,0.43073022401335814,30,0.4306755567464553,0.00014972055823152386,2.7335109021890465e-05,0.4306219799327724,0.4307291335601382,30,0.4343,0.009970300725240152,0.001820319537441383,0.43073217370661493,0.4378678262933851,30,0.9276166666666666,0.0016617167875400294,0.00030338658957356456,0.9270220289511024,0.9282113043822309,30,0.7218114047619056,0.0036857210414258782,0.0006729175183534621,0.7204924864259329,0.7231303230978784,30,0.7359166666666667,0.007306212912750146,0.0013339258740829264,0.7333021719534641,0.7385311613798692,30,0.010144988095238094,0.00014745087187819584,2.6920722883830665e-05,0.010092223478385787,0.010197752712090401,30,0.0,0.0,0.0,0.0,0.0,30,0.0,0.0,0.0,0.0,0.0,30,0.0,0.0,0.0,0.0,0.0,30,109.50023333333334,2.085723089421778,0.3807991949285575,108.75386691127336,110.24659975539332,30,0.0,0.0,0.0,0.0,0.0,30,0.0,0.0,0.0,0.0,0.0,30,219000.46666666667,4171.4461788435565,761.5983898571151,217507.73382254672,220493.19951078662,30,0.0,0.0,0.0,0.0,0.0,0,,,,,
0.7,0.7,0.95,left_if_safe,,30,30,0.30102888750000023,0.005385744926578885,0.00098329799508542,0.2991016234296328,0.30295615157036765,30,0.3008265583333335,0.005352506019353235,0.00097722942866065,0.29891118865315863,0.30274192801350835,30,0.43004126785714336,0.00769392132368422,0.001404711421550618,0.42728803347090416,0.43279450224338256,30,0.42990576396331925,0.007649169016581537,0.0013965408055171052,0.4271685439845057,0.4326429839421328,30,0.8093166666666666,0.15163962971087266,0.02768548193479185,0.7550531220744745,0.8635802112588586,30,0.8651138888888888,0.02527327161847877,0.004614246989131974,0.8560699647901902,0.8741578129875875,30,0.7143946964285717,0.003497175763786225,0.0006384940177953579,0.7131432481536928,0.7156461447034506,30,0.5443333333333332,0.08305776275594587,0.015164203412448002,0.5146114946449352,0.5740551720217313,30,0.010968107142857142,0.00027996309730932704,5.1114034555110765e-05,0.010867923635129124,0.01106829065058516,30,3636.4333333333334,372.3827918663279,67.9874850439797,3503.177862647133,3769.6888040195336,30,3636.4333333333334,372.3827918663279,67.9874850439797,3503.177862647133,3769.6888040195336,30,0.0,0.0,0.0,0.0,0.0,30,85.10143333333333,4.278207215430421,0.7810901991908684,83.57049654291923,86.63237012374744,30,3636.4333333333334,372.3827918663279,67.9874850439797,3503.177862647133,3769.6888040195336,30,0.0,0.0,0.0,0.0,0.0,30,166566.43333333332,8499.619166654522,1551.8110492599812,163524.88367678376,169607.98298988288,30,0.9666666666666667,0.319841914974746,0.05839487722243926,0.8522127073106858,1.0811206260226476,28,1092.1964285714287,185.96257784065818,35.143623866490884,1023.3149257931066,1161.0779313497508
0.7,0.7,0.95,graph_ppo,edge-graph,30,30,0.3021147208333336,0.0018725493912628533,0.000341879180545744,0.301444637639464,0.30278480402720326,30,0.30190744583333357,0.0018521726165771216,0.00033815890749755217,0.3012446543746384,0.30257023729202875,30,0.43159245833333376,0.002675070558947192,0.00048839882935111,0.4306351966278056,0.43254972003886194,30,0.4314504406335585,0.00264690620446895,0.00048325674526267514,0.4305032574128436,0.4323976238542733,30,0.8291000000000001,0.10817151132377215,0.01974932561048517,0.7903913218034492,0.8678086781965509,30,0.8618166666666667,0.018028585220628696,0.003291554268414196,0.8553652203005748,0.8682681130327585,30,0.7145234821428575,0.003395601538414842,0.0006199491862963512,0.7133083817377167,0.7157385825479984,30,0.5343666666666667,0.057469472155963444,0.01049244208924541,0.5138014801717457,0.5549318531615877,30,0.011003595238095238,0.00021668294127242813,3.9560711587158684e-05,0.010926056243384406,0.011081134232806069,30,3556.6666666666665,200.20185216225,36.55169016119291,3485.0253539507285,3628.3079793826046,30,3556.6666666666665,200.20185216225,36.55169016119291,3485.0253539507285,3628.3079793826046,30,0.0,0.0,0.0,0.0,0.0,30,85.61166666666666,3.7633718060503547,0.6870945434842454,84.26496136143754,86.95837197189579,30,3556.6666666666665,200.20185216225,36.55169016119291,3485.0253539507285,3628.3079793826046,30,0.0,0.0,0.0,0.0,0.0,30,167666.66666666666,7375.379173576297,1346.553847840516,165027.42112489924,170305.91220843408,30,1.0333333333333334,0.18257418583505536,0.03333333333333333,0.9680000000000001,1.0986666666666667,30,1124.25,219.73380251003084,40.11772009370973,1045.619268616329,1202.880731383671
0.7,0.7,0.95,node_mlp_ppo,node-mlp-matched,30,30,0.3007935750000002,0.005957881640647778,0.001087755389842892,0.29866157443590813,0.3029255755640923,30,0.30059432083333354,0.005913133046292163,0.0010795854516611524,0.29847833334807766,0.3027103083185894,30,0.4297051071428573,0.008511259486639468,0.0015539362712040923,0.42665939205129727,0.43275082223441735,30,0.42957387757532356,0.00845035090574035,0.001542815936636067,0.42654995833951687,0.43259779681113025,30,0.7970166666666666,0.19745691294878578,0.036050535119127966,0.7263576178331758,0.8676757155001574,30,0.867163888888889,0.032909485491464295,0.00600842251985466,0.8553873807499738,0.8789403970278041,30,0.7145893630952381,0.0033901025383517884,0.0006189452108369323,0.7133762304819977,0.7158024957084785,30,0.5535666666666667,0.10694437269241759,0.01952528177395887,0.5152971143897073,0.591836218943626,30,0.011000607142857142,0.0003285541787076144,5.9985511680247986e-05,0.010883035539963856,0.011118178745750428,30,3646.0,351.33243909240815,64.1442340247406,3520.2773013115084,3771.7226986884916,30,3646.0,351.33243909240815,64.1442340247406,3520.2773013115084,3771.7226986884916,30,0.0,0.0,0.0,0.0,0.0,30,85.21496666666667,5.192758671413513,0.9480636866712459,83.35676184079102,87.07317149254231,30,0.0,0.0,0.0,0.0,0.0,30,3646.0,351.33243909240815,64.1442340247406,3520.2773013115084,3771.7226986884916,30,166783.93333333332,10365.945577685628,1892.5540742564463,163074.5273477907,170493.33931887595,30,1.0333333333333334,0.41384099339733366,0.07555668243468872,0.8852422357613435,1.1814244309053232,28,1113.107142857143,201.2382205958188,38.030448998406634,1038.567462820266,1187.6468228940198
0.7,0.7,0.95,grid_cnn_ppo,grid-cnn-matched,30,30,0.3014916083333335,0.0029558668510789605,0.0005396649837725701,0.30043386496513924,0.30254935170152775,30,0.30130793333333344,0.002885619939655041,0.0005268397111119207,0.3002753274995541,0.3023405391671128,30,0.430702297619048,0.004222666930112627,0.0007709499768179254,0.42919123566448486,0.4322133595736111,30,0.430593688221983,0.0041237869805715146,0.0007528970505350455,0.4291180100029343,0.4320693664410317,30,0.7347,0.28901561823923444,0.05276679119364341,0.6312770892604589,0.8381229107395411,30,0.8775499999999999,0.04816926970653908,0.008794465198940568,0.8603128482100765,0.8947871517899234,30,0.7165830476190482,0.004001884390189879,0.0007306407843449342,0.7151509916817321,0.7180151035563643,30,0.5895833333333333,0.15431098712381577,0.028173202839534377,0.534363855767846,0.6448028108988207,30,0.011085648809523809,0.00018659613529259966,3.406763748101422e-05,0.011018876240061022,0.011152421378986596,30,3697.6666666666665,313.66117600578707,57.26643383732258,3585.424456345514,3809.908876987819,30,3672.6666666666665,324.4455571282028,59.235383440482565,3556.5653151233205,3788.7680182100125,30,25.0,17.274657539397076,3.153906535834822,18.81834318976375,31.18165681023625,30,87.79736666666666,3.5238574693605047,0.6433654084672727,86.5363704660708,89.05836286726252,30,57.333333333333336,33.01236271389891,6.027205244981633,45.520011053169334,69.14665561349733,30,3640.3333333333335,338.1563944781124,61.73862840675919,3519.3256216560853,3761.3410450105816,30,171897.06666666668,6886.819900377088,1257.3555363040039,169432.64981551084,174361.48351782252,30,0.9,0.40257789993644877,0.07350033231608352,0.7559393486604763,1.0440606513395236,26,1120.9807692307693,168.98606337619862,33.1408936415563,1056.024617693319,1185.9369207682196
0.7,0.7,1.0,baseline1_hdv,,30,30,0.301472729166667,0.00011477912673754913,2.095570561496667e-05,0.3014316559836617,0.30151380234967234,30,0.30136584166666697,0.00011461920149166939,2.0926507393405702e-05,0.3013248257121759,0.30140685762115804,30,0.43067532738095304,0.0001639701810535233,2.9936722307073636e-05,0.4306166514052312,0.4307340033566749,30,0.430676443968082,0.00016380021649389627,2.9905691165978918e-05,0.4306178288133967,0.4307350591227673,30,0.42755,0.008225643251232808,0.0015017901195634477,0.42460649136565565,0.4304935086343443,30,0.9287416666666667,0.00137094054187213,0.00025029835326057377,0.928251081894276,0.9292322514390574,30,0.7216673571428579,0.004007028408664515,0.0007315799493298612,0.7202334604421714,0.7231012538435444,30,0.7227833333333333,0.007086513822812995,0.0012938144916089483,0.7202474569297798,0.7253192097368869,30,0.010436309523809525,0.00015612605804435456,2.850458793508463e-05,0.010380440531456758,0.010492178516162291,30,0.0,0.0,0.0,0.0,0.0,30,0.0,0.0,0.0,0.0,0.0,30,0.0,0.0,0.0,0.0,0.0,30,0.0,0.0,0.0,0.0,0.0,0,,,,,,0,,,,,,0,,,,,,30,0.0,0.0,0.0,0.0,0.0,0,,,,,
0.7,0.7,1.0,baseline2_matched,,30,30,0.3024519000000002,0.000247695450082181,4.522279513380179e-05,0.30236326332153796,0.3025405366784625,30,0.30224137500000026,0.0002442244498337477,4.458908008941081e-05,0.302153980403025,0.3023287695969755,30,0.43207414285714324,0.0003538506429742144,6.460399304822804e-05,0.4319475190307687,0.43220076668351776,30,0.43192765273311745,0.00034901672001969296,6.372144350041691e-05,0.43180275870385665,0.43205254676237825,30,0.8421000000000001,0.024034242812832833,0.0043880323137149855,0.8334994566651187,0.8507005433348814,30,0.85965,0.004005707135472142,0.0007313387189524982,0.8582165761108531,0.8610834238891469,30,0.7187688630952386,0.0030149421654788633,0.0005504506112020823,0.7176899798972824,0.7198477462931947,30,0.4553333333333333,0.01683660489433116,0.00307392943080902,0.4493084316489476,0.461358235017719,30,0.011430714285714287,0.00020234396274058973,3.694278425600195e-05,0.011358306428572523,0.011503122142856051,30,3022.0,332.901559437414,60.779231177506155,2902.872706892088,3141.127293107912,30,3022.0,332.901559437414,60.779231177506155,2902.872706892088,3141.127293107912,30,0.0,0.0,0.0,0.0,0.0,30,0.0,0.0,0.0,0.0,0.0,0,,,,,,0,,,,,,0,,,,,,30,1.0,0.0,0.0,1.0,1.0,30,1164.1,51.61151301659417,9.422929968720043,1145.6310572613086,1182.5689427386912
0.7,0.7,1.0,noop,,30,30,0.3014633666666668,8.282736729482883e-05,1.5122139148714466e-05,0.3014337272739353,0.30149300605939827,30,0.3013545541666669,8.27039777436639e-05,1.5099611401869976e-05,0.30132495892831923,0.30138414940501457,30,0.4306619523809529,0.000118324810421174,2.160305592673312e-05,0.4306196103913365,0.4307042943705693,30,0.43066031320709613,0.00011819075061611252,2.157858006697081e-05,0.43061801919016485,0.4307026072240274,30,0.43524999999999997,0.009341924412247087,0.00170559424369864,0.43190703528235064,0.4385929647176493,30,0.9274583333333334,0.0015569874020411702,0.00028426570728310466,0.9269011725470585,0.9280154941196083,30,0.7223464107142866,0.004397028160521541,0.0008027838365010316,0.7207729543947446,0.7239198670338286,30,0.7375,0.008772016635989074,0.0016015437954472666,0.7343609741609234,0.7406390258390767,30,0.01006564880952381,0.0001671501295950949,3.0517298823048445e-05,0.010005834903830635,0.010125462715216986,30,0.0,0.0,0.0,0.0,0.0,30,0.0,0.0,0.0,0.0,0.0,30,0.0,0.0,0.0,0.0,0.0,30,116.01478333333333,0.4505524134868784,0.08225924006838604,115.85355522279929,116.17601144386737,30,0.0,0.0,0.0,0.0,0.0,30,0.0,0.0,0.0,0.0,0.0,30,232029.56666666668,901.1048269737557,164.5184801367719,231707.1104455986,232352.02288773475,30,0.0,0.0,0.0,0.0,0.0,0,,,,,
0.7,0.7,1.0,left_if_safe,,30,30,0.30196901250000036,0.003438097559715013,0.0006277078627864592,0.3007387050889389,0.3031993199110618,30,0.3015936833333336,0.0033957640246540977,0.0006199788520891928,0.3003785247832388,0.3028088418834284,30,0.43138430357142893,0.00491156794245021,0.0008967255182664052,0.42962672155562676,0.4331418855872311,30,0.4310020483506004,0.004852824615439825,0.0008860005031642418,0.4292654873643985,0.4327386093368023,30,1.5013166666666666,0.18584376471934017,0.03393027403615512,1.4348133295558025,1.5678200037775307,30,0.7497805555555555,0.030973960786556703,0.0056550456726925215,0.7386966660370781,0.7608644450740328,30,0.7018263392857137,0.0054733735394889025,0.0009992967177433216,0.6998677177189367,0.7037849608524906,30,0.3454166666666667,0.07985818068919742,0.01458004232159896,0.31683978371633276,0.37399354961700065,30,0.011475767857142856,0.00035470245082295376,6.475951117269955e-05,0.011348839215244365,0.011602696499041347,30,5346.733333333334,232.01901428224744,42.36068263083341,5263.7063953769,5429.760271289767,30,5346.733333333334,232.01901428224744,42.36068263083341,5263.7063953769,5429.760271289767,30,0.0,0.0,0.0,0.0,0.0,30,109.6488,4.289689649171242,0.7831865951825039,108.11375427344228,111.1838457265577,30,5346.733333333334,232.01901428224744,42.36068263083341,5263.7063953769,5429.760271289767,30,0.0,0.0,0.0,0.0,0.0,30,213950.86666666667,8553.088386490954,1561.5731485388533,210890.18329553053,217011.5500378028,30,2.6666666666666665,0.546672273590534,0.09980824526939039,2.4710425059386614,2.8622908273946717,30,693.2,187.38873786986179,34.212346251248626,626.1438013475528,760.2561986524473
0.7,0.7,1.0,graph_ppo,edge-graph,30,30,0.3022332708333336,0.003498844580697309,0.0006387987006842068,0.30098122537999256,0.3034853162866747,30,0.3018546583333336,0.0034592890190283227,0.0006315768762172434,0.3006167676559478,0.30309254901071936,30,0.4317618154761908,0.004998349400996019,0.0009125695724059849,0.4299731791142751,0.43355045183810653,30,0.4313750029772529,0.004943607029693657,0.0009025750285347759,0.4296059559213247,0.43314405003318107,30,1.51445,0.17800132457856638,0.032498446912493185,1.4507530440515135,1.5781469559484866,30,0.7475916666666667,0.02966688742976107,0.005416407818748865,0.7369755073419189,0.7582078259914145,30,0.7014654761904756,0.0049942520150177035,0.0009118214954969419,0.6996783060593016,0.7032526463216496,30,0.34158333333333335,0.07720350216879047,0.014095366552081852,0.3139564148912529,0.3692102517754138,30,0.011511607142857143,0.00033626768597748576,6.139379898997753e-05,0.011391275296836787,0.011631938988877499,30,5341.633333333333,243.44686927730154,44.447113952396485,5254.516989986636,5428.7496766800305,30,5341.633333333333,243.44686927730154,44.447113952396485,5254.516989986636,5428.7496766800305,30,0.0,0.0,0.0,0.0,0.0,30,110.03926666666666,4.129165645313443,0.7538790558711829,108.56166371715915,111.51686961617418,30,5341.633333333333,243.44686927730154,44.447113952396485,5254.516989986636,5428.7496766800305,30,0.0,0.0,0.0,0.0,0.0,30,214736.9,8254.562764794453,1507.0700762067108,211783.04265063483,217690.75734936516,30,2.6666666666666665,0.546672273590534,0.09980824526939039,2.4710425059386614,2.8622908273946717,30,687.2111111111111,205.91695650367006,37.59512068329007,613.5246745718625,760.8975476503597
0.7,0.7,1.0,node_mlp_ppo,node-mlp-matched,30,30,0.3011215250000002,0.006848219608516202,0.0012503081194445071,0.298670921085889,0.30357212891411145,30,0.3007598041666669,0.00677763187846956,0.0012374206221012968,0.2983344597473484,0.30318514858598544,30,0.43017360714285735,0.0097831708693087,0.0017861544563492668,0.4266727444084128,0.4336744698773019,30,0.4298103667976649,0.009685790465836846,0.001768375308469104,0.4263443511930654,0.43327638240226435,30,1.4468833333333333,0.2984663870445084,0.05449225761378164,1.3400785084103213,1.5536881582563453,30,0.7588527777777777,0.04974439784075141,0.009082042935630275,0.7410519736239424,0.776653581931613,30,0.7035035535714281,0.006946320722748557,0.001268218850504991,0.7010178446244384,0.7059892625184179,30,0.3754,0.12430658705879949,0.02269517392619475,0.3309174591046583,0.4198825408953417,30,0.01142892261904762,0.00044946397987109034,8.206052018714803e-05,0.011268083999480809,0.01158976123861443,30,5293.8,292.15824715265245,53.340554108892405,5189.252513946571,5398.34748605343,30,5293.8,292.15824715265245,53.340554108892405,5189.252513946571,5398.34748605343,30,0.0,0.0,0.0,0.0,0.0,30,109.14066666666666,7.527850679348967,1.374391208870006,106.44685989728146,111.83447343605187,30,0.0,0.0,0.0,0.0,0.0,30,5293.8,292.15824715265245,53.340554108892405,5189.252513946571,5398.34748605343,30,212987.53333333333,15053.684229389193,2748.414141998745,207600.64161501577,218374.42505165088,30,2.466666666666667,0.8193072487266861,0.14958435388503394,2.1734813330520004,2.759852000281333,28,664.6904761904761,64.33331277242866,12.157853329484391,640.8610836646867,688.5198687162656
0.7,0.7,1.0,grid_cnn_ppo,grid-cnn-matched,30,30,0.30301126250000016,0.0011103724878615145,0.00020272535294496092,0.302613920808228,0.3034086041917723,30,0.3026739250000002,0.001037663954432116,0.0001894506516508276,0.3023026017227646,0.3030452482772358,30,0.4328732321428575,0.0015862464112306764,0.00028960764706421915,0.43230560115461164,0.43344086313110336,30,0.4325458020721677,0.0014829066872915546,0.00027074048110161466,0.43201515072920854,0.43307645341512685,30,1.34935,0.3028656852069281,0.055295455894031065,1.2409709064476993,1.4577290935523008,30,0.7751083333333334,0.05047761420115467,0.009215909315671844,0.7570451510746166,0.7931715155920502,30,0.7066833273809517,0.0033126596941720926,0.0006048061466120733,0.7054979073335921,0.7078687474283114,30,0.418,0.12465905225993347,0.02275952497332697,0.3733913310522791,0.46260866894772085,30,0.011453107142857142,0.00020480349226355924,3.739183085619539e-05,0.011379819154378999,0.011526395131335285,30,4956.933333333333,345.4393437781589,63.06830694569316,4833.319451719774,5080.547214946892,30,4951.266666666666,344.86778409376996,62.96395490165971,4827.857315059413,5074.67601827392,30,5.666666666666667,3.4072269373052992,0.6220716840337842,4.44740616596045,6.885927167372884,30,111.16556666666666,3.1038565881078073,0.5666840895225557,110.05486585120245,112.27626748213088,30,15.933333333333334,5.638129631990243,1.029376927193119,13.91575455603482,17.950912110631847,30,4941.0,343.3760379646138,62.691600566656426,4818.124462889354,5063.875537110646,30,217374.2,5985.657549797539,1092.8265538417381,215232.2599544702,219516.1400455298,30,2.033333333333333,0.6149478998583782,0.11227361214762055,1.813277053523997,2.2533896131426694,29,743.551724137931,246.32494469675152,45.74139390690687,653.8985920803935,833.2048561954686
0.75,0.75,0.9,baseline1_hdv,,30,30,0.25126830833333325,7.073598415247114e-05,1.2914564715878798e-05,0.2512429957864901,0.25129362088017637,30,0.25118536666666663,7.052445110752309e-05,1.2875944242420196e-05,0.2511601298159515,0.2512106035173818,30,0.3350244111111104,9.431464553668513e-05,1.7219419621182127e-05,0.3349906610486529,0.33505816117356796,30,0.33502549738801857,9.406395612894243e-05,1.7173650206666032e-05,0.3349918370336135,0.3350591577424236,30,0.33176666666666665,0.01048211393964395,0.001913763418360779,0.32801569036667955,0.33551764296665376,30,0.9447055555555556,0.0017470189899406632,0.0003189605697267974,0.944080392838891,0.9453307182722201,30,0.7624365944444434,0.0025485834130330957,0.0004653055416672441,0.7615245955827756,0.7633485933061113,30,0.7634000000000001,0.0053729847866192055,0.0009809683229211402,0.7614773020870746,0.7653226979129255,30,0.008020288888888888,0.00010922099581090586,1.994093438627013e-05,0.0079812046574918,0.008059373120285977,30,0.0,0.0,0.0,0.0,0.0,30,0.0,0.0,0.0,0.0,0.0,30,0.0,0.0,0.0,0.0,0.0,30,0.0,0.0,0.0,0.0,0.0,0,,,,,,0,,,,,,0,,,,,,30,0.0,0.0,0.0,0.0,0.0,0,,,,,
0.75,0.75,0.9,baseline2_matched,,30,30,0.2517693499999998,0.0001376231086812565,2.512642701956975e-05,0.2517201022030414,0.25181859779695814,30,0.25162432083333314,0.00013498207369541296,2.4644242207267467e-05,0.2515760181186069,0.25167262354805936,30,0.3356924666666662,0.0001834974782419122,3.350190269280291e-05,0.3356268029373883,0.3357581303959441,30,0.3356109647660335,0.0001800361102971814,3.286994625841812e-05,0.33554653967136705,0.3356753898607,30,0.5801166666666667,0.023858665502081832,0.004355976429153513,0.5715789528655258,0.5886543804678076,30,0.9033138888888889,0.003976444250346973,0.0007259960715255857,0.9018909365886987,0.904736841189079,30,0.7619538222222213,0.003085656315344606,0.0005633611895408383,0.7608496342907213,0.7630580101537213,30,0.5984166666666667,0.016593041402603266,0.0030294610246076564,0.5924789230584357,0.6043544102748977,30,0.008575261111111112,0.00019199498957449734,3.50533289059738e-05,0.008506556586455404,0.008643965635766821,30,1795.7666666666667,200.35445888575154,36.579552209489165,1724.070744336068,1867.4625889972654,30,1795.7666666666667,200.35445888575154,36.579552209489165,1724.070744336068,1867.4625889972654,30,0.0,0.0,0.0,0.0,0.0,30,0.0,0.0,0.0,0.0,0.0,0,,,,,,0,,,,,,0,,,,,,30,1.0,0.0,0.0,1.0,1.0,30,1715.3666666666666,81.4084988079311,14.863090389912095,1686.2350095024387,1744.4983238308944
0.75,0.75,0.9,noop,,30,30,0.25124289166666663,5.7179435631994524e-05,1.0439488907019354e-05,0.2512224302684089,0.25126335306492437,30,0.2511587916666666,5.700193143026734e-05,1.0407081221906712e-05,0.25113839378747166,0.25117918954586155,30,0.33499052222222175,7.623924750928054e-05,1.3919318542684167e-05,0.3349632403578781,0.3350178040865654,30,0.33499005223963574,7.602791787968787e-05,1.3880735207618463e-05,0.3349628459986288,0.3350172584806427,30,0.33640000000000003,0.007039788398073841,0.0012852836352294002,0.3338808440749504,0.3389191559250497,30,0.9439333333333334,0.0011732980663456422,0.00021421393920490042,0.9435134740124917,0.944353192654175,30,0.7626829166666657,0.00250031088976915,0.0004564922250341254,0.7617881919055988,0.7635776414277325,30,0.7699,0.006050648298123618,0.001104692186804183,0.7677348033138638,0.7720651966861363,30,0.00774955,0.00011580646881064469,2.1143271757536187e-05,0.007708109187355229,0.007790990812644771,30,0.0,0.0,0.0,0.0,0.0,30,0.0,0.0,0.0,0.0,0.0,30,0.0,0.0,0.0,0.0,0.0,30,110.57011666666668,2.2923944216027508,0.41853204513694486,109.74979385819826,111.3904394751351,30,0.0,0.0,0.0,0.0,0.0,30,0.0,0.0,0.0,0.0,0.0,30,221140.23333333334,4584.788843205498,837.0640902738891,219499.58771639652,222780.87895027015,30,0.0,0.0,0.0,0.0,0.0,0,,,,,
0.75,0.75,0.9,left_if_safe,,30,30,0.24959983333333327,0.003340396808249845,0.000609870227632233,0.2484044876871741,0.25079517897949244,30,0.24950253333333325,0.0032872229298368293,0.0006001620500732845,0.24832621571518962,0.2506788509514769,30,0.33279977777777753,0.004453862410999711,0.000813160303509629,0.33120598358289866,0.3343935719726564,30,0.3327809714349231,0.004384425381576432,0.000800482894395869,0.33121202496190716,0.334349917907939,30,0.3892,0.21613049219203756,0.03945984864609105,0.3118586966536615,0.4665413033463385,30,0.9351333333333333,0.036021748698672924,0.006576641441015174,0.9222431161089435,0.948023550557723,30,0.7580870555555547,0.004294345263485084,0.0007840365901754156,0.7565503438388108,0.7596237672722985,30,0.7447,0.13601119375840434,0.024832132964894636,0.6960290193888066,0.7933709806111935,30,0.008203066666666666,0.0002047609231083507,3.73840588273415e-05,0.008129793911365077,0.008276339421968256,30,2617.8,630.6266943178086,115.13615528092625,2392.1331356493847,2843.4668643506157,30,2617.8,630.6266943178086,115.13615528092625,2392.1331356493847,2843.4668643506157,30,0.0,0.0,0.0,0.0,0.0,30,79.74501666666667,10.050014969523364,1.8348733006908469,76.14866499731261,83.34136833602074,30,2617.8,630.6266943178086,115.13615528092625,2392.1331356493847,2843.4668643506157,30,0.0,0.0,0.0,0.0,0.0,30,156872.23333333334,19506.65369362435,3561.411416479841,149891.86695703285,163852.59970963383,30,0.4666666666666667,0.5074162634049248,0.09264111117062016,0.28509008877225117,0.6482432445610822,14,1796.5714285714287,118.84942916643232,31.763846039603415,1734.314290333806,1858.8285668090514
0.75,0.75,0.9,graph_ppo,edge-graph,30,30,0.25001032916666666,0.003266435241009566,0.0005963667547102543,0.24884145032743457,0.25117920800589877,30,0.2499063791666666,0.003216555135739543,0.0005872599351012131,0.24875534969386823,0.25105740863946496,30,0.3333471055555553,0.004355246988012632,0.0007951556729469834,0.3317886004365792,0.3349056106745314,30,0.33331961209292,0.00429017023773236,0.0007832743382477716,0.3317843943899544,0.3348548297958856,30,0.4158,0.20296503011178024,0.037056175125645775,0.34316989675373427,0.48843010324626573,30,0.9307,0.03382750501863004,0.0061760291876076295,0.918594982792289,0.9428050172077109,30,0.7586930388888882,0.003921046296922533,0.0007158818352821901,0.7572899104917351,0.7600961672860412,30,0.7277166666666666,0.12795841750035594,0.023361903895869587,0.6819273350307622,0.7735059983025709,30,0.008227511111111111,0.00018012811497187378,3.288674393699311e-05,0.008163053092994605,0.008291969129227618,30,2495.633333333333,609.2803263621386,111.23885953088427,2277.6051686528,2713.6614980138665,30,2495.633333333333,609.2803263621386,111.23885953088427,2277.6051686528,2713.6614980138665,30,0.0,0.0,0.0,0.0,0.0,30,77.64720000000001,8.792414341841535,1.6052678899861825,74.5008749356271,80.79352506437293,30,2495.633333333333,609.2803263621386,111.23885953088427,2277.6051686528,2713.6614980138665,30,0.0,0.0,0.0,0.0,0.0,30,152798.76666666666,17025.553645731412,3108.4265952604715,146706.25053995615,158891.28279337718,30,0.5333333333333333,0.5074162634049248,0.09264111117062016,0.3517567554389178,0.7149099112277488,16,1829.875,117.82578948034538,29.456447370086345,1772.1403631546307,1887.6096368453693
0.75,0.75,0.9,node_mlp_ppo,node-mlp-matched,30,30,0.25059967083333334,0.0025329353570806624,0.00046244861059182717,0.24969327155657337,0.25150607011009335,30,0.2504889291666667,0.0024928887726586688,0.00045513713804550687,0.24959686037609752,0.2513809979572359,30,0.33413289444444416,0.0033772471427743127,0.0006165981474557872,0.3329243620754308,0.3353414268134575,30,0.3340966044236969,0.0033249600168841716,0.0006070518680167396,0.33290678276238406,0.3352864260850097,30,0.4429666666666667,0.16492511013797442,0.030111067707197518,0.38394897396055955,0.5019843593727739,30,0.9261722222222222,0.027487518356329073,0.00501851128453292,0.9163359401045377,0.9360085043399067,30,0.758584477777777,0.00423313150001516,0.0007728605371479945,0.7570696711249669,0.7600992844305872,30,0.7099,0.10280777174433109,0.018770045223737458,0.6731107113614746,0.7466892886385254,30,0.00818965,0.00017468484128265488,3.1892942674906585e-05,0.008127139832357183,0.008252160167642816,30,2444.6666666666665,466.01867162040895,85.08297955503019,2277.9040267388073,2611.4293065945258,30,2444.6666666666665,466.01867162040895,85.08297955503019,2277.9040267388073,2611.4293065945258,30,0.0,0.0,0.0,0.0,0.0,30,76.51039999999999,8.77116179580994,1.601387723697542,73.37168006155281,79.64911993844717,30,0.0,0.0,0.0,0.0,0.0,30,2444.6666666666665,466.01867162040895,85.08297955503019,2277.9040267388073,2611.4293065945258,30,150576.13333333333,17143.314146122495,3129.926622742902,144441.47715275723,156710.78951390943,30,0.4,0.49827287912243984,0.09097176522946841,0.22169534015024195,0.5783046598497581,12,1800.6666666666667,133.7122645719894,38.599405972296275,1725.011830960966,1876.3215023723674
0.75,0.75,0.9,grid_cnn_ppo,grid-cnn-matched,30,30,0.25104911249999984,0.0014133704078759487,0.00025804495150131147,0.25054334439505727,0.2515548806049424,30,0.2509365083333332,0.0013731437128639166,0.0002507005954106546,0.2504451351663283,0.25142788150033807,30,0.3347321499999996,0.00188449387716807,0.00034405993533510724,0.3340577925267428,0.33540650747325645,30,0.3346935756363235,0.0018314687734099207,0.0003343789201876438,0.3340381929527557,0.3353489583198913,30,0.45041666666666663,0.16769333069898618,0.030616473322336097,0.3904083789548879,0.5104249543784454,30,0.9249305555555555,0.027948888449831025,0.005102745553722682,0.914929174270259,0.934931936840852,30,0.7604729444444437,0.005437010936535814,0.0009926578451143182,0.7585273350680196,0.7624185538208678,30,0.7063,0.10154730509675672,0.018539916551784327,0.6699617635585028,0.7426382364414973,30,0.008290222222222221,0.00018635499089347392,3.402361073867516e-05,0.008223535945174418,0.008356908499270024,30,2364.5666666666666,349.6565490575725,63.83825976608139,2239.443677525147,2489.689655808186,30,2332.0333333333333,361.93602819524216,66.08017567211998,2202.516189015978,2461.5504776506887,30,32.53333333333333,25.7571327025636,4.702587532616028,23.31626176940592,41.750404897260744,30,79.0785,11.538292369772263,2.1065943353380026,74.94957510273753,83.20742489726248,30,70.93333333333334,45.24868703245343,8.261242195055413,54.74129863102473,87.12536803564194,30,2293.633333333333,379.2973070382082,69.24989702192988,2157.9035351703506,2429.363131496316,30,155792.43333333332,22756.565203040416,4154.761364347455,147649.10105921232,163935.76560745432,30,0.6,0.49827287912243984,0.09097176522946841,0.4216953401502419,0.778304659849758,18,1795.8333333333333,121.34600504827701,28.60152767984457,1739.774339080838,1851.8923275858285
0.75,0.75,0.95,baseline1_hdv,,30,30,0.25126830833333325,7.073598415247114e-05,1.2914564715878798e-05,0.2512429957864901,0.25129362088017637,30,0.25118536666666663,7.052445110752309e-05,1.2875944242420196e-05,0.2511601298159515,0.2512106035173818,30,0.3350244111111104,9.431464553668513e-05,1.7219419621182127e-05,0.3349906610486529,0.33505816117356796,30,0.33502549738801857,9.406395612894243e-05,1.7173650206666032e-05,0.3349918370336135,0.3350591577424236,30,0.33176666666666665,0.01048211393964395,0.001913763418360779,0.32801569036667955,0.33551764296665376,30,0.9447055555555556,0.0017470189899406632,0.0003189605697267974,0.944080392838891,0.9453307182722201,30,0.7624365944444434,0.0025485834130330957,0.0004653055416672441,0.7615245955827756,0.7633485933061113,30,0.7634000000000001,0.0053729847866192055,0.0009809683229211402,0.7614773020870746,0.7653226979129255,30,0.008020288888888888,0.00010922099581090586,1.994093438627013e-05,0.0079812046574918,0.008059373120285977,30,0.0,0.0,0.0,0.0,0.0,30,0.0,0.0,0.0,0.0,0.0,30,0.0,0.0,0.0,0.0,0.0,30,0.0,0.0,0.0,0.0,0.0,0,,,,,,0,,,,,,0,,,,,,30,0.0,0.0,0.0,0.0,0.0,0,,,,,
0.75,0.75,0.95,baseline2_matched,,30,30,0.2517575416666665,0.0001426197218393308,2.6038679598837885e-05,0.25170650585465276,0.2518085774786802,30,0.25160746666666656,0.0001391395856025451,2.540329655881166e-05,0.2515576762054113,0.2516572571279218,30,0.3356767222222217,0.00019015962911889076,3.471823946507757e-05,0.3356086744728702,0.33574476997157326,30,0.33558848505057276,0.00018558130790585382,3.3882356197115984e-05,0.3355220756324264,0.3356548944687191,30,0.6003000000000001,0.025626494910137642,0.004678736444024571,0.5911296765697119,0.6094703234302882,30,0.89995,0.004271082485022948,0.0007797894073374298,0.8984216127616187,0.9014783872383814,30,0.7619860611111098,0.0023464257996994326,0.0004283967800024926,0.7611464034223049,0.7628257187999147,30,0.5872166666666666,0.020909774703734122,0.0038175850925286936,0.5797341998853104,0.5946991334480228,30,0.008581150000000001,0.00015379628605842195,2.8079231711571663e-05,0.008526114705845321,0.00863618529415468,30,1897.6,267.17701738864,48.77962642356938,1801.991932209804,1993.2080677901959,30,1897.6,267.17701738864,48.77962642356938,1801.991932209804,1993.2080677901959,30,0.0,0.0,0.0,0.0,0.0,30,0.0,0.0,0.0,0.0,0.0,0,,,,,,0,,,,,,0,,,,,,30,1.0,0.0,0.0,1.0,1.0,30,1653.7333333333333,88.59786458597861,16.17568299350953,1622.0289946660546,1685.437672000612
0.75,0.75,0.95,noop,,30,30,0.25123535833333327,7.009428481957339e-05,1.2797406982624091e-05,0.25121027541564733,0.2512604412510192,30,0.2511514333333333,6.943745428419188e-05,1.267748668239521e-05,0.2511265854594358,0.2511762812072308,30,0.33498047777777723,9.345904642604229e-05,1.7063209310155314e-05,0.33494703388752933,0.3350139216680251,30,0.3349802378570637,9.261414376013542e-05,1.6908951893817497e-05,0.33494709631135183,0.3350133794027756,30,0.3357,0.008641918688618262,0.0015777912686272286,0.3326075291134906,0.3387924708865094,30,0.9440500000000001,0.0014403197814363746,0.000262965211437871,0.9435345881855818,0.9445654118144183,30,0.7619489777777771,0.002854425737460736,0.0005211444550435214,0.7609275346458918,0.7629704209096625,30,0.7715833333333334,0.00561107791803846,0.0010244379825429294,0.7695754348875492,0.7735912317791176,30,0.007739472222222222,0.00014168433347132382,2.586790182910943e-05,0.007688771134637167,0.007790173309807277,30,0.0,0.0,0.0,0.0,0.0,30,0.0,0.0,0.0,0.0,0.0,30,0.0,0.0,0.0,0.0,0.0,30,116.71708333333332,2.001519233686274,0.36542574452347537,116.00084887406732,117.43331779259933,30,0.0,0.0,0.0,0.0,0.0,30,0.0,0.0,0.0,0.0,0.0,30,233434.16666666666,4003.0384673725493,730.8514890469511,232001.69774813464,234866.63558519867,30,0.0,0.0,0.0,0.0,0.0,0,,,,,
0.75,0.75,0.95,left_if_safe,,30,30,0.24961737916666668,0.00418150583600626,0.0007634350235733755,0.24812104652046285,0.2511137118128705,30,0.24948272916666664,0.004111396231723077,0.0007506348196521554,0.2480114849201484,0.25095397341318487,30,0.33282317222222196,0.005575341114674918,0.0010179133647644832,0.3308280620272836,0.33481828241716033,30,0.33275455707458046,0.005483689538810639,0.0010011801529205627,0.3307922439748562,0.33471687017430474,30,0.5386000000000001,0.28674809923309535,0.05235280075723205,0.43598851051582527,0.641211489484175,30,0.9102333333333333,0.047791349872182566,0.008725466792872009,0.8931314184193042,0.9273352482473625,30,0.7569863222222215,0.0025098595883288857,0.00045823557089945356,0.7560881805032585,0.7578844639411845,30,0.6706833333333333,0.16980346059455048,0.03100172857002496,0.6099199453360844,0.7314467213305822,30,0.008279894444444444,0.00016787420876379885,3.064949698775469e-05,0.008219821430348445,0.008339967458540444,30,3174.4,483.6329899474572,88.29889938263051,3001.3341572100444,3347.465842789956,30,3174.4,483.6329899474572,88.29889938263051,3001.3341572100444,3347.465842789956,30,0.0,0.0,0.0,0.0,0.0,30,92.38788333333333,4.793900394724554,0.875242461541186,90.67240810871262,94.10335855795405,30,3174.4,483.6329899474572,88.29889938263051,3001.3341572100444,3347.465842789956,30,0.0,0.0,0.0,0.0,0.0,30,181601.36666666667,9586.588550330787,1750.263599512307,178170.85001162253,185031.8833217108,30,0.7666666666666667,0.4301830671520763,0.07854032324531729,0.6127276331058449,0.9206057002274886,23,1363.5652173913043,186.84651603216926,38.960191809053605,1287.2032414455591,1439.9271933370494
0.75,0.75,0.95,graph_ppo,edge-graph,30,30,0.2496244708333334,0.004070238737872558,0.0007431205237213856,0.24816795460683946,0.2510809870598273,30,0.24949204583333331,0.0040029113337661775,0.0007308282777322754,0.24805962240897805,0.2509244692576886,30,0.3328326277777775,0.005426984983829907,0.0009908273649618163,0.33089060614245236,0.33477464941310264,30,0.33276698343892425,0.005338994776614001,0.0009747626245179146,0.33085644869486913,0.33467751818297936,30,0.5297,0.27737142408069315,0.050640861925442426,0.4304439106261328,0.628956089373867,30,0.9117166666666667,0.04622857068011553,0.008440143654240406,0.8951739851043555,0.9282593482289779,30,0.7569497277777769,0.0024789770177561427,0.00045259721072064135,0.7560626372447644,0.7578368183107894,30,0.6739999999999999,0.16467056978016484,0.03006459520860827,0.6150733933911278,0.7329266066088721,30,0.00826755,0.00019948996340188216,3.642171765036363e-05,0.008196163433405287,0.008338936566594714,30,3156.9,488.4304454065082,89.1747909071467,2982.1174098219926,3331.6825901780076,30,3156.9,488.4304454065082,89.1747909071467,2982.1174098219926,3331.6825901780076,30,0.0,0.0,0.0,0.0,0.0,30,91.80451666666666,4.1992130676644255,0.7666679069767578,90.30184756899222,93.3071857643411,30,3156.9,488.4304454065082,89.1747909071467,2982.1174098219926,3331.6825901780076,30,0.0,0.0,0.0,0.0,0.0,30,180452.13333333333,8354.31148541891,1525.2816176628096,177462.58136271423,183441.68530395243,30,0.7333333333333333,0.4497764451088036,0.08211756827352529,0.5723828995172238,0.8942837671494428,22,1379.2272727272727,200.96740598514543,42.8463949201618,1295.2483386837557,1463.2062067707898
0.75,0.75,0.95,node_mlp_ppo,node-mlp-matched,30,30,0.2501369624999999,0.003767775792789297,0.0006878985977775362,0.24878868124835593,0.2514852437516439,30,0.24999397083333325,0.0037043195854640065,0.0006763131323889407,0.2486683970938509,0.2513195445728156,30,0.33351594999999984,0.005023701057052385,0.0009171981303700462,0.33171824166447456,0.3353136583355251,30,0.3334364399244194,0.004940739693850425,0.000902051527027682,0.33166841893144516,0.33520446091739364,30,0.5719666666666666,0.26073718216035,0.047603878749852425,0.4786630643169559,0.6652702690163774,30,0.9046722222222222,0.04345619702672499,0.007933979791642069,0.8891216218306037,0.9202228226138407,30,0.7563857944444436,0.002306721591218128,0.00042114781646479315,0.7555603447241727,0.7572112441647146,30,0.64925,0.15431700187913683,0.028174300978590115,0.5940283700819634,0.7044716299180366,30,0.008255922222222222,0.00016542552081653004,3.0202429779417976e-05,0.008196725459854563,0.008315118984589882,30,3132.4666666666667,443.6964427774166,81.00751679799707,2973.6919337425925,3291.241399590741,30,3132.4666666666667,443.6964427774166,81.00751679799707,2973.6919337425925,3291.241399590741,30,0.0,0.0,0.0,0.0,0.0,30,92.83641666666668,3.8839389091118095,0.7091069841641817,91.44656697770488,94.22626635562848,30,0.0,0.0,0.0,0.0,0.0,30,3132.4666666666667,443.6964427774166,81.00751679799707,2973.6919337425925,3291.241399590741,30,182540.36666666667,7815.667701453295,1426.9391673501739,179743.56589866034,185337.167434673,30,0.8,0.4068381021724862,0.07427813527082075,0.6544148548691914,0.9455851451308087,24,1385.5416666666667,199.8064235305211,40.78531541501691,1305.6024484532336,1465.4808848801
0.75,0.75,0.95,grid_cnn_ppo,grid-cnn-matched,30,30,0.25135126249999984,0.0014729766079817556,0.0002689275049563506,0.2508241645902854,0.2518783604097143,30,0.25119398333333326,0.0014183817616955736,0.00025895989534486087,0.2506864219384573,0.2517015447282092,30,0.33513501666666634,0.001963968810642401,0.00035857000660847836,0.3344322194537137,0.335837813879619,30,0.33503699010781396,0.0018918062843555142,0.00034539499212384923,0.3343600159232512,0.3357139642923767,30,0.6291166666666667,0.2308086116891765,0.04213969436287084,0.5465228657154398,0.7117104676178935,30,0.8951472222222222,0.038468101948196075,0.007023282393811806,0.8813815887303511,0.9089128557140933,30,0.758503516666666,0.004090858827794318,0.0007468852198506965,0.7570396216357587,0.7599674116975734,30,0.62045,0.1287037730872586,0.02349798658530595,0.5743939462928003,0.6665060537071996,30,0.008374655555555556,0.00021036084639504778,3.840646026214899e-05,0.008299378893441744,0.008449932217669369,30,2978.3,174.80770716063586,31.91537481254587,2915.7458653674103,3040.85413463259,30,2969.3,180.61487890746605,32.97561446622773,2904.667795646194,3033.9322043538064,30,9.0,8.44862771962569,1.542501327334141,5.976697398425084,12.023302601574915,30,97.86193333333334,5.008235993966775,0.9143746090683031,96.06975909955946,99.65410756710722,30,20.866666666666667,18.305328663295406,3.342080477144261,14.316188931463916,27.417144401869418,30,2957.4333333333334,188.84087140405722,34.477468348978135,2889.8574953693364,3025.0091712973303,30,192745.56666666668,9868.872596350026,1801.801379388495,189214.03596306522,196277.09737026814,30,0.8333333333333334,0.3790490217894517,0.06920456654478331,0.6976923829055581,0.9689742837611086,25,1321.72,276.75327760781204,55.35065552156241,1213.2327151777376,1430.2072848222624
0.75,0.75,1.0,baseline1_hdv,,30,30,0.25126830833333325,7.073598415247114e-05,1.2914564715878798e-05,0.2512429957864901,0.25129362088017637,30,0.25118536666666663,7.052445110752309e-05,1.2875944242420196e-05,0.2511601298159515,0.2512106035173818,30,0.3350244111111104,9.431464553668513e-05,1.7219419621182127e-05,0.3349906610486529,0.33505816117356796,30,0.33502549738801857,9.406395612894243e-05,1.7173650206666032e-05,0.3349918370336135,0.3350591577424236,30,0.33176666666666665,0.01048211393964395,0.001913763418360779,0.32801569036667955,0.33551764296665376,30,0.9447055555555556,0.0017470189899406632,0.0003189605697267974,0.944080392838891,0.9453307182722201,30,0.7624365944444434,0.0025485834130330957,0.0004653055416672441,0.7615245955827756,0.7633485933061113,30,0.7634000000000001,0.0053729847866192055,0.0009809683229211402,0.7614773020870746,0.7653226979129255,30,0.008020288888888888,0.00010922099581090586,1.994093438627013e-05,0.0079812046574918,0.008059373120285977,30,0.0,0.0,0.0,0.0,0.0,30,0.0,0.0,0.0,0.0,0.0,30,0.0,0.0,0.0,0.0,0.0,30,0.0,0.0,0.0,0.0,0.0,0,,,,,,0,,,,,,0,,,,,,30,0.0,0.0,0.0,0.0,0.0,0,,,,,
0.75,0.75,1.0,baseline2_matched,,30,30,0.2518999916666666,0.00022357811962415663,4.081959316091301e-05,0.25181998526407123,0.25197999806926197,30,0.25172337083333324,0.00021321988226530013,3.892844640843353e-05,0.2516470710783727,0.2517996705882938,30,0.3358666555555552,0.0002981041594990042,5.4426124214574184e-05,0.33575998035209464,0.3359733307590158,30,0.33574307546960114,0.0002843879723446249,5.1921902512102134e-05,0.3356413085406774,0.33584484239852486,30,0.7064833333333334,0.05254956335875116,0.00959419374621165,0.6876787135907585,0.7252879530759082,30,0.8822527777777778,0.008758260559791864,0.001599032291035276,0.8791186744873486,0.885386881068207,30,0.7594335388888879,0.0028479165678041013,0.0005199560486929991,0.7584144250334496,0.7604526527443262,30,0.5141166666666667,0.03588311564657879,0.006551330624399259,0.5012760586428441,0.5269572746904893,30,0.008739833333333334,0.0002630430780680995,4.802487581783017e-05,0.008645704576730386,0.008833962089936281,30,2563.866666666667,509.51665624246846,93.02458868286845,2381.5384728482445,2746.194860485089,30,2563.866666666667,509.51665624246846,93.02458868286845,2381.5384728482445,2746.194860485089,30,0.0,0.0,0.0,0.0,0.0,30,0.0,0.0,0.0,0.0,0.0,0,,,,,,0,,,,,,0,,,,,,30,1.0,0.0,0.0,1.0,1.0,30,1398.5666666666666,135.61728181333226,24.760214812232398,1350.036645634691,1447.0966876986422
0.75,0.75,1.0,noop,,30,30,0.25122822083333324,6.271093442687289e-05,1.1449397795941862e-05,0.2512057800136532,0.2512506616530133,30,0.2511438791666666,6.28517642619074e-05,1.1475109688414572e-05,0.25112138795167727,0.2511663703816559,30,0.3349709611111106,8.361457923586015e-05,1.5265863727927895e-05,0.33494104001820385,0.3350008822040173,30,0.3349701622763146,8.383029578122562e-05,1.5305248000569144e-05,0.33494016399023346,0.33500016056239573,30,0.3373666666666667,0.009578112020907734,0.0017487160040541862,0.3339391832987205,0.3407941500346129,30,0.9437722222222222,0.00159635200348463,0.0002914526673423658,0.9432009749942312,0.9443434694502133,30,0.7621265388888881,0.0026852943704028767,0.0004902654334037628,0.7611656186394168,0.7630874591383595,30,0.7718666666666666,0.007589617832972535,0.0013856682966541778,0.7691507568052244,0.7745825765281088,30,0.007698183333333333,0.00014031555399700554,2.5617998030998037e-05,0.007647972057192577,0.007748394609474089,30,0.0,0.0,0.0,0.0,0.0,30,0.0,0.0,0.0,0.0,0.0,30,0.0,0.0,0.0,0.0,0.0,30,123.09411666666666,0.22245688010431922,0.040614883768452605,123.0145114944805,123.17372183885283,30,0.0,0.0,0.0,0.0,0.0,30,0.0,0.0,0.0,0.0,0.0,30,246188.23333333334,444.913760208637,81.22976753690494,246029.022988961,246347.44367770568,30,0.0,0.0,0.0,0.0,0.0,0,,,,,
0.75,0.75,1.0,left_if_safe,,30,30,0.24880883749999996,0.005215721451004638,0.0009522560974596053,0.24694241554897914,0.2506752594510208,30,0.24856007083333329,0.005065826766300372,0.0009248891974387218,0.2467472880063534,0.2503728536603132,30,0.3317451166666667,0.006954295268006104,0.0012696747966127926,0.3292565540653056,0.3342336792680278,30,0.33152393575636363,0.006756687917706851,0.001233596795516884,0.3291060860371505,0.33394178547557674,30,0.9950666666666667,0.6069344356645142,0.11081056044670748,0.77787796819112,1.2122553651422132,30,0.8341555555555555,0.10115573927741903,0.01846842674111791,0.7979574391429645,0.8703536719681466,30,0.7478542555555555,0.005654050466153806,0.0010322836605283466,0.7458309795809199,0.7498775315301911,30,0.47236666666666666,0.31644594061756165,0.057774859969059594,0.35912794112730984,0.5856053922060235,30,0.00835598888888889,0.00022173269664434912,4.048266656285336e-05,0.008276642862425698,0.008435334915352082,30,4459.633333333333,191.22986408911194,34.913636743417904,4391.202605316234,4528.064061350432,30,4459.633333333333,191.22986408911194,34.913636743417904,4391.202605316234,4528.064061350432,30,0.0,0.0,0.0,0.0,0.0,30,110.2068,13.21990641862647,2.4136136511963504,105.47611724365515,114.93748275634485,30,4459.633333333333,191.22986408911194,34.913636743417904,4391.202605316234,4528.064061350432,30,0.0,0.0,0.0,0.0,0.0,30,215953.96666666667,26348.33901521915,4810.526543809661,206525.33464079973,225382.59869253362,30,1.4333333333333333,0.8976341829703132,0.16388483013352004,1.112119066271634,1.7545476003950327,22,758.3409090909091,149.60442971252687,31.895771584683295,695.8251967849299,820.8566213968884
0.75,0.75,1.0,graph_ppo,edge-graph,30,30,0.2487836249999999,0.005168095609348661,0.0009435608481945561,0.24693424573753855,0.2506330042624612,30,0.24853899583333325,0.005021420922434281,0.0009167818366485516,0.24674210343350209,0.2503358882331644,30,0.3317115,0.006890794145798161,0.0012580811309260652,0.3292456609833849,0.33417733901661506,30,0.3314958263865736,0.006697460383373831,0.001222783376657015,0.32909917096832586,0.33389248180482134,30,0.9785166666666666,0.5946378278114904,0.1085655172794087,0.7657282527990256,1.1913050805343077,30,0.8369138888888888,0.09910630463524842,0.018094252879901452,0.801449153244282,0.8723786245334957,30,0.7481531555555557,0.005661383547702793,0.0010336224919218148,0.7461272554713889,0.7501790556397225,30,0.4841833333333333,0.3096695258334037,0.05653766155696132,0.3733695166816891,0.5949971499849775,30,0.008340233333333334,0.00024066656159452593,4.393950154084278e-05,0.008254111910313283,0.008426354756353385,30,4445.866666666667,181.7925557698481,33.19062786055391,4380.813036059981,4510.920297273353,30,4445.866666666667,181.7925557698481,33.19062786055391,4380.813036059981,4510.920297273353,30,0.0,0.0,0.0,0.0,0.0,30,110.08655,13.379458777486041,2.4427437932131992,105.29877216530213,114.87432783469788,30,4445.866666666667,181.7925557698481,33.19062786055391,4380.813036059981,4510.920297273353,30,0.0,0.0,0.0,0.0,0.0,30,215727.23333333334,26689.712501756865,4872.852530179958,206176.44237418062,225278.02429248605,30,1.4333333333333333,0.8976341829703132,0.16388483013352004,1.112119066271634,1.7545476003950327,22,775.9772727272727,154.4212295169972,32.922716753537934,711.4487478903384,840.5057975642071
0.75,0.75,1.0,node_mlp_ppo,node-mlp-matched,30,30,0.24991517083333326,0.004340522763000188,0.0007924674095532842,0.24836193471060883,0.2514684069560577,30,0.2496351625,0.004213837036247177,0.000769337866134431,0.24812726028237653,0.2511430647176235,30,0.3332202277777777,0.0057873636840002456,0.0010566232127377116,0.33114924628081177,0.33529120927474365,30,0.33295786928976334,0.0056203228226041,0.0010261258634671239,0.33094666259736777,0.3349690759821589,30,1.1200333333333332,0.5226009543344371,0.0954134437542328,0.933022983575037,1.3070436830916294,30,0.8133277777777778,0.0871001590557395,0.015902240625705465,0.782159386151395,0.8444961694041605,30,0.7467226388888892,0.004942048968384056,0.0009022905667596943,0.7449541493780403,0.7484911283997382,30,0.41095,0.2713492262495084,0.049541364059476234,0.31384892644342655,0.5080510735565734,30,0.008382044444444443,0.0002246908857189352,4.1022755524692065e-05,0.008301639843616046,0.00846244904527284,30,4474.766666666666,224.41720435206256,40.972788371957066,4394.460001457631,4555.073331875702,30,4474.766666666666,224.41720435206256,40.972788371957066,4394.460001457631,4555.073331875702,30,0.0,0.0,0.0,0.0,0.0,30,113.14046666666667,11.100880234540377,2.026734170873668,109.16806769175427,117.11286564157906,30,0.0,0.0,0.0,0.0,0.0,30,4474.766666666666,224.41720435206256,40.972788371957066,4394.460001457631,4555.073331875702,30,221806.16666666666,22134.388550138578,4041.1679684983224,213885.47744840995,229726.85588492337,30,1.6,0.7701320979389589,0.14060624076664854,1.3244117680973688,1.8755882319026314,25,785.02,205.24104121739396,41.04820824347879,704.5655118427816,865.4744881572184
0.75,0.75,1.0,grid_cnn_ppo,grid-cnn-matched,30,30,0.2520491249999999,0.0005980278688292769,0.0001091844512581785,0.25183512347553383,0.2522631265244659,30,0.2517800374999999,0.0005227906489806609,9.544807709982438e-05,0.25159295926888425,0.2519671157311155,30,0.3360654999999999,0.0007973704917724639,0.00014557926834425533,0.33578016463404514,0.33635083536595467,30,0.33581865621873985,0.0006972866275167256,0.00012730653831253768,0.3355691354036473,0.3360681770338324,30,1.0763500000000001,0.33459948136695383,0.06108922789140338,0.9566151133328495,1.1960848866671507,30,0.8206083333333333,0.05576658022782565,0.010181537981900565,0.8006525188888082,0.8405641477778584,30,0.7503188000000003,0.002414002835231277,0.0004407346022458657,0.7494549601795983,0.7511826398204022,30,0.43723333333333336,0.16321187484969965,0.029798275169296864,0.3788287140015115,0.4956379526651552,30,0.0084231,0.0001934366529314392,3.531653941961569e-05,0.008353879582737552,0.008492320417262446,30,3960.4333333333334,408.54921480715177,74.59054026696688,3814.2358744100784,4106.630792256588,30,3959.633333333333,408.1410746073093,74.51602440227408,3813.581925504876,4105.68474116179,30,0.8,1.2429109325317307,0.22692345157247015,0.35523003491795857,1.2447699650820416,30,118.91931666666666,1.9657803157302804,0.358900740675034,118.21587121494359,119.62276211838973,30,3.5,1.9608231909600866,0.3579956976560331,2.7983284325941753,4.201671567405825,30,3956.9333333333334,407.8640690850013,74.46545034456689,3810.9810506579825,4102.885616008684,30,233878.2,3613.3159038049325,659.6982093020428,232585.19150976802,235171.208490232,30,1.6666666666666667,0.6608945522512667,0.12066228480009848,1.4301685884584736,1.9031647448748599,27,924.8518518518518,317.5160448645686,61.10599132486132,805.0841088551236,1044.61959484858
0.8,0.8,0.9,baseline1_hdv,,30,30,0.20099177083333328,5.4694942432880144e-05,9.985884583978315e-06,0.20097219849954867,0.20101134316711788,30,0.20092890833333332,5.409080939423436e-05,9.875585486311503e-06,0.20090955218578016,0.20094826448088648,30,0.2512397135416667,6.836867804098041e-05,1.2482355729951027e-05,0.25121524812443596,0.2512641789588974,30,0.25123964780660646,6.763464757007188e-05,1.2348340714346779e-05,0.25121544505880633,0.2512638505544066,30,0.25145,0.00691743175383506,0.0012629444705259953,0.24897462883776905,0.25392537116223096,30,0.9580916666666667,0.0011529052923058422,0.00021049074508766566,0.9576791048062948,0.9585042285270385,30,0.8052264583333332,0.002659441726040033,0.0004855454079075334,0.8042747893338345,0.8061781273328319,30,0.8047666666666667,0.005848273151159629,0.001067743709113983,0.8026738889968034,0.8068594443365301,30,0.005554640625,0.00012570735440448156,2.2950917883876984e-05,0.005509656825947601,0.005599624424052399,30,0.0,0.0,0.0,0.0,0.0,30,0.0,0.0,0.0,0.0,0.0,30,0.0,0.0,0.0,0.0,0.0,30,0.0,0.0,0.0,0.0,0.0,0,,,,,,0,,,,,,0,,,,,,30,0.0,0.0,0.0,0.0,0.0,0,,,,,
0.8,0.8,0.9,baseline2_matched,,30,30,0.20134976666666665,8.811041841537045e-05,1.6086687905772328e-05,0.20131823675837135,0.20138129657496195,30,0.2012386791666666,8.399439176767812e-05,1.533520769169451e-05,0.20120862215959087,0.20126873617374233,30,0.2516872083333334,0.00011013802301929095,2.0108359882229633e-05,0.2516477959479642,0.2517266207187026,30,0.2516269823903305,0.00010502581027532683,1.917500180268479e-05,0.25158939938679725,0.2516645653938637,30,0.44435,0.025983466228380298,0.0047439101918191895,0.4350519360240344,0.45364806397596563,30,0.9259416666666667,0.004330577704730052,0.0007906516986365319,0.924391989337339,0.9274913439959943,30,0.8050499218750001,0.0026353434089440102,0.000481145677283732,0.804106876347524,0.8059929674024763,30,0.67375,0.018356972742689957,0.0033515093528929223,0.6671810416683298,0.6803189583316701,30,0.005914140625,0.0001310346508544287,2.3923544695928062e-05,0.0058672504773959805,0.005961030772604019,30,1375.1666666666667,201.1127807343746,36.71800220360245,1303.199382347606,1447.1339509857276,30,1375.1666666666667,201.1127807343746,36.71800220360245,1303.199382347606,1447.1339509857276,30,0.0,0.0,0.0,0.0,0.0,30,0.0,0.0,0.0,0.0,0.0,0,,,,,,0,,,,,,0,,,,,,30,0.0,0.0,0.0,0.0,0.0,0,,,,,
0.8,0.8,0.9,noop,,30,30,0.20099501250000001,5.122798465333917e-05,9.35290759005411e-06,0.20097668080112352,0.2010133441988765,30,0.20093156250000005,5.172076416800548e-05,9.442876408740506e-06,0.20091305446223892,0.20095007053776118,30,0.25124376562500006,6.403498081658117e-05,1.1691134487550696e-05,0.25122085100140445,0.25126668024859566,30,0.2512429665520478,6.46711649489832e-05,1.1807285287565179e-05,0.2512198242728842,0.2512661088312114,30,0.25379999999999997,0.007298559139805711,0.0013325284927190298,0.25118824415427066,0.2564117558457293,30,0.9577000000000001,0.0012164265233009536,0.0002220880821198386,0.9572647073590452,0.958135292640955,30,0.8051590468749998,0.0028505045496573346,0.000520428547372809,0.8041390069221491,0.8061790868278506,30,0.8070333333333334,0.006431245566780176,0.0011741794232602,0.8047319416637434,0.8093347250029234,30,0.005361911458333333,0.00015012933699378792,2.7409741471597487e-05,0.005308188365049002,0.005415634551617664,30,0.0,0.0,0.0,0.0,0.0,30,0.0,0.0,0.0,0.0,0.0,30,0.0,0.0,0.0,0.0,0.0,30,116.49855000000001,3.5844184983832084,0.654422289034426,115.21588231349253,117.78121768650749,30,0.0,0.0,0.0,0.0,0.0,30,0.0,0.0,0.0,0.0,0.0,30,232997.1,7168.836996766414,1308.8445780688514,230431.76462698507,235562.43537301495,30,0.0,0.0,0.0,0.0,0.0,0,,,,,
0.8,0.8,0.9,left_if_safe,,30,30,0.20125888333333333,0.00016389333662545922,2.9922692498183877e-05,0.20120023485603689,0.20131753181062978,30,0.20117810416666665,0.00014528796495993915,2.6525831914192944e-05,0.20112611353611484,0.20123009479721846,30,0.2515736041666667,0.0002048666707818504,3.7403365622734665e-05,0.2515002935700461,0.25164691476328727,30,0.25155123997082446,0.00018166672705215644,3.316765478486669e-05,0.25148623136744613,0.2516162485742028,30,0.32311666666666666,0.13869923323093958,0.02532289958308525,0.2734837834838196,0.37274954984951375,30,0.9461472222222223,0.023116538871823272,0.004220483263847543,0.937875075025081,0.9544193694193635,30,0.8022190208333331,0.0033449048289616117,0.0006106932758434114,0.80102206201268,0.8034159796539861,30,0.7710333333333333,0.09166204168060774,0.01673512263181587,0.7382324929749743,0.8038341736916924,30,0.005551010416666667,0.00022072400861805646,4.0298506167691406e-05,0.005472025344577991,0.005629995488755342,30,1791.5666666666666,172.18888652778426,31.437245767654947,1729.9496649620628,1853.1836683712704,30,1791.5666666666666,172.18888652778426,31.437245767654947,1729.9496649620628,1853.1836683712704,30,0.0,0.0,0.0,0.0,0.0,30,93.84843333333333,17.31799596728757,3.1618190140223,87.65126806584962,100.04559860081704,30,1791.5666666666666,172.18888652778426,31.437245767654947,1729.9496649620628,1853.1836683712704,30,0.0,0.0,0.0,0.0,0.0,30,185905.3,34482.21341718475,6295.5620404331285,173565.99840075106,198244.6015992489,30,0.03333333333333333,0.18257418583505536,0.03333333333333333,-0.031999999999999994,0.09866666666666665,1,1979.0,0.0,0.0,1979.0,1979.0
0.8,0.8,0.9,graph_ppo,edge-graph,30,30,0.20126785416666665,0.00017242450585441225,3.148026377438106e-05,0.20120615284966886,0.20132955548366444,30,0.20118523333333327,0.0001532682765067386,2.7982830797559943e-05,0.20113038698497004,0.2012400796816965,30,0.2515848177083333,0.0002155306323179894,3.935032971797159e-05,0.2515076910620861,0.2516619443545805,30,0.25156015421485906,0.00019164523476924538,3.4989472707163025e-05,0.251491574848353,0.2516287335813651,30,0.33048333333333335,0.1300632792497383,0.02374619731605842,0.28394078659385885,0.37702588007280785,30,0.9449194444444444,0.021677213208289723,0.003957699552676405,0.9371623533211987,0.9526765355676902,30,0.8020564531249997,0.003245488468675381,0.0005925424148054682,0.800895069991981,0.8032178362580185,30,0.7653666666666666,0.085352002717078,0.01558307240546195,0.7348238447519612,0.7959094885813721,30,0.005581333333333333,0.0001942166053633174,3.5458938599855924e-05,0.005511833813677616,0.005650832852989051,30,1784.7333333333333,164.95097146881477,30.115789318620305,1725.7063862688376,1843.760280397829,30,1784.7333333333333,164.95097146881477,30.115789318620305,1725.7063862688376,1843.760280397829,30,0.0,0.0,0.0,0.0,0.0,30,92.92656666666667,16.203427384743133,2.958327562506918,87.12824464415311,98.72488868918023,30,1784.7333333333333,164.95097146881477,30.115789318620305,1725.7063862688376,1843.760280397829,30,0.0,0.0,0.0,0.0,0.0,30,184068.4,32263.91404692844,5890.557838970166,172522.90663561848,195613.8933643815,30,0.03333333333333333,0.18257418583505536,0.03333333333333333,-0.031999999999999994,0.09866666666666665,1,1979.0,0.0,0.0,1979.0,1979.0
0.8,0.8,0.9,node_mlp_ppo,node-mlp-matched,30,30,0.2012739541666667,0.00012639936744225563,2.3077261600835825e-05,0.20122872273392908,0.20131918559940434,30,0.20119165416666673,0.00010889372034778647,1.9881182335047317e-05,0.20115268704929004,0.20123062128404343,30,0.2515924427083333,0.00015799920930279794,2.884657700104084e-05,0.2515359034174113,0.25164898199925534,30,0.2515681827654477,0.00013615970034115696,2.485924643333184e-05,0.25151945864243835,0.251616906888457,30,0.3292,0.15225758573481027,0.027798304752744127,0.2747153226846215,0.3836846773153785,30,0.9451333333333333,0.02537626428913506,0.004633050792124023,0.9360525537807702,0.9542141128858963,30,0.8025594947916666,0.004445424628661672,0.0008116197822690081,0.8009687200184193,0.8041502695649138,30,0.7693833333333333,0.097301139672715,0.017764676356568948,0.7345645676744582,0.8042020989922084,30,0.005572135416666666,0.0001762422729898065,3.217728950083349e-05,0.005509067929245033,0.0056352029040883,30,1825.2,154.41556112400517,28.19229535247847,1769.9431011091422,1880.456898890858,30,1825.2,154.41556112400517,28.19229535247847,1769.9431011091422,1880.456898890858,30,0.0,0.0,0.0,0.0,0.0,30,95.39439999999999,16.655687115299646,3.0408985145992546,89.43423891138545,101.35456108861453,30,0.0,0.0,0.0,0.0,0.0,30,1825.2,154.41556112400517,28.19229535247847,1769.9431011091422,1880.456898890858,30,188963.6,33187.016563502766,6059.092529376015,177087.778642423,200839.421357577,30,0.03333333333333333,0.18257418583505536,0.03333333333333333,-0.031999999999999994,0.09866666666666665,1,1789.0,0.0,0.0,1789.0,1789.0
0.8,0.8,0.9,grid_cnn_ppo,grid-cnn-matched,30,30,0.2012853416666666,0.00010235728570441414,1.8687798101769564e-05,0.20124871358238713,0.20132196975094604,30,0.20119355833333327,9.285837342083626e-05,1.6953541925276726e-05,0.20116032939115974,0.2012267872755068,30,0.2516066770833333,0.0001279466071305108,2.33597476272107e-05,0.251560891977984,0.2516524621886826,30,0.2515705637178286,0.00011610925091702533,2.1198551954094056e-05,0.2515290145559986,0.2516121128796586,30,0.3671333333333333,0.12399638018446577,0.02263853815867283,0.32276179854233455,0.41150486812433207,30,0.938811111111111,0.02066606336407763,0.0037730896931121387,0.9314158553126113,0.9462063669096108,30,0.8045138333333336,0.0037248639922006165,0.0006800640107223416,0.8031809078723178,0.8058467587943494,30,0.7431833333333333,0.07985973515389704,0.014580326126725902,0.7146058941249506,0.771760772541716,30,0.005697447916666667,0.0002379970989229188,4.345212656695703e-05,0.005612281748595431,0.005782614084737903,30,1699.7333333333333,131.32768527443187,23.97704521658179,1652.738324708833,1746.7283419578337,30,1686.6,134.37738931316045,24.53384244849054,1638.5136688009584,1734.6863311990414,30,13.133333333333333,15.246782211866606,2.78366884893595,7.677342389418871,18.589324277247794,30,91.04011666666666,13.36257629808438,2.4396614882815637,86.2583801496348,95.82185318369852,30,24.266666666666666,21.013843275217464,3.8365853272382817,16.746959425279634,31.786373908053697,30,1675.4666666666667,138.53114509351153,25.29221102824579,1625.8939330513049,1725.0394002820285,30,180380.5,26619.316532781486,4860.000043458209,170854.8999148219,189906.1000851781,30,0.06666666666666667,0.2537081317024624,0.04632055558531008,-0.024121622280541086,0.1574549556138744,2,1964.0,5.656854249492381,4.0,1956.16,1971.84
0.8,0.8,0.95,baseline1_hdv,,30,30,0.20099177083333328,5.4694942432880144e-05,9.985884583978315e-06,0.20097219849954867,0.20101134316711788,30,0.20092890833333332,5.409080939423436e-05,9.875585486311503e-06,0.20090955218578016,0.20094826448088648,30,0.2512397135416667,6.836867804098041e-05,1.2482355729951027e-05,0.25121524812443596,0.2512641789588974,30,0.25123964780660646,6.763464757007188e-05,1.2348340714346779e-05,0.25121544505880633,0.2512638505544066,30,0.25145,0.00691743175383506,0.0012629444705259953,0.24897462883776905,0.25392537116223096,30,0.9580916666666667,0.0011529052923058422,0.00021049074508766566,0.9576791048062948,0.9585042285270385,30,0.8052264583333332,0.002659441726040033,0.0004855454079075334,0.8042747893338345,0.8061781273328319,30,0.8047666666666667,0.005848273151159629,0.001067743709113983,0.8026738889968034,0.8068594443365301,30,0.005554640625,0.00012570735440448156,2.2950917883876984e-05,0.005509656825947601,0.005599624424052399,30,0.0,0.0,0.0,0.0,0.0,30,0.0,0.0,0.0,0.0,0.0,30,0.0,0.0,0.0,0.0,0.0,30,0.0,0.0,0.0,0.0,0.0,0,,,,,,0,,,,,,0,,,,,,30,0.0,0.0,0.0,0.0,0.0,0,,,,,
0.8,0.8,0.95,baseline2_matched,,30,30,0.20140279166666664,0.00011529238193973035,2.104941276563051e-05,0.201361534817646,0.20144404851568729,30,0.20128000416666658,0.0001088392147103396,1.9871231012667034e-05,0.20124105655388175,0.20131895177945142,30,0.2517534895833334,0.00014411547742466046,2.6311765957037684e-05,0.2517019185220576,0.25180506064460917,30,0.2516786547879547,0.00013609154699637928,2.4846803391897122e-05,0.2516299550533066,0.2517273545226028,30,0.49115000000000003,0.03273513087041883,0.005976589866870705,0.47943588386093344,0.5028641161390666,30,0.9181416666666666,0.005455855145069798,0.0009960983111451163,0.9161893139768222,0.920094019356511,30,0.8041644583333336,0.002426831365321641,0.0004430767606825744,0.8032960278823957,0.8050328887842715,30,0.6447333333333333,0.021486055354872465,0.003922799063222772,0.6370446471694167,0.6524220194972499,30,0.0059703906250000004,0.0001418110053696066,2.589102884780659e-05,0.005919644208458299,0.006021137041541702,30,1663.7333333333333,255.68136599983237,46.6808172306142,1572.2389315613295,1755.2277351053372,30,1663.7333333333333,255.68136599983237,46.6808172306142,1572.2389315613295,1755.2277351053372,30,0.0,0.0,0.0,0.0,0.0,30,0.0,0.0,0.0,0.0,0.0,0,,,,,,0,,,,,,0,,,,,,30,0.43333333333333335,0.5040069329937309,0.09201865544655373,0.25297676865808805,0.6136898980085786,13,1921.3076923076924,66.45347321671082,18.43087731657875,1885.1831727671981,1957.4322118481866
0.8,0.8,0.95,noop,,30,30,0.20100516250000003,4.674502266976956e-05,8.534434455774384e-06,0.20098843500846672,0.20102188999153334,30,0.20094235833333338,4.6815884946577645e-05,8.547372078269038e-06,0.20092560548405997,0.2009591111826068,30,0.25125645312500006,5.843127833724465e-05,1.0668043069723949e-05,0.2512355437605834,0.25127736248941673,30,0.2512564655621551,5.85381493548907e-05,1.068755495876004e-05,0.25123551795443594,0.25127741316987423,30,0.2512166666666667,0.006615920366725302,0.001207896274504433,0.248849189968638,0.25358414336469537,30,0.9581305555555556,0.00110265339445422,0.00020131604575073937,0.9577359761058841,0.9585251350052271,30,0.8054144166666668,0.0025405973126211177,0.0004638474858865302,0.8045052755943292,0.8063235577390044,30,0.8106666666666666,0.006542083045537745,0.0011944154857043733,0.808325612314686,0.8130077210186473,30,0.00533059375,9.86242276585728e-05,1.800623806837508e-05,0.005295301523385985,0.005365885976614015,30,0.0,0.0,0.0,0.0,0.0,30,0.0,0.0,0.0,0.0,0.0,30,0.0,0.0,0.0,0.0,0.0,30,124.16223333333333,1.8812885749663306,0.34347472989526934,123.48902286273861,124.83544380392806,30,0.0,0.0,0.0,0.0,0.0,30,0.0,0.0,0.0,0.0,0.0,30,248324.46666666667,3762.5771499326634,686.9494597905391,246978.04572547722,249670.88760785613,30,0.0,0.0,0.0,0.0,0.0,0,,,,,
0.8,0.8,0.95,left_if_safe,,30,30,0.20139120833333335,0.00013254281324145164,2.419889621584583e-05,0.20134377849675028,0.20143863816991642,30,0.20127637499999998,0.00011287931264913319,2.060884860453616e-05,0.2012359816567351,0.20131676834326487,30,0.25173901041666663,0.00016567851655173197,3.024862026979221e-05,0.25167972312093784,0.2517982977123954,30,0.25167411691153496,0.00014114324807655863,2.5769113603692937e-05,0.25162360944887174,0.2517246243741982,30,0.4593333333333333,0.16990125597419578,0.031019583481842132,0.3985349497089227,0.5201317169577439,30,0.9234444444444444,0.028316875995699303,0.005169930580307023,0.9133113805070426,0.9335775083818462,30,0.8020780937499998,0.0029303838989553784,0.0005350124545359334,0.8010294693391095,0.8031267181608902,30,0.6974833333333333,0.10354912904721499,0.018905397929724357,0.6604287533910737,0.734537913275593,30,0.005613286458333333,0.00018597430400087026,3.3954107139199965e-05,0.005546736408340501,0.005679836508326166,30,2128.4666666666667,125.09134133968234,22.838449800107508,2083.703305058456,2173.2300282748774,30,2128.4666666666667,125.09134133968234,22.838449800107508,2083.703305058456,2173.2300282748774,30,0.0,0.0,0.0,0.0,0.0,30,107.11948333333333,9.162427837118408,1.6728228026343406,103.84075064017003,110.39821602649664,30,2128.4666666666667,125.09134133968234,22.838449800107508,2083.703305058456,2173.2300282748774,30,0.0,0.0,0.0,0.0,0.0,30,212110.5,18336.80277615823,3347.826837675072,205548.75939815686,218672.24060184314,30,0.6,0.49827287912243984,0.09097176522946841,0.4216953401502419,0.778304659849758,18,1765.388888888889,118.09574325589978,27.835433628504074,1710.831438977021,1819.9463388007568
0.8,0.8,0.95,graph_ppo,edge-graph,30,30,0.20135304583333327,0.00016569932614413047,3.0252419564181925e-05,0.2012937510909875,0.20141234057567906,30,0.20124309999999995,0.00013104679014341994,2.3925761016732255e-05,0.20119620550840717,0.20128999449159274,30,0.2516913072916666,0.00020712415768015495,3.781552445522592e-05,0.25161718886373435,0.25176542571959887,30,0.25163251015942495,0.0001638596938336181,2.9916550192854265e-05,0.25157387372104695,0.25169114659780295,30,0.43978333333333336,0.1870340040692091,0.03414758101640628,0.372854074541177,0.5067125921254897,30,0.9267027777777778,0.031172334011534835,0.005691263502734378,0.9155479013124184,0.9378576542431372,30,0.8017270312499999,0.003265360570778049,0.000596170547667694,0.8005585369765712,0.8028955255234286,30,0.70795,0.1145520021950579,0.020914238536538173,0.6669580924683851,0.7489419075316148,30,0.005604463541666666,0.000173116303638201,3.160656819151878e-05,0.005542514668011289,0.005666412415322043,30,2107.9666666666667,111.92900561896623,20.435347072210096,2067.913386405135,2148.0199469281984,30,2107.9666666666667,111.92900561896623,20.435347072210096,2067.913386405135,2148.0199469281984,30,0.0,0.0,0.0,0.0,0.0,30,107.41678333333333,9.769256184126402,1.7836139940309574,103.92089990503266,110.912666761634,30,2107.9666666666667,111.92900561896623,20.435347072210096,2067.913386405135,2148.0199469281984,30,0.0,0.0,0.0,0.0,0.0,30,212725.6,19559.940006959685,3571.1401217531916,205726.16536136376,219725.03463863625,30,0.5666666666666667,0.5040069329937309,0.09201865544655373,0.38631010199142135,0.747023231341912,17,1758.5294117647059,117.97622517220303,28.613437511567422,1702.4470742420338,1814.611749287378
0.8,0.8,0.95,node_mlp_ppo,node-mlp-matched,30,30,0.20134809999999997,0.0001164235189979199,2.1255929193097325e-05,0.2013064383787815,0.20138976162121844,30,0.2012377083333333,9.415322671357018e-05,1.718994871097346e-05,0.2012040160338598,0.2012714006328068,30,0.251685125,0.0001455293987474166,2.6569911491374714e-05,0.2516330479734769,0.2517372020265231,30,0.25162576846931345,0.00011772832349307538,2.149415281147426e-05,0.251583639929803,0.2516678970088239,30,0.44156666666666666,0.1601021082230689,0.029230512059302726,0.38427486303043334,0.4988584703029,30,0.9264055555555556,0.026683684703844822,0.004871752009883789,0.9168569216161834,0.9359541894949278,30,0.802143921875,0.0036223479588844525,0.0006613472294046036,0.800847681305367,0.8034401624446331,30,0.7058666666666666,0.09826652123384799,0.017940930109112976,0.6707024436528052,0.7410308896805281,30,0.005605395833333333,0.00020665145398232745,3.7729220962453844e-05,0.005531446560246923,0.0056793451064197425,30,2092.6666666666665,92.5401435103682,16.895441358464655,2059.5516016040756,2125.7817317292574,30,2092.6666666666665,92.5401435103682,16.895441358464655,2059.5516016040756,2125.7817317292574,30,0.0,0.0,0.0,0.0,0.0,30,107.12349999999999,9.34365678341231,1.7059105299536947,103.77991536129075,110.46708463870924,30,0.0,0.0,0.0,0.0,0.0,30,2092.6666666666665,92.5401435103682,16.895441358464655,2059.5516016040756,2125.7817317292574,30,212154.33333333334,18714.56498860296,3416.7964660514176,205457.41225987257,218851.25440679412,30,0.43333333333333335,0.5040069329937309,0.09201865544655373,0.25297676865808805,0.6136898980085786,13,1739.6153846153845,148.27145064685607,41.12310138420522,1659.0141059023422,1820.2166633284269
0.8,0.8,0.95,grid_cnn_ppo,grid-cnn-matched,30,30,0.20135085416666657,0.00017248435112466687,3.149118997587387e-05,0.20128913143431384,0.20141257689901929,30,0.20124094999999992,0.00014996388789442403,2.737953473698398e-05,0.20118728611191544,0.2012946138880844,30,0.25168856770833337,0.00021560543890586609,3.936398746984827e-05,0.25161141429289247,0.25176572112377427,30,0.2516298218193188,0.00018751345782356196,3.4235116895252816e-05,0.2515627209902041,0.2516969226484335,30,0.43961666666666666,0.17878694136401252,0.032641880257474366,0.3756385813620169,0.5035947519713164,30,0.9267305555555556,0.02979782356066876,0.0054403133762457295,0.916067541338114,0.9373935697729973,30,0.8037171093750001,0.003992012636140564,0.0007288384568866166,0.8022885859995023,0.8051456327504979,30,0.7109500000000001,0.10737240623498039,0.019603429649502367,0.6725272778869754,0.7493727221130247,30,0.005672369791666667,0.0002166028788305487,3.954609425201658e-05,0.0055948594469327146,0.00574988013640062,30,2018.7333333333333,112.42497370532794,20.525898041777758,1978.502573171449,2058.9640934952176,30,2016.6666666666667,113.85057761376754,20.78617651468439,1975.9257606978854,2057.407572635448,30,2.066666666666667,3.039207398187133,0.5548808163078927,0.9791002667031974,3.1542330666301366,30,108.88551666666667,9.307708253881179,1.6993472564425811,105.55479604403922,112.21623728929413,30,4.933333333333334,5.508196609150537,1.0056545113350719,2.9622504911165928,6.904416175550074,30,2013.8,114.86796017977366,20.971924308355735,1972.6950283556228,2054.9049716443774,30,215752.3,18597.903430503797,3395.497077063214,209097.12572895607,222407.4742710439,30,0.4666666666666667,0.5074162634049248,0.09264111117062016,0.28509008877225117,0.6482432445610822,14,1725.7142857142858,161.9631622748393,43.286475893637075,1640.872792962757,1810.5557784658145
0.8,0.8,1.0,baseline1_hdv,,30,30,0.20099177083333328,5.4694942432880144e-05,9.985884583978315e-06,0.20097219849954867,0.20101134316711788,30,0.20092890833333332,5.409080939423436e-05,9.875585486311503e-06,0.20090955218578016,0.20094826448088648,30,0.2512397135416667,6.836867804098041e-05,1.2482355729951027e-05,0.25121524812443596,0.2512641789588974,30,0.25123964780660646,6.763464757007188e-05,1.2348340714346779e-05,0.25121544505880633,0.2512638505544066,30,0.25145,0.00691743175383506,0.0012629444705259953,0.24897462883776905,0.25392537116223096,30,0.9580916666666667,0.0011529052923058422,0.00021049074508766566,0.9576791048062948,0.9585042285270385,30,0.8052264583333332,0.002659441726040033,0.0004855454079075334,0.8042747893338345,0.8061781273328319,30,0.8047666666666667,0.005848273151159629,0.001067743709113983,0.8026738889968034,0.8068594443365301,30,0.005554640625,0.00012570735440448156,2.2950917883876984e-05,0.005509656825947601,0.005599624424052399,30,0.0,0.0,0.0,0.0,0.0,30,0.0,0.0,0.0,0.0,0.0,30,0.0,0.0,0.0,0.0,0.0,30,0.0,0.0,0.0,0.0,0.0,0,,,,,,0,,,,,,0,,,,,,30,0.0,0.0,0.0,0.0,0.0,0,,,,,
0.8,0.8,1.0,baseline2_matched,,30,30,0.20148886666666668,0.0001368976537439006,2.499397767502197e-05,0.20143987847042363,0.20153785486290973,30,0.20134224166666673,0.00012814323433462332,2.3395646678914565e-05,0.20129638619917606,0.2013880971341574,30,0.2518610833333333,0.00017112206717984367,3.124247209377161e-05,0.2517998480880295,0.25192231857863706,30,0.25175647598207795,0.00016022911451653082,2.9253700129927465e-05,0.2516991387298233,0.2518138132343326,30,0.5864999999999999,0.048326654314584806,0.008823199565617487,0.5692065288513897,0.6037934711486102,30,0.90225,0.008054442385764134,0.0014705332609362479,0.8993677548085649,0.9051322451914351,30,0.8027074791666666,0.0022987166297919453,0.0004196863171497668,0.8018848939850531,0.8035300643482801,30,0.5806,0.03522792779247346,0.006431710235366961,0.5679938479386808,0.5932061520613192,30,0.005982473958333333,0.00017954868646444648,3.2780955248999945e-05,0.005918223286045294,0.006046724630621373,30,2178.5,398.422038408589,72.74157928119129,2035.9265046088651,2321.073495391135,30,2178.5,398.422038408589,72.74157928119129,2035.9265046088651,2321.073495391135,30,0.0,0.0,0.0,0.0,0.0,30,0.0,0.0,0.0,0.0,0.0,0,,,,,,0,,,,,,0,,,,,,30,1.0,0.0,0.0,1.0,1.0,30,1683.5,174.01837992500717,31.771264035143528,1621.2283224911187,1745.7716775088813
0.8,0.8,1.0,noop,,30,30,0.2010097333333333,5.689779983823312e-05,1.0388069481271357e-05,0.20098937271715,0.2010300939495166,30,0.20094626666666662,5.651686440912111e-05,1.0318520505445504e-05,0.20092604236647596,0.2009664909668573,30,0.2512621666666667,7.112224979789152e-05,1.2985086851607476e-05,0.25123671589643753,0.2512876174368958,30,0.25126135250599163,7.066816431284384e-05,1.290218256387538e-05,0.2512360642281664,0.25128664078381685,30,0.25386666666666663,0.0061643207715621606,0.0011254458460940818,0.2516607928083222,0.25607254052501105,30,0.9576888888888889,0.0010273867952603581,0.00018757430768234662,0.9573212432458316,0.9580565345319463,30,0.8056586718750002,0.0026727273005257776,0.0004879710108526192,0.8047022486937291,0.8066150950562713,30,0.8098166666666666,0.0045381207817647195,0.0008285437069518386,0.808192721001041,0.8114406123322923,30,0.0053365104166666665,0.0001341661577125886,2.44952770109935e-05,0.005288499673725119,0.0053845211596082136,30,0.0,0.0,0.0,0.0,0.0,30,0.0,0.0,0.0,0.0,0.0,30,0.0,0.0,0.0,0.0,0.0,30,130.70858333333334,0.24838412560100587,0.045348529505955776,130.61970021550167,130.797466451165,30,0.0,0.0,0.0,0.0,0.0,30,0.0,0.0,0.0,0.0,0.0,30,261417.16666666666,496.7682512020055,90.69705901191043,261239.4004310033,261594.93290233,30,0.0,0.0,0.0,0.0,0.0,0,,,,,
0.8,0.8,1.0,left_if_safe,,30,30,0.2013467833333333,0.00015730515086452663,2.8719859846751506e-05,0.20129049240803368,0.20140307425863294,30,0.20114672916666668,0.00010448693968126324,1.9076617942703177e-05,0.201109338995499,0.20118411933783437,30,0.2516834791666667,0.0001966314385806336,3.589982480843487e-05,0.2516131155100422,0.2517538428232913,30,0.25151200896113385,0.00013064950257099837,2.3853226561655e-05,0.25146525663707303,0.25155876128519467,30,0.8002166666666667,0.35685321727309804,0.06515218560625599,0.6725183828784049,0.9279149504549284,30,0.8666305555555556,0.059475536212182996,0.010858697601042664,0.8453475082575119,0.8879136028535992,30,0.7964900104166667,0.00189738601145821,0.00034641370625680576,0.7958110395524033,0.7971689812809301,30,0.5255,0.1993574592327163,0.03639752580955842,0.45416084941326545,0.5968391505867344,30,0.005498036458333333,0.00015154878339178625,2.7668895742048534e-05,0.005443805422678917,0.005552267493987748,30,2840.766666666667,432.78541974081094,79.01544565046126,2685.896393191763,2995.636940141571,30,2840.766666666667,432.78541974081094,79.01544565046126,2685.896393191763,2995.636940141571,30,0.0,0.0,0.0,0.0,0.0,30,128.23396666666667,0.518823900981716,0.09472385131350419,128.0483079180922,128.41962541524114,30,2840.766666666667,432.78541974081094,79.01544565046126,2685.896393191763,2995.636940141571,30,0.0,0.0,0.0,0.0,0.0,30,253627.16666666666,785.0041986856013,143.3215024521237,253346.2565218605,253908.07681147283,30,1.2666666666666666,0.784915252764901,0.1433052632230685,0.9857883507494524,1.5475449825838807,24,1114.25,270.7491619481992,55.26644125493796,1005.9277751403216,1222.5722248596785
0.8,0.8,1.0,graph_ppo,edge-graph,30,30,0.2013452333333333,0.00015856540222132653,2.894994921216677e-05,0.20128849143287744,0.20140197523378914,30,0.20114590833333332,0.0001044271160067556,1.9065695684036282e-05,0.2011085395697926,0.20118327709687403,30,0.2516815416666667,0.00019820675277670187,3.618743651521645e-05,0.2516106142910968,0.2517524690422365,30,0.25151098259872895,0.0001305746996019384,2.3839569470480832e-05,0.2514642570425668,0.2515577081548911,30,0.7973,0.36667771247730097,0.06694588481940375,0.6660860657539687,0.9285139342460313,30,0.8671166666666666,0.061112952079550156,0.011157647469900623,0.8452476776256614,0.8889856557076719,30,0.796339453125,0.0016701679624964503,0.0003049295559605827,0.7957417911953173,0.7969371150546827,30,0.5282,0.20680523904522274,0.03775729814510555,0.45419569563559314,0.6022043043644069,30,0.005498166666666667,0.00015422207679772432,2.8156970109135902e-05,0.005442979005252761,0.005553354328080573,30,2847.5666666666666,424.42583392831676,77.48920107682686,2695.687832556086,2999.445500777247,30,2847.5666666666666,424.42583392831676,77.48920107682686,2695.687832556086,2999.445500777247,30,0.0,0.0,0.0,0.0,0.0,30,128.09461666666667,0.7271223001447673,0.13275376195144364,127.83441929324184,128.3548140400915,30,2847.5666666666666,424.42583392831676,77.48920107682686,2695.687832556086,2999.445500777247,30,0.0,0.0,0.0,0.0,0.0,30,253341.66666666666,1118.6118347226661,204.2296449899483,252941.37656248634,253741.95677084697,30,1.2666666666666666,0.784915252764901,0.1433052632230685,0.9857883507494524,1.5475449825838807,24,1104.125,247.70912333341437,50.56341306658431,1005.0207103894948,1203.2292896105052
0.8,0.8,1.0,node_mlp_ppo,node-mlp-matched,30,30,0.20133275000000003,0.00016749430638802844,3.058013662080161e-05,0.20127281293222327,0.2013926870677768,30,0.2011284375,0.0001226606737891148,2.2394672651026953e-05,0.201084543941604,0.20117233105839602,30,0.25166593749999994,0.00020936788298520662,3.822517077603324e-05,0.2515910161652789,0.25174085883472097,30,0.25148913723038474,0.00015337377153994654,2.8002091467357526e-05,0.25143425313110873,0.25154402132966075,30,0.8172499999999999,0.30999940906506523,0.05659788971940257,0.7063181361499709,0.928181863850029,30,0.8637916666666666,0.05166656817751087,0.009432981619900428,0.8453030226916618,0.8822803106416715,30,0.7963246562499998,0.0017589543166088878,0.0003211396522759239,0.795695222531539,0.7969540899684606,30,0.51315,0.17349809449415707,0.03167627334620423,0.45106450424143973,0.5752354957585603,30,0.005516927083333333,0.00015336844725180007,2.8001119389784034e-05,0.005462044889329356,0.00557180927733731,30,2872.4,377.5502341548007,68.93092661264726,2737.2953838392114,3007.504616160789,30,2872.4,377.5502341548007,68.93092661264726,2737.2953838392114,3007.504616160789,30,0.0,0.0,0.0,0.0,0.0,30,128.19863333333333,0.6048885752812214,0.1104370391528956,127.98217673659366,128.415089930073,30,0.0,0.0,0.0,0.0,0.0,30,2872.4,377.5502341548007,68.93092661264726,2737.2953838392114,3007.504616160789,30,253524.86666666667,1036.3158795940794,189.20452798482833,253154.0257918164,253895.70754151692,30,1.2666666666666666,0.7396799556440672,0.13504646568022544,1.0019755939334247,1.5313577393999085,25,1162.58,292.27607810652813,58.455215621305626,1048.0077773822409,1277.152222617759
0.8,0.8,1.0,grid_cnn_ppo,grid-cnn-matched,30,30,0.20143409166666656,9.45769786208879e-05,1.7267314870448046e-05,0.20140024772952048,0.20146793560381265,30,0.20123717083333328,7.637605806122059e-05,1.3944296617818266e-05,0.20120984001196235,0.20126450165470422,30,0.2517926145833334,0.0001182212232760838,2.1584143588055297e-05,0.2517503096619008,0.251834919504766,30,0.25162509638428693,9.549991630032757e-05,1.7435819465848238e-05,0.2515909221781339,0.25165927059043997,30,0.7876833333333334,0.3061744905738571,0.05589955833998479,0.6781201989869632,0.8972464676797036,30,0.8687194444444445,0.05102908176230952,0.009316593056664133,0.8504589220533828,0.8869799668355062,30,0.7983426041666665,0.0018297528705547394,0.000334065640620887,0.7976878355110495,0.7989973728222834,30,0.5341,0.17116187135836225,0.03124973930925747,0.4728505109538554,0.5953494890461447,30,0.0055381250000000005,0.00019039867853741288,3.476188371803859e-05,0.005469991707912645,0.005606258292087356,30,2737.6666666666665,352.6187091221742,64.37907372818917,2611.483682159416,2863.849651173917,30,2737.6666666666665,352.6187091221742,64.37907372818917,2611.483682159416,2863.849651173917,30,0.0,0.0,0.0,0.0,0.0,30,128.52195,0.6084215636694107,0.11108207163143397,128.3042291396024,128.7396708603976,30,0.4,0.563241847975046,0.10283342182227605,0.19844649322833896,0.6015535067716611,30,2737.266666666667,352.48555199868275,64.35476267477958,2611.131331824099,2863.4020015092347,30,254306.23333333334,996.2557033396505,181.89057392076714,253949.72780844863,254662.73885821804,30,1.0333333333333334,0.6149478998583782,0.11227361214762055,0.8132770535239972,1.2533896131426698,25,1166.68,268.14151580835073,53.628303161670146,1061.5685258031265,1271.7914741968737
0.85,0.85,0.9,baseline1_hdv,,30,30,0.15075332500000035,5.09046247306035e-05,9.293870415428958e-06,0.15073510901398612,0.15077154098601458,30,0.1507085333333337,5.077028358597815e-05,9.269343190324836e-06,0.15069036542068065,0.15072670124598675,30,0.17735685294118148,5.988779380075023e-05,1.0933965194629648e-05,0.1773354223694,0.17737828351296295,30,0.17735632048641772,5.974731813588776e-05,1.0908317964487745e-05,0.17733494018320733,0.1773777007896281,30,0.17916666666666667,0.007291153512320934,0.0013311764163103988,0.1765575608906983,0.18177577244263504,30,0.9701388888888889,0.0012151922520534865,0.0002218627360517327,0.9697040379262275,0.9705737398515503,30,0.8493945441176413,0.0016880403130141274,0.00030819258580530633,0.8487904866494629,0.8499986015858196,30,0.8480666666666666,0.005362277779871693,0.0009790134998814825,0.846147800206899,0.8499855331264343,30,0.003139843137254902,0.00016315919746168927,2.978865763806895e-05,0.003081457368284287,0.0031982289062255174,30,0.0,0.0,0.0,0.0,0.0,30,0.0,0.0,0.0,0.0,0.0,30,0.0,0.0,0.0,0.0,0.0,30,0.0,0.0,0.0,0.0,0.0,0,,,,,,0,,,,,,0,,,,,,30,0.0,0.0,0.0,0.0,0.0,0,,,,,
0.85,0.85,0.9,baseline2_matched,,30,30,0.150918479166667,7.665934556340988e-05,1.3996017602887722e-05,0.15089104697216535,0.15094591136116867,30,0.15084104583333366,7.072462444997668e-05,1.2912490727444543e-05,0.15081573735150786,0.15086635431515946,30,0.1775511519607892,9.018746536868512e-05,1.646590306221494e-05,0.17751887879078726,0.17758342513079112,30,0.1775122634108073,8.322991991760665e-05,1.5195634866073892e-05,0.1774824799664698,0.17754204685514482,30,0.3097333333333333,0.03546434181300825,0.006474873332686092,0.29704258160126856,0.32242408506539805,30,0.9483777777777778,0.005910723635501389,0.0010791455554476847,0.9462626524891004,0.9504929030664552,30,0.848690485294112,0.001322503124834488,0.00024145493128097326,0.8482172336288012,0.8491637369594227,30,0.7572166666666666,0.024923221180717964,0.00455033681545659,0.7482980065083717,0.7661353268249615,30,0.0033081960784313723,0.00014330918939157227,2.616455857584806e-05,0.00325691354362271,0.0033594786132400347,30,908.6666666666666,232.5049993282804,42.44941095494089,825.4658211949825,991.8675121383508,30,908.6666666666666,232.5049993282804,42.44941095494089,825.4658211949825,991.8675121383508,30,0.0,0.0,0.0,0.0,0.0,30,0.0,0.0,0.0,0.0,0.0,0,,,,,,0,,,,,,0,,,,,,30,0.0,0.0,0.0,0.0,0.0,0,,,,,
0.85,0.85,0.9,noop,,30,30,0.15071899583333362,3.96624969888409e-05,7.241348095922962e-06,0.1507048027910656,0.15073318887560164,30,0.15067400416666696,3.9702727303289304e-05,7.248693112829268e-06,0.15065979672816582,0.1506882116051681,30,0.17731646568627943,4.66617611632219e-05,8.519233054005045e-06,0.17729976798949357,0.1773331633830653,30,0.1773156859860744,4.6722832954705465e-05,8.530383186612645e-06,0.17729896643502863,0.17733240553712015,30,0.17996666666666666,0.005702288308567275,0.001041090645333425,0.17792612900181315,0.18200720433152018,30,0.9700055555555556,0.00095038138476121,0.00017351510755557042,0.9696654659447467,0.9703456451663645,30,0.8491304852941121,0.0017085883387484063,0.00031194412487426006,0.8485190748093585,0.8497418957788656,30,0.8485999999999999,0.004047988005979246,0.0007390581144617301,0.847151446095655,0.8500485539043449,30,0.0030025294117647055,0.0001338708172698651,2.444135547011909e-05,0.002954624355043272,0.003050434468486139,30,0.0,0.0,0.0,0.0,0.0,30,0.0,0.0,0.0,0.0,0.0,30,0.0,0.0,0.0,0.0,0.0,30,124.6781,3.593868188821159,0.6561475585725282,123.39205078519784,125.96414921480216,30,0.0,0.0,0.0,0.0,0.0,30,0.0,0.0,0.0,0.0,0.0,30,249356.2,7187.736377642322,1312.295117145057,246784.1015703957,251928.29842960433,30,0.0,0.0,0.0,0.0,0.0,0,,,,,
0.85,0.85,0.9,left_if_safe,,30,30,0.15087838333333364,4.865666278457893e-05,8.883450593345337e-06,0.1508609717701707,0.1508957948964966,30,0.15081005000000033,4.645718505357522e-05,8.481882737345e-06,0.15079342550983513,0.15082667449016554,30,0.17750398039216173,5.724313268778615e-05,1.0451118345120601e-05,0.1774834962002053,0.17752446458411816,30,0.1774757869961755,5.467159170769206e-05,9.981621344338443e-06,0.1774562230183406,0.1774953509740104,30,0.2733333333333333,0.06653173125936086,0.012146976666874513,0.24952525906625928,0.29714140760040736,30,0.9544444444444444,0.011088621876560149,0.002024496111145753,0.9504764320665987,0.9584124568222901,30,0.8484339068627396,0.0016117413239344998,0.00029426235999405556,0.8478571526371512,0.8490106610883279,30,0.7931166666666667,0.045796717871656394,0.008361298479335396,0.7767285216471693,0.8095048116861641,30,0.0031807401960784313,0.0001476942634599417,2.6965159903707022e-05,0.0031278884826671655,0.003233591909489697,30,1189.8,64.72882425670323,11.817812388727976,1166.6370877180932,1212.9629122819067,30,1189.8,64.72882425670323,11.817812388727976,1166.6370877180932,1212.9629122819067,30,0.0,0.0,0.0,0.0,0.0,30,101.9538,10.392069363967757,1.897323603267835,98.23504573759504,105.67255426240496,30,1189.8,64.72882425670323,11.817812388727976,1166.6370877180932,1212.9629122819067,30,0.0,0.0,0.0,0.0,0.0,30,202717.8,20766.854579618805,3791.4915672288944,195286.47652823135,210149.12347176863,30,0.0,0.0,0.0,0.0,0.0,0,,,,,
0.85,0.85,0.9,graph_ppo,edge-graph,30,30,0.15088361250000032,4.313704042311132e-05,7.875710034583422e-06,0.15086817610833253,0.1508990488916681,30,0.150813404166667,4.3441134905362854e-05,7.931229837097428e-06,0.15079785895618628,0.15082894937714772,30,0.17751013235294605,5.0749459321328535e-05,9.26554121716082e-06,0.1774919718921604,0.1775282928137317,30,0.17747973423555957,5.112225349263556e-05,9.333603809471254e-06,0.17746144037209302,0.17749802809902612,30,0.2808333333333334,0.05183417414404711,0.00946358214278188,0.2622847123334809,0.2993819543331859,30,0.9531944444444445,0.008639029024007863,0.0015772636904636485,0.9501030076111358,0.9562858812777532,30,0.8484370392156805,0.001603333442304294,0.0002927272978508232,0.8478632937118928,0.8490107847194681,30,0.7876833333333334,0.034915781268778666,0.006374720337942142,0.7751888814709668,0.8001777851957,30,0.003179578431372549,0.00014575315782905683,2.6610764123528376e-05,0.0031274213336904334,0.0032317355290546646,30,1184.4333333333334,69.80449710507163,12.744499226583933,1159.454114849229,1209.4125518174378,30,1184.4333333333334,69.80449710507163,12.744499226583933,1159.454114849229,1209.4125518174378,30,0.0,0.0,0.0,0.0,0.0,30,100.22775,7.675221273627094,1.4012972751363635,97.48120734073272,102.97429265926728,30,1184.4333333333334,69.80449710507163,12.744499226583933,1159.454114849229,1209.4125518174378,30,0.0,0.0,0.0,0.0,0.0,30,199271.06666666668,15326.434308608508,2798.2112656486584,193786.5725859953,204755.56074733805,30,0.0,0.0,0.0,0.0,0.0,0,,,,,
0.85,0.85,0.9,node_mlp_ppo,node-mlp-matched,30,30,0.15085753750000033,4.764305986199353e-05,8.698392864994273e-06,0.15084048864998495,0.15087458635001572,30,0.15079159583333365,4.404691957761401e-05,8.04183048042504e-06,0.150775833845592,0.1508073578210753,30,0.17747945588235775,5.605065866117097e-05,1.0233403370581884e-05,0.1774593984117514,0.1774995133529641,30,0.17745406982445838,5.1835151018124236e-05,9.463760494771173e-06,0.17743552085388864,0.17747261879502813,30,0.26376666666666665,0.06496640157291562,0.01186118787380833,0.24051873843400232,0.28701459489933095,30,0.9560388888888889,0.010827733595485936,0.0019768646456347215,0.9521642341834449,0.9599135435943329,30,0.848125357843132,0.0013954068292331742,0.0002547652657559229,0.8476260179222505,0.8486246977640136,30,0.7985,0.045574115460423364,0.008320657025339606,0.7821915122303343,0.8148084877696656,30,0.0031584705882352943,0.00013269856607369413,2.4227332662384005e-05,0.003110985016217022,0.0032059561602535668,30,1186.8333333333333,69.20986741156521,12.63593519441865,1162.0669003522728,1211.5997663143937,30,1186.8333333333333,69.20986741156521,12.63593519441865,1162.0669003522728,1211.5997663143937,30,0.0,0.0,0.0,0.0,0.0,30,103.07626666666667,11.112338660039223,2.028826183580071,99.09976734684973,107.0527659864836,30,0.0,0.0,0.0,0.0,0.0,30,1186.8333333333333,69.20986741156521,12.63593519441865,1162.0669003522728,1211.5997663143937,30,204965.7,22188.945139959626,4051.128593466837,197025.487956805,212905.912043195,30,0.0,0.0,0.0,0.0,0.0,0,,,,,
0.85,0.85,0.9,grid_cnn_ppo,grid-cnn-matched,30,30,0.15085835416666704,4.191999105611246e-05,7.653508237282535e-06,0.15084335329052198,0.1508733550428121,30,0.15079132916666704,3.572303485302372e-05,6.522104003848113e-06,0.1507785458428195,0.1508041124905146,30,0.17748041666667155,4.9317636536616516e-05,9.004127337981941e-06,0.17746276857708912,0.177498064756254,30,0.1774537560066688,4.2039464375476164e-05,7.675320981294375e-06,0.17743871237754547,0.17746879963579212,30,0.26809999999999995,0.0716179278268151,0.013075584864174523,0.24247185366621787,0.293728146333782,30,0.9553166666666667,0.01193632130446919,0.0021792641440290883,0.9510453089443697,0.9595880243889637,30,0.8491455784313667,0.0012958962451187317,0.0002365972018792578,0.8486818479156834,0.8496093089470501,30,0.7965166666666667,0.04971131893125605,0.009076003580660848,0.7787276996485714,0.8143056336847619,30,0.0032149950980392156,0.00011857913283350872,2.1649488634104738e-05,0.0031725621003163705,0.0032574280957620608,30,1107.7,59.53332882830684,10.869249040878753,1086.3962718798778,1129.0037281201223,30,1105.6333333333334,59.71107639021558,10.901701157278406,1084.2659990650677,1127.0006676015992,30,2.066666666666667,4.5023620875953645,0.822015092477344,0.45551708541107283,3.677816247922261,30,102.22898333333333,10.891845436303866,1.9885698127744418,98.33138650029542,106.12658016637124,30,3.533333333333333,5.5256975426938935,1.0088497300281036,1.5559878624782502,5.510678804188416,30,1104.1666666666667,60.42098478425232,11.031312104337136,1082.545294942166,1125.7880383911674,30,203350.26666666666,21750.003659029946,3970.9892099568674,195567.1278151512,211133.40551818212,30,0.0,0.0,0.0,0.0,0.0,0,,,,,
0.85,0.85,0.95,baseline1_hdv,,30,30,0.15075332500000035,5.09046247306035e-05,9.293870415428958e-06,0.15073510901398612,0.15077154098601458,30,0.1507085333333337,5.077028358597815e-05,9.269343190324836e-06,0.15069036542068065,0.15072670124598675,30,0.17735685294118148,5.988779380075023e-05,1.0933965194629648e-05,0.1773354223694,0.17737828351296295,30,0.17735632048641772,5.974731813588776e-05,1.0908317964487745e-05,0.17733494018320733,0.1773777007896281,30,0.17916666666666667,0.007291153512320934,0.0013311764163103988,0.1765575608906983,0.18177577244263504,30,0.9701388888888889,0.0012151922520534865,0.0002218627360517327,0.9697040379262275,0.9705737398515503,30,0.8493945441176413,0.0016880403130141274,0.00030819258580530633,0.8487904866494629,0.8499986015858196,30,0.8480666666666666,0.005362277779871693,0.0009790134998814825,0.846147800206899,0.8499855331264343,30,0.003139843137254902,0.00016315919746168927,2.978865763806895e-05,0.003081457368284287,0.0031982289062255174,30,0.0,0.0,0.0,0.0,0.0,30,0.0,0.0,0.0,0.0,0.0,30,0.0,0.0,0.0,0.0,0.0,30,0.0,0.0,0.0,0.0,0.0,0,,,,,,0,,,,,,0,,,,,,30,0.0,0.0,0.0,0.0,0.0,0,,,,,
0.85,0.85,0.95,baseline2_matched,,30,30,0.1509730375000003,9.342376081088709e-05,1.705676706769666e-05,0.15093960623654762,0.15100646876345297,30,0.15088690416666697,8.697555073701342e-05,1.5879490363365776e-05,0.15085578036555478,0.15091802796777917,30,0.17761533823529893,0.00010991030683627641,2.0066784785514285e-05,0.1775760073371193,0.17765466913347855,30,0.17756623026380322,0.00010235428153807271,1.8687249618545664e-05,0.17752960325455086,0.17760285727305558,30,0.34453333333333336,0.03166389582553882,0.0057810100007137585,0.3332025537319344,0.3558641129347323,30,0.9425777777777778,0.00527731597092314,0.000963501666785627,0.940689314510878,0.9444662410446777,30,0.8488606323529352,0.0014506221927421642,0.0002648461657941634,0.8483415338679786,0.8493797308378918,30,0.7359333333333333,0.022177082506627126,0.004048962782844297,0.7279973662789585,0.7438693003877082,30,0.00336146568627451,0.0001865173590225857,3.40532549676533e-05,0.0032947213065379097,0.0034282100660111103,30,1107.6,262.68331530177363,47.959192423674466,1013.599982849598,1201.6000171504018,30,1107.6,262.68331530177363,47.959192423674466,1013.599982849598,1201.6000171504018,30,0.0,0.0,0.0,0.0,0.0,30,0.0,0.0,0.0,0.0,0.0,0,,,,,,0,,,,,,0,,,,,,30,0.0,0.0,0.0,0.0,0.0,0,,,,,
0.85,0.85,0.95,noop,,30,30,0.15072067083333365,3.798542828790154e-05,6.935158643259505e-06,0.15070707792239285,0.15073426374427445,30,0.15067630000000032,3.815401806925139e-05,6.965938785329564e-06,0.15066264675998106,0.15068995324001958,30,0.1773184362745147,4.4688739162236996e-05,8.159010168540574e-06,0.17730244461458436,0.17733442793444507,30,0.1773183877611064,4.490028604800164e-05,8.197633168974995e-06,0.1773023204000952,0.1773344551221176,30,0.17748333333333333,0.006856262344261141,0.001251776515375026,0.17502985136319826,0.1799368153034684,30,0.9704194444444444,0.001142710390710178,0.0002086294192291688,0.9700105307827552,0.9708283581061335,30,0.849144049019602,0.0017015916398762613,0.00031066670827414514,0.8485351422713847,0.8497529557678194,30,0.8506833333333332,0.005096454706431986,0.000930481068672056,0.848859590438736,0.8525070762279304,30,0.0030000588235294117,0.00016971023526641543,3.0984708031641495e-05,0.0029393287957873945,0.003060788851271429,30,0.0,0.0,0.0,0.0,0.0,30,0.0,0.0,0.0,0.0,0.0,30,0.0,0.0,0.0,0.0,0.0,30,131.74855,2.133540498270097,0.38952941941778135,130.98507233794115,132.51202766205884,30,0.0,0.0,0.0,0.0,0.0,30,0.0,0.0,0.0,0.0,0.0,30,263497.1,4267.080996540197,779.0588388355632,261970.14467588227,265024.05532411765,30,0.0,0.0,0.0,0.0,0.0,0,,,,,
0.85,0.85,0.95,left_if_safe,,30,30,0.15088230833333374,6.168792892224184e-05,1.1262623398829069e-05,0.15086023359147205,0.15090438307519544,30,0.15079560833333366,6.480650687492637e-05,1.18319952295036e-05,0.15077241762268384,0.1508187990439835,30,0.17750859803922056,7.257403402614166e-05,1.3250145175088419e-05,0.17748262775467738,0.17753456832376374,30,0.1774587918015104,7.626538025893566e-05,1.3924089708176081e-05,0.17743150058568236,0.17748608301733843,30,0.3468,0.07887808139234835,0.01440110149043923,0.3185738410787391,0.3750261589212609,30,0.9421999999999999,0.013146346898724726,0.002400183581739872,0.9374956401797898,0.94690435982021,30,0.8482331274509748,0.0013942266915935389,0.0002545498030871932,0.8477342098369239,0.8487320450650256,30,0.7529333333333333,0.050321335252646024,0.009187376813884719,0.7349260747781193,0.7709405918885474,30,0.0031501176470588236,0.00011467250905780229,2.0936239978891265e-05,0.003109082616700197,0.0031911526774174503,30,1313.7333333333333,57.991041718012184,10.587667227392805,1292.9815055676434,1334.4851610990233,30,1313.7333333333333,57.991041718012184,10.587667227392805,1292.9815055676434,1334.4851610990233,30,0.0,0.0,0.0,0.0,0.0,30,116.54935,5.402816979403527,0.986414911230412,114.6159767739884,118.48272322601161,30,1313.7333333333333,57.991041718012184,10.587667227392805,1292.9815055676434,1334.4851610990233,30,0.0,0.0,0.0,0.0,0.0,30,231784.96666666667,10816.971264807824,1974.8997218734776,227914.16321179466,235655.7701215387,30,0.0,0.0,0.0,0.0,0.0,0,,,,,
0.85,0.85,0.95,graph_ppo,edge-graph,30,30,0.15087387500000038,6.104161419711701e-05,1.1144623014096195e-05,0.15085203153889276,0.150895718461108,30,0.15079109166666702,5.8842717862040045e-05,1.0743161305983831e-05,0.1507700350705073,0.15081214826282674,30,0.17749867647059306,7.18136637613879e-05,1.3111321193067816e-05,0.17747297828105466,0.17752437466013146,30,0.17745347651269996,6.924709368895244e-05,1.2642731751704293e-05,0.17742869675846662,0.1774782562669333,30,0.33113333333333334,0.10183717000880523,0.018592838402103733,0.29469137006521,0.36757529660145666,30,0.9448111111111112,0.016972861668134196,0.0030988064003506207,0.938737450566424,0.9508847716557983,30,0.847975926470583,0.001568039335392718,0.0002862835050166668,0.8474148108007503,0.8485370421404156,30,0.7643,0.06640583169239446,0.012123990655938636,0.7405369783143603,0.7880630216856397,30,0.003123161764705882,0.00013678258269388507,2.49729686717522e-05,0.0030742147461092478,0.0031721087833025165,30,1304.9,63.32093950116616,11.560768975736208,1282.2408928075572,1327.559107192443,30,1304.9,63.32093950116616,11.560768975736208,1282.2408928075572,1327.559107192443,30,0.0,0.0,0.0,0.0,0.0,30,118.36898333333333,7.274230515631205,1.3280867139678822,115.76593337395629,120.97203329271038,30,1304.9,63.32093950116616,11.560768975736208,1282.2408928075572,1327.559107192443,30,0.0,0.0,0.0,0.0,0.0,30,235433.06666666668,14584.34977197353,2662.725785551743,230214.12412698526,240652.0092063481,30,0.0,0.0,0.0,0.0,0.0,0,,,,,
0.85,0.85,0.95,node_mlp_ppo,node-mlp-matched,30,30,0.15088653750000028,5.6171210624471e-05,1.0255413047132204e-05,0.1508664368904279,0.15090663810957267,30,0.15080349583333363,5.5226682973141796e-05,1.0082966680192078e-05,0.15078373321864047,0.1508232584480268,30,0.17751357352941657,6.608377720530483e-05,1.206519182016372e-05,0.17748992575344905,0.1775372213053841,30,0.17746807394331673,6.49916834046701e-05,1.1865803683657323e-05,0.17744481696809677,0.1774913309185367,30,0.33216666666666667,0.08401717120607706,0.015339366629113976,0.30210150807360325,0.3622318252597301,30,0.9446388888888889,0.014002861867679508,0.0025565611048523292,0.9396280291233784,0.9496497486543994,30,0.8479034509803868,0.0014673282053794122,0.0002678962524499591,0.8473783743255848,0.8484285276351887,30,0.7621,0.055004921409909716,0.010042478743335472,0.7424167416630625,0.7817832583369375,30,0.0031244509803921568,0.00012489906396866623,2.2803344915639735e-05,0.003079756424357503,0.0031691455364268105,30,1317.1,58.99231393536175,10.770473687274663,1295.9898715729416,1338.2101284270582,30,1317.1,58.99231393536175,10.770473687274663,1295.9898715729416,1338.2101284270582,30,0.0,0.0,0.0,0.0,0.0,30,117.38683333333333,6.2266864608400825,1.1368322110380404,115.15864219969878,119.61502446696788,30,0.0,0.0,0.0,0.0,0.0,30,1317.1,58.99231393536175,10.770473687274663,1295.9898715729416,1338.2101284270582,30,233456.56666666668,12481.501660549457,2278.8000036737085,228990.1186594662,237923.01467386715,30,0.0,0.0,0.0,0.0,0.0,0,,,,,
0.85,0.85,0.95,grid_cnn_ppo,grid-cnn-matched,30,30,0.15087507083333362,5.396910717672823e-05,9.853365803036e-06,0.15085575823635966,0.1508943834303076,30,0.1507921833333336,4.46165986650438e-05,8.14583917599979e-06,0.15077621748854864,0.15080814917811858,30,0.17750008333333814,6.349306726688345e-05,1.1592195062421651e-05,0.1774773626310158,0.17752280403566048,30,0.17745476120427595,5.250555888790977e-05,9.58615966577468e-06,0.17743597233133102,0.17747355007722088,30,0.33155,0.0926797740461282,0.01692093428984875,0.29838496879189647,0.36471503120810356,30,0.9447416666666667,0.01544662900768803,0.0028201557149747916,0.9392141614653161,0.9502691718680173,30,0.8485869754901905,0.0014795246911695442,0.0002701230159131413,0.8480575343790007,0.8491164166013803,30,0.7629666666666667,0.059767499721742626,0.010912002601094059,0.7415791415685223,0.784354191764811,30,0.003177156862745098,0.00011056101806040301,2.0185587857472933e-05,0.003137593110544451,0.003216720614945745,30,1237.8,43.4474712569177,7.932386691323719,1222.2525220850055,1253.3474779149944,30,1237.6,43.64875477151036,7.969135865122492,1221.9804937043598,1253.21950629564,30,0.2,0.8051557998728975,0.14700066463216704,-0.08812130267904739,0.4881213026790474,30,118.75711666666666,5.644674349489227,1.0305718236620165,116.73719589228911,120.77703744104421,30,0.5,0.9001915504970077,0.16435173942758732,0.17787059072192885,0.8221294092780711,30,1237.3,43.67209319620404,7.973396859009613,1221.6721421563411,1252.9278578436588,30,236276.43333333332,11295.179913950275,2062.208276649942,232234.50511109942,240318.36155556721,30,0.0,0.0,0.0,0.0,0.0,0,,,,,
0.85,0.85,1.0,baseline1_hdv,,30,30,0.15075332500000035,5.09046247306035e-05,9.293870415428958e-06,0.15073510901398612,0.15077154098601458,30,0.1507085333333337,5.077028358597815e-05,9.269343190324836e-06,0.15069036542068065,0.15072670124598675,30,0.17735685294118148,5.988779380075023e-05,1.0933965194629648e-05,0.1773354223694,0.17737828351296295,30,0.17735632048641772,5.974731813588776e-05,1.0908317964487745e-05,0.17733494018320733,0.1773777007896281,30,0.17916666666666667,0.007291153512320934,0.0013311764163103988,0.1765575608906983,0.18177577244263504,30,0.9701388888888889,0.0012151922520534865,0.0002218627360517327,0.9697040379262275,0.9705737398515503,30,0.8493945441176413,0.0016880403130141274,0.00030819258580530633,0.8487904866494629,0.8499986015858196,30,0.8480666666666666,0.005362277779871693,0.0009790134998814825,0.846147800206899,0.8499855331264343,30,0.003139843137254902,0.00016315919746168927,2.978865763806895e-05,0.003081457368284287,0.0031982289062255174,30,0.0,0.0,0.0,0.0,0.0,30,0.0,0.0,0.0,0.0,0.0,30,0.0,0.0,0.0,0.0,0.0,30,0.0,0.0,0.0,0.0,0.0,0,,,,,,0,,,,,,0,,,,,,30,0.0,0.0,0.0,0.0,0.0,0,,,,,
0.85,0.85,1.0,baseline2_matched,,30,30,0.15098800000000026,9.104724758665978e-05,1.662287710065712e-05,0.15095541916088298,0.15102058083911754,30,0.15088495833333362,7.794197757190295e-05,1.4230193097564327e-05,0.15085706715486238,0.15091284951180486,30,0.1776329411764754,0.00010711440892541023,1.955632600075996e-05,0.17759461077751393,0.17767127157543688,30,0.1775639403746202,9.172342167927394e-05,1.6746329035098906e-05,0.1775311175697114,0.177596763179529,30,0.4121666666666667,0.06974811001435603,0.012734204399404925,0.387207626043833,0.43712570728950034,30,0.9313055555555555,0.011624685002392677,0.0021223673999008217,0.9271457154517498,0.9354653956593612,30,0.8474029117647007,0.0020171682811200246,0.0003682828566177866,0.8466810773657298,0.8481247461636716,30,0.6914833333333333,0.046987064128356626,0.008578624978014246,0.6746692283764254,0.7082974382902413,30,0.0033106176470588237,0.0001420358468141657,2.5932079091488948e-05,0.0032597907720395055,0.003361444522078142,30,1409.1333333333334,426.5249100000781,77.87243818163452,1256.5033544973298,1561.763312169337,30,1409.1333333333334,426.5249100000781,77.87243818163452,1256.5033544973298,1561.763312169337,30,0.0,0.0,0.0,0.0,0.0,30,0.0,0.0,0.0,0.0,0.0,0,,,,,,0,,,,,,0,,,,,,30,0.13333333333333333,0.3457459036417604,0.06312427686319991,0.009609750681461512,0.25705691598520514,4,1945.75,25.51306854666186,12.75653427333093,1920.7471928242715,1970.7528071757285
0.85,0.85,1.0,noop,,30,30,0.15073755000000028,3.4416027240744834e-05,6.283478153156075e-06,0.1507252343828201,0.15074986561718046,30,0.15069252500000027,3.459632355388934e-05,6.316395605737496e-06,0.15068014486461304,0.1507049051353875,30,0.17733829411765206,4.0489443812627184e-05,7.392327239004628e-06,0.17732380515626361,0.1773527830790405,30,0.17733748161223903,4.071353169040538e-05,7.4332399008454885e-06,0.17732291246203338,0.17735205076244467,30,0.18009999999999998,0.006017789719111852,0.0010986930584934128,0.17794656160535288,0.18225343839464708,30,0.9699833333333333,0.0010029649531853061,0.0001831155097489017,0.9696244269342255,0.9703422397324412,30,0.8494247205882293,0.0014499119869631153,0.0002647165005522782,0.8489058762471468,0.8499435649293118,30,0.8500166666666666,0.005643860462444144,0.0010304232288973988,0.8479970371380278,0.8520362961953055,30,0.003004549019607843,0.00011597484836638235,2.117401351783626e-05,0.002963047953112884,0.003046050086102802,30,0.0,0.0,0.0,0.0,0.0,30,0.0,0.0,0.0,0.0,0.0,30,0.0,0.0,0.0,0.0,0.0,30,138.69423333333333,0.21177520341534098,0.03866468534360912,138.61845055005986,138.7700161166068,30,0.0,0.0,0.0,0.0,0.0,30,0.0,0.0,0.0,0.0,0.0,30,277388.4666666667,423.5504068306827,77.32937068721836,277236.90110011975,277540.0322332136,30,0.0,0.0,0.0,0.0,0.0,0,,,,,
0.85,0.85,1.0,left_if_safe,,30,30,0.1508524208333337,6.523049717893664e-05,1.1909404914060232e-05,0.15082907839970214,0.15087576326696525,30,0.15072285416666706,6.515966037200361e-05,1.1896471941707281e-05,0.1506995370816613,0.1507461712516728,30,0.17747343627451453,7.674176138696853e-05,1.4011064604773869e-05,0.1774459745878892,0.17750089796113988,30,0.17737317348239698,7.668097719562236e-05,1.39999669805272e-05,0.17734573354711514,0.17740061341767882,30,0.5182666666666667,0.139255206881747,0.025424406019727157,0.4684348308680014,0.5680985024653319,30,0.9136222222222222,0.023209201146957823,0.004237401003287858,0.905316916255778,0.9219275281886664,30,0.8464706715686234,0.0012607028975348009,0.0002301718050973115,0.8460195348306327,0.8469218083066141,30,0.6634833333333333,0.08437053777046914,0.015403882241909191,0.6332917241391913,0.6936749425274753,30,0.003043313725490196,0.00011889522803532716,2.1707199458223105e-05,0.0030007676145520786,0.003085859836428313,30,1558.9,146.3821993135165,26.72561086041008,1506.5178027135964,1611.2821972864037,30,1558.9,146.3821993135165,26.72561086041008,1506.5178027135964,1611.2821972864037,30,0.0,0.0,0.0,0.0,0.0,30,138.17881666666665,0.21452897414364772,0.03916745279230613,138.10204845919372,138.25558487413957,30,1558.9,146.3821993135165,26.72561086041008,1506.5178027135964,1611.2821972864037,30,0.0,0.0,0.0,0.0,0.0,30,274798.73333333334,396.9791042301878,72.47813674835612,274656.67618530657,274940.7904813601,30,0.7666666666666667,0.4301830671520763,0.07854032324531729,0.6127276331058449,0.9206057002274886,23,1748.0,126.87717754512899,26.455720333038016,1696.1467881472454,1799.8532118527546
0.85,0.85,1.0,graph_ppo,edge-graph,30,30,0.15085690000000035,6.436739911605306e-05,1.1751825487933451e-05,0.150833866422044,0.1508799335779567,30,0.1507318125000004,7.201159621351919e-05,1.3147458549366021e-05,0.15070604348124364,0.15075758151875715,30,0.17747870588235765,7.572635190120658e-05,1.3825677044621688e-05,0.1774516075553502,0.1775058042093651,30,0.1773837157987645,8.474444979521616e-05,1.5472148925401315e-05,0.1773533903868707,0.1774140412106583,30,0.50035,0.16377597977641328,0.02990126616701715,0.44174351831264635,0.5589564816873536,30,0.9166083333333332,0.027295996629402207,0.0049835443611695234,0.906840586385441,0.9263760802812255,30,0.8466961078431332,0.0011877151647478857,0.00021684612920779388,0.8462710894298859,0.8471211262563805,30,0.67465,0.09922467973727865,0.018115865117777765,0.6391429043691556,0.7101570956308444,30,0.00305946568627451,0.00011748304670028552,2.1449371600726417e-05,0.003017424917937086,0.0031015064546119336,30,1544.0666666666666,160.1014620823918,29.230394090694674,1486.7750942489051,1601.358239084428,30,1544.0666666666666,160.1014620823918,29.230394090694674,1486.7750942489051,1601.358239084428,30,0.0,0.0,0.0,0.0,0.0,30,138.11496666666665,0.2647669741012137,0.04833961473254028,138.02022102179086,138.20971231154243,30,1544.0666666666666,160.1014620823918,29.230394090694674,1486.7750942489051,1601.358239084428,30,0.0,0.0,0.0,0.0,0.0,30,274685.86666666664,444.1677015795237,81.09355649010938,274526.92329594604,274844.81003738724,30,0.7,0.466091599699399,0.08509629433967632,0.5332112630942344,0.8667887369057655,21,1731.142857142857,114.00758120155243,24.878493840711357,1682.381009215063,1779.9047050706513
0.85,0.85,1.0,node_mlp_ppo,node-mlp-matched,30,30,0.15084002916666697,4.382207958051828e-05,8.00078050101213e-06,0.150824347636885,0.15085571069644896,30,0.1507094208333336,5.129896192874042e-05,9.365866208323284e-06,0.1506910637355653,0.15072777793110193,30,0.177458857843142,5.1555387741849374e-05,9.412682942378743e-06,0.17744040898457494,0.17747730670170905,30,0.17735736491124854,6.0369475644363195e-05,1.1021907865058814e-05,0.177335761971833,0.17737896785066407,30,0.5224333333333333,0.11438152531476983,0.020883113858915878,0.48150243016985816,0.5633642364968084,30,0.9129277777777778,0.019063587552461642,0.0034805189764859803,0.9061059605838653,0.9197495949716903,30,0.846240387254898,0.0013711098294970634,0.00025032926081086795,0.8457497419037088,0.8467310326060873,30,0.6579499999999999,0.07015135730001582,0.012807826944274455,0.632846659189222,0.6830533408107778,30,0.0030294656862745097,9.038065871607637e-05,1.6501175180323644e-05,0.0029971233829210755,0.003061807989627944,30,1552.9,114.32450788631577,20.87270394833747,1511.9895002612586,1593.8104997387416,30,1552.9,114.32450788631577,20.87270394833747,1511.9895002612586,1593.8104997387416,30,0.0,0.0,0.0,0.0,0.0,30,138.11371666666668,0.26710700049351943,0.04876684314594804,138.0181336541006,138.20929967923274,30,0.0,0.0,0.0,0.0,0.0,30,1552.9,114.32450788631577,20.87270394833747,1511.9895002612586,1593.8104997387416,30,274674.5333333333,520.2738491995533,94.98857442887882,274488.3557274527,274860.7109392139,30,0.7333333333333333,0.4497764451088036,0.08211756827352529,0.5723828995172238,0.8942837671494428,22,1756.1818181818182,116.40881833870228,24.818443459921443,1707.5376690003723,1804.8259673632642
0.85,0.85,1.0,grid_cnn_ppo,grid-cnn-matched,30,30,0.15083708333333373,4.8416624626622546e-05,8.839625822087103e-06,0.15081975766672245,0.150854408999945,30,0.15071611666666704,4.916670855251634e-05,8.976571784165124e-06,0.15069852258597008,0.150733710747364,30,0.17745539215686754,5.696073485478319e-05,1.0399559790678501e-05,0.17743500901967782,0.17747577529405725,30,0.17736524467980794,5.786020423939892e-05,1.0563779681258277e-05,0.17734453967163266,0.1773859496879832,30,0.48386666666666667,0.15605486067479565,0.028491589133303817,0.4280231519653912,0.5397101813679421,30,0.9193555555555555,0.026009143445799278,0.00474859818888397,0.9100483031053429,0.9286628080057681,30,0.8467437696078389,0.0011450425337399248,0.0002090552083440757,0.8463340213994845,0.8471535178161933,30,0.6808,0.09720894665793281,0.01774784429195541,0.6460142251877674,0.7155857748122325,30,0.0030495735294117647,0.00010773873653794843,1.9670312106313467e-05,0.0030110197176833903,0.003088127341140139,30,1504.7666666666667,140.73003829375205,25.693672164017944,1454.4070692251914,1555.1262641081419,30,1504.7666666666667,140.73003829375205,25.693672164017944,1454.4070692251914,1555.1262641081419,30,0.0,0.0,0.0,0.0,0.0,30,138.08131666666668,0.32821750786828174,0.05992404427586242,137.963865539886,138.19876779344736,30,0.0,0.0,0.0,0.0,0.0,30,1504.7666666666667,140.73003829375205,25.693672164017944,1454.4070692251914,1555.1262641081419,30,274657.86666666664,571.8859141914362,104.4116051740378,274453.2199205255,274862.5134128078,30,0.6666666666666666,0.47946330148538413,0.0875376219064817,0.4950929277299625,0.8382404056033708,20,1772.15,91.86619273933721,20.54190517992556,1731.887865847346,1812.4121341526543
0.9,0.9,0.9,baseline1_hdv,,30,30,0.10032422083333306,3.405239186200253e-05,6.2170877199413765e-06,0.10031203534140197,0.10033640632526415,30,0.10029600416666641,3.4103251616726805e-05,6.226373398251932e-06,0.10028380047480584,0.10030820785852698,30,0.11147135648148154,3.783599095775145e-05,6.907875244373988e-06,0.11145781704600256,0.11148489591696052,30,0.11147096878762676,3.7903030415903004e-05,6.920114918864831e-06,0.11145740536238578,0.11148453221286773,30,0.11286666666666667,0.004670031627548025,0.0008526272222235392,0.11119551731110854,0.1145378160222248,30,0.9811888888888889,0.0007783386045913338,0.00014210453703725586,0.9809103639962958,0.981467413781482,30,0.895223148148148,0.0010863909659533707,0.00019834694610749602,0.8948343881337772,0.8956119081625187,30,0.89415,0.004550767271419267,0.0008308526295041891,0.8925215288461718,0.8957784711538282,30,0.0009826574074074074,0.00012373602503607014,2.2591004029426533e-05,0.0009383790395097314,0.0010269357753050835,30,0.0,0.0,0.0,0.0,0.0,30,0.0,0.0,0.0,0.0,0.0,30,0.0,0.0,0.0,0.0,0.0,30,0.0,0.0,0.0,0.0,0.0,0,,,,,,0,,,,,,0,,,,,,30,0.0,0.0,0.0,0.0,0.0,0,,,,,
0.9,0.9,0.9,baseline2_matched,,30,30,0.10042560416666646,4.358121485313435e-05,7.956804819513627e-06,0.10041000882922022,0.1004411995041127,30,0.10038057916666646,4.001785004917014e-05,7.306226391596569e-06,0.10036625896293892,0.10039489937039399,30,0.11158400462962974,4.842357205901497e-05,8.840894243899794e-06,0.1115666764769117,0.11160133278234778,30,0.11156496712049703,4.44766324525495e-05,8.120284958709227e-06,0.11154905136197796,0.1115808828790161,30,0.1801,0.022170732493770814,0.004047803434417014,0.17216630526854265,0.18803369473145737,30,0.9699833333333333,0.003695122082295133,0.0006746339057361684,0.9686610508780904,0.9713056157885762,30,0.8952251898148147,0.0012031067223187387,0.00021965623030002575,0.8947946636034266,0.8956557160262028,30,0.8473833333333334,0.01637159195034211,0.002989030071157457,0.8415248343938647,0.853241832272802,30,0.0010846481481481482,0.00012979385555992123,2.3697007505245395e-05,0.0010382020134378671,0.0011310942828584292,30,456.3666666666667,142.78884418254987,26.069556972957624,405.2703349996697,507.4629983336636,30,456.3666666666667,142.78884418254987,26.069556972957624,405.2703349996697,507.4629983336636,30,0.0,0.0,0.0,0.0,0.0,30,0.0,0.0,0.0,0.0,0.0,0,,,,,,0,,,,,,0,,,,,,30,0.0,0.0,0.0,0.0,0.0,0,,,,,
0.9,0.9,0.9,noop,,30,30,0.1003125958333331,2.8464562877323785e-05,5.196894392478131e-06,0.10030240992032384,0.10032278174634236,30,0.10028440416666644,2.8612483774203158e-05,5.2239009297938735e-06,0.10027416532084404,0.10029464301248883,30,0.1114584398148149,3.162729208592418e-05,5.774327102755097e-06,0.1114471221336935,0.11146975749593631,30,0.11145807631749623,3.180048210526126e-05,5.805947129530321e-06,0.11144669666112235,0.1114694559738701,30,0.11276666666666667,0.004382042771422333,0.0008000478912868221,0.1111985727997445,0.11433476053358883,30,0.9812055555555556,0.0007303404619037156,0.00013334131521446915,0.9809442065777352,0.9814669045333759,30,0.8951624166666662,0.0012026581410121014,0.00021957433093318564,0.8947320509780371,0.8955927823552953,30,0.8947666666666667,0.0044406688944217745,0.0008107515079621109,0.893177593711061,0.8963557396222724,30,0.0009386342592592593,0.00011742811675889793,2.143934281139961e-05,0.000896613147348916,0.0009806553711696024,30,0.0,0.0,0.0,0.0,0.0,30,0.0,0.0,0.0,0.0,0.0,30,0.0,0.0,0.0,0.0,0.0,30,133.64645000000002,3.0932956990718714,0.5647559438051254,132.53952835014198,134.75337164985805,30,0.0,0.0,0.0,0.0,0.0,30,0.0,0.0,0.0,0.0,0.0,30,267292.9,6186.591398143747,1129.5118876102515,265079.05670028395,269506.7432997161,30,0.0,0.0,0.0,0.0,0.0,0,,,,,
0.9,0.9,0.9,left_if_safe,,30,30,0.10037689166666644,3.0295771394150956e-05,5.531225796532071e-06,0.10036605046410524,0.10038773286922764,30,0.10033642083333309,2.7673988848049905e-05,5.0525559827411135e-06,0.10032651782360692,0.10034632384305926,30,0.11152987962962975,3.366196821575633e-05,6.145806440597224e-06,0.11151783384900618,0.11154192541025332,30,0.11151588867278006,3.0757420225687835e-05,5.615510956091621e-06,0.11150488227130612,0.111526895074254,30,0.16188333333333335,0.041660508740361625,0.007606133464745732,0.14697531174243172,0.17679135492423498,30,0.9730194444444444,0.006943418123393607,0.0012676889107909558,0.9705347741792941,0.9755041147095947,30,0.8952841620370371,0.0011065002897589086,0.00020201838952898558,0.8948882059935602,0.895680118080514,30,0.8638833333333333,0.031728015286541136,0.005792716559102439,0.8525296088774925,0.8752370577891742,30,0.001038263888888889,0.00011664609236346236,2.129656534409981e-05,0.0009965226208144533,0.0010800051569633245,30,569.1,37.876705606298536,6.915308688184033,555.5459949711593,582.6540050288407,30,569.1,37.876705606298536,6.915308688184033,555.5459949711593,582.6540050288407,30,0.0,0.0,0.0,0.0,0.0,30,120.96303333333334,8.6886284590176,1.58631926692843,117.85384757015362,124.07221909651307,30,569.1,37.876705606298536,6.915308688184033,555.5459949711593,582.6540050288407,30,0.0,0.0,0.0,0.0,0.0,30,241356.96666666667,17385.191003846634,3174.087093114228,235135.7559641628,247578.17736917056,30,0.0,0.0,0.0,0.0,0.0,0,,,,,
0.9,0.9,0.9,graph_ppo,edge-graph,30,30,0.10037487916666646,3.388093190415728e-05,6.185783557734467e-06,0.1003627550308933,0.10038700330243962,30,0.1003339333333331,3.120187213470544e-05,5.696656401523347e-06,0.10032276788678611,0.10034509877988008,30,0.11152764351851863,3.764547989356683e-05,6.873092841937911e-06,0.11151417225654843,0.11154111478048882,30,0.11151312401593091,3.467837969959867e-05,6.331376939733139e-06,0.11150071451712903,0.1115255335147328,30,0.16378333333333334,0.03784238713886607,0.006909043021933443,0.15024160901034378,0.1773250576563229,30,0.9727027777777778,0.00630706452314435,0.0011515071703222415,0.9704458237239462,0.9749597318316094,30,0.8951307546296295,0.0011966538405567013,0.00021847810066603188,0.8947025375523241,0.895558971706935,30,0.8623333333333334,0.028896465997184435,0.00527574875294631,0.8519928657775586,0.8726738008891082,30,0.001023125,0.00012429086714091375,2.2692303874985364e-05,0.0009786480844050287,0.0010676019155949712,30,566.5333333333333,36.54164684333464,6.6715614214939425,553.4570729472052,579.6095937194614,30,566.5333333333333,36.54164684333464,6.6715614214939425,553.4570729472052,579.6095937194614,30,0.0,0.0,0.0,0.0,0.0,30,120.96086666666666,8.163549301973202,1.4904533673320919,118.03957806669575,123.88215526663757,30,566.5333333333333,36.54164684333464,6.6715614214939425,553.4570729472052,579.6095937194614,30,0.0,0.0,0.0,0.0,0.0,30,241355.2,16335.26041378609,2982.396870450605,235509.7021339168,247200.6978660832,30,0.0,0.0,0.0,0.0,0.0,0,,,,,
0.9,0.9,0.9,node_mlp_ppo,node-mlp-matched,30,30,0.10037347916666645,2.050693961944932e-05,3.7440378049896e-06,0.10036614085256866,0.10038081748076423,30,0.10033379166666645,2.0102279778585778e-05,3.6701573640037955e-06,0.100326598158233,0.1003409851750999,30,0.11152608796296311,2.2785488466103065e-05,4.160042005552812e-06,0.11151793428063222,0.11153424164529399,30,0.11151296656478712,2.234207255196384e-05,4.079085706042536e-06,0.11150497155680328,0.11152096157277097,30,0.15875,0.03800130442407253,0.006938057215895129,0.14515140785684555,0.17234859214315446,30,0.9735416666666666,0.006333550737345425,0.0011563428693158555,0.9712752346428075,0.9758080986905258,30,0.8950782546296289,0.0009699833791395218,0.00017709392571993402,0.8947311505352178,0.8954253587240399,30,0.8665333333333333,0.02968452904069418,0.005419628721501797,0.8559108610391898,0.8771558056274767,30,0.001021388888888889,0.00010504296795631345,1.917813435232174e-05,0.0009837997455583384,0.0010589780322194395,30,562.1333333333333,30.335745767400674,5.538524085182405,551.2778261263758,572.9888405402909,30,562.1333333333333,30.335745767400674,5.538524085182405,551.2778261263758,572.9888405402909,30,0.0,0.0,0.0,0.0,0.0,30,122.39450000000001,6.849729841136198,1.2505838489355245,119.94335565608638,124.84564434391363,30,0.0,0.0,0.0,0.0,0.0,30,562.1333333333333,30.335745767400674,5.538524085182405,551.2778261263758,572.9888405402909,30,244226.86666666667,13702.53788406979,2501.7296980580445,239323.4764584729,249130.25687486044,30,0.0,0.0,0.0,0.0,0.0,0,,,,,
0.9,0.9,0.9,grid_cnn_ppo,grid-cnn-matched,30,30,0.10037549583333306,3.5702562017709e-05,6.5183661926087925e-06,0.10036271983559555,0.10038827183107057,30,0.10033486249999973,2.9347581664756276e-05,5.358110828670676e-06,0.10032436060277554,0.10034536439722393,30,0.11152832870370379,3.9669513353006164e-05,7.242629102897958e-06,0.11151413315066211,0.11154252425674546,30,0.11151415671019783,3.2617484484331407e-05,5.955110673714357e-06,0.11150248469327735,0.11152582872711832,30,0.16253333333333334,0.049230445677539786,0.008988208537873747,0.1449164445991008,0.18015022206756587,30,0.9729111111111112,0.008205074279589964,0.001498034756312291,0.9699749629887391,0.9758472592334833,30,0.8951791388888887,0.001127941895369263,0.0002059330732162924,0.8947755100653847,0.8955827677123926,30,0.8634333333333333,0.0372609005881994,0.006802878588371441,0.8500996913001253,0.8767669753665412,30,0.001026162037037037,0.00012018881973140306,2.1943375908937153e-05,0.0009831530202555202,0.0010691710538185538,30,527.4,30.382163551481412,5.5469987743192135,516.5278824023343,538.2721175976657,30,527.4,30.382163551481412,5.5469987743192135,516.5278824023343,538.2721175976657,30,0.0,0.0,0.0,0.0,0.0,30,122.02808333333334,8.256874336683442,1.5074921095623421,119.07339879859116,124.98276786807553,30,0.0,0.0,0.0,0.0,0.0,30,527.4,30.382163551481412,5.5469987743192135,516.5278824023343,538.2721175976657,30,243528.76666666666,16516.52272972762,3015.4906902062066,237618.4049138625,249439.12841947083,30,0.0,0.0,0.0,0.0,0.0,0,,,,,
0.9,0.9,0.95,baseline1_hdv,,30,30,0.10032422083333306,3.405239186200253e-05,6.2170877199413765e-06,0.10031203534140197,0.10033640632526415,30,0.10029600416666641,3.4103251616726805e-05,6.226373398251932e-06,0.10028380047480584,0.10030820785852698,30,0.11147135648148154,3.783599095775145e-05,6.907875244373988e-06,0.11145781704600256,0.11148489591696052,30,0.11147096878762676,3.7903030415903004e-05,6.920114918864831e-06,0.11145740536238578,0.11148453221286773,30,0.11286666666666667,0.004670031627548025,0.0008526272222235392,0.11119551731110854,0.1145378160222248,30,0.9811888888888889,0.0007783386045913338,0.00014210453703725586,0.9809103639962958,0.981467413781482,30,0.895223148148148,0.0010863909659533707,0.00019834694610749602,0.8948343881337772,0.8956119081625187,30,0.89415,0.004550767271419267,0.0008308526295041891,0.8925215288461718,0.8957784711538282,30,0.0009826574074074074,0.00012373602503607014,2.2591004029426533e-05,0.0009383790395097314,0.0010269357753050835,30,0.0,0.0,0.0,0.0,0.0,30,0.0,0.0,0.0,0.0,0.0,30,0.0,0.0,0.0,0.0,0.0,30,0.0,0.0,0.0,0.0,0.0,0,,,,,,0,,,,,,0,,,,,,30,0.0,0.0,0.0,0.0,0.0,0,,,,,
0.9,0.9,0.95,baseline2_matched,,30,30,0.10042119999999975,4.975287636807476e-05,9.083590895853416e-06,0.10040339616184388,0.10043900383815563,30,0.1003738833333331,4.502688293434183e-05,8.220746492427808e-06,0.10035777067020793,0.10038999599645826,30,0.11157911111111127,5.528097374230852e-05,1.0092878773171052e-05,0.11155932906871585,0.11159889315350668,30,0.11155752523849274,5.0043770974537144e-05,9.136700741792094e-06,0.11153961730503884,0.11157543317194665,30,0.18926666666666667,0.03123402580225758,0.005702526831198289,0.17808971407751803,0.2004436192558153,30,0.9684555555555556,0.0052056709670429266,0.0009504211385330477,0.9665927301240308,0.9703183809870805,30,0.8951489583333331,0.001086302352659402,0.00019833076760749553,0.8947602300288224,0.8955376866378437,30,0.8423666666666667,0.022619008382992502,0.004129647039921148,0.8342725584684213,0.8504607748649121,30,0.001083212962962963,0.00011262128492086735,2.0561739402125155e-05,0.0010429119537347976,0.0011235139721911282,30,508.43333333333334,189.64280095490835,34.62387998382185,440.57052856504254,576.2961381016241,30,508.43333333333334,189.64280095490835,34.62387998382185,440.57052856504254,576.2961381016241,30,0.0,0.0,0.0,0.0,0.0,30,0.0,0.0,0.0,0.0,0.0,0,,,,,,0,,,,,,0,,,,,,30,0.0,0.0,0.0,0.0,0.0,0,,,,,
0.9,0.9,0.95,noop,,30,30,0.10032195416666641,3.0921052896247005e-05,5.645386057694978e-06,0.10031088920999333,0.10033301912333949,30,0.1002938874999997,3.0630626682253525e-05,5.59236172812996e-06,0.10028292647101257,0.10030484852898684,30,0.11146883796296306,3.435672544027136e-05,6.272651175216078e-06,0.11145654356665964,0.11148113235926647,30,0.11146861628230123,3.4043486170892755e-05,6.215461770637712e-06,0.11145643397723078,0.11148079858737169,30,0.11226666666666667,0.005786031534613361,0.0010563799966479904,0.11019616187323661,0.11433717146009673,30,0.9812888888888889,0.0009643385891022248,0.0001760633327746647,0.9809438047566506,0.9816339730211272,30,0.8952836527777775,0.0011051117657906308,0.00020176488089596482,0.8948881936112214,0.8956791119443337,30,0.8949666666666667,0.005205986827737342,0.000950478806542168,0.893103728205844,0.8968296051274893,30,0.0009501157407407407,0.00011955504815944521,2.1827665580181545e-05,0.0009073335162035849,0.0009928979652778966,30,0.0,0.0,0.0,0.0,0.0,30,0.0,0.0,0.0,0.0,0.0,30,0.0,0.0,0.0,0.0,0.0,30,140.35628333333335,2.2798454866100215,0.4162409335475503,139.54045110358015,141.17211556308655,30,0.0,0.0,0.0,0.0,0.0,30,0.0,0.0,0.0,0.0,0.0,30,280712.56666666665,4559.690973220046,832.481867095101,279080.90220716025,282344.23112617305,30,0.0,0.0,0.0,0.0,0.0,0,,,,,
0.9,0.9,0.95,left_if_safe,,30,30,0.10037024166666639,2.5009587242130646e-05,4.56610502880279e-06,0.10036129210080993,0.10037919123252284,30,0.10032290833333307,2.7145757855326324e-05,4.9561146393117625e-06,0.10031319434864001,0.10033262231802613,30,0.11152249074074085,2.7788430269114512e-05,5.073450032017791e-06,0.11151254677867808,0.1115324347028036,30,0.11150087061220766,3.017033382087727e-05,5.508324133718503e-06,0.11149007429690558,0.11151166692750974,30,0.18933333333333333,0.05499597686435225,0.010040845700212653,0.16965327576091652,0.20901339090575013,30,0.9684444444444444,0.009165996144058709,0.0016734742833687756,0.9651644348490417,0.9717244540398472,30,0.8950396805555553,0.0008798326038217127,0.00016063472131388603,0.89472483650178,0.8953545246093305,30,0.8473666666666666,0.04064012229595138,0.007419837240420404,0.8328237856754426,0.8619095476578906,30,0.0010092453703703704,8.790534103638494e-05,1.6049246070270864e-05,0.0009777888480726395,0.0010407018926681013,30,583.3,40.37253248571787,7.370982248679264,568.8528747925886,597.7471252074113,30,583.3,40.37253248571787,7.370982248679264,568.8528747925886,597.7471252074113,30,0.0,0.0,0.0,0.0,0.0,30,132.7009,5.2494486350867176,0.9584138106339001,130.82240893115755,134.57939106884243,30,583.3,40.37253248571787,7.370982248679264,568.8528747925886,597.7471252074113,30,0.0,0.0,0.0,0.0,0.0,30,264818.5,10512.165582035794,1919.250072503476,261056.76985789317,268580.2301421068,30,0.0,0.0,0.0,0.0,0.0,0,,,,,
0.9,0.9,0.95,graph_ppo,edge-graph,30,30,0.10036999583333306,3.0258699292951955e-05,5.5244573878384685e-06,0.1003591678968529,0.10038082376981322,30,0.10032338749999975,3.3262448246664065e-05,6.072864407515357e-06,0.10031148468576102,0.10033529031423848,30,0.1115222175925927,3.3620776992205995e-05,6.138285986493971e-06,0.11151018655205917,0.11153424863312623,30,0.11150140316754714,3.6968544869905694e-05,6.749501981129745e-06,0.11148817414366413,0.11151463219143015,30,0.18643333333333334,0.05636117111270313,0.010290094928612017,0.1662647472732538,0.20660191939341288,30,0.9689277777777777,0.009393528518783856,0.001715015821435336,0.9655663467677644,0.972289208787791,30,0.8950950416666663,0.000928342944896051,0.00016949145734011418,0.8947628384102797,0.8954272449230529,30,0.8491166666666667,0.0413962523985406,0.007557887078286008,0.8343032079932262,0.8639301253401073,30,0.0010126574074074074,9.270930272236548e-05,1.692632546387156e-05,0.0009794818094982193,0.0010458330053165956,30,581.5666666666667,41.94633955780707,7.658318793527402,566.556361831353,596.5769715019804,30,581.5666666666667,41.94633955780707,7.658318793527402,566.556361831353,596.5769715019804,30,0.0,0.0,0.0,0.0,0.0,30,133.19885,5.522275402700943,1.0082249356050772,131.22272912621403,135.17497087378595,30,581.5666666666667,41.94633955780707,7.658318793527402,566.556361831353,596.5769715019804,30,0.0,0.0,0.0,0.0,0.0,30,265816.13333333336,11061.727107567734,2019.5858205937411,261857.74512496963,269774.5215416971,30,0.0,0.0,0.0,0.0,0.0,0,,,,,
0.9,0.9,0.95,node_mlp_ppo,node-mlp-matched,30,30,0.10036421249999974,3.131369629141122e-05,5.717072605890595e-06,0.1003530070376922,0.10037541796230728,30,0.1003191916666664,2.8207125944032817e-05,5.149893053978659e-06,0.1003090978762806,0.1003292854570522,30,0.11151579166666674,3.479299587929952e-05,6.352302895425546e-06,0.11150334115299171,0.11152824218034177,30,0.11149673983513995,3.134995937096359e-05,5.723693308115743e-06,0.11148552139625605,0.11150795827402386,30,0.18008333333333332,0.05836317381252723,0.010655608941571984,0.15919833980785222,0.2009683268588144,30,0.9699861111111111,0.009727195635421208,0.001775934823595331,0.9665052788568642,0.973466943365358,30,0.8949927083333328,0.0010300303902149345,0.00018805695987885606,0.8946241166919702,0.8953612999746954,30,0.8537833333333332,0.04301156286662792,0.007852801071867893,0.8383918432324722,0.8691748234341943,30,0.0010053564814814814,0.00010469454802770222,1.9114521867526834e-05,0.0009678920186211289,0.001042820944341834,30,575.6666666666666,37.28856100212497,6.807928665923763,562.323126481456,589.0102068518772,30,575.6666666666666,37.28856100212497,6.807928665923763,562.323126481456,589.0102068518772,30,0.0,0.0,0.0,0.0,0.0,30,133.37625,5.330394587758668,0.9731924520396243,131.46879279400233,135.28370720599767,30,0.0,0.0,0.0,0.0,0.0,30,575.6666666666666,37.28856100212497,6.807928665923763,562.323126481456,589.0102068518772,30,266176.8333333333,10685.502383049705,1950.8968978238438,262353.07541359856,270000.59125306807,30,0.0,0.0,0.0,0.0,0.0,0,,,,,
0.9,0.9,0.95,grid_cnn_ppo,grid-cnn-matched,30,30,0.1003681041666664,2.6055521027324736e-05,4.757065538071979e-06,0.10035878031821178,0.10037742801512102,30,0.10032112499999973,2.3919404905513807e-05,4.367065876283213e-06,0.10031256555088222,0.10032968444911725,30,0.11152011574074078,2.895057891924566e-05,5.2856283756347936e-06,0.11150975590912453,0.11153047557235703,30,0.11149888858016173,2.658450114537441e-05,4.85364365244783e-06,0.11148937543860293,0.11150840172172052,30,0.18791666666666668,0.06394476109318392,0.011674662695005179,0.16503432778445654,0.21079900554887682,30,0.9686805555555555,0.010657460182197317,0.001945777115834196,0.9648668324085206,0.9724942787025905,30,0.8951106759259256,0.0008635777956317558,0.00015766701294269965,0.894801648580558,0.8954197032712933,30,0.8480000000000001,0.046755047671439925,0.008536264762292346,0.8312689210659071,0.8647310789340931,30,0.0010132777777777777,9.573478052078189e-05,1.7478699609679472e-05,0.000979019526542806,0.0010475360290127494,30,566.3,33.023659230399005,6.02926769728441,554.4826353133225,578.1173646866774,30,566.3,33.023659230399005,6.02926769728441,554.4826353133225,578.1173646866774,30,0.0,0.0,0.0,0.0,0.0,30,132.9083,4.7977706956748,0.8759490785861138,131.1914398059712,134.62516019402878,30,0.03333333333333333,0.18257418583505536,0.03333333333333333,-0.031999999999999994,0.09866666666666665,30,566.2666666666667,33.06100248113283,6.036085610883572,554.4359388693349,578.0973944639984,30,265250.3,9613.811182804699,1755.2337494725184,261810.04185103386,268690.5581489661,30,0.0,0.0,0.0,0.0,0.0,0,,,,,
0.9,0.9,1.0,baseline1_hdv,,30,30,0.10032422083333306,3.405239186200253e-05,6.2170877199413765e-06,0.10031203534140197,0.10033640632526415,30,0.10029600416666641,3.4103251616726805e-05,6.226373398251932e-06,0.10028380047480584,0.10030820785852698,30,0.11147135648148154,3.783599095775145e-05,6.907875244373988e-06,0.11145781704600256,0.11148489591696052,30,0.11147096878762676,3.7903030415903004e-05,6.920114918864831e-06,0.11145740536238578,0.11148453221286773,30,0.11286666666666667,0.004670031627548025,0.0008526272222235392,0.11119551731110854,0.1145378160222248,30,0.9811888888888889,0.0007783386045913338,0.00014210453703725586,0.9809103639962958,0.981467413781482,30,0.895223148148148,0.0010863909659533707,0.00019834694610749602,0.8948343881337772,0.8956119081625187,30,0.89415,0.004550767271419267,0.0008308526295041891,0.8925215288461718,0.8957784711538282,30,0.0009826574074074074,0.00012373602503607014,2.2591004029426533e-05,0.0009383790395097314,0.0010269357753050835,30,0.0,0.0,0.0,0.0,0.0,30,0.0,0.0,0.0,0.0,0.0,30,0.0,0.0,0.0,0.0,0.0,30,0.0,0.0,0.0,0.0,0.0,0,,,,,,0,,,,,,0,,,,,,30,0.0,0.0,0.0,0.0,0.0,0,,,,,
0.9,0.9,1.0,baseline2_matched,,30,30,0.1004325708333331,5.100214121743075e-05,9.311674408616939e-06,0.1004143199514922,0.10045082171517399,30,0.10038105833333308,4.2452327894680144e-05,7.750699202174038e-06,0.10036586696289682,0.10039624970376934,30,0.11159174537037041,5.66690457971672e-05,1.0346304898467268e-05,0.11157146661276941,0.1116120241279714,30,0.11156549967583648,4.7182359427241676e-05,8.614280858205598e-06,0.1115486156853544,0.11158238366631856,30,0.20604999999999998,0.043648547394560255,0.007969098003444666,0.19043056791324844,0.22166943208675152,30,0.9656583333333334,0.007274757899093378,0.0013281830005741112,0.9630550946522082,0.9682615720144586,30,0.8950375648148141,0.0010368923087929174,0.00018930976907649772,0.8946665176674242,0.895408611962204,30,0.8315833333333333,0.030842224564579544,0.005630994039220055,0.820546585016462,0.8426200816502046,30,0.001095162037037037,0.00011585750735081033,2.1152590077453137e-05,0.001053702960485229,0.0011366211135888451,30,597.6666666666666,247.5230861170722,45.19132592320476,509.0916678571853,686.241665476148,30,597.6666666666666,247.5230861170722,45.19132592320476,509.0916678571853,686.241665476148,30,0.0,0.0,0.0,0.0,0.0,30,0.0,0.0,0.0,0.0,0.0,0,,,,,,0,,,,,,0,,,,,,30,0.0,0.0,0.0,0.0,0.0,0,,,,,
0.9,0.9,1.0,noop,,30,30,0.10032676666666644,3.3546107187997865e-05,6.124653207784209e-06,0.10031476234637919,0.1003387709869537,30,0.10029836666666643,3.3588100400325875e-05,6.132320084335594e-06,0.10028634731930114,0.10031038601403172,30,0.11147418518518526,3.7273452431281445e-05,6.805170230902875e-06,0.1114608470515327,0.11148752331883782,30,0.11147359451699605,3.733048113404398e-05,6.815582199878974e-06,0.1114602359758843,0.11148695305810781,30,0.11359999999999999,0.004577681991335036,0.0008357665625797891,0.1119618975373436,0.11523810246265638,30,0.9810666666666666,0.0007629469985558474,0.000139294427096633,0.9807936495895573,0.981339683743776,30,0.8952745694444443,0.0012053365121776666,0.0002200633323681028,0.8948432453130027,0.8957058935758858,30,0.89415,0.004741871447813224,0.0008657433189189946,0.8924531430949187,0.8958468569050813,30,0.0009566249999999999,0.00011969192235321089,2.1852655274670144e-05,0.0009137937956616465,0.0009994562043383534,30,0.0,0.0,0.0,0.0,0.0,30,0.0,0.0,0.0,0.0,0.0,30,0.0,0.0,0.0,0.0,0.0,30,146.79351666666668,0.1583647297970039,0.028913311607676517,146.73684657591562,146.85018675741773,30,0.0,0.0,0.0,0.0,0.0,30,0.0,0.0,0.0,0.0,0.0,30,293587.0333333333,316.72945959400846,57.82662321535316,293473.6931518312,293700.37351483543,30,0.0,0.0,0.0,0.0,0.0,0,,,,,
0.9,0.9,1.0,left_if_safe,,30,30,0.10035590833333306,3.83967482085048e-05,7.010255042881384e-06,0.10034216823344902,0.1003696484332171,30,0.10030125416666641,3.876670223097398e-05,7.077799097330099e-06,0.10028738168043565,0.10031512665289717,30,0.1115065648148149,4.266305356505538e-05,7.789172269877343e-06,0.11149129803716594,0.11152183159246386,30,0.11147680374178069,4.3086081946076403e-05,7.866406332127378e-06,0.11146138558536972,0.11149222189819166,30,0.21861666666666668,0.05807540926174813,0.0106030705630013,0.19783464836318412,0.23939868497014924,30,0.9635638888888889,0.009679234876958017,0.0017671784271668823,0.9601002191716418,0.967027558606136,30,0.8948973981481477,0.0011708322294341801,0.00021376374103838818,0.8944784212157125,0.8953163750805829,30,0.8298833333333333,0.03987862692041279,0.007280807842214286,0.8156129499625933,0.8441537167040734,30,0.0009875555555555555,0.00012160315724633783,2.220159742922234e-05,0.0009440404245942797,0.0010310706865168313,30,574.2666666666667,51.77466650741483,9.452717584472772,555.7393402011,592.7939931322333,30,574.2666666666667,51.77466650741483,9.452717584472772,555.7393402011,592.7939931322333,30,0.0,0.0,0.0,0.0,0.0,30,146.80095,0.19206407650250262,0.0350659423956062,146.73222075290462,146.86967924709538,30,574.2666666666667,51.77466650741483,9.452717584472772,555.7393402011,592.7939931322333,30,0.0,0.0,0.0,0.0,0.0,30,293027.63333333336,375.9106169743321,68.63157484084202,292893.1154466453,293162.1512200214,30,0.0,0.0,0.0,0.0,0.0,0,,,,,
0.9,0.9,1.0,graph_ppo,edge-graph,30,30,0.10035454583333307,3.5582082184097194e-05,6.496369685077574e-06,0.10034181294875032,0.10036727871791583,30,0.10030061249999976,3.808731673562525e-05,6.953760843648659e-06,0.1002869831287462,0.10031424187125332,30,0.11150505092592602,3.9535646871303044e-05,7.218188538990407e-06,0.11149090327638961,0.11151919857546244,30,0.11147609058071746,4.233099942831039e-05,7.728547756207963e-06,0.1114609426271153,0.11149123853431962,30,0.21573333333333336,0.062448424696916395,0.011401470295721276,0.19338645155371967,0.23808021511294705,30,0.9640444444444445,0.0104080707828194,0.0019002450492868793,0.9603199641478422,0.9677689247410468,30,0.894892032407407,0.0011236188233429303,0.00020514379186077842,0.8944899505753598,0.8952941142394542,30,0.8315666666666667,0.042667263824844114,0.007789940954630425,0.816298382395591,0.8468349509377423,30,0.0009876712962962964,0.00011662383862759482,2.1292502386392004e-05,0.000945937991618968,0.0010294046009736246,30,574.6666666666666,42.81744192888377,7.817359599705717,559.3446418512434,589.9886914820898,30,574.6666666666666,42.81744192888377,7.817359599705717,559.3446418512434,589.9886914820898,30,0.0,0.0,0.0,0.0,0.0,30,146.78196666666665,0.21413893062494826,0.039096240914439334,146.70533803447435,146.85859529885894,30,574.6666666666666,42.81744192888377,7.817359599705717,559.3446418512434,589.9886914820898,30,0.0,0.0,0.0,0.0,0.0,30,292989.26666666666,420.19338186235103,76.71646458679726,292838.90239607653,293139.6309372568,30,0.0,0.0,0.0,0.0,0.0,0,,,,,
0.9,0.9,1.0,node_mlp_ppo,node-mlp-matched,30,30,0.10035354583333307,3.111864606477539e-05,5.681461469565617e-06,0.10034241016885272,0.10036468149781343,30,0.10030259999999974,3.2539852886307824e-05,5.940937147910127e-06,0.10029095576318983,0.10031424423680965,30,0.11150393981481486,3.457627340530157e-05,6.312734966183211e-06,0.11149156685428115,0.11151631277534858,30,0.11147829952764714,3.6165438050891943e-05,6.6028754075097285e-06,0.11146535789184842,0.11149124116344586,30,0.20378333333333334,0.07164431822087033,0.013080403068883023,0.1781457433183226,0.22942092334834407,30,0.9660361111111111,0.011940719703478379,0.002180067178147169,0.9617631794419427,0.9703090427802795,30,0.8948454675925919,0.0009567120847446551,0.0001746709299508139,0.8945031125698882,0.8951878226152955,30,0.8400833333333334,0.05121120623143103,0.009349844283334635,0.8217576385379975,0.8584090281286693,30,0.0009710138888888889,0.00010253016635234358,1.8719361645311918e-05,0.0009343239400640775,0.0010077038377137003,30,571.8666666666667,50.95551361546748,9.303161412151054,553.6324702988506,590.1008630344827,30,571.8666666666667,50.95551361546748,9.303161412151054,553.6324702988506,590.1008630344827,30,0.0,0.0,0.0,0.0,0.0,30,146.77100000000002,0.18077686760774692,0.03300518942129599,146.70630982873428,146.83569017126575,30,0.0,0.0,0.0,0.0,0.0,30,571.8666666666667,50.95551361546748,9.303161412151054,553.6324702988506,590.1008630344827,30,292970.13333333336,353.28348813453727,64.50044521513159,292843.7124607117,293096.554205955,30,0.0,0.0,0.0,0.0,0.0,0,,,,,
0.9,0.9,1.0,grid_cnn_ppo,grid-cnn-matched,30,30,0.10035024583333303,2.5701944683000954e-05,4.692511624876529e-06,0.10034104851054827,0.10035944315611779,30,0.10029920833333307,3.160534746695161e-05,5.770320581812719e-06,0.10028789850499271,0.10031051816167343,30,0.11150027314814819,2.8557716314441876e-05,5.213901805417703e-06,0.11149005390060956,0.1115104923956868,30,0.11147452996202707,3.512681018831335e-05,6.4132487711138385e-06,0.11146195999443569,0.11148709992961846,30,0.20415,0.077227289932671,0.014099709583705176,0.17651456921593786,0.23178543078406214,30,0.965975,0.0128712149887785,0.002349951597284196,0.961369094869323,0.9705809051306771,30,0.8949278842592586,0.000872322334900023,0.00015926354008010622,0.8946157277207016,0.8952400407978156,30,0.8399666666666666,0.05457783643462844,0.009964504051691109,0.8204362387253521,0.8594970946079812,30,0.0009841712962962964,9.146345235336926e-05,1.669886534707977e-05,0.00095144152021602,0.0010169010723765728,30,577.6,49.77508031826423,9.087644763981581,559.7882162625962,595.4117837374039,30,577.6,49.77508031826423,9.087644763981581,559.7882162625962,595.4117837374039,30,0.0,0.0,0.0,0.0,0.0,30,146.75123333333335,0.21550816983206803,0.03934622864789266,146.67411472518347,146.82835194148322,30,0.0,0.0,0.0,0.0,0.0,30,577.6,49.77508031826423,9.087644763981581,559.7882162625962,595.4117837374039,30,292924.86666666664,406.62731673197226,74.23965129063302,292779.356950137,293070.3763831963,30,0.0,0.0,0.0,0.0,0.0,0,,,,,
